url_path,h1_title,meta_title,meta_description,short_description,long_description,breadcrumb_label,parent_url,category_level,status,default_sort,faq_json,related_categories_json
/horse,Horse,Horse | The Equestrian,"Shop premium horse including saddles, rugs, boots and tack. Free shipping Australia-wide. Expert advice available. Find the perfect gear for your needs.",Browse our extensive range of horse products.,"<h2>Premium Horse</h2><p>Welcome to our complete horse collection. We've assembled everything you need in one place - from everyday essentials to competition-grade equipment. Every product has been carefully selected by our expert team who understand the unique demands of equine care. Browse our specialized categories below to find exactly what you're looking for.</p><h3>What Makes Great Horse?</h3><ul><li><strong>Premium Quality:</strong> Expertly crafted from the finest materials for lasting performance</li><li><strong>Functional Design:</strong> Thoughtfully engineered to meet the specific needs of horses and riders</li><li><strong>Trusted Brands:</strong> Products from manufacturers with proven track records in equestrian sports</li><li><strong>Value:</strong> Investment pieces that deliver exceptional performance over time</li></ul><h3>Shop by Category</h3><p>Explore our specialized departments including <a href=""/horse/boots"">horse boots</a>, <a href=""/horse/bits"">bits</a>,<a href=""/horse/grooming"">grooming</a>, and <a href=""/horse/supplements"">supplements</a>, plus 11 more specialized categories. Each department is stocked with premium products from the world's leading brands.</p>",Horse,,1,published,best-selling,"[{""question"":""How do I choose the right horse?"",""answer"":""Consider your specific needs, budget, and intended use. Read product descriptions carefully and check sizing information. Our customer reviews provide valuable insights from real users. If you're unsure, our expert team is always happy to provide personalized recommendations.""},{""question"":""Do you offer free shipping on horse?"",""answer"":""Yes! We offer free shipping on all orders within Australia. Orders are typically processed within 1-2 business days. For urgent needs, express shipping options are available at checkout.""}]",[]
/rider,Rider,Rider | The Equestrian,"Shop premium rider including helmets, boots, gloves and safety vests. Free shipping Australia-wide. Expert advice available. Find the perfect gear for your...",Browse our extensive range of rider products.,"<h2>Premium Rider</h2><p>Welcome to our complete rider collection. We've assembled everything you need in one place - from everyday essentials to competition-grade equipment. Every product has been carefully selected by our expert team who understand the unique demands of riders. Browse our specialized categories below to find exactly what you're looking for.</p><h3>What Makes Great Rider?</h3><ul><li><strong>Safety First:</strong> Certified protection that meets or exceeds industry standards</li><li><strong>Comfort:</strong> Ergonomic designs that you'll actually want to wear</li><li><strong>Quality Construction:</strong> Attention to detail that ensures longevity and reliability</li><li><strong>Professional Standards:</strong> Competition-approved gear trusted by top riders</li></ul><h3>Shop by Category</h3><p>Explore our specialized departments including <a href=""/rider/helmets"">helmets</a>, <a href=""/rider/giftware"">giftware</a>,<a href=""/rider/jewellery"">jewellery</a>, and <a href=""/rider/gloves"">gloves</a>, plus 7 more specialized categories. Each department is stocked with premium products from the world's leading brands.</p>",Rider,,1,published,best-selling,"[{""question"":""How do I choose the right rider?"",""answer"":""Consider your riding discipline, frequency, and personal preferences. Safety should always come first - look for certified products that meet current standards. Comfort is also crucial as you're more likely to use gear that feels good. Our team can help match you with the perfect rider for your needs.""},{""question"":""Are these products competition-approved?"",""answer"":""Most of our rider meet or exceed competition standards, but requirements vary by discipline and level. Check specific product descriptions for certification details, or contact us to confirm if an item is suitable for your competition needs.""}]","[{""url"":""/clothing/womens"",""title"":""Ladies' Riding Clothing"",""description"":""Complete your riding wardrobe""},{""url"":""/horse/tack"",""title"":""Horse Tack"",""description"":""Quality tack for horse and rider""}]"
/clothing,Clothing,Clothing | The Equestrian,"Shop premium clothing including breeches, jodhpurs, riding tops and jackets. Free shipping Australia-wide. Expert advice available. Find the perfect gear...",Browse our extensive range of clothing products.,"<h2>Premium Clothing</h2><p>Welcome to our complete clothing collection. We've assembled everything you need in one place - from everyday essentials to competition-grade equipment. Every product has been carefully selected by our expert team who understand the unique demands of the equestrian lifestyle. Browse our specialized categories below to find exactly what you're looking for.</p><h3>What Makes Great Clothing?</h3><ul><li><strong>Technical Fabrics:</strong> Advanced moisture-wicking and breathable materials that keep you comfortable in the saddle</li><li><strong>Perfect Fit:</strong> Designed specifically for riding with stretch panels and reinforced seams where you need them most</li><li><strong>Durability:</strong> Built to withstand daily wear, frequent washing, and the demands of equestrian life</li><li><strong>Style:</strong> Look professional in the arena and fashionable at the barn with timeless designs</li></ul><h3>Shop by Category</h3><p>Explore our specialized departments including <a href=""/clothing/womens"">clothing - ladies clothing</a>, <a href=""/clothing/mens"">clothing - men's clothing</a>,<a href=""/clothing/kids"">clothing - kid's clothing</a>, and <a href=""/clothing/accessories"">clothing - clothing accessories</a>, plus 5 more specialized categories. Each department is stocked with premium products from the world's leading brands.</p>",Clothing,,1,published,best-selling,"[{""question"":""What size should I order?"",""answer"":""We recommend consulting our detailed size guide for each brand, as sizing can vary between manufacturers. Most riders find their regular size works well, but competition wear may run smaller. When in doubt, size up for comfort, especially for items you'll wear over base layers.""},{""question"":""How do I care for technical riding clothing?"",""answer"":""Wash in cold water on a gentle cycle and hang to dry to preserve technical fabrics. Avoid fabric softeners as they can reduce moisture-wicking properties. For competition wear, follow specific care instructions on the label. Proper care ensures your investment lasts for years.""}]",[]
/pet,Pet,Pet | The Equestrian,"Shop premium pet including dog treats, cat toys, bird supplies and small animal bedding. Free shipping Australia-wide. Expert advice available. Find the...",Browse our extensive range of pet products.,"<h2>Premium Pet</h2><p>Welcome to our complete pet collection. We've assembled everything you need in one place - from everyday essentials to competition-grade equipment. Every product has been carefully selected by our expert team who understand the unique demands of pet owners. Browse our specialized categories below to find exactly what you're looking for.</p><h3>What Makes Great Pet?</h3><ul><li><strong>Quality Materials:</strong> Durable construction that stands up to daily use</li><li><strong>Thoughtful Design:</strong> Features that make a real difference in performance</li><li><strong>Expert Selection:</strong> Carefully chosen products from trusted manufacturers</li><li><strong>Great Value:</strong> Competitive pricing without compromising on quality</li></ul><h3>Shop by Category</h3><p>Explore our specialized departments including <a href=""/pet/dog"">dogs</a>, <a href=""/pet/cat"">cat</a>,<a href=""/pet/bird"">bird assorted</a>, and <a href=""/pet/small-animal"">small animal</a>, plus 3 more specialized categories. Each department is stocked with premium products from the world's leading brands.</p>",Pet,,1,published,best-selling,"[{""question"":""How do I choose the right pet?"",""answer"":""Consider your specific needs, budget, and intended use. Read product descriptions carefully and check sizing information. Our customer reviews provide valuable insights from real users. If you're unsure, our expert team is always happy to provide personalized recommendations.""},{""question"":""Do you offer free shipping on pet?"",""answer"":""Yes! We offer free shipping on all orders within Australia. Orders are typically processed within 1-2 business days. For urgent needs, express shipping options are available at checkout.""}]",[]
/accessories,Accessories,Accessories | The Equestrian,Shop premium accessories from top brands. Free shipping Australia-wide. Expert advice available. Find the perfect gear for your needs.,Browse our extensive range of accessories products.,"<h2>Premium Accessories</h2><p>Welcome to our complete accessories collection. We've assembled everything you need in one place - from everyday essentials to competition-grade equipment. Every product has been carefully selected by our expert team who understand the unique demands of the equestrian lifestyle. Browse our specialized categories below to find exactly what you're looking for.</p><h3>What Makes Great Accessories?</h3><ul><li><strong>Quality Materials:</strong> Durable construction that stands up to daily use</li><li><strong>Thoughtful Design:</strong> Features that make a real difference in performance</li><li><strong>Expert Selection:</strong> Carefully chosen products from trusted manufacturers</li><li><strong>Great Value:</strong> Competitive pricing without compromising on quality</li></ul><h3>Shop by Category</h3><p>Explore our specialized departments including <a href=""/accessories/collectibles"">the trail of painted ponies</a>, <a href=""/accessories/books"">books & magazines</a>,<a href=""/accessories/gifts"">gift set</a>, and <a href=""/accessories/gift-cards"">gift card</a>, plus 1 more specialized categories. Each department is stocked with premium products from the world's leading brands.</p>",Accessories,,1,published,best-selling,"[{""question"":""How do I choose the right accessories?"",""answer"":""Consider your specific needs, budget, and intended use. Read product descriptions carefully and check sizing information. Our customer reviews provide valuable insights from real users. If you're unsure, our expert team is always happy to provide personalized recommendations.""},{""question"":""Do you offer free shipping on accessories?"",""answer"":""Yes! We offer free shipping on all orders within Australia. Orders are typically processed within 1-2 business days. For urgent needs, express shipping options are available at checkout.""}]",[]
/clothing/womens,Womens & Ladies Clothing,Ladies Clothing | Buy Online | The Equestrian,"Shop premium womens & ladies clothing including ladies breeches, riding tights, competition shirts and show jackets. Free shipping Australia-wide. Expert...","Browse our extensive range of clothing - ladies clothing. Expertly selected for quality, durability, and performance. Whether you're competing or riding for leisure, find exactly what you need at The Equestrian.","<h2>Premium Clothing - Ladies Clothing</h2><p>Discover our comprehensive collection of clothing - ladies clothing, carefully curated to meet the demands of equestrians at every level. From competition-ready gear to everyday essentials, we stock only the finest brands known for quality, durability, and performance. Each product has been expertly selected by our team of experienced professionals who understand what truly matters.</p><h3>What Makes Great Clothing - Ladies Clothing?</h3><ul><li><strong>Technical Fabrics:</strong> Advanced moisture-wicking and breathable materials that keep you comfortable in the saddle</li><li><strong>Perfect Fit:</strong> Designed specifically for riding with stretch panels and reinforced seams where you need them most</li><li><strong>Durability:</strong> Built to withstand daily wear, frequent washing, and the demands of equestrian life</li><li><strong>Style:</strong> Look professional in the arena and fashionable at the barn with timeless designs</li></ul><h3>Shop by Type</h3><p>Browse our specialized categories including <a href=""/clothing/womens/breeches"">jodhpurs & breeches ladies</a>,<a href=""/clothing/womens/tights"">tights</a>, and <a href=""/clothing/womens/tops"">ladies shirt</a>. Each category features products from world-leading brands trusted by professional enthusiasts.</p>",Ladies & Women,/clothing,2,published,best-selling,"[{""question"":""What size should I order?"",""answer"":""We recommend consulting our detailed size guide for each brand, as sizing can vary between manufacturers. Most riders find their regular size works well, but competition wear may run smaller. When in doubt, size up for comfort, especially for items you'll wear over base layers.""},{""question"":""How do I care for technical riding clothing?"",""answer"":""Wash in cold water on a gentle cycle and hang to dry to preserve technical fabrics. Avoid fabric softeners as they can reduce moisture-wicking properties. For competition wear, follow specific care instructions on the label. Proper care ensures your investment lasts for years.""}]","[{""url"":""/clothing/footwear"",""title"":""Riding Footwear"",""description"":""Complete your outfit with quality boots""},{""url"":""/rider/helmets"",""title"":""Riding Helmets"",""description"":""Safety first with certified helmets""}]"
/clothing/womens/breeches,Jodhpurs & Breeches Ladies,Jodhpurs & Breeches Ladies | Premium Quality | The Equestrian,"Shop premium jodhpurs & breeches ladies including ladies breeches, riding tights, competition shirts and show jackets. Free shipping Australia-wide. Expert...","Browse our extensive range of jodhpurs & breeches ladies. Expertly selected for quality, durability, and performance. Whether you're competing or riding for leisure, find exactly what you need at The Equestrian.","<h2>Premium Jodhpurs & Breeches Ladies</h2><p>Welcome to our specialized jodhpurs & breeches ladies collection. Whether you're a seasoned professional or just starting out, finding the right jodhpurs & breeches ladies makes all the difference. We've assembled an exceptional range that combines cutting-edge technology with time-tested designs.</p><h3>What Makes Great Jodhpurs & Breeches Ladies?</h3><ul><li><strong>Technical Fabrics:</strong> Advanced moisture-wicking and breathable materials that keep you comfortable in the saddle</li><li><strong>Perfect Fit:</strong> Designed specifically for riding with stretch panels and reinforced seams where you need them most</li><li><strong>Durability:</strong> Built to withstand daily wear, frequent washing, and the demands of equestrian life</li><li><strong>Style:</strong> Look professional in the arena and fashionable at the barn with timeless designs</li></ul>",,/clothing/womens,3,published,best-selling,"[{""question"":""What size should I order?"",""answer"":""We recommend consulting our detailed size guide for each brand, as sizing can vary between manufacturers. Most riders find their regular size works well, but competition wear may run smaller. When in doubt, size up for comfort, especially for items you'll wear over base layers.""},{""question"":""How do I care for technical riding clothing?"",""answer"":""Wash in cold water on a gentle cycle and hang to dry to preserve technical fabrics. Avoid fabric softeners as they can reduce moisture-wicking properties. For competition wear, follow specific care instructions on the label. Proper care ensures your investment lasts for years.""}]","[{""url"":""/clothing/footwear"",""title"":""Riding Footwear"",""description"":""Complete your outfit with quality boots""},{""url"":""/rider/helmets"",""title"":""Riding Helmets"",""description"":""Safety first with certified helmets""}]"
/clothing/womens/tights,Tights,Tights | Premium Quality | The Equestrian,"Shop premium tights including ladies breeches, riding tights, competition shirts and show jackets. Free shipping Australia-wide. Expert advice available.","Browse our extensive range of tights. Expertly selected for quality, durability, and performance. Whether you're competing or riding for leisure, find exactly what you need at The Equestrian.","<h2>Premium Tights</h2><p>Welcome to our specialized tights collection. Whether you're a seasoned professional or just starting out, finding the right tights makes all the difference. We've assembled an exceptional range that combines cutting-edge technology with time-tested designs.</p><h3>What Makes Great Tights?</h3><ul><li><strong>Technical Fabrics:</strong> Advanced moisture-wicking and breathable materials that keep you comfortable in the saddle</li><li><strong>Perfect Fit:</strong> Designed specifically for riding with stretch panels and reinforced seams where you need them most</li><li><strong>Durability:</strong> Built to withstand daily wear, frequent washing, and the demands of equestrian life</li><li><strong>Style:</strong> Look professional in the arena and fashionable at the barn with timeless designs</li></ul>",,/clothing/womens,3,published,best-selling,"[{""question"":""What size should I order?"",""answer"":""We recommend consulting our detailed size guide for each brand, as sizing can vary between manufacturers. Most riders find their regular size works well, but competition wear may run smaller. When in doubt, size up for comfort, especially for items you'll wear over base layers.""},{""question"":""How do I care for technical riding clothing?"",""answer"":""Wash in cold water on a gentle cycle and hang to dry to preserve technical fabrics. Avoid fabric softeners as they can reduce moisture-wicking properties. For competition wear, follow specific care instructions on the label. Proper care ensures your investment lasts for years.""}]","[{""url"":""/clothing/footwear"",""title"":""Riding Footwear"",""description"":""Complete your outfit with quality boots""},{""url"":""/rider/helmets"",""title"":""Riding Helmets"",""description"":""Safety first with certified helmets""}]"
/clothing/womens/tops,Ladies Shirt,Ladies Shirt | Premium Quality | The Equestrian,"Shop premium ladies shirt including ladies breeches, riding tights, competition shirts and show jackets. Free shipping Australia-wide. Expert advice available.","Browse our extensive range of ladies shirt. Expertly selected for quality, durability, and performance. Whether you're competing or riding for leisure, find exactly what you need at The Equestrian.","<h2>Premium Ladies Shirt</h2><p>Welcome to our specialized ladies shirt collection. Whether you're a seasoned professional or just starting out, finding the right ladies shirt makes all the difference. We've assembled an exceptional range that combines cutting-edge technology with time-tested designs.</p><h3>What Makes Great Ladies Shirt?</h3><ul><li><strong>Technical Fabrics:</strong> Advanced moisture-wicking and breathable materials that keep you comfortable in the saddle</li><li><strong>Perfect Fit:</strong> Designed specifically for riding with stretch panels and reinforced seams where you need them most</li><li><strong>Durability:</strong> Built to withstand daily wear, frequent washing, and the demands of equestrian life</li><li><strong>Style:</strong> Look professional in the arena and fashionable at the barn with timeless designs</li></ul>",,/clothing/womens,3,published,best-selling,"[{""question"":""What size should I order?"",""answer"":""We recommend consulting our detailed size guide for each brand, as sizing can vary between manufacturers. Most riders find their regular size works well, but competition wear may run smaller. When in doubt, size up for comfort, especially for items you'll wear over base layers.""},{""question"":""How do I care for technical riding clothing?"",""answer"":""Wash in cold water on a gentle cycle and hang to dry to preserve technical fabrics. Avoid fabric softeners as they can reduce moisture-wicking properties. For competition wear, follow specific care instructions on the label. Proper care ensures your investment lasts for years.""}]","[{""url"":""/clothing/footwear"",""title"":""Riding Footwear"",""description"":""Complete your outfit with quality boots""},{""url"":""/rider/helmets"",""title"":""Riding Helmets"",""description"":""Safety first with certified helmets""}]"
/clothing/womens/casual,Casual Clothing Ladies,Casual Clothing Ladies | Premium Quality | The Equestrian,"Shop premium casual clothing ladies including ladies breeches, riding tights, competition shirts and show jackets. Free shipping Australia-wide. Expert...","Browse our extensive range of casual clothing ladies. Expertly selected for quality, durability, and performance. Whether you're competing or riding for leisure, find exactly what you need at The Equestrian.","<h2>Premium Casual Clothing Ladies</h2><p>Welcome to our specialized casual clothing ladies collection. Whether you're a seasoned professional or just starting out, finding the right casual clothing ladies makes all the difference. We've assembled an exceptional range that combines cutting-edge technology with time-tested designs.</p><h3>What Makes Great Casual Clothing Ladies?</h3><ul><li><strong>Technical Fabrics:</strong> Advanced moisture-wicking and breathable materials that keep you comfortable in the saddle</li><li><strong>Perfect Fit:</strong> Designed specifically for riding with stretch panels and reinforced seams where you need them most</li><li><strong>Durability:</strong> Built to withstand daily wear, frequent washing, and the demands of equestrian life</li><li><strong>Style:</strong> Look professional in the arena and fashionable at the barn with timeless designs</li></ul>",,/clothing/womens,3,published,best-selling,"[{""question"":""What size should I order?"",""answer"":""We recommend consulting our detailed size guide for each brand, as sizing can vary between manufacturers. Most riders find their regular size works well, but competition wear may run smaller. When in doubt, size up for comfort, especially for items you'll wear over base layers.""},{""question"":""How do I care for technical riding clothing?"",""answer"":""Wash in cold water on a gentle cycle and hang to dry to preserve technical fabrics. Avoid fabric softeners as they can reduce moisture-wicking properties. For competition wear, follow specific care instructions on the label. Proper care ensures your investment lasts for years.""}]","[{""url"":""/clothing/footwear"",""title"":""Riding Footwear"",""description"":""Complete your outfit with quality boots""},{""url"":""/rider/helmets"",""title"":""Riding Helmets"",""description"":""Safety first with certified helmets""}]"
/clothing/womens/jeans,Womens Jeans,Womens Jeans | Premium Quality | The Equestrian,"Shop premium womens jeans including ladies breeches, riding tights, competition shirts and show jackets. Free shipping Australia-wide. Expert advice available.","Browse our extensive range of womens jeans. Expertly selected for quality, durability, and performance. Whether you're competing or riding for leisure, find exactly what you need at The Equestrian.","<h2>Premium Womens Jeans</h2><p>Welcome to our specialized womens jeans collection. Whether you're a seasoned professional or just starting out, finding the right womens jeans makes all the difference. We've assembled an exceptional range that combines cutting-edge technology with time-tested designs.</p><h3>What Makes Great Womens Jeans?</h3><ul><li><strong>Technical Fabrics:</strong> Advanced moisture-wicking and breathable materials that keep you comfortable in the saddle</li><li><strong>Perfect Fit:</strong> Designed specifically for riding with stretch panels and reinforced seams where you need them most</li><li><strong>Durability:</strong> Built to withstand daily wear, frequent washing, and the demands of equestrian life</li><li><strong>Style:</strong> Look professional in the arena and fashionable at the barn with timeless designs</li></ul>",,/clothing/womens,3,published,best-selling,"[{""question"":""What size should I order?"",""answer"":""We recommend consulting our detailed size guide for each brand, as sizing can vary between manufacturers. Most riders find their regular size works well, but competition wear may run smaller. When in doubt, size up for comfort, especially for items you'll wear over base layers.""},{""question"":""How do I care for technical riding clothing?"",""answer"":""Wash in cold water on a gentle cycle and hang to dry to preserve technical fabrics. Avoid fabric softeners as they can reduce moisture-wicking properties. For competition wear, follow specific care instructions on the label. Proper care ensures your investment lasts for years.""}]","[{""url"":""/clothing/footwear"",""title"":""Riding Footwear"",""description"":""Complete your outfit with quality boots""},{""url"":""/rider/helmets"",""title"":""Riding Helmets"",""description"":""Safety first with certified helmets""}]"
/clothing/womens/leggings,Leggings,Leggings | Premium Quality | The Equestrian,"Shop premium leggings including ladies breeches, riding tights, competition shirts and show jackets. Free shipping Australia-wide. Expert advice available.","Browse our extensive range of leggings. Expertly selected for quality, durability, and performance. Whether you're competing or riding for leisure, find exactly what you need at The Equestrian.","<h2>Premium Leggings</h2><p>Welcome to our specialized leggings collection. Whether you're a seasoned professional or just starting out, finding the right leggings makes all the difference. We've assembled an exceptional range that combines cutting-edge technology with time-tested designs.</p><h3>What Makes Great Leggings?</h3><ul><li><strong>Technical Fabrics:</strong> Advanced moisture-wicking and breathable materials that keep you comfortable in the saddle</li><li><strong>Perfect Fit:</strong> Designed specifically for riding with stretch panels and reinforced seams where you need them most</li><li><strong>Durability:</strong> Built to withstand daily wear, frequent washing, and the demands of equestrian life</li><li><strong>Style:</strong> Look professional in the arena and fashionable at the barn with timeless designs</li></ul>",,/clothing/womens,3,published,best-selling,"[{""question"":""What size should I order?"",""answer"":""We recommend consulting our detailed size guide for each brand, as sizing can vary between manufacturers. Most riders find their regular size works well, but competition wear may run smaller. When in doubt, size up for comfort, especially for items you'll wear over base layers.""},{""question"":""How do I care for technical riding clothing?"",""answer"":""Wash in cold water on a gentle cycle and hang to dry to preserve technical fabrics. Avoid fabric softeners as they can reduce moisture-wicking properties. For competition wear, follow specific care instructions on the label. Proper care ensures your investment lasts for years.""}]","[{""url"":""/clothing/footwear"",""title"":""Riding Footwear"",""description"":""Complete your outfit with quality boots""},{""url"":""/rider/helmets"",""title"":""Riding Helmets"",""description"":""Safety first with certified helmets""}]"
/clothing/womens/jackets,ladies jacket,ladies jacket | Premium Quality | The Equestrian,"Shop premium ladies jacket including ladies breeches, riding tights, competition shirts and show jackets. Free shipping Australia-wide. Expert advice available.","Browse our extensive range of ladies jacket. Expertly selected for quality, durability, and performance. Whether you're competing or riding for leisure, find exactly what you need at The Equestrian.","<h2>Premium ladies jacket</h2><p>Welcome to our specialized ladies jacket collection. Whether you're a seasoned professional or just starting out, finding the right ladies jacket makes all the difference. We've assembled an exceptional range that combines cutting-edge technology with time-tested designs.</p><h3>What Makes Great ladies jacket?</h3><ul><li><strong>Technical Fabrics:</strong> Advanced moisture-wicking and breathable materials that keep you comfortable in the saddle</li><li><strong>Perfect Fit:</strong> Designed specifically for riding with stretch panels and reinforced seams where you need them most</li><li><strong>Durability:</strong> Built to withstand daily wear, frequent washing, and the demands of equestrian life</li><li><strong>Style:</strong> Look professional in the arena and fashionable at the barn with timeless designs</li></ul>",,/clothing/womens,3,published,best-selling,"[{""question"":""What size should I order?"",""answer"":""We recommend consulting our detailed size guide for each brand, as sizing can vary between manufacturers. Most riders find their regular size works well, but competition wear may run smaller. When in doubt, size up for comfort, especially for items you'll wear over base layers.""},{""question"":""How do I care for technical riding clothing?"",""answer"":""Wash in cold water on a gentle cycle and hang to dry to preserve technical fabrics. Avoid fabric softeners as they can reduce moisture-wicking properties. For competition wear, follow specific care instructions on the label. Proper care ensures your investment lasts for years.""}]","[{""url"":""/clothing/footwear"",""title"":""Riding Footwear"",""description"":""Complete your outfit with quality boots""},{""url"":""/rider/helmets"",""title"":""Riding Helmets"",""description"":""Safety first with certified helmets""}]"
/clothing/mens,Men's Clothing,Clothing - Men's Clothing | Buy Online | The Equestrian,"Shop premium men's clothing including men's breeches, riding shirts, show jackets and polo shirts. Free shipping Australia-wide. Expert advice available.","Browse our extensive range of clothing - men's clothing. Expertly selected for quality, durability, and performance. Whether you're competing or riding for leisure, find exactly what you need at The Equestrian.","<h2>Premium Clothing - Men's Clothing</h2><p>Discover our comprehensive collection of clothing - men's clothing, carefully curated to meet the demands of equestrians at every level. From competition-ready gear to everyday essentials, we stock only the finest brands known for quality, durability, and performance. Each product has been expertly selected by our team of experienced professionals who understand what truly matters.</p><h3>What Makes Great Clothing - Men's Clothing?</h3><ul><li><strong>Technical Fabrics:</strong> Advanced moisture-wicking and breathable materials that keep you comfortable in the saddle</li><li><strong>Perfect Fit:</strong> Designed specifically for riding with stretch panels and reinforced seams where you need them most</li><li><strong>Durability:</strong> Built to withstand daily wear, frequent washing, and the demands of equestrian life</li><li><strong>Style:</strong> Look professional in the arena and fashionable at the barn with timeless designs</li></ul><h3>Shop by Type</h3><p>Browse our specialized categories including <a href=""/clothing/mens/jeans"">jeans</a>,<a href=""/clothing/mens/show-shirts"">mens show shirt</a>, and <a href=""/clothing/mens/breeches"">mens breeches</a>. Each category features products from world-leading brands trusted by professional enthusiasts.</p>",,/clothing,2,published,best-selling,"[{""question"":""What size should I order?"",""answer"":""We recommend consulting our detailed size guide for each brand, as sizing can vary between manufacturers. Most riders find their regular size works well, but competition wear may run smaller. When in doubt, size up for comfort, especially for items you'll wear over base layers.""},{""question"":""How do I care for technical riding clothing?"",""answer"":""Wash in cold water on a gentle cycle and hang to dry to preserve technical fabrics. Avoid fabric softeners as they can reduce moisture-wicking properties. For competition wear, follow specific care instructions on the label. Proper care ensures your investment lasts for years.""}]",[]
/clothing/mens/jeans,Jeans,Jeans | Premium Quality | The Equestrian,"Shop premium jeans including men's breeches, riding shirts, show jackets and polo shirts. Free shipping Australia-wide. Expert advice available. Find the...","Browse our extensive range of jeans. Expertly selected for quality, durability, and performance. Whether you're competing or riding for leisure, find exactly what you need at The Equestrian.","<h2>Premium Jeans</h2><p>Welcome to our specialized jeans collection. Whether you're a seasoned professional or just starting out, finding the right jeans makes all the difference. We've assembled an exceptional range that combines cutting-edge technology with time-tested designs.</p><h3>What Makes Great Jeans?</h3><ul><li><strong>Technical Fabrics:</strong> Advanced moisture-wicking and breathable materials that keep you comfortable in the saddle</li><li><strong>Perfect Fit:</strong> Designed specifically for riding with stretch panels and reinforced seams where you need them most</li><li><strong>Durability:</strong> Built to withstand daily wear, frequent washing, and the demands of equestrian life</li><li><strong>Style:</strong> Look professional in the arena and fashionable at the barn with timeless designs</li></ul>",,/clothing/mens,3,published,best-selling,"[{""question"":""What size should I order?"",""answer"":""We recommend consulting our detailed size guide for each brand, as sizing can vary between manufacturers. Most riders find their regular size works well, but competition wear may run smaller. When in doubt, size up for comfort, especially for items you'll wear over base layers.""},{""question"":""How do I care for technical riding clothing?"",""answer"":""Wash in cold water on a gentle cycle and hang to dry to preserve technical fabrics. Avoid fabric softeners as they can reduce moisture-wicking properties. For competition wear, follow specific care instructions on the label. Proper care ensures your investment lasts for years.""}]",[]
/clothing/mens/show-shirts,Mens Show Shirt,Mens Show Shirt | Premium Quality | The Equestrian,"Shop premium mens show shirt including men's breeches, riding shirts, show jackets and polo shirts. Free shipping Australia-wide. Expert advice available.","Browse our extensive range of mens show shirt. Expertly selected for quality, durability, and performance. Whether you're competing or riding for leisure, find exactly what you need at The Equestrian.","<h2>Premium Mens Show Shirt</h2><p>Welcome to our specialized mens show shirt collection. Whether you're a seasoned professional or just starting out, finding the right mens show shirt makes all the difference. We've assembled an exceptional range that combines cutting-edge technology with time-tested designs.</p><h3>What Makes Great Mens Show Shirt?</h3><ul><li><strong>Technical Fabrics:</strong> Advanced moisture-wicking and breathable materials that keep you comfortable in the saddle</li><li><strong>Perfect Fit:</strong> Designed specifically for riding with stretch panels and reinforced seams where you need them most</li><li><strong>Durability:</strong> Built to withstand daily wear, frequent washing, and the demands of equestrian life</li><li><strong>Style:</strong> Look professional in the arena and fashionable at the barn with timeless designs</li></ul>",,/clothing/mens,3,published,best-selling,"[{""question"":""What size should I order?"",""answer"":""We recommend consulting our detailed size guide for each brand, as sizing can vary between manufacturers. Most riders find their regular size works well, but competition wear may run smaller. When in doubt, size up for comfort, especially for items you'll wear over base layers.""},{""question"":""How do I care for technical riding clothing?"",""answer"":""Wash in cold water on a gentle cycle and hang to dry to preserve technical fabrics. Avoid fabric softeners as they can reduce moisture-wicking properties. For competition wear, follow specific care instructions on the label. Proper care ensures your investment lasts for years.""}]",[]
/clothing/mens/breeches,Mens Breeches,Mens Breeches | Premium Quality | The Equestrian,"Shop premium mens breeches including men's breeches, riding shirts, show jackets and polo shirts. Free shipping Australia-wide. Expert advice available.","Browse our extensive range of mens breeches. Expertly selected for quality, durability, and performance. Whether you're competing or riding for leisure, find exactly what you need at The Equestrian.","<h2>Premium Mens Breeches</h2><p>Welcome to our specialized mens breeches collection. Whether you're a seasoned professional or just starting out, finding the right mens breeches makes all the difference. We've assembled an exceptional range that combines cutting-edge technology with time-tested designs.</p><h3>What Makes Great Mens Breeches?</h3><ul><li><strong>Technical Fabrics:</strong> Advanced moisture-wicking and breathable materials that keep you comfortable in the saddle</li><li><strong>Perfect Fit:</strong> Designed specifically for riding with stretch panels and reinforced seams where you need them most</li><li><strong>Durability:</strong> Built to withstand daily wear, frequent washing, and the demands of equestrian life</li><li><strong>Style:</strong> Look professional in the arena and fashionable at the barn with timeless designs</li></ul>",,/clothing/mens,3,published,best-selling,"[{""question"":""What size should I order?"",""answer"":""We recommend consulting our detailed size guide for each brand, as sizing can vary between manufacturers. Most riders find their regular size works well, but competition wear may run smaller. When in doubt, size up for comfort, especially for items you'll wear over base layers.""},{""question"":""How do I care for technical riding clothing?"",""answer"":""Wash in cold water on a gentle cycle and hang to dry to preserve technical fabrics. Avoid fabric softeners as they can reduce moisture-wicking properties. For competition wear, follow specific care instructions on the label. Proper care ensures your investment lasts for years.""}]",[]
/clothing/mens/trousers,Trousers,Trousers | Premium Quality | The Equestrian,"Shop premium trousers including men's breeches, riding shirts, show jackets and polo shirts. Free shipping Australia-wide. Expert advice available. Find...","Browse our extensive range of trousers. Expertly selected for quality, durability, and performance. Whether you're competing or riding for leisure, find exactly what you need at The Equestrian.","<h2>Premium Trousers</h2><p>Welcome to our specialized trousers collection. Whether you're a seasoned professional or just starting out, finding the right trousers makes all the difference. We've assembled an exceptional range that combines cutting-edge technology with time-tested designs.</p><h3>What Makes Great Trousers?</h3><ul><li><strong>Technical Fabrics:</strong> Advanced moisture-wicking and breathable materials that keep you comfortable in the saddle</li><li><strong>Perfect Fit:</strong> Designed specifically for riding with stretch panels and reinforced seams where you need them most</li><li><strong>Durability:</strong> Built to withstand daily wear, frequent washing, and the demands of equestrian life</li><li><strong>Style:</strong> Look professional in the arena and fashionable at the barn with timeless designs</li></ul>",,/clothing/mens,3,published,best-selling,"[{""question"":""What size should I order?"",""answer"":""We recommend consulting our detailed size guide for each brand, as sizing can vary between manufacturers. Most riders find their regular size works well, but competition wear may run smaller. When in doubt, size up for comfort, especially for items you'll wear over base layers.""},{""question"":""How do I care for technical riding clothing?"",""answer"":""Wash in cold water on a gentle cycle and hang to dry to preserve technical fabrics. Avoid fabric softeners as they can reduce moisture-wicking properties. For competition wear, follow specific care instructions on the label. Proper care ensures your investment lasts for years.""}]",[]
/clothing/mens/casual,Casual Clothing Mens,Casual Clothing Mens | Premium Quality | The Equestrian,"Shop premium casual clothing mens including men's breeches, riding shirts, show jackets and polo shirts. Free shipping Australia-wide. Expert advice available.","Browse our extensive range of casual clothing mens. Expertly selected for quality, durability, and performance. Whether you're competing or riding for leisure, find exactly what you need at The Equestrian.","<h2>Premium Casual Clothing Mens</h2><p>Welcome to our specialized casual clothing mens collection. Whether you're a seasoned professional or just starting out, finding the right casual clothing mens makes all the difference. We've assembled an exceptional range that combines cutting-edge technology with time-tested designs.</p><h3>What Makes Great Casual Clothing Mens?</h3><ul><li><strong>Technical Fabrics:</strong> Advanced moisture-wicking and breathable materials that keep you comfortable in the saddle</li><li><strong>Perfect Fit:</strong> Designed specifically for riding with stretch panels and reinforced seams where you need them most</li><li><strong>Durability:</strong> Built to withstand daily wear, frequent washing, and the demands of equestrian life</li><li><strong>Style:</strong> Look professional in the arena and fashionable at the barn with timeless designs</li></ul>",,/clothing/mens,3,published,best-selling,"[{""question"":""What size should I order?"",""answer"":""We recommend consulting our detailed size guide for each brand, as sizing can vary between manufacturers. Most riders find their regular size works well, but competition wear may run smaller. When in doubt, size up for comfort, especially for items you'll wear over base layers.""},{""question"":""How do I care for technical riding clothing?"",""answer"":""Wash in cold water on a gentle cycle and hang to dry to preserve technical fabrics. Avoid fabric softeners as they can reduce moisture-wicking properties. For competition wear, follow specific care instructions on the label. Proper care ensures your investment lasts for years.""}]",[]
/clothing/kids,Kid's Clothing,Clothing - Kid's Clothing | Buy Online | The Equestrian,"Shop premium kid's clothing including children's breeches, jodhpurs, riding tops and show jackets. Free shipping Australia-wide. Expert advice available.","Browse our extensive range of clothing - kid's clothing. Expertly selected for quality, durability, and performance. Whether you're competing or riding for leisure, find exactly what you need at The Equestrian.","<h2>Premium Clothing - Kid's Clothing</h2><p>Discover our comprehensive collection of clothing - kid's clothing, carefully curated to meet the demands of equestrians at every level. From competition-ready gear to everyday essentials, we stock only the finest brands known for quality, durability, and performance. Each product has been expertly selected by our team of experienced professionals who understand what truly matters.</p><h3>What Makes Great Clothing - Kid's Clothing?</h3><ul><li><strong>Technical Fabrics:</strong> Advanced moisture-wicking and breathable materials that keep you comfortable in the saddle</li><li><strong>Perfect Fit:</strong> Designed specifically for riding with stretch panels and reinforced seams where you need them most</li><li><strong>Durability:</strong> Built to withstand daily wear, frequent washing, and the demands of equestrian life</li><li><strong>Style:</strong> Look professional in the arena and fashionable at the barn with timeless designs</li></ul><h3>Shop by Type</h3><p>Browse our specialized categories including <a href=""/clothing/kids/footwear"">kids footwear</a>,<a href=""/clothing/kids/breeches"">jodhpurs & breeches childs</a>, and <a href=""/clothing/kids/show-jackets"">boys competition jacket</a>. Each category features products from world-leading brands trusted by professional enthusiasts.</p>",,/clothing,2,published,best-selling,"[{""question"":""What size should I order?"",""answer"":""We recommend consulting our detailed size guide for each brand, as sizing can vary between manufacturers. Most riders find their regular size works well, but competition wear may run smaller. When in doubt, size up for comfort, especially for items you'll wear over base layers.""},{""question"":""How do I care for technical riding clothing?"",""answer"":""Wash in cold water on a gentle cycle and hang to dry to preserve technical fabrics. Avoid fabric softeners as they can reduce moisture-wicking properties. For competition wear, follow specific care instructions on the label. Proper care ensures your investment lasts for years.""}]",[]
/clothing/kids/footwear,Kids Footwear,Kids Footwear | Premium Quality | The Equestrian,"Shop premium kids footwear including children's breeches, jodhpurs, riding tops and show jackets. Free shipping Australia-wide. Expert advice available.","Browse our extensive range of kids footwear. Expertly selected for quality, durability, and performance. Whether you're competing or riding for leisure, find exactly what you need at The Equestrian.","<h2>Premium Kids Footwear</h2><p>Welcome to our specialized kids footwear collection. Whether you're a seasoned professional or just starting out, finding the right kids footwear makes all the difference. We've assembled an exceptional range that combines cutting-edge technology with time-tested designs.</p><h3>What Makes Great Kids Footwear?</h3><ul><li><strong>Technical Fabrics:</strong> Advanced moisture-wicking and breathable materials that keep you comfortable in the saddle</li><li><strong>Perfect Fit:</strong> Designed specifically for riding with stretch panels and reinforced seams where you need them most</li><li><strong>Durability:</strong> Built to withstand daily wear, frequent washing, and the demands of equestrian life</li><li><strong>Style:</strong> Look professional in the arena and fashionable at the barn with timeless designs</li></ul>",,/clothing/kids,3,published,best-selling,"[{""question"":""What size should I order?"",""answer"":""We recommend consulting our detailed size guide for each brand, as sizing can vary between manufacturers. Most riders find their regular size works well, but competition wear may run smaller. When in doubt, size up for comfort, especially for items you'll wear over base layers.""},{""question"":""How do I care for technical riding clothing?"",""answer"":""Wash in cold water on a gentle cycle and hang to dry to preserve technical fabrics. Avoid fabric softeners as they can reduce moisture-wicking properties. For competition wear, follow specific care instructions on the label. Proper care ensures your investment lasts for years.""}]",[]
/clothing/kids/breeches,Jodhpurs & Breeches Childs,Jodhpurs & Breeches Childs | Premium Quality | The Equestrian,"Shop premium jodhpurs & breeches childs including children's breeches, jodhpurs, riding tops and show jackets. Free shipping Australia-wide. Expert advice...","Browse our extensive range of jodhpurs & breeches childs. Expertly selected for quality, durability, and performance. Whether you're competing or riding for leisure, find exactly what you need at The Equestrian.","<h2>Premium Jodhpurs & Breeches Childs</h2><p>Welcome to our specialized jodhpurs & breeches childs collection. Whether you're a seasoned professional or just starting out, finding the right jodhpurs & breeches childs makes all the difference. We've assembled an exceptional range that combines cutting-edge technology with time-tested designs.</p><h3>What Makes Great Jodhpurs & Breeches Childs?</h3><ul><li><strong>Technical Fabrics:</strong> Advanced moisture-wicking and breathable materials that keep you comfortable in the saddle</li><li><strong>Perfect Fit:</strong> Designed specifically for riding with stretch panels and reinforced seams where you need them most</li><li><strong>Durability:</strong> Built to withstand daily wear, frequent washing, and the demands of equestrian life</li><li><strong>Style:</strong> Look professional in the arena and fashionable at the barn with timeless designs</li></ul>",,/clothing/kids,3,published,best-selling,"[{""question"":""What size should I order?"",""answer"":""We recommend consulting our detailed size guide for each brand, as sizing can vary between manufacturers. Most riders find their regular size works well, but competition wear may run smaller. When in doubt, size up for comfort, especially for items you'll wear over base layers.""},{""question"":""How do I care for technical riding clothing?"",""answer"":""Wash in cold water on a gentle cycle and hang to dry to preserve technical fabrics. Avoid fabric softeners as they can reduce moisture-wicking properties. For competition wear, follow specific care instructions on the label. Proper care ensures your investment lasts for years.""}]",[]
/clothing/kids/show-jackets,Boys Competition Jacket,Boys Competition Jacket | Premium Quality | The Equestrian,"Shop premium boys competition jacket including children's breeches, jodhpurs, riding tops and show jackets. Free shipping Australia-wide. Expert advice...","Browse our extensive range of boys competition jacket. Expertly selected for quality, durability, and performance. Whether you're competing or riding for leisure, find exactly what you need at The Equestrian.","<h2>Premium Boys Competition Jacket</h2><p>Welcome to our specialized boys competition jacket collection. Whether you're a seasoned professional or just starting out, finding the right boys competition jacket makes all the difference. We've assembled an exceptional range that combines cutting-edge technology with time-tested designs.</p><h3>What Makes Great Boys Competition Jacket?</h3><ul><li><strong>Technical Fabrics:</strong> Advanced moisture-wicking and breathable materials that keep you comfortable in the saddle</li><li><strong>Perfect Fit:</strong> Designed specifically for riding with stretch panels and reinforced seams where you need them most</li><li><strong>Durability:</strong> Built to withstand daily wear, frequent washing, and the demands of equestrian life</li><li><strong>Style:</strong> Look professional in the arena and fashionable at the barn with timeless designs</li></ul>",,/clothing/kids,3,published,best-selling,"[{""question"":""What size should I order?"",""answer"":""We recommend consulting our detailed size guide for each brand, as sizing can vary between manufacturers. Most riders find their regular size works well, but competition wear may run smaller. When in doubt, size up for comfort, especially for items you'll wear over base layers.""},{""question"":""How do I care for technical riding clothing?"",""answer"":""Wash in cold water on a gentle cycle and hang to dry to preserve technical fabrics. Avoid fabric softeners as they can reduce moisture-wicking properties. For competition wear, follow specific care instructions on the label. Proper care ensures your investment lasts for years.""}]",[]
/clothing/kids/tops,Girls Shirt,Girls Shirt | Premium Quality | The Equestrian,"Shop premium girls shirt including children's breeches, jodhpurs, riding tops and show jackets. Free shipping Australia-wide. Expert advice available.","Browse our extensive range of girls shirt. Expertly selected for quality, durability, and performance. Whether you're competing or riding for leisure, find exactly what you need at The Equestrian.","<h2>Premium Girls Shirt</h2><p>Welcome to our specialized girls shirt collection. Whether you're a seasoned professional or just starting out, finding the right girls shirt makes all the difference. We've assembled an exceptional range that combines cutting-edge technology with time-tested designs.</p><h3>What Makes Great Girls Shirt?</h3><ul><li><strong>Technical Fabrics:</strong> Advanced moisture-wicking and breathable materials that keep you comfortable in the saddle</li><li><strong>Perfect Fit:</strong> Designed specifically for riding with stretch panels and reinforced seams where you need them most</li><li><strong>Durability:</strong> Built to withstand daily wear, frequent washing, and the demands of equestrian life</li><li><strong>Style:</strong> Look professional in the arena and fashionable at the barn with timeless designs</li></ul>",,/clothing/kids,3,published,best-selling,"[{""question"":""What size should I order?"",""answer"":""We recommend consulting our detailed size guide for each brand, as sizing can vary between manufacturers. Most riders find their regular size works well, but competition wear may run smaller. When in doubt, size up for comfort, especially for items you'll wear over base layers.""},{""question"":""How do I care for technical riding clothing?"",""answer"":""Wash in cold water on a gentle cycle and hang to dry to preserve technical fabrics. Avoid fabric softeners as they can reduce moisture-wicking properties. For competition wear, follow specific care instructions on the label. Proper care ensures your investment lasts for years.""}]",[]
/clothing/kids/show-shirts,Boys Show Shirt,Boys Show Shirt | Premium Quality | The Equestrian,"Shop premium boys show shirt including children's breeches, jodhpurs, riding tops and show jackets. Free shipping Australia-wide. Expert advice available.","Browse our extensive range of boys show shirt. Expertly selected for quality, durability, and performance. Whether you're competing or riding for leisure, find exactly what you need at The Equestrian.","<h2>Premium Boys Show Shirt</h2><p>Welcome to our specialized boys show shirt collection. Whether you're a seasoned professional or just starting out, finding the right boys show shirt makes all the difference. We've assembled an exceptional range that combines cutting-edge technology with time-tested designs.</p><h3>What Makes Great Boys Show Shirt?</h3><ul><li><strong>Technical Fabrics:</strong> Advanced moisture-wicking and breathable materials that keep you comfortable in the saddle</li><li><strong>Perfect Fit:</strong> Designed specifically for riding with stretch panels and reinforced seams where you need them most</li><li><strong>Durability:</strong> Built to withstand daily wear, frequent washing, and the demands of equestrian life</li><li><strong>Style:</strong> Look professional in the arena and fashionable at the barn with timeless designs</li></ul>",,/clothing/kids,3,published,best-selling,"[{""question"":""What size should I order?"",""answer"":""We recommend consulting our detailed size guide for each brand, as sizing can vary between manufacturers. Most riders find their regular size works well, but competition wear may run smaller. When in doubt, size up for comfort, especially for items you'll wear over base layers.""},{""question"":""How do I care for technical riding clothing?"",""answer"":""Wash in cold water on a gentle cycle and hang to dry to preserve technical fabrics. Avoid fabric softeners as they can reduce moisture-wicking properties. For competition wear, follow specific care instructions on the label. Proper care ensures your investment lasts for years.""}]",[]
/clothing/kids/casual,Casual Clothing Childs,Casual Clothing Childs | Premium Quality | The Equestrian,"Shop premium casual clothing childs including children's breeches, jodhpurs, riding tops and show jackets. Free shipping Australia-wide. Expert advice...","Browse our extensive range of casual clothing childs. Expertly selected for quality, durability, and performance. Whether you're competing or riding for leisure, find exactly what you need at The Equestrian.","<h2>Premium Casual Clothing Childs</h2><p>Welcome to our specialized casual clothing childs collection. Whether you're a seasoned professional or just starting out, finding the right casual clothing childs makes all the difference. We've assembled an exceptional range that combines cutting-edge technology with time-tested designs.</p><h3>What Makes Great Casual Clothing Childs?</h3><ul><li><strong>Technical Fabrics:</strong> Advanced moisture-wicking and breathable materials that keep you comfortable in the saddle</li><li><strong>Perfect Fit:</strong> Designed specifically for riding with stretch panels and reinforced seams where you need them most</li><li><strong>Durability:</strong> Built to withstand daily wear, frequent washing, and the demands of equestrian life</li><li><strong>Style:</strong> Look professional in the arena and fashionable at the barn with timeless designs</li></ul>",,/clothing/kids,3,published,best-selling,"[{""question"":""What size should I order?"",""answer"":""We recommend consulting our detailed size guide for each brand, as sizing can vary between manufacturers. Most riders find their regular size works well, but competition wear may run smaller. When in doubt, size up for comfort, especially for items you'll wear over base layers.""},{""question"":""How do I care for technical riding clothing?"",""answer"":""Wash in cold water on a gentle cycle and hang to dry to preserve technical fabrics. Avoid fabric softeners as they can reduce moisture-wicking properties. For competition wear, follow specific care instructions on the label. Proper care ensures your investment lasts for years.""}]",[]
/clothing/kids/jackets,Kids Jacket,Kids Jacket | Premium Quality | The Equestrian,"Shop premium kids jacket including children's breeches, jodhpurs, riding tops and show jackets. Free shipping Australia-wide. Expert advice available.","Browse our extensive range of kids jacket. Expertly selected for quality, durability, and performance. Whether you're competing or riding for leisure, find exactly what you need at The Equestrian.","<h2>Premium Kids Jacket</h2><p>Welcome to our specialized kids jacket collection. Whether you're a seasoned professional or just starting out, finding the right kids jacket makes all the difference. We've assembled an exceptional range that combines cutting-edge technology with time-tested designs.</p><h3>What Makes Great Kids Jacket?</h3><ul><li><strong>Technical Fabrics:</strong> Advanced moisture-wicking and breathable materials that keep you comfortable in the saddle</li><li><strong>Perfect Fit:</strong> Designed specifically for riding with stretch panels and reinforced seams where you need them most</li><li><strong>Durability:</strong> Built to withstand daily wear, frequent washing, and the demands of equestrian life</li><li><strong>Style:</strong> Look professional in the arena and fashionable at the barn with timeless designs</li></ul>",,/clothing/kids,3,published,best-selling,"[{""question"":""What size should I order?"",""answer"":""We recommend consulting our detailed size guide for each brand, as sizing can vary between manufacturers. Most riders find their regular size works well, but competition wear may run smaller. When in doubt, size up for comfort, especially for items you'll wear over base layers.""},{""question"":""How do I care for technical riding clothing?"",""answer"":""Wash in cold water on a gentle cycle and hang to dry to preserve technical fabrics. Avoid fabric softeners as they can reduce moisture-wicking properties. For competition wear, follow specific care instructions on the label. Proper care ensures your investment lasts for years.""}]",[]
/clothing/accessories,Clothing Accessories,Clothing - Clothing Accessories | Buy Online | The Equestrian,"Shop premium clothing accessories including breeches, jodhpurs, riding tops and jackets. Free shipping Australia-wide. Expert advice available. Find the...","Browse our extensive range of clothing - clothing accessories. Expertly selected for quality, durability, and performance. Whether you're competing or riding for leisure, find exactly what you need at The Equestrian.","<h2>Premium Clothing - Clothing Accessories</h2><p>Discover our comprehensive collection of clothing - clothing accessories, carefully curated to meet the demands of equestrians at every level. From competition-ready gear to everyday essentials, we stock only the finest brands known for quality, durability, and performance. Each product has been expertly selected by our team of experienced professionals who understand what truly matters.</p><h3>What Makes Great Clothing - Clothing Accessories?</h3><ul><li><strong>Technical Fabrics:</strong> Advanced moisture-wicking and breathable materials that keep you comfortable in the saddle</li><li><strong>Perfect Fit:</strong> Designed specifically for riding with stretch panels and reinforced seams where you need them most</li><li><strong>Durability:</strong> Built to withstand daily wear, frequent washing, and the demands of equestrian life</li><li><strong>Style:</strong> Look professional in the arena and fashionable at the barn with timeless designs</li></ul><h3>Shop by Type</h3><p>Browse our specialized categories including <a href=""/clothing/accessories/hats"">hats & accessories</a>,<a href=""/clothing/accessories/belts"">belts</a>, and <a href=""/clothing/accessories/socks"">socks</a>. Each category features products from world-leading brands trusted by professional enthusiasts.</p>",,/clothing,2,published,best-selling,"[{""question"":""What size should I order?"",""answer"":""We recommend consulting our detailed size guide for each brand, as sizing can vary between manufacturers. Most riders find their regular size works well, but competition wear may run smaller. When in doubt, size up for comfort, especially for items you'll wear over base layers.""},{""question"":""How do I care for technical riding clothing?"",""answer"":""Wash in cold water on a gentle cycle and hang to dry to preserve technical fabrics. Avoid fabric softeners as they can reduce moisture-wicking properties. For competition wear, follow specific care instructions on the label. Proper care ensures your investment lasts for years.""}]",[]
/clothing/accessories/hats,Hats & Accessories,Hats & Accessories | Premium Quality | The Equestrian,"Shop premium hats & accessories including breeches, jodhpurs, riding tops and jackets. Free shipping Australia-wide. Expert advice available. Find the...","Browse our extensive range of hats & accessories. Expertly selected for quality, durability, and performance. Whether you're competing or riding for leisure, find exactly what you need at The Equestrian.","<h2>Premium Hats & Accessories</h2><p>Welcome to our specialized hats & accessories collection. Whether you're a seasoned professional or just starting out, finding the right hats & accessories makes all the difference. We've assembled an exceptional range that combines cutting-edge technology with time-tested designs.</p><h3>What Makes Great Hats & Accessories?</h3><ul><li><strong>Technical Fabrics:</strong> Advanced moisture-wicking and breathable materials that keep you comfortable in the saddle</li><li><strong>Perfect Fit:</strong> Designed specifically for riding with stretch panels and reinforced seams where you need them most</li><li><strong>Durability:</strong> Built to withstand daily wear, frequent washing, and the demands of equestrian life</li><li><strong>Style:</strong> Look professional in the arena and fashionable at the barn with timeless designs</li></ul>",,/clothing/accessories,3,published,best-selling,"[{""question"":""What size should I order?"",""answer"":""We recommend consulting our detailed size guide for each brand, as sizing can vary between manufacturers. Most riders find their regular size works well, but competition wear may run smaller. When in doubt, size up for comfort, especially for items you'll wear over base layers.""},{""question"":""How do I care for technical riding clothing?"",""answer"":""Wash in cold water on a gentle cycle and hang to dry to preserve technical fabrics. Avoid fabric softeners as they can reduce moisture-wicking properties. For competition wear, follow specific care instructions on the label. Proper care ensures your investment lasts for years.""}]",[]
/clothing/accessories/belts,Belts,Belts | Premium Quality | The Equestrian,"Shop premium belts including breeches, jodhpurs, riding tops and jackets. Free shipping Australia-wide. Expert advice available. Find the perfect gear for...","Browse our extensive range of belts. Expertly selected for quality, durability, and performance. Whether you're competing or riding for leisure, find exactly what you need at The Equestrian.","<h2>Premium Belts</h2><p>Welcome to our specialized belts collection. Whether you're a seasoned professional or just starting out, finding the right belts makes all the difference. We've assembled an exceptional range that combines cutting-edge technology with time-tested designs.</p><h3>What Makes Great Belts?</h3><ul><li><strong>Technical Fabrics:</strong> Advanced moisture-wicking and breathable materials that keep you comfortable in the saddle</li><li><strong>Perfect Fit:</strong> Designed specifically for riding with stretch panels and reinforced seams where you need them most</li><li><strong>Durability:</strong> Built to withstand daily wear, frequent washing, and the demands of equestrian life</li><li><strong>Style:</strong> Look professional in the arena and fashionable at the barn with timeless designs</li></ul>",,/clothing/accessories,3,published,best-selling,"[{""question"":""What size should I order?"",""answer"":""We recommend consulting our detailed size guide for each brand, as sizing can vary between manufacturers. Most riders find their regular size works well, but competition wear may run smaller. When in doubt, size up for comfort, especially for items you'll wear over base layers.""},{""question"":""How do I care for technical riding clothing?"",""answer"":""Wash in cold water on a gentle cycle and hang to dry to preserve technical fabrics. Avoid fabric softeners as they can reduce moisture-wicking properties. For competition wear, follow specific care instructions on the label. Proper care ensures your investment lasts for years.""}]",[]
/clothing/accessories/socks,Socks,Socks | Premium Quality | The Equestrian,"Shop premium socks including breeches, jodhpurs, riding tops and jackets. Free shipping Australia-wide. Expert advice available. Find the perfect gear for...","Browse our extensive range of socks. Expertly selected for quality, durability, and performance. Whether you're competing or riding for leisure, find exactly what you need at The Equestrian.","<h2>Premium Socks</h2><p>Welcome to our specialized socks collection. Whether you're a seasoned professional or just starting out, finding the right socks makes all the difference. We've assembled an exceptional range that combines cutting-edge technology with time-tested designs.</p><h3>What Makes Great Socks?</h3><ul><li><strong>Technical Fabrics:</strong> Advanced moisture-wicking and breathable materials that keep you comfortable in the saddle</li><li><strong>Perfect Fit:</strong> Designed specifically for riding with stretch panels and reinforced seams where you need them most</li><li><strong>Durability:</strong> Built to withstand daily wear, frequent washing, and the demands of equestrian life</li><li><strong>Style:</strong> Look professional in the arena and fashionable at the barn with timeless designs</li></ul>",,/clothing/accessories,3,published,best-selling,"[{""question"":""What size should I order?"",""answer"":""We recommend consulting our detailed size guide for each brand, as sizing can vary between manufacturers. Most riders find their regular size works well, but competition wear may run smaller. When in doubt, size up for comfort, especially for items you'll wear over base layers.""},{""question"":""How do I care for technical riding clothing?"",""answer"":""Wash in cold water on a gentle cycle and hang to dry to preserve technical fabrics. Avoid fabric softeners as they can reduce moisture-wicking properties. For competition wear, follow specific care instructions on the label. Proper care ensures your investment lasts for years.""}]",[]
/clothing/accessories/caps,Caps,Caps | Premium Quality | The Equestrian,"Shop premium caps including breeches, jodhpurs, riding tops and jackets. Free shipping Australia-wide. Expert advice available. Find the perfect gear for...","Browse our extensive range of caps. Expertly selected for quality, durability, and performance. Whether you're competing or riding for leisure, find exactly what you need at The Equestrian.","<h2>Premium Caps</h2><p>Welcome to our specialized caps collection. Whether you're a seasoned professional or just starting out, finding the right caps makes all the difference. We've assembled an exceptional range that combines cutting-edge technology with time-tested designs.</p><h3>What Makes Great Caps?</h3><ul><li><strong>Technical Fabrics:</strong> Advanced moisture-wicking and breathable materials that keep you comfortable in the saddle</li><li><strong>Perfect Fit:</strong> Designed specifically for riding with stretch panels and reinforced seams where you need them most</li><li><strong>Durability:</strong> Built to withstand daily wear, frequent washing, and the demands of equestrian life</li><li><strong>Style:</strong> Look professional in the arena and fashionable at the barn with timeless designs</li></ul>",,/clothing/accessories,3,published,best-selling,"[{""question"":""What size should I order?"",""answer"":""We recommend consulting our detailed size guide for each brand, as sizing can vary between manufacturers. Most riders find their regular size works well, but competition wear may run smaller. When in doubt, size up for comfort, especially for items you'll wear over base layers.""},{""question"":""How do I care for technical riding clothing?"",""answer"":""Wash in cold water on a gentle cycle and hang to dry to preserve technical fabrics. Avoid fabric softeners as they can reduce moisture-wicking properties. For competition wear, follow specific care instructions on the label. Proper care ensures your investment lasts for years.""}]",[]
/clothing/accessories/scarves,Scarf,Scarf | Premium Quality | The Equestrian,"Shop premium scarf including breeches, jodhpurs, riding tops and jackets. Free shipping Australia-wide. Expert advice available. Find the perfect gear for...","Browse our extensive range of scarf. Expertly selected for quality, durability, and performance. Whether you're competing or riding for leisure, find exactly what you need at The Equestrian.","<h2>Premium Scarf</h2><p>Welcome to our specialized scarf collection. Whether you're a seasoned professional or just starting out, finding the right scarf makes all the difference. We've assembled an exceptional range that combines cutting-edge technology with time-tested designs.</p><h3>What Makes Great Scarf?</h3><ul><li><strong>Technical Fabrics:</strong> Advanced moisture-wicking and breathable materials that keep you comfortable in the saddle</li><li><strong>Perfect Fit:</strong> Designed specifically for riding with stretch panels and reinforced seams where you need them most</li><li><strong>Durability:</strong> Built to withstand daily wear, frequent washing, and the demands of equestrian life</li><li><strong>Style:</strong> Look professional in the arena and fashionable at the barn with timeless designs</li></ul>",,/clothing/accessories,3,published,best-selling,"[{""question"":""What size should I order?"",""answer"":""We recommend consulting our detailed size guide for each brand, as sizing can vary between manufacturers. Most riders find their regular size works well, but competition wear may run smaller. When in doubt, size up for comfort, especially for items you'll wear over base layers.""},{""question"":""How do I care for technical riding clothing?"",""answer"":""Wash in cold water on a gentle cycle and hang to dry to preserve technical fabrics. Avoid fabric softeners as they can reduce moisture-wicking properties. For competition wear, follow specific care instructions on the label. Proper care ensures your investment lasts for years.""}]",[]
/clothing/accessories/ties,tie,tie | Premium Quality | The Equestrian,"Shop premium tie including breeches, jodhpurs, riding tops and jackets. Free shipping Australia-wide. Expert advice available. Find the perfect gear for...","Browse our extensive range of tie. Expertly selected for quality, durability, and performance. Whether you're competing or riding for leisure, find exactly what you need at The Equestrian.","<h2>Premium tie</h2><p>Welcome to our specialized tie collection. Whether you're a seasoned professional or just starting out, finding the right tie makes all the difference. We've assembled an exceptional range that combines cutting-edge technology with time-tested designs.</p><h3>What Makes Great tie?</h3><ul><li><strong>Technical Fabrics:</strong> Advanced moisture-wicking and breathable materials that keep you comfortable in the saddle</li><li><strong>Perfect Fit:</strong> Designed specifically for riding with stretch panels and reinforced seams where you need them most</li><li><strong>Durability:</strong> Built to withstand daily wear, frequent washing, and the demands of equestrian life</li><li><strong>Style:</strong> Look professional in the arena and fashionable at the barn with timeless designs</li></ul>",,/clothing/accessories,3,published,best-selling,"[{""question"":""What size should I order?"",""answer"":""We recommend consulting our detailed size guide for each brand, as sizing can vary between manufacturers. Most riders find their regular size works well, but competition wear may run smaller. When in doubt, size up for comfort, especially for items you'll wear over base layers.""},{""question"":""How do I care for technical riding clothing?"",""answer"":""Wash in cold water on a gentle cycle and hang to dry to preserve technical fabrics. Avoid fabric softeners as they can reduce moisture-wicking properties. For competition wear, follow specific care instructions on the label. Proper care ensures your investment lasts for years.""}]",[]
/clothing/footwear,Equestrian Footwear,FOOTWEAR: Equestrian Footwear | Buy Online | The Equestrian,"Shop premium equestrian footwear including riding boots, jodhpur boots, paddock boots and boot accessories. Free shipping Australia-wide. Expert advice...","Browse our extensive range of footwear: equestrian footwear. Expertly selected for quality, durability, and performance. Whether you're competing or riding for leisure, find exactly what you need at The Equestrian.","<h2>Premium FOOTWEAR: Equestrian Footwear</h2><p>Discover our comprehensive collection of footwear: equestrian footwear, carefully curated to meet the demands of equestrians at every level. From competition-ready gear to everyday essentials, we stock only the finest brands known for quality, durability, and performance. Each product has been expertly selected by our team of experienced professionals who understand what truly matters.</p><h3>What Makes Great FOOTWEAR: Equestrian Footwear?</h3><ul><li><strong>Technical Fabrics:</strong> Advanced moisture-wicking and breathable materials that keep you comfortable in the saddle</li><li><strong>Perfect Fit:</strong> Designed specifically for riding with stretch panels and reinforced seams where you need them most</li><li><strong>Durability:</strong> Built to withstand daily wear, frequent washing, and the demands of equestrian life</li><li><strong>Style:</strong> Look professional in the arena and fashionable at the barn with timeless designs</li></ul><h3>Shop by Type</h3><p>Browse our specialized categories including <a href=""/clothing/footwear/boots"">boots</a>,<a href=""/clothing/footwear/western"">footwear: western & roper boots</a>, and <a href=""/clothing/footwear/riding-boots"">riding boots</a>. Each category features products from world-leading brands trusted by professional enthusiasts.</p>",,/clothing,2,published,best-selling,"[{""question"":""What size should I order?"",""answer"":""We recommend consulting our detailed size guide for each brand, as sizing can vary between manufacturers. Most riders find their regular size works well, but competition wear may run smaller. When in doubt, size up for comfort, especially for items you'll wear over base layers.""},{""question"":""How do I care for technical riding clothing?"",""answer"":""Wash in cold water on a gentle cycle and hang to dry to preserve technical fabrics. Avoid fabric softeners as they can reduce moisture-wicking properties. For competition wear, follow specific care instructions on the label. Proper care ensures your investment lasts for years.""}]","[{""url"":""/clothing/womens"",""title"":""Ladies' Riding Clothing"",""description"":""Complete your riding wardrobe""},{""url"":""/rider/accessories"",""title"":""Rider Accessories"",""description"":""Essential accessories for every rider""}]"
/clothing/footwear/boots,Boots,Boots | Premium Quality | The Equestrian,"Shop premium boots including riding boots, jodhpur boots, paddock boots and boot accessories. Free shipping Australia-wide. Expert advice available. Find...","Browse our extensive range of boots. Expertly selected for quality, durability, and performance. Whether you're competing or riding for leisure, find exactly what you need at The Equestrian.","<h2>Premium Boots</h2><p>Welcome to our specialized boots collection. Whether you're a seasoned professional or just starting out, finding the right boots makes all the difference. We've assembled an exceptional range that combines cutting-edge technology with time-tested designs.</p><h3>What Makes Great Boots?</h3><ul><li><strong>Technical Fabrics:</strong> Advanced moisture-wicking and breathable materials that keep you comfortable in the saddle</li><li><strong>Perfect Fit:</strong> Designed specifically for riding with stretch panels and reinforced seams where you need them most</li><li><strong>Durability:</strong> Built to withstand daily wear, frequent washing, and the demands of equestrian life</li><li><strong>Style:</strong> Look professional in the arena and fashionable at the barn with timeless designs</li></ul>",,/clothing/footwear,3,published,best-selling,"[{""question"":""What size should I order?"",""answer"":""We recommend consulting our detailed size guide for each brand, as sizing can vary between manufacturers. Most riders find their regular size works well, but competition wear may run smaller. When in doubt, size up for comfort, especially for items you'll wear over base layers.""},{""question"":""How do I care for technical riding clothing?"",""answer"":""Wash in cold water on a gentle cycle and hang to dry to preserve technical fabrics. Avoid fabric softeners as they can reduce moisture-wicking properties. For competition wear, follow specific care instructions on the label. Proper care ensures your investment lasts for years.""}]","[{""url"":""/clothing/womens"",""title"":""Ladies' Riding Clothing"",""description"":""Complete your riding wardrobe""},{""url"":""/rider/accessories"",""title"":""Rider Accessories"",""description"":""Essential accessories for every rider""}]"
/clothing/footwear/western,Western & Roper Boots,FOOTWEAR: Western & Roper Boots | Premium Quality | The Equestrian,"Shop premium western & roper boots including riding boots, jodhpur boots, paddock boots and boot accessories. Free shipping Australia-wide. Expert advice...","Browse our extensive range of footwear: western & roper boots. Expertly selected for quality, durability, and performance. Whether you're competing or riding for leisure, find exactly what you need at The Equestrian.","<h2>Premium FOOTWEAR: Western & Roper Boots</h2><p>Welcome to our specialized footwear: western & roper boots collection. Whether you're a seasoned professional or just starting out, finding the right footwear: western & roper boots makes all the difference. We've assembled an exceptional range that combines cutting-edge technology with time-tested designs.</p><h3>What Makes Great FOOTWEAR: Western & Roper Boots?</h3><ul><li><strong>Technical Fabrics:</strong> Advanced moisture-wicking and breathable materials that keep you comfortable in the saddle</li><li><strong>Perfect Fit:</strong> Designed specifically for riding with stretch panels and reinforced seams where you need them most</li><li><strong>Durability:</strong> Built to withstand daily wear, frequent washing, and the demands of equestrian life</li><li><strong>Style:</strong> Look professional in the arena and fashionable at the barn with timeless designs</li></ul>",,/clothing/footwear,3,published,best-selling,"[{""question"":""What size should I order?"",""answer"":""We recommend consulting our detailed size guide for each brand, as sizing can vary between manufacturers. Most riders find their regular size works well, but competition wear may run smaller. When in doubt, size up for comfort, especially for items you'll wear over base layers.""},{""question"":""How do I care for technical riding clothing?"",""answer"":""Wash in cold water on a gentle cycle and hang to dry to preserve technical fabrics. Avoid fabric softeners as they can reduce moisture-wicking properties. For competition wear, follow specific care instructions on the label. Proper care ensures your investment lasts for years.""}]","[{""url"":""/clothing/womens"",""title"":""Ladies' Riding Clothing"",""description"":""Complete your riding wardrobe""},{""url"":""/rider/accessories"",""title"":""Rider Accessories"",""description"":""Essential accessories for every rider""}]"
/clothing/footwear/riding-boots,Riding Boots,Riding Boots | Premium Quality | The Equestrian,"Shop premium riding boots including riding boots, jodhpur boots, paddock boots and boot accessories. Free shipping Australia-wide. Expert advice available.","Browse our extensive range of riding boots. Expertly selected for quality, durability, and performance. Whether you're competing or riding for leisure, find exactly what you need at The Equestrian.","<h2>Premium Riding Boots</h2><p>Welcome to our specialized riding boots collection. Whether you're a seasoned professional or just starting out, finding the right riding boots makes all the difference. We've assembled an exceptional range that combines cutting-edge technology with time-tested designs.</p><h3>What Makes Great Riding Boots?</h3><ul><li><strong>Technical Fabrics:</strong> Advanced moisture-wicking and breathable materials that keep you comfortable in the saddle</li><li><strong>Perfect Fit:</strong> Designed specifically for riding with stretch panels and reinforced seams where you need them most</li><li><strong>Durability:</strong> Built to withstand daily wear, frequent washing, and the demands of equestrian life</li><li><strong>Style:</strong> Look professional in the arena and fashionable at the barn with timeless designs</li></ul>",,/clothing/footwear,3,published,best-selling,"[{""question"":""What size should I order?"",""answer"":""We recommend consulting our detailed size guide for each brand, as sizing can vary between manufacturers. Most riders find their regular size works well, but competition wear may run smaller. When in doubt, size up for comfort, especially for items you'll wear over base layers.""},{""question"":""How do I care for technical riding clothing?"",""answer"":""Wash in cold water on a gentle cycle and hang to dry to preserve technical fabrics. Avoid fabric softeners as they can reduce moisture-wicking properties. For competition wear, follow specific care instructions on the label. Proper care ensures your investment lasts for years.""}]","[{""url"":""/clothing/womens"",""title"":""Ladies' Riding Clothing"",""description"":""Complete your riding wardrobe""},{""url"":""/rider/accessories"",""title"":""Rider Accessories"",""description"":""Essential accessories for every rider""}]"
/clothing/footwear/casual,Casual Footwear,FOOTWEAR: Casual Footwear | Premium Quality | The Equestrian,"Shop premium casual footwear including riding boots, jodhpur boots, paddock boots and boot accessories. Free shipping Australia-wide. Expert advice available.","Browse our extensive range of footwear: casual footwear. Expertly selected for quality, durability, and performance. Whether you're competing or riding for leisure, find exactly what you need at The Equestrian.","<h2>Premium FOOTWEAR: Casual Footwear</h2><p>Welcome to our specialized footwear: casual footwear collection. Whether you're a seasoned professional or just starting out, finding the right footwear: casual footwear makes all the difference. We've assembled an exceptional range that combines cutting-edge technology with time-tested designs.</p><h3>What Makes Great FOOTWEAR: Casual Footwear?</h3><ul><li><strong>Technical Fabrics:</strong> Advanced moisture-wicking and breathable materials that keep you comfortable in the saddle</li><li><strong>Perfect Fit:</strong> Designed specifically for riding with stretch panels and reinforced seams where you need them most</li><li><strong>Durability:</strong> Built to withstand daily wear, frequent washing, and the demands of equestrian life</li><li><strong>Style:</strong> Look professional in the arena and fashionable at the barn with timeless designs</li></ul>",,/clothing/footwear,3,published,best-selling,"[{""question"":""What size should I order?"",""answer"":""We recommend consulting our detailed size guide for each brand, as sizing can vary between manufacturers. Most riders find their regular size works well, but competition wear may run smaller. When in doubt, size up for comfort, especially for items you'll wear over base layers.""},{""question"":""How do I care for technical riding clothing?"",""answer"":""Wash in cold water on a gentle cycle and hang to dry to preserve technical fabrics. Avoid fabric softeners as they can reduce moisture-wicking properties. For competition wear, follow specific care instructions on the label. Proper care ensures your investment lasts for years.""}]","[{""url"":""/clothing/womens"",""title"":""Ladies' Riding Clothing"",""description"":""Complete your riding wardrobe""},{""url"":""/rider/accessories"",""title"":""Rider Accessories"",""description"":""Essential accessories for every rider""}]"
/clothing/footwear/mens,Mens Footwear,Mens Footwear | Premium Quality | The Equestrian,"Shop premium mens footwear including riding boots, jodhpur boots, paddock boots and boot accessories. Free shipping Australia-wide. Expert advice available.","Browse our extensive range of mens footwear. Expertly selected for quality, durability, and performance. Whether you're competing or riding for leisure, find exactly what you need at The Equestrian.","<h2>Premium Mens Footwear</h2><p>Welcome to our specialized mens footwear collection. Whether you're a seasoned professional or just starting out, finding the right mens footwear makes all the difference. We've assembled an exceptional range that combines cutting-edge technology with time-tested designs.</p><h3>What Makes Great Mens Footwear?</h3><ul><li><strong>Technical Fabrics:</strong> Advanced moisture-wicking and breathable materials that keep you comfortable in the saddle</li><li><strong>Perfect Fit:</strong> Designed specifically for riding with stretch panels and reinforced seams where you need them most</li><li><strong>Durability:</strong> Built to withstand daily wear, frequent washing, and the demands of equestrian life</li><li><strong>Style:</strong> Look professional in the arena and fashionable at the barn with timeless designs</li></ul>",,/clothing/footwear,3,published,best-selling,"[{""question"":""What size should I order?"",""answer"":""We recommend consulting our detailed size guide for each brand, as sizing can vary between manufacturers. Most riders find their regular size works well, but competition wear may run smaller. When in doubt, size up for comfort, especially for items you'll wear over base layers.""},{""question"":""How do I care for technical riding clothing?"",""answer"":""Wash in cold water on a gentle cycle and hang to dry to preserve technical fabrics. Avoid fabric softeners as they can reduce moisture-wicking properties. For competition wear, follow specific care instructions on the label. Proper care ensures your investment lasts for years.""}]","[{""url"":""/clothing/womens"",""title"":""Ladies' Riding Clothing"",""description"":""Complete your riding wardrobe""},{""url"":""/rider/accessories"",""title"":""Rider Accessories"",""description"":""Essential accessories for every rider""}]"
/clothing/footwear/womens,Womens Footwear,Womens Footwear | Premium Quality | The Equestrian,"Shop premium womens footwear including riding boots, jodhpur boots, paddock boots and boot accessories. Free shipping Australia-wide. Expert advice available.","Browse our extensive range of womens footwear. Expertly selected for quality, durability, and performance. Whether you're competing or riding for leisure, find exactly what you need at The Equestrian.","<h2>Premium Womens Footwear</h2><p>Welcome to our specialized womens footwear collection. Whether you're a seasoned professional or just starting out, finding the right womens footwear makes all the difference. We've assembled an exceptional range that combines cutting-edge technology with time-tested designs.</p><h3>What Makes Great Womens Footwear?</h3><ul><li><strong>Technical Fabrics:</strong> Advanced moisture-wicking and breathable materials that keep you comfortable in the saddle</li><li><strong>Perfect Fit:</strong> Designed specifically for riding with stretch panels and reinforced seams where you need them most</li><li><strong>Durability:</strong> Built to withstand daily wear, frequent washing, and the demands of equestrian life</li><li><strong>Style:</strong> Look professional in the arena and fashionable at the barn with timeless designs</li></ul>",,/clothing/footwear,3,published,best-selling,"[{""question"":""What size should I order?"",""answer"":""We recommend consulting our detailed size guide for each brand, as sizing can vary between manufacturers. Most riders find their regular size works well, but competition wear may run smaller. When in doubt, size up for comfort, especially for items you'll wear over base layers.""},{""question"":""How do I care for technical riding clothing?"",""answer"":""Wash in cold water on a gentle cycle and hang to dry to preserve technical fabrics. Avoid fabric softeners as they can reduce moisture-wicking properties. For competition wear, follow specific care instructions on the label. Proper care ensures your investment lasts for years.""}]","[{""url"":""/clothing/womens"",""title"":""Ladies' Riding Clothing"",""description"":""Complete your riding wardrobe""},{""url"":""/rider/accessories"",""title"":""Rider Accessories"",""description"":""Essential accessories for every rider""}]"
/clothing/footwear/tall-boots,Tall Boots,Tall Boots | Premium Quality | The Equestrian,"Shop premium tall boots including riding boots, jodhpur boots, paddock boots and boot accessories. Free shipping Australia-wide. Expert advice available.","Browse our extensive range of tall boots. Expertly selected for quality, durability, and performance. Whether you're competing or riding for leisure, find exactly what you need at The Equestrian.","<h2>Premium Tall Boots</h2><p>Welcome to our specialized tall boots collection. Whether you're a seasoned professional or just starting out, finding the right tall boots makes all the difference. We've assembled an exceptional range that combines cutting-edge technology with time-tested designs.</p><h3>What Makes Great Tall Boots?</h3><ul><li><strong>Technical Fabrics:</strong> Advanced moisture-wicking and breathable materials that keep you comfortable in the saddle</li><li><strong>Perfect Fit:</strong> Designed specifically for riding with stretch panels and reinforced seams where you need them most</li><li><strong>Durability:</strong> Built to withstand daily wear, frequent washing, and the demands of equestrian life</li><li><strong>Style:</strong> Look professional in the arena and fashionable at the barn with timeless designs</li></ul>",,/clothing/footwear,3,published,best-selling,"[{""question"":""What size should I order?"",""answer"":""We recommend consulting our detailed size guide for each brand, as sizing can vary between manufacturers. Most riders find their regular size works well, but competition wear may run smaller. When in doubt, size up for comfort, especially for items you'll wear over base layers.""},{""question"":""How do I care for technical riding clothing?"",""answer"":""Wash in cold water on a gentle cycle and hang to dry to preserve technical fabrics. Avoid fabric softeners as they can reduce moisture-wicking properties. For competition wear, follow specific care instructions on the label. Proper care ensures your investment lasts for years.""}]","[{""url"":""/clothing/womens"",""title"":""Ladies' Riding Clothing"",""description"":""Complete your riding wardrobe""},{""url"":""/rider/accessories"",""title"":""Rider Accessories"",""description"":""Essential accessories for every rider""}]"
/clothing/footwear/ankle-boots,Ankle Boots,Ankle Boots | Premium Quality | The Equestrian,"Shop premium ankle boots including riding boots, jodhpur boots, paddock boots and boot accessories. Free shipping Australia-wide. Expert advice available.","Browse our extensive range of ankle boots. Expertly selected for quality, durability, and performance. Whether you're competing or riding for leisure, find exactly what you need at The Equestrian.","<h2>Premium Ankle Boots</h2><p>Welcome to our specialized ankle boots collection. Whether you're a seasoned professional or just starting out, finding the right ankle boots makes all the difference. We've assembled an exceptional range that combines cutting-edge technology with time-tested designs.</p><h3>What Makes Great Ankle Boots?</h3><ul><li><strong>Technical Fabrics:</strong> Advanced moisture-wicking and breathable materials that keep you comfortable in the saddle</li><li><strong>Perfect Fit:</strong> Designed specifically for riding with stretch panels and reinforced seams where you need them most</li><li><strong>Durability:</strong> Built to withstand daily wear, frequent washing, and the demands of equestrian life</li><li><strong>Style:</strong> Look professional in the arena and fashionable at the barn with timeless designs</li></ul>",,/clothing/footwear,3,published,best-selling,"[{""question"":""What size should I order?"",""answer"":""We recommend consulting our detailed size guide for each brand, as sizing can vary between manufacturers. Most riders find their regular size works well, but competition wear may run smaller. When in doubt, size up for comfort, especially for items you'll wear over base layers.""},{""question"":""How do I care for technical riding clothing?"",""answer"":""Wash in cold water on a gentle cycle and hang to dry to preserve technical fabrics. Avoid fabric softeners as they can reduce moisture-wicking properties. For competition wear, follow specific care instructions on the label. Proper care ensures your investment lasts for years.""}]","[{""url"":""/clothing/womens"",""title"":""Ladies' Riding Clothing"",""description"":""Complete your riding wardrobe""},{""url"":""/rider/accessories"",""title"":""Rider Accessories"",""description"":""Essential accessories for every rider""}]"
/clothing/footwear/accessories,Footwear Accessories,Footwear Accessories | Premium Quality | The Equestrian,"Shop premium footwear accessories including riding boots, jodhpur boots, paddock boots and boot accessories. Free shipping Australia-wide. Expert advice...","Browse our extensive range of footwear accessories. Expertly selected for quality, durability, and performance. Whether you're competing or riding for leisure, find exactly what you need at The Equestrian.","<h2>Premium Footwear Accessories</h2><p>Welcome to our specialized footwear accessories collection. Whether you're a seasoned professional or just starting out, finding the right footwear accessories makes all the difference. We've assembled an exceptional range that combines cutting-edge technology with time-tested designs.</p><h3>What Makes Great Footwear Accessories?</h3><ul><li><strong>Technical Fabrics:</strong> Advanced moisture-wicking and breathable materials that keep you comfortable in the saddle</li><li><strong>Perfect Fit:</strong> Designed specifically for riding with stretch panels and reinforced seams where you need them most</li><li><strong>Durability:</strong> Built to withstand daily wear, frequent washing, and the demands of equestrian life</li><li><strong>Style:</strong> Look professional in the arena and fashionable at the barn with timeless designs</li></ul>",,/clothing/footwear,3,published,best-selling,"[{""question"":""What size should I order?"",""answer"":""We recommend consulting our detailed size guide for each brand, as sizing can vary between manufacturers. Most riders find their regular size works well, but competition wear may run smaller. When in doubt, size up for comfort, especially for items you'll wear over base layers.""},{""question"":""How do I care for technical riding clothing?"",""answer"":""Wash in cold water on a gentle cycle and hang to dry to preserve technical fabrics. Avoid fabric softeners as they can reduce moisture-wicking properties. For competition wear, follow specific care instructions on the label. Proper care ensures your investment lasts for years.""}]","[{""url"":""/clothing/womens"",""title"":""Ladies' Riding Clothing"",""description"":""Complete your riding wardrobe""},{""url"":""/rider/accessories"",""title"":""Rider Accessories"",""description"":""Essential accessories for every rider""}]"
/clothing/footwear/ugg-boots,UGG Boots,UGG Boots | Premium Quality | The Equestrian,"Shop premium ugg boots including riding boots, jodhpur boots, paddock boots and boot accessories. Free shipping Australia-wide. Expert advice available.","Browse our extensive range of ugg boots. Expertly selected for quality, durability, and performance. Whether you're competing or riding for leisure, find exactly what you need at The Equestrian.","<h2>Premium UGG Boots</h2><p>Welcome to our specialized ugg boots collection. Whether you're a seasoned professional or just starting out, finding the right ugg boots makes all the difference. We've assembled an exceptional range that combines cutting-edge technology with time-tested designs.</p><h3>What Makes Great UGG Boots?</h3><ul><li><strong>Technical Fabrics:</strong> Advanced moisture-wicking and breathable materials that keep you comfortable in the saddle</li><li><strong>Perfect Fit:</strong> Designed specifically for riding with stretch panels and reinforced seams where you need them most</li><li><strong>Durability:</strong> Built to withstand daily wear, frequent washing, and the demands of equestrian life</li><li><strong>Style:</strong> Look professional in the arena and fashionable at the barn with timeless designs</li></ul>",,/clothing/footwear,3,published,best-selling,"[{""question"":""What size should I order?"",""answer"":""We recommend consulting our detailed size guide for each brand, as sizing can vary between manufacturers. Most riders find their regular size works well, but competition wear may run smaller. When in doubt, size up for comfort, especially for items you'll wear over base layers.""},{""question"":""How do I care for technical riding clothing?"",""answer"":""Wash in cold water on a gentle cycle and hang to dry to preserve technical fabrics. Avoid fabric softeners as they can reduce moisture-wicking properties. For competition wear, follow specific care instructions on the label. Proper care ensures your investment lasts for years.""}]","[{""url"":""/clothing/womens"",""title"":""Ladies' Riding Clothing"",""description"":""Complete your riding wardrobe""},{""url"":""/rider/accessories"",""title"":""Rider Accessories"",""description"":""Essential accessories for every rider""}]"
/clothing/tops,Tops,Tops | Buy Online | The Equestrian,"Shop premium tops including breeches, jodhpurs, riding tops and jackets. Free shipping Australia-wide. Expert advice available. Find the perfect gear for...","Browse our extensive range of tops. Expertly selected for quality, durability, and performance. Whether you're competing or riding for leisure, find exactly what you need at The Equestrian.","<h2>Premium Tops</h2><p>Discover our comprehensive collection of tops, carefully curated to meet the demands of equestrians at every level. From competition-ready gear to everyday essentials, we stock only the finest brands known for quality, durability, and performance. Each product has been expertly selected by our team of experienced professionals who understand what truly matters.</p><h3>What Makes Great Tops?</h3><ul><li><strong>Technical Fabrics:</strong> Advanced moisture-wicking and breathable materials that keep you comfortable in the saddle</li><li><strong>Perfect Fit:</strong> Designed specifically for riding with stretch panels and reinforced seams where you need them most</li><li><strong>Durability:</strong> Built to withstand daily wear, frequent washing, and the demands of equestrian life</li><li><strong>Style:</strong> Look professional in the arena and fashionable at the barn with timeless designs</li></ul><h3>Shop by Type</h3><p>Browse our specialized categories including <a href=""/clothing/tops/shirts"">shirts</a>,<a href=""/clothing/tops/show-shirts"">show shirt</a>, and <a href=""/clothing/tops/tshirts"">t-shirt</a>. Each category features products from world-leading brands trusted by professional enthusiasts.</p>",,/clothing,2,published,best-selling,"[{""question"":""What size should I order?"",""answer"":""We recommend consulting our detailed size guide for each brand, as sizing can vary between manufacturers. Most riders find their regular size works well, but competition wear may run smaller. When in doubt, size up for comfort, especially for items you'll wear over base layers.""},{""question"":""How do I care for technical riding clothing?"",""answer"":""Wash in cold water on a gentle cycle and hang to dry to preserve technical fabrics. Avoid fabric softeners as they can reduce moisture-wicking properties. For competition wear, follow specific care instructions on the label. Proper care ensures your investment lasts for years.""}]",[]
/clothing/tops/shirts,Shirts,Shirts | Premium Quality | The Equestrian,"Shop premium shirts including breeches, jodhpurs, riding tops and jackets. Free shipping Australia-wide. Expert advice available. Find the perfect gear for...","Browse our extensive range of shirts. Expertly selected for quality, durability, and performance. Whether you're competing or riding for leisure, find exactly what you need at The Equestrian.","<h2>Premium Shirts</h2><p>Welcome to our specialized shirts collection. Whether you're a seasoned professional or just starting out, finding the right shirts makes all the difference. We've assembled an exceptional range that combines cutting-edge technology with time-tested designs.</p><h3>What Makes Great Shirts?</h3><ul><li><strong>Technical Fabrics:</strong> Advanced moisture-wicking and breathable materials that keep you comfortable in the saddle</li><li><strong>Perfect Fit:</strong> Designed specifically for riding with stretch panels and reinforced seams where you need them most</li><li><strong>Durability:</strong> Built to withstand daily wear, frequent washing, and the demands of equestrian life</li><li><strong>Style:</strong> Look professional in the arena and fashionable at the barn with timeless designs</li></ul>",,/clothing/tops,3,published,best-selling,"[{""question"":""What size should I order?"",""answer"":""We recommend consulting our detailed size guide for each brand, as sizing can vary between manufacturers. Most riders find their regular size works well, but competition wear may run smaller. When in doubt, size up for comfort, especially for items you'll wear over base layers.""},{""question"":""How do I care for technical riding clothing?"",""answer"":""Wash in cold water on a gentle cycle and hang to dry to preserve technical fabrics. Avoid fabric softeners as they can reduce moisture-wicking properties. For competition wear, follow specific care instructions on the label. Proper care ensures your investment lasts for years.""}]",[]
/clothing/tops/show-shirts,Show Shirt,Show Shirt | Premium Quality | The Equestrian,"Shop premium show shirt including breeches, jodhpurs, riding tops and jackets. Free shipping Australia-wide. Expert advice available. Find the perfect gear...","Browse our extensive range of show shirt. Expertly selected for quality, durability, and performance. Whether you're competing or riding for leisure, find exactly what you need at The Equestrian.","<h2>Premium Show Shirt</h2><p>Welcome to our specialized show shirt collection. Whether you're a seasoned professional or just starting out, finding the right show shirt makes all the difference. We've assembled an exceptional range that combines cutting-edge technology with time-tested designs.</p><h3>What Makes Great Show Shirt?</h3><ul><li><strong>Technical Fabrics:</strong> Advanced moisture-wicking and breathable materials that keep you comfortable in the saddle</li><li><strong>Perfect Fit:</strong> Designed specifically for riding with stretch panels and reinforced seams where you need them most</li><li><strong>Durability:</strong> Built to withstand daily wear, frequent washing, and the demands of equestrian life</li><li><strong>Style:</strong> Look professional in the arena and fashionable at the barn with timeless designs</li></ul>",,/clothing/tops,3,published,best-selling,"[{""question"":""What size should I order?"",""answer"":""We recommend consulting our detailed size guide for each brand, as sizing can vary between manufacturers. Most riders find their regular size works well, but competition wear may run smaller. When in doubt, size up for comfort, especially for items you'll wear over base layers.""},{""question"":""How do I care for technical riding clothing?"",""answer"":""Wash in cold water on a gentle cycle and hang to dry to preserve technical fabrics. Avoid fabric softeners as they can reduce moisture-wicking properties. For competition wear, follow specific care instructions on the label. Proper care ensures your investment lasts for years.""}]",[]
/clothing/tops/tshirts,t-shirt,t-shirt | Premium Quality | The Equestrian,"Shop premium t-shirt including breeches, jodhpurs, riding tops and jackets. Free shipping Australia-wide. Expert advice available. Find the perfect gear...","Browse our extensive range of t-shirt. Expertly selected for quality, durability, and performance. Whether you're competing or riding for leisure, find exactly what you need at The Equestrian.","<h2>Premium t-shirt</h2><p>Welcome to our specialized t-shirt collection. Whether you're a seasoned professional or just starting out, finding the right t-shirt makes all the difference. We've assembled an exceptional range that combines cutting-edge technology with time-tested designs.</p><h3>What Makes Great t-shirt?</h3><ul><li><strong>Technical Fabrics:</strong> Advanced moisture-wicking and breathable materials that keep you comfortable in the saddle</li><li><strong>Perfect Fit:</strong> Designed specifically for riding with stretch panels and reinforced seams where you need them most</li><li><strong>Durability:</strong> Built to withstand daily wear, frequent washing, and the demands of equestrian life</li><li><strong>Style:</strong> Look professional in the arena and fashionable at the barn with timeless designs</li></ul>",,/clothing/tops,3,published,best-selling,"[{""question"":""What size should I order?"",""answer"":""We recommend consulting our detailed size guide for each brand, as sizing can vary between manufacturers. Most riders find their regular size works well, but competition wear may run smaller. When in doubt, size up for comfort, especially for items you'll wear over base layers.""},{""question"":""How do I care for technical riding clothing?"",""answer"":""Wash in cold water on a gentle cycle and hang to dry to preserve technical fabrics. Avoid fabric softeners as they can reduce moisture-wicking properties. For competition wear, follow specific care instructions on the label. Proper care ensures your investment lasts for years.""}]",[]
/clothing/tops/sweaters,Sweater,Sweater | Premium Quality | The Equestrian,"Shop premium sweater including breeches, jodhpurs, riding tops and jackets. Free shipping Australia-wide. Expert advice available. Find the perfect gear...","Browse our extensive range of sweater. Expertly selected for quality, durability, and performance. Whether you're competing or riding for leisure, find exactly what you need at The Equestrian.","<h2>Premium Sweater</h2><p>Welcome to our specialized sweater collection. Whether you're a seasoned professional or just starting out, finding the right sweater makes all the difference. We've assembled an exceptional range that combines cutting-edge technology with time-tested designs.</p><h3>What Makes Great Sweater?</h3><ul><li><strong>Technical Fabrics:</strong> Advanced moisture-wicking and breathable materials that keep you comfortable in the saddle</li><li><strong>Perfect Fit:</strong> Designed specifically for riding with stretch panels and reinforced seams where you need them most</li><li><strong>Durability:</strong> Built to withstand daily wear, frequent washing, and the demands of equestrian life</li><li><strong>Style:</strong> Look professional in the arena and fashionable at the barn with timeless designs</li></ul>",,/clothing/tops,3,published,best-selling,"[{""question"":""What size should I order?"",""answer"":""We recommend consulting our detailed size guide for each brand, as sizing can vary between manufacturers. Most riders find their regular size works well, but competition wear may run smaller. When in doubt, size up for comfort, especially for items you'll wear over base layers.""},{""question"":""How do I care for technical riding clothing?"",""answer"":""Wash in cold water on a gentle cycle and hang to dry to preserve technical fabrics. Avoid fabric softeners as they can reduce moisture-wicking properties. For competition wear, follow specific care instructions on the label. Proper care ensures your investment lasts for years.""}]",[]
/clothing/tops/knitwear,Knitwear,Knitwear | Premium Quality | The Equestrian,"Shop premium knitwear including breeches, jodhpurs, riding tops and jackets. Free shipping Australia-wide. Expert advice available. Find the perfect gear...","Browse our extensive range of knitwear. Expertly selected for quality, durability, and performance. Whether you're competing or riding for leisure, find exactly what you need at The Equestrian.","<h2>Premium Knitwear</h2><p>Welcome to our specialized knitwear collection. Whether you're a seasoned professional or just starting out, finding the right knitwear makes all the difference. We've assembled an exceptional range that combines cutting-edge technology with time-tested designs.</p><h3>What Makes Great Knitwear?</h3><ul><li><strong>Technical Fabrics:</strong> Advanced moisture-wicking and breathable materials that keep you comfortable in the saddle</li><li><strong>Perfect Fit:</strong> Designed specifically for riding with stretch panels and reinforced seams where you need them most</li><li><strong>Durability:</strong> Built to withstand daily wear, frequent washing, and the demands of equestrian life</li><li><strong>Style:</strong> Look professional in the arena and fashionable at the barn with timeless designs</li></ul>",,/clothing/tops,3,published,best-selling,"[{""question"":""What size should I order?"",""answer"":""We recommend consulting our detailed size guide for each brand, as sizing can vary between manufacturers. Most riders find their regular size works well, but competition wear may run smaller. When in doubt, size up for comfort, especially for items you'll wear over base layers.""},{""question"":""How do I care for technical riding clothing?"",""answer"":""Wash in cold water on a gentle cycle and hang to dry to preserve technical fabrics. Avoid fabric softeners as they can reduce moisture-wicking properties. For competition wear, follow specific care instructions on the label. Proper care ensures your investment lasts for years.""}]",[]
/clothing/tops/polo-shirts,Polo Shirt,Polo Shirt | Premium Quality | The Equestrian,"Shop premium polo shirt including breeches, jodhpurs, riding tops and jackets. Free shipping Australia-wide. Expert advice available. Find the perfect gear...","Browse our extensive range of polo shirt. Expertly selected for quality, durability, and performance. Whether you're competing or riding for leisure, find exactly what you need at The Equestrian.","<h2>Premium Polo Shirt</h2><p>Welcome to our specialized polo shirt collection. Whether you're a seasoned professional or just starting out, finding the right polo shirt makes all the difference. We've assembled an exceptional range that combines cutting-edge technology with time-tested designs.</p><h3>What Makes Great Polo Shirt?</h3><ul><li><strong>Technical Fabrics:</strong> Advanced moisture-wicking and breathable materials that keep you comfortable in the saddle</li><li><strong>Perfect Fit:</strong> Designed specifically for riding with stretch panels and reinforced seams where you need them most</li><li><strong>Durability:</strong> Built to withstand daily wear, frequent washing, and the demands of equestrian life</li><li><strong>Style:</strong> Look professional in the arena and fashionable at the barn with timeless designs</li></ul>",,/clothing/tops,3,published,best-selling,"[{""question"":""What size should I order?"",""answer"":""We recommend consulting our detailed size guide for each brand, as sizing can vary between manufacturers. Most riders find their regular size works well, but competition wear may run smaller. When in doubt, size up for comfort, especially for items you'll wear over base layers.""},{""question"":""How do I care for technical riding clothing?"",""answer"":""Wash in cold water on a gentle cycle and hang to dry to preserve technical fabrics. Avoid fabric softeners as they can reduce moisture-wicking properties. For competition wear, follow specific care instructions on the label. Proper care ensures your investment lasts for years.""}]",[]
/clothing/tops/vests,Vest,Vest | Premium Quality | The Equestrian,"Shop premium vest including breeches, jodhpurs, riding tops and jackets. Free shipping Australia-wide. Expert advice available. Find the perfect gear for...","Browse our extensive range of vest. Expertly selected for quality, durability, and performance. Whether you're competing or riding for leisure, find exactly what you need at The Equestrian.","<h2>Premium Vest</h2><p>Welcome to our specialized vest collection. Whether you're a seasoned professional or just starting out, finding the right vest makes all the difference. We've assembled an exceptional range that combines cutting-edge technology with time-tested designs.</p><h3>What Makes Great Vest?</h3><ul><li><strong>Technical Fabrics:</strong> Advanced moisture-wicking and breathable materials that keep you comfortable in the saddle</li><li><strong>Perfect Fit:</strong> Designed specifically for riding with stretch panels and reinforced seams where you need them most</li><li><strong>Durability:</strong> Built to withstand daily wear, frequent washing, and the demands of equestrian life</li><li><strong>Style:</strong> Look professional in the arena and fashionable at the barn with timeless designs</li></ul>",,/clothing/tops,3,published,best-selling,"[{""question"":""What size should I order?"",""answer"":""We recommend consulting our detailed size guide for each brand, as sizing can vary between manufacturers. Most riders find their regular size works well, but competition wear may run smaller. When in doubt, size up for comfort, especially for items you'll wear over base layers.""},{""question"":""How do I care for technical riding clothing?"",""answer"":""Wash in cold water on a gentle cycle and hang to dry to preserve technical fabrics. Avoid fabric softeners as they can reduce moisture-wicking properties. For competition wear, follow specific care instructions on the label. Proper care ensures your investment lasts for years.""}]",[]
/clothing/tops/tanks,Tank,Tank | Premium Quality | The Equestrian,"Shop premium tank including breeches, jodhpurs, riding tops and jackets. Free shipping Australia-wide. Expert advice available. Find the perfect gear for...","Browse our extensive range of tank. Expertly selected for quality, durability, and performance. Whether you're competing or riding for leisure, find exactly what you need at The Equestrian.","<h2>Premium Tank</h2><p>Welcome to our specialized tank collection. Whether you're a seasoned professional or just starting out, finding the right tank makes all the difference. We've assembled an exceptional range that combines cutting-edge technology with time-tested designs.</p><h3>What Makes Great Tank?</h3><ul><li><strong>Technical Fabrics:</strong> Advanced moisture-wicking and breathable materials that keep you comfortable in the saddle</li><li><strong>Perfect Fit:</strong> Designed specifically for riding with stretch panels and reinforced seams where you need them most</li><li><strong>Durability:</strong> Built to withstand daily wear, frequent washing, and the demands of equestrian life</li><li><strong>Style:</strong> Look professional in the arena and fashionable at the barn with timeless designs</li></ul>",,/clothing/tops,3,published,best-selling,"[{""question"":""What size should I order?"",""answer"":""We recommend consulting our detailed size guide for each brand, as sizing can vary between manufacturers. Most riders find their regular size works well, but competition wear may run smaller. When in doubt, size up for comfort, especially for items you'll wear over base layers.""},{""question"":""How do I care for technical riding clothing?"",""answer"":""Wash in cold water on a gentle cycle and hang to dry to preserve technical fabrics. Avoid fabric softeners as they can reduce moisture-wicking properties. For competition wear, follow specific care instructions on the label. Proper care ensures your investment lasts for years.""}]",[]
/clothing/tops/long-sleeve,long sleeve,long sleeve | Premium Quality | The Equestrian,"Shop premium long sleeve including breeches, jodhpurs, riding tops and jackets. Free shipping Australia-wide. Expert advice available. Find the perfect...","Browse our extensive range of long sleeve. Expertly selected for quality, durability, and performance. Whether you're competing or riding for leisure, find exactly what you need at The Equestrian.","<h2>Premium long sleeve</h2><p>Welcome to our specialized long sleeve collection. Whether you're a seasoned professional or just starting out, finding the right long sleeve makes all the difference. We've assembled an exceptional range that combines cutting-edge technology with time-tested designs.</p><h3>What Makes Great long sleeve?</h3><ul><li><strong>Technical Fabrics:</strong> Advanced moisture-wicking and breathable materials that keep you comfortable in the saddle</li><li><strong>Perfect Fit:</strong> Designed specifically for riding with stretch panels and reinforced seams where you need them most</li><li><strong>Durability:</strong> Built to withstand daily wear, frequent washing, and the demands of equestrian life</li><li><strong>Style:</strong> Look professional in the arena and fashionable at the barn with timeless designs</li></ul>",,/clothing/tops,3,published,best-selling,"[{""question"":""What size should I order?"",""answer"":""We recommend consulting our detailed size guide for each brand, as sizing can vary between manufacturers. Most riders find their regular size works well, but competition wear may run smaller. When in doubt, size up for comfort, especially for items you'll wear over base layers.""},{""question"":""How do I care for technical riding clothing?"",""answer"":""Wash in cold water on a gentle cycle and hang to dry to preserve technical fabrics. Avoid fabric softeners as they can reduce moisture-wicking properties. For competition wear, follow specific care instructions on the label. Proper care ensures your investment lasts for years.""}]",[]
/clothing/outerwear,Outerwear,Outerwear | Buy Online | The Equestrian,"Shop premium outerwear including breeches, jodhpurs, riding tops and jackets. Free shipping Australia-wide. Expert advice available. Find the perfect gear...","Browse our extensive range of outerwear. Expertly selected for quality, durability, and performance. Whether you're competing or riding for leisure, find exactly what you need at The Equestrian.","<h2>Premium Outerwear</h2><p>Discover our comprehensive collection of outerwear, carefully curated to meet the demands of equestrians at every level. From competition-ready gear to everyday essentials, we stock only the finest brands known for quality, durability, and performance. Each product has been expertly selected by our team of experienced professionals who understand what truly matters.</p><h3>What Makes Great Outerwear?</h3><ul><li><strong>Technical Fabrics:</strong> Advanced moisture-wicking and breathable materials that keep you comfortable in the saddle</li><li><strong>Perfect Fit:</strong> Designed specifically for riding with stretch panels and reinforced seams where you need them most</li><li><strong>Durability:</strong> Built to withstand daily wear, frequent washing, and the demands of equestrian life</li><li><strong>Style:</strong> Look professional in the arena and fashionable at the barn with timeless designs</li></ul><h3>Shop by Type</h3><p>Browse our specialized categories including <a href=""/clothing/outerwear/jackets"">casual jacket</a>,<a href=""/clothing/outerwear/show-jackets"">competition jacket</a>, and <a href=""/clothing/outerwear/oilskins"">oilskins</a>. Each category features products from world-leading brands trusted by professional enthusiasts.</p>",,/clothing,2,published,best-selling,"[{""question"":""What size should I order?"",""answer"":""We recommend consulting our detailed size guide for each brand, as sizing can vary between manufacturers. Most riders find their regular size works well, but competition wear may run smaller. When in doubt, size up for comfort, especially for items you'll wear over base layers.""},{""question"":""How do I care for technical riding clothing?"",""answer"":""Wash in cold water on a gentle cycle and hang to dry to preserve technical fabrics. Avoid fabric softeners as they can reduce moisture-wicking properties. For competition wear, follow specific care instructions on the label. Proper care ensures your investment lasts for years.""}]",[]
/clothing/outerwear/jackets,Casual Jacket,Casual Jacket | Premium Quality | The Equestrian,"Shop premium casual jacket including breeches, jodhpurs, riding tops and jackets. Free shipping Australia-wide. Expert advice available. Find the perfect...","Browse our extensive range of casual jacket. Expertly selected for quality, durability, and performance. Whether you're competing or riding for leisure, find exactly what you need at The Equestrian.","<h2>Premium Casual Jacket</h2><p>Welcome to our specialized casual jacket collection. Whether you're a seasoned professional or just starting out, finding the right casual jacket makes all the difference. We've assembled an exceptional range that combines cutting-edge technology with time-tested designs.</p><h3>What Makes Great Casual Jacket?</h3><ul><li><strong>Technical Fabrics:</strong> Advanced moisture-wicking and breathable materials that keep you comfortable in the saddle</li><li><strong>Perfect Fit:</strong> Designed specifically for riding with stretch panels and reinforced seams where you need them most</li><li><strong>Durability:</strong> Built to withstand daily wear, frequent washing, and the demands of equestrian life</li><li><strong>Style:</strong> Look professional in the arena and fashionable at the barn with timeless designs</li></ul>",,/clothing/outerwear,3,published,best-selling,"[{""question"":""What size should I order?"",""answer"":""We recommend consulting our detailed size guide for each brand, as sizing can vary between manufacturers. Most riders find their regular size works well, but competition wear may run smaller. When in doubt, size up for comfort, especially for items you'll wear over base layers.""},{""question"":""How do I care for technical riding clothing?"",""answer"":""Wash in cold water on a gentle cycle and hang to dry to preserve technical fabrics. Avoid fabric softeners as they can reduce moisture-wicking properties. For competition wear, follow specific care instructions on the label. Proper care ensures your investment lasts for years.""}]",[]
/clothing/outerwear/show-jackets,Competition Jacket,Competition Jacket | Premium Quality | The Equestrian,"Shop premium competition jacket including breeches, jodhpurs, riding tops and jackets. Free shipping Australia-wide. Expert advice available. Find the...","Browse our extensive range of competition jacket. Expertly selected for quality, durability, and performance. Whether you're competing or riding for leisure, find exactly what you need at The Equestrian.","<h2>Premium Competition Jacket</h2><p>Welcome to our specialized competition jacket collection. Whether you're a seasoned professional or just starting out, finding the right competition jacket makes all the difference. We've assembled an exceptional range that combines cutting-edge technology with time-tested designs.</p><h3>What Makes Great Competition Jacket?</h3><ul><li><strong>Technical Fabrics:</strong> Advanced moisture-wicking and breathable materials that keep you comfortable in the saddle</li><li><strong>Perfect Fit:</strong> Designed specifically for riding with stretch panels and reinforced seams where you need them most</li><li><strong>Durability:</strong> Built to withstand daily wear, frequent washing, and the demands of equestrian life</li><li><strong>Style:</strong> Look professional in the arena and fashionable at the barn with timeless designs</li></ul>",,/clothing/outerwear,3,published,best-selling,"[{""question"":""What size should I order?"",""answer"":""We recommend consulting our detailed size guide for each brand, as sizing can vary between manufacturers. Most riders find their regular size works well, but competition wear may run smaller. When in doubt, size up for comfort, especially for items you'll wear over base layers.""},{""question"":""How do I care for technical riding clothing?"",""answer"":""Wash in cold water on a gentle cycle and hang to dry to preserve technical fabrics. Avoid fabric softeners as they can reduce moisture-wicking properties. For competition wear, follow specific care instructions on the label. Proper care ensures your investment lasts for years.""}]",[]
/clothing/outerwear/oilskins,Oilskins,Oilskins | Premium Quality | The Equestrian,"Shop premium oilskins including breeches, jodhpurs, riding tops and jackets. Free shipping Australia-wide. Expert advice available. Find the perfect gear...","Browse our extensive range of oilskins. Expertly selected for quality, durability, and performance. Whether you're competing or riding for leisure, find exactly what you need at The Equestrian.","<h2>Premium Oilskins</h2><p>Welcome to our specialized oilskins collection. Whether you're a seasoned professional or just starting out, finding the right oilskins makes all the difference. We've assembled an exceptional range that combines cutting-edge technology with time-tested designs.</p><h3>What Makes Great Oilskins?</h3><ul><li><strong>Technical Fabrics:</strong> Advanced moisture-wicking and breathable materials that keep you comfortable in the saddle</li><li><strong>Perfect Fit:</strong> Designed specifically for riding with stretch panels and reinforced seams where you need them most</li><li><strong>Durability:</strong> Built to withstand daily wear, frequent washing, and the demands of equestrian life</li><li><strong>Style:</strong> Look professional in the arena and fashionable at the barn with timeless designs</li></ul>",,/clothing/outerwear,3,published,best-selling,"[{""question"":""What size should I order?"",""answer"":""We recommend consulting our detailed size guide for each brand, as sizing can vary between manufacturers. Most riders find their regular size works well, but competition wear may run smaller. When in doubt, size up for comfort, especially for items you'll wear over base layers.""},{""question"":""How do I care for technical riding clothing?"",""answer"":""Wash in cold water on a gentle cycle and hang to dry to preserve technical fabrics. Avoid fabric softeners as they can reduce moisture-wicking properties. For competition wear, follow specific care instructions on the label. Proper care ensures your investment lasts for years.""}]",[]
/clothing/outerwear/riding-jackets,Riding Jacket,Riding Jacket | Premium Quality | The Equestrian,"Shop premium riding jacket including breeches, jodhpurs, riding tops and jackets. Free shipping Australia-wide. Expert advice available. Find the perfect...","Browse our extensive range of riding jacket. Expertly selected for quality, durability, and performance. Whether you're competing or riding for leisure, find exactly what you need at The Equestrian.","<h2>Premium Riding Jacket</h2><p>Welcome to our specialized riding jacket collection. Whether you're a seasoned professional or just starting out, finding the right riding jacket makes all the difference. We've assembled an exceptional range that combines cutting-edge technology with time-tested designs.</p><h3>What Makes Great Riding Jacket?</h3><ul><li><strong>Technical Fabrics:</strong> Advanced moisture-wicking and breathable materials that keep you comfortable in the saddle</li><li><strong>Perfect Fit:</strong> Designed specifically for riding with stretch panels and reinforced seams where you need them most</li><li><strong>Durability:</strong> Built to withstand daily wear, frequent washing, and the demands of equestrian life</li><li><strong>Style:</strong> Look professional in the arena and fashionable at the barn with timeless designs</li></ul>",,/clothing/outerwear,3,published,best-selling,"[{""question"":""What size should I order?"",""answer"":""We recommend consulting our detailed size guide for each brand, as sizing can vary between manufacturers. Most riders find their regular size works well, but competition wear may run smaller. When in doubt, size up for comfort, especially for items you'll wear over base layers.""},{""question"":""How do I care for technical riding clothing?"",""answer"":""Wash in cold water on a gentle cycle and hang to dry to preserve technical fabrics. Avoid fabric softeners as they can reduce moisture-wicking properties. For competition wear, follow specific care instructions on the label. Proper care ensures your investment lasts for years.""}]",[]
/clothing/sleepwear,Sleepwear,Sleepwear | Buy Online | The Equestrian,"Shop premium sleepwear including breeches, jodhpurs, riding tops and jackets. Free shipping Australia-wide. Expert advice available. Find the perfect gear...","Browse our extensive range of sleepwear. Expertly selected for quality, durability, and performance. Whether you're competing or riding for leisure, find exactly what you need at The Equestrian.","<h2>Premium Sleepwear</h2><p>Discover our comprehensive collection of sleepwear, carefully curated to meet the demands of equestrians at every level. From competition-ready gear to everyday essentials, we stock only the finest brands known for quality, durability, and performance. Each product has been expertly selected by our team of experienced professionals who understand what truly matters.</p><h3>What Makes Great Sleepwear?</h3><ul><li><strong>Technical Fabrics:</strong> Advanced moisture-wicking and breathable materials that keep you comfortable in the saddle</li><li><strong>Perfect Fit:</strong> Designed specifically for riding with stretch panels and reinforced seams where you need them most</li><li><strong>Durability:</strong> Built to withstand daily wear, frequent washing, and the demands of equestrian life</li><li><strong>Style:</strong> Look professional in the arena and fashionable at the barn with timeless designs</li></ul><h3>Shop by Category</h3><p>Browse our specialized categories to find exactly what you need. Each section features products from world-leading brands trusted by professional enthusiasts. Not sure where to start? Our expert team is always here to help you make the right choice.</p>",,/clothing,2,published,best-selling,"[{""question"":""What size should I order?"",""answer"":""We recommend consulting our detailed size guide for each brand, as sizing can vary between manufacturers. Most riders find their regular size works well, but competition wear may run smaller. When in doubt, size up for comfort, especially for items you'll wear over base layers.""},{""question"":""How do I care for technical riding clothing?"",""answer"":""Wash in cold water on a gentle cycle and hang to dry to preserve technical fabrics. Avoid fabric softeners as they can reduce moisture-wicking properties. For competition wear, follow specific care instructions on the label. Proper care ensures your investment lasts for years.""}]",[]
/clothing/activewear,Sports,Sports | Buy Online | The Equestrian,"Shop premium sports including breeches, jodhpurs, riding tops and jackets. Free shipping Australia-wide. Expert advice available. Find the perfect gear for...","Browse our extensive range of sports. Expertly selected for quality, durability, and performance. Whether you're competing or riding for leisure, find exactly what you need at The Equestrian.","<h2>Premium Sports</h2><p>Discover our comprehensive collection of sports, carefully curated to meet the demands of equestrians at every level. From competition-ready gear to everyday essentials, we stock only the finest brands known for quality, durability, and performance. Each product has been expertly selected by our team of experienced professionals who understand what truly matters.</p><h3>What Makes Great Sports?</h3><ul><li><strong>Technical Fabrics:</strong> Advanced moisture-wicking and breathable materials that keep you comfortable in the saddle</li><li><strong>Perfect Fit:</strong> Designed specifically for riding with stretch panels and reinforced seams where you need them most</li><li><strong>Durability:</strong> Built to withstand daily wear, frequent washing, and the demands of equestrian life</li><li><strong>Style:</strong> Look professional in the arena and fashionable at the barn with timeless designs</li></ul><h3>Shop by Category</h3><p>Browse our specialized categories to find exactly what you need. Each section features products from world-leading brands trusted by professional enthusiasts. Not sure where to start? Our expert team is always here to help you make the right choice.</p>",,/clothing,2,published,best-selling,"[{""question"":""What size should I order?"",""answer"":""We recommend consulting our detailed size guide for each brand, as sizing can vary between manufacturers. Most riders find their regular size works well, but competition wear may run smaller. When in doubt, size up for comfort, especially for items you'll wear over base layers.""},{""question"":""How do I care for technical riding clothing?"",""answer"":""Wash in cold water on a gentle cycle and hang to dry to preserve technical fabrics. Avoid fabric softeners as they can reduce moisture-wicking properties. For competition wear, follow specific care instructions on the label. Proper care ensures your investment lasts for years.""}]",[]
/clothing/bottoms/shorts,Shorts,Shorts | Premium Quality | The Equestrian,"Shop premium shorts including breeches, jodhpurs, riding tops and jackets. Free shipping Australia-wide. Expert advice available. Find the perfect gear for...","Browse our extensive range of shorts. Expertly selected for quality, durability, and performance. Whether you're competing or riding for leisure, find exactly what you need at The Equestrian.","<h2>Premium Shorts</h2><p>Welcome to our specialized shorts collection. Whether you're a seasoned professional or just starting out, finding the right shorts makes all the difference. We've assembled an exceptional range that combines cutting-edge technology with time-tested designs.</p><h3>What Makes Great Shorts?</h3><ul><li><strong>Technical Fabrics:</strong> Advanced moisture-wicking and breathable materials that keep you comfortable in the saddle</li><li><strong>Perfect Fit:</strong> Designed specifically for riding with stretch panels and reinforced seams where you need them most</li><li><strong>Durability:</strong> Built to withstand daily wear, frequent washing, and the demands of equestrian life</li><li><strong>Style:</strong> Look professional in the arena and fashionable at the barn with timeless designs</li></ul>",,/clothing/bottoms,3,published,best-selling,"[{""question"":""What size should I order?"",""answer"":""We recommend consulting our detailed size guide for each brand, as sizing can vary between manufacturers. Most riders find their regular size works well, but competition wear may run smaller. When in doubt, size up for comfort, especially for items you'll wear over base layers.""},{""question"":""How do I care for technical riding clothing?"",""answer"":""Wash in cold water on a gentle cycle and hang to dry to preserve technical fabrics. Avoid fabric softeners as they can reduce moisture-wicking properties. For competition wear, follow specific care instructions on the label. Proper care ensures your investment lasts for years.""}]",[]
/horse/boots,Horse Boots,Horse Boots | Buy Online | The Equestrian,"Shop premium horse boots including brushing boots, tendon boots, travel boots and bell boots. Free shipping Australia-wide. Expert advice available. Find...","Browse our extensive range of horse boots. Expertly selected for quality, durability, and performance. Whether you're competing or riding for leisure, find exactly what you need at The Equestrian.","<h2>Premium Horse Boots</h2><p>Discover our comprehensive collection of horse boots, carefully curated to meet the demands of horses at every level. From competition-ready gear to everyday essentials, we stock only the finest brands known for quality, durability, and performance. Each product has been expertly selected by our team of equine specialists who understand what truly matters.</p><h3>What Makes Great Horse Boots?</h3><ul><li><strong>Protection & Support:</strong> Advanced impact absorption and tendon support for maximum safety during training and competition</li><li><strong>Perfect Fit:</strong> Anatomically designed to move with your horse while staying securely in place</li><li><strong>Breathable Materials:</strong> Moisture-wicking fabrics that prevent overheating and maintain comfort</li><li><strong>Easy Maintenance:</strong> Durable construction that withstands frequent washing and daily use</li></ul><h3>Shop by Type</h3><p>Browse our specialized categories including <a href=""/horse/boots/bell-boots"">bell boots</a>,<a href=""/horse/boots/tendon-boots"">tendon boots</a>, and <a href=""/horse/boots/ice-boots"">ice boots</a>. Each category features products from world-leading brands trusted by professional equestrians.</p>",,/horse,2,published,best-selling,"[{""question"":""What type of horse boots do I need for my horse?"",""answer"":""The right horse boots depend on your horse's activity level and discipline. For jumping and eventing, tendon boots offer crucial protection. For turnout, bell boots prevent overreach injuries. For therapy and recovery, consider ice boots or magnetic boots. Our team can help you choose based on your specific needs.""},{""question"":""How do I know if horse boots fit properly?"",""answer"":""Properly fitted horse boots should sit snugly without restricting movement or causing pressure points. Check that straps are secure but not too tight, and ensure the boots don't rotate during movement. If you're unsure, consult our sizing guides or contact our expert team for personalized fitting advice.""}]","[{""url"":""/horse/bandages"",""title"":""Bandages & Wraps"",""description"":""Complement your boots with quality bandages""},{""url"":""/horse/grooming"",""title"":""Grooming Supplies"",""description"":""Keep your horse looking their best""}]"
/horse/boots/bell-boots,Bell Boots,Bell Boots | Premium Quality | The Equestrian,"Shop premium bell boots including brushing boots, tendon boots, travel boots and bell boots. Free shipping Australia-wide. Expert advice available. Find...","Browse our extensive range of bell boots. Expertly selected for quality, durability, and performance. Whether you're competing or riding for leisure, find exactly what you need at The Equestrian.","<h2>Premium Bell Boots</h2><p>Welcome to our specialized bell boots collection. Whether you're a seasoned professional or just starting out, finding the right bell boots makes all the difference. We've assembled an exceptional range that combines cutting-edge technology with time-tested designs.</p><h3>What Makes Great Bell Boots?</h3><ul><li><strong>Protection & Support:</strong> Advanced impact absorption and tendon support for maximum safety during training and competition</li><li><strong>Perfect Fit:</strong> Anatomically designed to move with your horse while staying securely in place</li><li><strong>Breathable Materials:</strong> Moisture-wicking fabrics that prevent overheating and maintain comfort</li><li><strong>Easy Maintenance:</strong> Durable construction that withstands frequent washing and daily use</li></ul>",,/horse/boots,3,published,best-selling,"[{""question"":""What type of bell boots do I need for my horse?"",""answer"":""The right bell boots depend on your horse's activity level and discipline. For jumping and eventing, tendon boots offer crucial protection. For turnout, bell boots prevent overreach injuries. For therapy and recovery, consider ice boots or magnetic boots. Our team can help you choose based on your specific needs.""},{""question"":""How do I know if bell boots fit properly?"",""answer"":""Properly fitted bell boots should sit snugly without restricting movement or causing pressure points. Check that straps are secure but not too tight, and ensure the boots don't rotate during movement. If you're unsure, consult our sizing guides or contact our expert team for personalized fitting advice.""}]","[{""url"":""/horse/bandages"",""title"":""Bandages & Wraps"",""description"":""Complement your boots with quality bandages""},{""url"":""/horse/grooming"",""title"":""Grooming Supplies"",""description"":""Keep your horse looking their best""}]"
/horse/boots/tendon-boots,Tendon Boots,Tendon Boots | Premium Quality | The Equestrian,"Shop premium tendon boots including brushing boots, tendon boots, travel boots and bell boots. Free shipping Australia-wide. Expert advice available. Find...","Browse our extensive range of tendon boots. Expertly selected for quality, durability, and performance. Whether you're competing or riding for leisure, find exactly what you need at The Equestrian.","<h2>Premium Tendon Boots</h2><p>Welcome to our specialized tendon boots collection. Whether you're a seasoned professional or just starting out, finding the right tendon boots makes all the difference. We've assembled an exceptional range that combines cutting-edge technology with time-tested designs.</p><h3>What Makes Great Tendon Boots?</h3><ul><li><strong>Protection & Support:</strong> Advanced impact absorption and tendon support for maximum safety during training and competition</li><li><strong>Perfect Fit:</strong> Anatomically designed to move with your horse while staying securely in place</li><li><strong>Breathable Materials:</strong> Moisture-wicking fabrics that prevent overheating and maintain comfort</li><li><strong>Easy Maintenance:</strong> Durable construction that withstands frequent washing and daily use</li></ul>",,/horse/boots,3,published,best-selling,"[{""question"":""What type of tendon boots do I need for my horse?"",""answer"":""The right tendon boots depend on your horse's activity level and discipline. For jumping and eventing, tendon boots offer crucial protection. For turnout, bell boots prevent overreach injuries. For therapy and recovery, consider ice boots or magnetic boots. Our team can help you choose based on your specific needs.""},{""question"":""How do I know if tendon boots fit properly?"",""answer"":""Properly fitted tendon boots should sit snugly without restricting movement or causing pressure points. Check that straps are secure but not too tight, and ensure the boots don't rotate during movement. If you're unsure, consult our sizing guides or contact our expert team for personalized fitting advice.""}]","[{""url"":""/horse/bandages"",""title"":""Bandages & Wraps"",""description"":""Complement your boots with quality bandages""},{""url"":""/horse/grooming"",""title"":""Grooming Supplies"",""description"":""Keep your horse looking their best""}]"
/horse/boots/ice-boots,Ice Boots,Ice Boots | Premium Quality | The Equestrian,"Shop premium ice boots including brushing boots, tendon boots, travel boots and bell boots. Free shipping Australia-wide. Expert advice available. Find the...","Browse our extensive range of ice boots. Expertly selected for quality, durability, and performance. Whether you're competing or riding for leisure, find exactly what you need at The Equestrian.","<h2>Premium Ice Boots</h2><p>Welcome to our specialized ice boots collection. Whether you're a seasoned professional or just starting out, finding the right ice boots makes all the difference. We've assembled an exceptional range that combines cutting-edge technology with time-tested designs.</p><h3>What Makes Great Ice Boots?</h3><ul><li><strong>Protection & Support:</strong> Advanced impact absorption and tendon support for maximum safety during training and competition</li><li><strong>Perfect Fit:</strong> Anatomically designed to move with your horse while staying securely in place</li><li><strong>Breathable Materials:</strong> Moisture-wicking fabrics that prevent overheating and maintain comfort</li><li><strong>Easy Maintenance:</strong> Durable construction that withstands frequent washing and daily use</li></ul>",,/horse/boots,3,published,best-selling,"[{""question"":""What type of ice boots do I need for my horse?"",""answer"":""The right ice boots depend on your horse's activity level and discipline. For jumping and eventing, tendon boots offer crucial protection. For turnout, bell boots prevent overreach injuries. For therapy and recovery, consider ice boots or magnetic boots. Our team can help you choose based on your specific needs.""},{""question"":""How do I know if ice boots fit properly?"",""answer"":""Properly fitted ice boots should sit snugly without restricting movement or causing pressure points. Check that straps are secure but not too tight, and ensure the boots don't rotate during movement. If you're unsure, consult our sizing guides or contact our expert team for personalized fitting advice.""}]","[{""url"":""/horse/bandages"",""title"":""Bandages & Wraps"",""description"":""Complement your boots with quality bandages""},{""url"":""/horse/grooming"",""title"":""Grooming Supplies"",""description"":""Keep your horse looking their best""}]"
/horse/boots/bandages,Bandages,Bandages | Premium Quality | The Equestrian,"Shop premium bandages including brushing boots, tendon boots, travel boots and bell boots. Free shipping Australia-wide. Expert advice available. Find the...","Browse our extensive range of bandages. Expertly selected for quality, durability, and performance. Whether you're competing or riding for leisure, find exactly what you need at The Equestrian.","<h2>Premium Bandages</h2><p>Welcome to our specialized bandages collection. Whether you're a seasoned professional or just starting out, finding the right bandages makes all the difference. We've assembled an exceptional range that combines cutting-edge technology with time-tested designs.</p><h3>What Makes Great Bandages?</h3><ul><li><strong>Protection & Support:</strong> Advanced impact absorption and tendon support for maximum safety during training and competition</li><li><strong>Perfect Fit:</strong> Anatomically designed to move with your horse while staying securely in place</li><li><strong>Breathable Materials:</strong> Moisture-wicking fabrics that prevent overheating and maintain comfort</li><li><strong>Easy Maintenance:</strong> Durable construction that withstands frequent washing and daily use</li></ul>",,/horse/boots,3,published,best-selling,"[{""question"":""What type of bandages do I need for my horse?"",""answer"":""The right bandages depend on your horse's activity level and discipline. For jumping and eventing, tendon boots offer crucial protection. For turnout, bell boots prevent overreach injuries. For therapy and recovery, consider ice boots or magnetic boots. Our team can help you choose based on your specific needs.""},{""question"":""How do I know if bandages fit properly?"",""answer"":""Properly fitted bandages should sit snugly without restricting movement or causing pressure points. Check that straps are secure but not too tight, and ensure the boots don't rotate during movement. If you're unsure, consult our sizing guides or contact our expert team for personalized fitting advice.""}]","[{""url"":""/horse/bandages"",""title"":""Bandages & Wraps"",""description"":""Complement your boots with quality bandages""},{""url"":""/horse/grooming"",""title"":""Grooming Supplies"",""description"":""Keep your horse looking their best""}]"
/horse/boots/magnetic,Magnetic Boots,Magnetic Boots | Premium Quality | The Equestrian,"Shop premium magnetic boots including brushing boots, tendon boots, travel boots and bell boots. Free shipping Australia-wide. Expert advice available.","Browse our extensive range of magnetic boots. Expertly selected for quality, durability, and performance. Whether you're competing or riding for leisure, find exactly what you need at The Equestrian.","<h2>Premium Magnetic Boots</h2><p>Welcome to our specialized magnetic boots collection. Whether you're a seasoned professional or just starting out, finding the right magnetic boots makes all the difference. We've assembled an exceptional range that combines cutting-edge technology with time-tested designs.</p><h3>What Makes Great Magnetic Boots?</h3><ul><li><strong>Protection & Support:</strong> Advanced impact absorption and tendon support for maximum safety during training and competition</li><li><strong>Perfect Fit:</strong> Anatomically designed to move with your horse while staying securely in place</li><li><strong>Breathable Materials:</strong> Moisture-wicking fabrics that prevent overheating and maintain comfort</li><li><strong>Easy Maintenance:</strong> Durable construction that withstands frequent washing and daily use</li></ul>",,/horse/boots,3,published,best-selling,"[{""question"":""What type of magnetic boots do I need for my horse?"",""answer"":""The right magnetic boots depend on your horse's activity level and discipline. For jumping and eventing, tendon boots offer crucial protection. For turnout, bell boots prevent overreach injuries. For therapy and recovery, consider ice boots or magnetic boots. Our team can help you choose based on your specific needs.""},{""question"":""How do I know if magnetic boots fit properly?"",""answer"":""Properly fitted magnetic boots should sit snugly without restricting movement or causing pressure points. Check that straps are secure but not too tight, and ensure the boots don't rotate during movement. If you're unsure, consult our sizing guides or contact our expert team for personalized fitting advice.""}]","[{""url"":""/horse/bandages"",""title"":""Bandages & Wraps"",""description"":""Complement your boots with quality bandages""},{""url"":""/horse/grooming"",""title"":""Grooming Supplies"",""description"":""Keep your horse looking their best""}]"
/horse/boots/therapy,Therapy Boots,Therapy Boots | Premium Quality | The Equestrian,"Shop premium therapy boots including brushing boots, tendon boots, travel boots and bell boots. Free shipping Australia-wide. Expert advice available.","Browse our extensive range of therapy boots. Expertly selected for quality, durability, and performance. Whether you're competing or riding for leisure, find exactly what you need at The Equestrian.","<h2>Premium Therapy Boots</h2><p>Welcome to our specialized therapy boots collection. Whether you're a seasoned professional or just starting out, finding the right therapy boots makes all the difference. We've assembled an exceptional range that combines cutting-edge technology with time-tested designs.</p><h3>What Makes Great Therapy Boots?</h3><ul><li><strong>Protection & Support:</strong> Advanced impact absorption and tendon support for maximum safety during training and competition</li><li><strong>Perfect Fit:</strong> Anatomically designed to move with your horse while staying securely in place</li><li><strong>Breathable Materials:</strong> Moisture-wicking fabrics that prevent overheating and maintain comfort</li><li><strong>Easy Maintenance:</strong> Durable construction that withstands frequent washing and daily use</li></ul>",,/horse/boots,3,published,best-selling,"[{""question"":""What type of therapy boots do I need for my horse?"",""answer"":""The right therapy boots depend on your horse's activity level and discipline. For jumping and eventing, tendon boots offer crucial protection. For turnout, bell boots prevent overreach injuries. For therapy and recovery, consider ice boots or magnetic boots. Our team can help you choose based on your specific needs.""},{""question"":""How do I know if therapy boots fit properly?"",""answer"":""Properly fitted therapy boots should sit snugly without restricting movement or causing pressure points. Check that straps are secure but not too tight, and ensure the boots don't rotate during movement. If you're unsure, consult our sizing guides or contact our expert team for personalized fitting advice.""}]","[{""url"":""/horse/bandages"",""title"":""Bandages & Wraps"",""description"":""Complement your boots with quality bandages""},{""url"":""/horse/grooming"",""title"":""Grooming Supplies"",""description"":""Keep your horse looking their best""}]"
/horse/boots/fetlock,Fetlock boots,Fetlock boots | Premium Quality | The Equestrian,"Shop premium fetlock boots including brushing boots, tendon boots, travel boots and bell boots. Free shipping Australia-wide. Expert advice available.","Browse our extensive range of fetlock boots. Expertly selected for quality, durability, and performance. Whether you're competing or riding for leisure, find exactly what you need at The Equestrian.","<h2>Premium Fetlock boots</h2><p>Welcome to our specialized fetlock boots collection. Whether you're a seasoned professional or just starting out, finding the right fetlock boots makes all the difference. We've assembled an exceptional range that combines cutting-edge technology with time-tested designs.</p><h3>What Makes Great Fetlock boots?</h3><ul><li><strong>Protection & Support:</strong> Advanced impact absorption and tendon support for maximum safety during training and competition</li><li><strong>Perfect Fit:</strong> Anatomically designed to move with your horse while staying securely in place</li><li><strong>Breathable Materials:</strong> Moisture-wicking fabrics that prevent overheating and maintain comfort</li><li><strong>Easy Maintenance:</strong> Durable construction that withstands frequent washing and daily use</li></ul>",,/horse/boots,3,published,best-selling,"[{""question"":""What type of fetlock boots do I need for my horse?"",""answer"":""The right fetlock boots depend on your horse's activity level and discipline. For jumping and eventing, tendon boots offer crucial protection. For turnout, bell boots prevent overreach injuries. For therapy and recovery, consider ice boots or magnetic boots. Our team can help you choose based on your specific needs.""},{""question"":""How do I know if fetlock boots fit properly?"",""answer"":""Properly fitted fetlock boots should sit snugly without restricting movement or causing pressure points. Check that straps are secure but not too tight, and ensure the boots don't rotate during movement. If you're unsure, consult our sizing guides or contact our expert team for personalized fitting advice.""}]","[{""url"":""/horse/bandages"",""title"":""Bandages & Wraps"",""description"":""Complement your boots with quality bandages""},{""url"":""/horse/grooming"",""title"":""Grooming Supplies"",""description"":""Keep your horse looking their best""}]"
/horse/boots/overreach,Overreach Boots,Overreach Boots | Premium Quality | The Equestrian,"Shop premium overreach boots including brushing boots, tendon boots, travel boots and bell boots. Free shipping Australia-wide. Expert advice available.","Browse our extensive range of overreach boots. Expertly selected for quality, durability, and performance. Whether you're competing or riding for leisure, find exactly what you need at The Equestrian.","<h2>Premium Overreach Boots</h2><p>Welcome to our specialized overreach boots collection. Whether you're a seasoned professional or just starting out, finding the right overreach boots makes all the difference. We've assembled an exceptional range that combines cutting-edge technology with time-tested designs.</p><h3>What Makes Great Overreach Boots?</h3><ul><li><strong>Protection & Support:</strong> Advanced impact absorption and tendon support for maximum safety during training and competition</li><li><strong>Perfect Fit:</strong> Anatomically designed to move with your horse while staying securely in place</li><li><strong>Breathable Materials:</strong> Moisture-wicking fabrics that prevent overheating and maintain comfort</li><li><strong>Easy Maintenance:</strong> Durable construction that withstands frequent washing and daily use</li></ul>",,/horse/boots,3,published,best-selling,"[{""question"":""What type of overreach boots do I need for my horse?"",""answer"":""The right overreach boots depend on your horse's activity level and discipline. For jumping and eventing, tendon boots offer crucial protection. For turnout, bell boots prevent overreach injuries. For therapy and recovery, consider ice boots or magnetic boots. Our team can help you choose based on your specific needs.""},{""question"":""How do I know if overreach boots fit properly?"",""answer"":""Properly fitted overreach boots should sit snugly without restricting movement or causing pressure points. Check that straps are secure but not too tight, and ensure the boots don't rotate during movement. If you're unsure, consult our sizing guides or contact our expert team for personalized fitting advice.""}]","[{""url"":""/horse/bandages"",""title"":""Bandages & Wraps"",""description"":""Complement your boots with quality bandages""},{""url"":""/horse/grooming"",""title"":""Grooming Supplies"",""description"":""Keep your horse looking their best""}]"
/horse/boots/accessories,Boots - Boot Accessories,Boots - Boot Accessories | Premium Quality | The Equestrian,"Shop premium boots - boot accessories including brushing boots, tendon boots, travel boots and bell boots. Free shipping Australia-wide. Expert advice...","Browse our extensive range of boots - boot accessories. Expertly selected for quality, durability, and performance. Whether you're competing or riding for leisure, find exactly what you need at The Equestrian.","<h2>Premium Boots - Boot Accessories</h2><p>Welcome to our specialized boots - boot accessories collection. Whether you're a seasoned professional or just starting out, finding the right boots - boot accessories makes all the difference. We've assembled an exceptional range that combines cutting-edge technology with time-tested designs.</p><h3>What Makes Great Boots - Boot Accessories?</h3><ul><li><strong>Protection & Support:</strong> Advanced impact absorption and tendon support for maximum safety during training and competition</li><li><strong>Perfect Fit:</strong> Anatomically designed to move with your horse while staying securely in place</li><li><strong>Breathable Materials:</strong> Moisture-wicking fabrics that prevent overheating and maintain comfort</li><li><strong>Easy Maintenance:</strong> Durable construction that withstands frequent washing and daily use</li></ul>",,/horse/boots,3,published,best-selling,"[{""question"":""What type of boots - boot accessories do I need for my horse?"",""answer"":""The right boots - boot accessories depend on your horse's activity level and discipline. For jumping and eventing, tendon boots offer crucial protection. For turnout, bell boots prevent overreach injuries. For therapy and recovery, consider ice boots or magnetic boots. Our team can help you choose based on your specific needs.""},{""question"":""How do I know if boots - boot accessories fit properly?"",""answer"":""Properly fitted boots - boot accessories should sit snugly without restricting movement or causing pressure points. Check that straps are secure but not too tight, and ensure the boots don't rotate during movement. If you're unsure, consult our sizing guides or contact our expert team for personalized fitting advice.""}]","[{""url"":""/horse/bandages"",""title"":""Bandages & Wraps"",""description"":""Complement your boots with quality bandages""},{""url"":""/horse/grooming"",""title"":""Grooming Supplies"",""description"":""Keep your horse looking their best""}]"
/horse/boots/exercise,Exercise Boots,Exercise Boots | Premium Quality | The Equestrian,"Shop premium exercise boots including brushing boots, tendon boots, travel boots and bell boots. Free shipping Australia-wide. Expert advice available.","Browse our extensive range of exercise boots. Expertly selected for quality, durability, and performance. Whether you're competing or riding for leisure, find exactly what you need at The Equestrian.","<h2>Premium Exercise Boots</h2><p>Welcome to our specialized exercise boots collection. Whether you're a seasoned professional or just starting out, finding the right exercise boots makes all the difference. We've assembled an exceptional range that combines cutting-edge technology with time-tested designs.</p><h3>What Makes Great Exercise Boots?</h3><ul><li><strong>Protection & Support:</strong> Advanced impact absorption and tendon support for maximum safety during training and competition</li><li><strong>Perfect Fit:</strong> Anatomically designed to move with your horse while staying securely in place</li><li><strong>Breathable Materials:</strong> Moisture-wicking fabrics that prevent overheating and maintain comfort</li><li><strong>Easy Maintenance:</strong> Durable construction that withstands frequent washing and daily use</li></ul>",,/horse/boots,3,published,best-selling,"[{""question"":""What type of exercise boots do I need for my horse?"",""answer"":""The right exercise boots depend on your horse's activity level and discipline. For jumping and eventing, tendon boots offer crucial protection. For turnout, bell boots prevent overreach injuries. For therapy and recovery, consider ice boots or magnetic boots. Our team can help you choose based on your specific needs.""},{""question"":""How do I know if exercise boots fit properly?"",""answer"":""Properly fitted exercise boots should sit snugly without restricting movement or causing pressure points. Check that straps are secure but not too tight, and ensure the boots don't rotate during movement. If you're unsure, consult our sizing guides or contact our expert team for personalized fitting advice.""}]","[{""url"":""/horse/bandages"",""title"":""Bandages & Wraps"",""description"":""Complement your boots with quality bandages""},{""url"":""/horse/grooming"",""title"":""Grooming Supplies"",""description"":""Keep your horse looking their best""}]"
/horse/boots/eventing,Eventing Boots,Eventing Boots | Premium Quality | The Equestrian,"Shop premium eventing boots including brushing boots, tendon boots, travel boots and bell boots. Free shipping Australia-wide. Expert advice available.","Browse our extensive range of eventing boots. Expertly selected for quality, durability, and performance. Whether you're competing or riding for leisure, find exactly what you need at The Equestrian.","<h2>Premium Eventing Boots</h2><p>Welcome to our specialized eventing boots collection. Whether you're a seasoned professional or just starting out, finding the right eventing boots makes all the difference. We've assembled an exceptional range that combines cutting-edge technology with time-tested designs.</p><h3>What Makes Great Eventing Boots?</h3><ul><li><strong>Protection & Support:</strong> Advanced impact absorption and tendon support for maximum safety during training and competition</li><li><strong>Perfect Fit:</strong> Anatomically designed to move with your horse while staying securely in place</li><li><strong>Breathable Materials:</strong> Moisture-wicking fabrics that prevent overheating and maintain comfort</li><li><strong>Easy Maintenance:</strong> Durable construction that withstands frequent washing and daily use</li></ul>",,/horse/boots,3,published,best-selling,"[{""question"":""What type of eventing boots do I need for my horse?"",""answer"":""The right eventing boots depend on your horse's activity level and discipline. For jumping and eventing, tendon boots offer crucial protection. For turnout, bell boots prevent overreach injuries. For therapy and recovery, consider ice boots or magnetic boots. Our team can help you choose based on your specific needs.""},{""question"":""How do I know if eventing boots fit properly?"",""answer"":""Properly fitted eventing boots should sit snugly without restricting movement or causing pressure points. Check that straps are secure but not too tight, and ensure the boots don't rotate during movement. If you're unsure, consult our sizing guides or contact our expert team for personalized fitting advice.""}]","[{""url"":""/horse/bandages"",""title"":""Bandages & Wraps"",""description"":""Complement your boots with quality bandages""},{""url"":""/horse/grooming"",""title"":""Grooming Supplies"",""description"":""Keep your horse looking their best""}]"
/horse/boots/float,Float Boots,Float Boots | Premium Quality | The Equestrian,"Shop premium float boots including brushing boots, tendon boots, travel boots and bell boots. Free shipping Australia-wide. Expert advice available. Find...","Browse our extensive range of float boots. Expertly selected for quality, durability, and performance. Whether you're competing or riding for leisure, find exactly what you need at The Equestrian.","<h2>Premium Float Boots</h2><p>Welcome to our specialized float boots collection. Whether you're a seasoned professional or just starting out, finding the right float boots makes all the difference. We've assembled an exceptional range that combines cutting-edge technology with time-tested designs.</p><h3>What Makes Great Float Boots?</h3><ul><li><strong>Protection & Support:</strong> Advanced impact absorption and tendon support for maximum safety during training and competition</li><li><strong>Perfect Fit:</strong> Anatomically designed to move with your horse while staying securely in place</li><li><strong>Breathable Materials:</strong> Moisture-wicking fabrics that prevent overheating and maintain comfort</li><li><strong>Easy Maintenance:</strong> Durable construction that withstands frequent washing and daily use</li></ul>",,/horse/boots,3,published,best-selling,"[{""question"":""What type of float boots do I need for my horse?"",""answer"":""The right float boots depend on your horse's activity level and discipline. For jumping and eventing, tendon boots offer crucial protection. For turnout, bell boots prevent overreach injuries. For therapy and recovery, consider ice boots or magnetic boots. Our team can help you choose based on your specific needs.""},{""question"":""How do I know if float boots fit properly?"",""answer"":""Properly fitted float boots should sit snugly without restricting movement or causing pressure points. Check that straps are secure but not too tight, and ensure the boots don't rotate during movement. If you're unsure, consult our sizing guides or contact our expert team for personalized fitting advice.""}]","[{""url"":""/horse/bandages"",""title"":""Bandages & Wraps"",""description"":""Complement your boots with quality bandages""},{""url"":""/horse/grooming"",""title"":""Grooming Supplies"",""description"":""Keep your horse looking their best""}]"
/horse/boots/travel,Travel Boots,Travel Boots | Premium Quality | The Equestrian,"Shop premium travel boots including brushing boots, tendon boots, travel boots and bell boots. Free shipping Australia-wide. Expert advice available. Find...","Browse our extensive range of travel boots. Expertly selected for quality, durability, and performance. Whether you're competing or riding for leisure, find exactly what you need at The Equestrian.","<h2>Premium Travel Boots</h2><p>Welcome to our specialized travel boots collection. Whether you're a seasoned professional or just starting out, finding the right travel boots makes all the difference. We've assembled an exceptional range that combines cutting-edge technology with time-tested designs.</p><h3>What Makes Great Travel Boots?</h3><ul><li><strong>Protection & Support:</strong> Advanced impact absorption and tendon support for maximum safety during training and competition</li><li><strong>Perfect Fit:</strong> Anatomically designed to move with your horse while staying securely in place</li><li><strong>Breathable Materials:</strong> Moisture-wicking fabrics that prevent overheating and maintain comfort</li><li><strong>Easy Maintenance:</strong> Durable construction that withstands frequent washing and daily use</li></ul>",,/horse/boots,3,published,best-selling,"[{""question"":""What type of travel boots do I need for my horse?"",""answer"":""The right travel boots depend on your horse's activity level and discipline. For jumping and eventing, tendon boots offer crucial protection. For turnout, bell boots prevent overreach injuries. For therapy and recovery, consider ice boots or magnetic boots. Our team can help you choose based on your specific needs.""},{""question"":""How do I know if travel boots fit properly?"",""answer"":""Properly fitted travel boots should sit snugly without restricting movement or causing pressure points. Check that straps are secure but not too tight, and ensure the boots don't rotate during movement. If you're unsure, consult our sizing guides or contact our expert team for personalized fitting advice.""}]","[{""url"":""/horse/bandages"",""title"":""Bandages & Wraps"",""description"":""Complement your boots with quality bandages""},{""url"":""/horse/grooming"",""title"":""Grooming Supplies"",""description"":""Keep your horse looking their best""}]"
/horse/boots/polos-wraps,Polos and Wraps,Polos and Wraps | Premium Quality | The Equestrian,"Shop premium polos and wraps including brushing boots, tendon boots, travel boots and bell boots. Free shipping Australia-wide. Expert advice available.","Browse our extensive range of polos and wraps. Expertly selected for quality, durability, and performance. Whether you're competing or riding for leisure, find exactly what you need at The Equestrian.","<h2>Premium Polos and Wraps</h2><p>Welcome to our specialized polos and wraps collection. Whether you're a seasoned professional or just starting out, finding the right polos and wraps makes all the difference. We've assembled an exceptional range that combines cutting-edge technology with time-tested designs.</p><h3>What Makes Great Polos and Wraps?</h3><ul><li><strong>Protection & Support:</strong> Advanced impact absorption and tendon support for maximum safety during training and competition</li><li><strong>Perfect Fit:</strong> Anatomically designed to move with your horse while staying securely in place</li><li><strong>Breathable Materials:</strong> Moisture-wicking fabrics that prevent overheating and maintain comfort</li><li><strong>Easy Maintenance:</strong> Durable construction that withstands frequent washing and daily use</li></ul>",,/horse/boots,3,published,best-selling,"[{""question"":""What type of polos and wraps do I need for my horse?"",""answer"":""The right polos and wraps depend on your horse's activity level and discipline. For jumping and eventing, tendon boots offer crucial protection. For turnout, bell boots prevent overreach injuries. For therapy and recovery, consider ice boots or magnetic boots. Our team can help you choose based on your specific needs.""},{""question"":""How do I know if polos and wraps fit properly?"",""answer"":""Properly fitted polos and wraps should sit snugly without restricting movement or causing pressure points. Check that straps are secure but not too tight, and ensure the boots don't rotate during movement. If you're unsure, consult our sizing guides or contact our expert team for personalized fitting advice.""}]","[{""url"":""/horse/bandages"",""title"":""Bandages & Wraps"",""description"":""Complement your boots with quality bandages""},{""url"":""/horse/grooming"",""title"":""Grooming Supplies"",""description"":""Keep your horse looking their best""}]"
/horse/boots/stable,Stable Boots,Stable Boots | Premium Quality | The Equestrian,"Shop premium stable boots including brushing boots, tendon boots, travel boots and bell boots. Free shipping Australia-wide. Expert advice available. Find...","Browse our extensive range of stable boots. Expertly selected for quality, durability, and performance. Whether you're competing or riding for leisure, find exactly what you need at The Equestrian.","<h2>Premium Stable Boots</h2><p>Welcome to our specialized stable boots collection. Whether you're a seasoned professional or just starting out, finding the right stable boots makes all the difference. We've assembled an exceptional range that combines cutting-edge technology with time-tested designs.</p><h3>What Makes Great Stable Boots?</h3><ul><li><strong>Protection & Support:</strong> Advanced impact absorption and tendon support for maximum safety during training and competition</li><li><strong>Perfect Fit:</strong> Anatomically designed to move with your horse while staying securely in place</li><li><strong>Breathable Materials:</strong> Moisture-wicking fabrics that prevent overheating and maintain comfort</li><li><strong>Easy Maintenance:</strong> Durable construction that withstands frequent washing and daily use</li></ul>",,/horse/boots,3,published,best-selling,"[{""question"":""What type of stable boots do I need for my horse?"",""answer"":""The right stable boots depend on your horse's activity level and discipline. For jumping and eventing, tendon boots offer crucial protection. For turnout, bell boots prevent overreach injuries. For therapy and recovery, consider ice boots or magnetic boots. Our team can help you choose based on your specific needs.""},{""question"":""How do I know if stable boots fit properly?"",""answer"":""Properly fitted stable boots should sit snugly without restricting movement or causing pressure points. Check that straps are secure but not too tight, and ensure the boots don't rotate during movement. If you're unsure, consult our sizing guides or contact our expert team for personalized fitting advice.""}]","[{""url"":""/horse/bandages"",""title"":""Bandages & Wraps"",""description"":""Complement your boots with quality bandages""},{""url"":""/horse/grooming"",""title"":""Grooming Supplies"",""description"":""Keep your horse looking their best""}]"
/horse/boots/jumping,Jumping Boots,Jumping Boots | Premium Quality | The Equestrian,"Shop premium jumping boots including brushing boots, tendon boots, travel boots and bell boots. Free shipping Australia-wide. Expert advice available.","Browse our extensive range of jumping boots. Expertly selected for quality, durability, and performance. Whether you're competing or riding for leisure, find exactly what you need at The Equestrian.","<h2>Premium Jumping Boots</h2><p>Welcome to our specialized jumping boots collection. Whether you're a seasoned professional or just starting out, finding the right jumping boots makes all the difference. We've assembled an exceptional range that combines cutting-edge technology with time-tested designs.</p><h3>What Makes Great Jumping Boots?</h3><ul><li><strong>Protection & Support:</strong> Advanced impact absorption and tendon support for maximum safety during training and competition</li><li><strong>Perfect Fit:</strong> Anatomically designed to move with your horse while staying securely in place</li><li><strong>Breathable Materials:</strong> Moisture-wicking fabrics that prevent overheating and maintain comfort</li><li><strong>Easy Maintenance:</strong> Durable construction that withstands frequent washing and daily use</li></ul>",,/horse/boots,3,published,best-selling,"[{""question"":""What type of jumping boots do I need for my horse?"",""answer"":""The right jumping boots depend on your horse's activity level and discipline. For jumping and eventing, tendon boots offer crucial protection. For turnout, bell boots prevent overreach injuries. For therapy and recovery, consider ice boots or magnetic boots. Our team can help you choose based on your specific needs.""},{""question"":""How do I know if jumping boots fit properly?"",""answer"":""Properly fitted jumping boots should sit snugly without restricting movement or causing pressure points. Check that straps are secure but not too tight, and ensure the boots don't rotate during movement. If you're unsure, consult our sizing guides or contact our expert team for personalized fitting advice.""}]","[{""url"":""/horse/bandages"",""title"":""Bandages & Wraps"",""description"":""Complement your boots with quality bandages""},{""url"":""/horse/grooming"",""title"":""Grooming Supplies"",""description"":""Keep your horse looking their best""}]"
/horse/boots/fly-boots,Fly Boots,Fly Boots | Premium Quality | The Equestrian,"Shop premium fly boots including brushing boots, tendon boots, travel boots and bell boots. Free shipping Australia-wide. Expert advice available. Find the...","Browse our extensive range of fly boots. Expertly selected for quality, durability, and performance. Whether you're competing or riding for leisure, find exactly what you need at The Equestrian.","<h2>Premium Fly Boots</h2><p>Welcome to our specialized fly boots collection. Whether you're a seasoned professional or just starting out, finding the right fly boots makes all the difference. We've assembled an exceptional range that combines cutting-edge technology with time-tested designs.</p><h3>What Makes Great Fly Boots?</h3><ul><li><strong>Protection & Support:</strong> Advanced impact absorption and tendon support for maximum safety during training and competition</li><li><strong>Perfect Fit:</strong> Anatomically designed to move with your horse while staying securely in place</li><li><strong>Breathable Materials:</strong> Moisture-wicking fabrics that prevent overheating and maintain comfort</li><li><strong>Easy Maintenance:</strong> Durable construction that withstands frequent washing and daily use</li></ul>",,/horse/boots,3,published,best-selling,"[{""question"":""What type of fly boots do I need for my horse?"",""answer"":""The right fly boots depend on your horse's activity level and discipline. For jumping and eventing, tendon boots offer crucial protection. For turnout, bell boots prevent overreach injuries. For therapy and recovery, consider ice boots or magnetic boots. Our team can help you choose based on your specific needs.""},{""question"":""How do I know if fly boots fit properly?"",""answer"":""Properly fitted fly boots should sit snugly without restricting movement or causing pressure points. Check that straps are secure but not too tight, and ensure the boots don't rotate during movement. If you're unsure, consult our sizing guides or contact our expert team for personalized fitting advice.""}]","[{""url"":""/horse/bandages"",""title"":""Bandages & Wraps"",""description"":""Complement your boots with quality bandages""},{""url"":""/horse/grooming"",""title"":""Grooming Supplies"",""description"":""Keep your horse looking their best""}]"
/horse/bits,Bits,Bits | Buy Online | The Equestrian,"Shop premium bits including snaffle bits, pelham bits, weymouth bits and bit guards. Free shipping Australia-wide. Expert advice available. Find the...","Browse our extensive range of bits. Expertly selected for quality, durability, and performance. Whether you're competing or riding for leisure, find exactly what you need at The Equestrian.","<h2>Premium Bits</h2><p>Discover our comprehensive collection of bits, carefully curated to meet the demands of horses at every level. From competition-ready gear to everyday essentials, we stock only the finest brands known for quality, durability, and performance. Each product has been expertly selected by our team of equine specialists who understand what truly matters.</p><h3>What Makes Great Bits?</h3><ul><li><strong>Premium Quality:</strong> Expertly crafted from the finest materials for lasting performance</li><li><strong>Functional Design:</strong> Thoughtfully engineered to meet the specific needs of horses and riders</li><li><strong>Trusted Brands:</strong> Products from manufacturers with proven track records in equestrian sports</li><li><strong>Value:</strong> Investment pieces that deliver exceptional performance over time</li></ul><h3>Shop by Type</h3><p>Browse our specialized categories including <a href=""/horse/bits/accessories"">bits - bit accessories</a>. Each category features products from world-leading brands trusted by professional equestrians.</p>",,/horse,2,published,best-selling,"[{""question"":""How do I choose the right bits?"",""answer"":""Consider your specific needs, budget, and intended use. Read product descriptions carefully and check sizing information. Our customer reviews provide valuable insights from real users. If you're unsure, our expert team is always happy to provide personalized recommendations.""},{""question"":""Do you offer free shipping on bits?"",""answer"":""Yes! We offer free shipping on all orders within Australia. Orders are typically processed within 1-2 business days. For urgent needs, express shipping options are available at checkout.""}]",[]
/horse/bits/accessories,Bits - Bit Accessories,Bits - Bit Accessories | Premium Quality | The Equestrian,"Shop premium bits - bit accessories including snaffle bits, pelham bits, weymouth bits and bit guards. Free shipping Australia-wide. Expert advice available.","Browse our extensive range of bits - bit accessories. Expertly selected for quality, durability, and performance. Whether you're competing or riding for leisure, find exactly what you need at The Equestrian.","<h2>Premium Bits - Bit Accessories</h2><p>Welcome to our specialized bits - bit accessories collection. Whether you're a seasoned professional or just starting out, finding the right bits - bit accessories makes all the difference. We've assembled an exceptional range that combines cutting-edge technology with time-tested designs.</p><h3>What Makes Great Bits - Bit Accessories?</h3><ul><li><strong>Premium Quality:</strong> Expertly crafted from the finest materials for lasting performance</li><li><strong>Functional Design:</strong> Thoughtfully engineered to meet the specific needs of horses and riders</li><li><strong>Trusted Brands:</strong> Products from manufacturers with proven track records in equestrian sports</li><li><strong>Value:</strong> Investment pieces that deliver exceptional performance over time</li></ul>",,/horse/bits,3,published,best-selling,"[{""question"":""How do I choose the right bits - bit accessories?"",""answer"":""Consider your specific needs, budget, and intended use. Read product descriptions carefully and check sizing information. Our customer reviews provide valuable insights from real users. If you're unsure, our expert team is always happy to provide personalized recommendations.""},{""question"":""Do you offer free shipping on bits - bit accessories?"",""answer"":""Yes! We offer free shipping on all orders within Australia. Orders are typically processed within 1-2 business days. For urgent needs, express shipping options are available at checkout.""}]",[]
/horse/grooming,Grooming,Grooming | Buy Online | The Equestrian,"Shop premium grooming including brushes, combs, hoof picks and grooming kits. Free shipping Australia-wide. Expert advice available. Find the perfect gear...","Browse our extensive range of grooming. Expertly selected for quality, durability, and performance. Whether you're competing or riding for leisure, find exactly what you need at The Equestrian.","<h2>Premium Grooming</h2><p>Discover our comprehensive collection of grooming, carefully curated to meet the demands of horses at every level. From competition-ready gear to everyday essentials, we stock only the finest brands known for quality, durability, and performance. Each product has been expertly selected by our team of equine specialists who understand what truly matters.</p><h3>What Makes Great Grooming?</h3><ul><li><strong>Quality Tools:</strong> Professional-grade brushes and combs that effectively clean without damaging coat or skin</li><li><strong>Ergonomic Design:</strong> Comfortable grips that reduce hand fatigue during grooming sessions</li><li><strong>Effective Products:</strong> Shampoos and conditioners formulated specifically for equine coat and skin</li><li><strong>Complete Care:</strong> Everything needed for show preparation and daily maintenance</li></ul><h3>Shop by Type</h3><p>Browse our specialized categories including <a href=""/horse/grooming/show-prep"">show preparation</a>,<a href=""/horse/grooming/brushes"">horse grooming combs, brushes & mitts</a>, and <a href=""/horse/grooming/coat-care"">coat care</a>. Each category features products from world-leading brands trusted by professional equestrians.</p>",,/horse,2,published,best-selling,"[{""question"":""How do I choose the right grooming?"",""answer"":""Consider your specific needs, budget, and intended use. Read product descriptions carefully and check sizing information. Our customer reviews provide valuable insights from real users. If you're unsure, our expert team is always happy to provide personalized recommendations.""},{""question"":""Do you offer free shipping on grooming?"",""answer"":""Yes! We offer free shipping on all orders within Australia. Orders are typically processed within 1-2 business days. For urgent needs, express shipping options are available at checkout.""}]","[{""url"":""/horse/rugs"",""title"":""Horse Rugs"",""description"":""Keep your horse comfortable year-round""},{""url"":""/horse/stable"",""title"":""Stable Equipment"",""description"":""Complete stable management solutions""}]"
/horse/grooming/show-prep,Show Preparation,Show Preparation | Premium Quality | The Equestrian,"Shop premium show preparation including brushes, combs, hoof picks and grooming kits. Free shipping Australia-wide. Expert advice available. Find the...","Browse our extensive range of show preparation. Expertly selected for quality, durability, and performance. Whether you're competing or riding for leisure, find exactly what you need at The Equestrian.","<h2>Premium Show Preparation</h2><p>Welcome to our specialized show preparation collection. Whether you're a seasoned professional or just starting out, finding the right show preparation makes all the difference. We've assembled an exceptional range that combines cutting-edge technology with time-tested designs.</p><h3>What Makes Great Show Preparation?</h3><ul><li><strong>Quality Tools:</strong> Professional-grade brushes and combs that effectively clean without damaging coat or skin</li><li><strong>Ergonomic Design:</strong> Comfortable grips that reduce hand fatigue during grooming sessions</li><li><strong>Effective Products:</strong> Shampoos and conditioners formulated specifically for equine coat and skin</li><li><strong>Complete Care:</strong> Everything needed for show preparation and daily maintenance</li></ul>",,/horse/grooming,3,published,best-selling,"[{""question"":""How do I choose the right show preparation?"",""answer"":""Consider your specific needs, budget, and intended use. Read product descriptions carefully and check sizing information. Our customer reviews provide valuable insights from real users. If you're unsure, our expert team is always happy to provide personalized recommendations.""},{""question"":""Do you offer free shipping on show preparation?"",""answer"":""Yes! We offer free shipping on all orders within Australia. Orders are typically processed within 1-2 business days. For urgent needs, express shipping options are available at checkout.""}]","[{""url"":""/horse/rugs"",""title"":""Horse Rugs"",""description"":""Keep your horse comfortable year-round""},{""url"":""/horse/stable"",""title"":""Stable Equipment"",""description"":""Complete stable management solutions""}]"
/horse/grooming/brushes,"Horse Grooming Combs, Brushes & Mitts","Horse Grooming Combs, Brushes & Mitts | Premium Quality | The Equestrian","Shop premium horse grooming combs, brushes & mitts including brushes, combs, hoof picks and grooming kits. Free shipping Australia-wide. Expert advice...","Browse our extensive range of horse grooming combs, brushes & mitts. Expertly selected for quality, durability, and performance. Whether you're competing or riding for leisure, find exactly what you need at The Equestrian.","<h2>Premium Horse Grooming Combs, Brushes & Mitts</h2><p>Welcome to our specialized horse grooming combs, brushes & mitts collection. Whether you're a seasoned professional or just starting out, finding the right horse grooming combs, brushes & mitts makes all the difference. We've assembled an exceptional range that combines cutting-edge technology with time-tested designs.</p><h3>What Makes Great Horse Grooming Combs, Brushes & Mitts?</h3><ul><li><strong>Quality Tools:</strong> Professional-grade brushes and combs that effectively clean without damaging coat or skin</li><li><strong>Ergonomic Design:</strong> Comfortable grips that reduce hand fatigue during grooming sessions</li><li><strong>Effective Products:</strong> Shampoos and conditioners formulated specifically for equine coat and skin</li><li><strong>Complete Care:</strong> Everything needed for show preparation and daily maintenance</li></ul>",,/horse/grooming,3,published,best-selling,"[{""question"":""How do I choose the right horse grooming combs, brushes & mitts?"",""answer"":""Consider your specific needs, budget, and intended use. Read product descriptions carefully and check sizing information. Our customer reviews provide valuable insights from real users. If you're unsure, our expert team is always happy to provide personalized recommendations.""},{""question"":""Do you offer free shipping on horse grooming combs, brushes & mitts?"",""answer"":""Yes! We offer free shipping on all orders within Australia. Orders are typically processed within 1-2 business days. For urgent needs, express shipping options are available at checkout.""}]","[{""url"":""/horse/rugs"",""title"":""Horse Rugs"",""description"":""Keep your horse comfortable year-round""},{""url"":""/horse/stable"",""title"":""Stable Equipment"",""description"":""Complete stable management solutions""}]"
/horse/grooming/coat-care,Coat Care,Coat Care | Premium Quality | The Equestrian,"Shop premium coat care including brushes, combs, hoof picks and grooming kits. Free shipping Australia-wide. Expert advice available. Find the perfect gear...","Browse our extensive range of coat care. Expertly selected for quality, durability, and performance. Whether you're competing or riding for leisure, find exactly what you need at The Equestrian.","<h2>Premium Coat Care</h2><p>Welcome to our specialized coat care collection. Whether you're a seasoned professional or just starting out, finding the right coat care makes all the difference. We've assembled an exceptional range that combines cutting-edge technology with time-tested designs.</p><h3>What Makes Great Coat Care?</h3><ul><li><strong>Quality Tools:</strong> Professional-grade brushes and combs that effectively clean without damaging coat or skin</li><li><strong>Ergonomic Design:</strong> Comfortable grips that reduce hand fatigue during grooming sessions</li><li><strong>Effective Products:</strong> Shampoos and conditioners formulated specifically for equine coat and skin</li><li><strong>Complete Care:</strong> Everything needed for show preparation and daily maintenance</li></ul>",,/horse/grooming,3,published,best-selling,"[{""question"":""How do I choose the right coat care?"",""answer"":""Consider your specific needs, budget, and intended use. Read product descriptions carefully and check sizing information. Our customer reviews provide valuable insights from real users. If you're unsure, our expert team is always happy to provide personalized recommendations.""},{""question"":""Do you offer free shipping on coat care?"",""answer"":""Yes! We offer free shipping on all orders within Australia. Orders are typically processed within 1-2 business days. For urgent needs, express shipping options are available at checkout.""}]","[{""url"":""/horse/rugs"",""title"":""Horse Rugs"",""description"":""Keep your horse comfortable year-round""},{""url"":""/horse/stable"",""title"":""Stable Equipment"",""description"":""Complete stable management solutions""}]"
/horse/grooming/products,Grooming Products,Grooming Products | Premium Quality | The Equestrian,"Shop premium grooming products including brushes, combs, hoof picks and grooming kits. Free shipping Australia-wide. Expert advice available. Find the...","Browse our extensive range of grooming products. Expertly selected for quality, durability, and performance. Whether you're competing or riding for leisure, find exactly what you need at The Equestrian.","<h2>Premium Grooming Products</h2><p>Welcome to our specialized grooming products collection. Whether you're a seasoned professional or just starting out, finding the right grooming products makes all the difference. We've assembled an exceptional range that combines cutting-edge technology with time-tested designs.</p><h3>What Makes Great Grooming Products?</h3><ul><li><strong>Quality Tools:</strong> Professional-grade brushes and combs that effectively clean without damaging coat or skin</li><li><strong>Ergonomic Design:</strong> Comfortable grips that reduce hand fatigue during grooming sessions</li><li><strong>Effective Products:</strong> Shampoos and conditioners formulated specifically for equine coat and skin</li><li><strong>Complete Care:</strong> Everything needed for show preparation and daily maintenance</li></ul>",,/horse/grooming,3,published,best-selling,"[{""question"":""How do I choose the right grooming products?"",""answer"":""Consider your specific needs, budget, and intended use. Read product descriptions carefully and check sizing information. Our customer reviews provide valuable insights from real users. If you're unsure, our expert team is always happy to provide personalized recommendations.""},{""question"":""Do you offer free shipping on grooming products?"",""answer"":""Yes! We offer free shipping on all orders within Australia. Orders are typically processed within 1-2 business days. For urgent needs, express shipping options are available at checkout.""}]","[{""url"":""/horse/rugs"",""title"":""Horse Rugs"",""description"":""Keep your horse comfortable year-round""},{""url"":""/horse/stable"",""title"":""Stable Equipment"",""description"":""Complete stable management solutions""}]"
/horse/grooming/bags,Grooming Bags and Brushes,Grooming Bags and Brushes | Premium Quality | The Equestrian,"Shop premium grooming bags and brushes including brushes, combs, hoof picks and grooming kits. Free shipping Australia-wide. Expert advice available. Find...","Browse our extensive range of grooming bags and brushes. Expertly selected for quality, durability, and performance. Whether you're competing or riding for leisure, find exactly what you need at The Equestrian.","<h2>Premium Grooming Bags and Brushes</h2><p>Welcome to our specialized grooming bags and brushes collection. Whether you're a seasoned professional or just starting out, finding the right grooming bags and brushes makes all the difference. We've assembled an exceptional range that combines cutting-edge technology with time-tested designs.</p><h3>What Makes Great Grooming Bags and Brushes?</h3><ul><li><strong>Quality Tools:</strong> Professional-grade brushes and combs that effectively clean without damaging coat or skin</li><li><strong>Ergonomic Design:</strong> Comfortable grips that reduce hand fatigue during grooming sessions</li><li><strong>Effective Products:</strong> Shampoos and conditioners formulated specifically for equine coat and skin</li><li><strong>Complete Care:</strong> Everything needed for show preparation and daily maintenance</li></ul>",,/horse/grooming,3,published,best-selling,"[{""question"":""How do I choose the right grooming bags and brushes?"",""answer"":""Consider your specific needs, budget, and intended use. Read product descriptions carefully and check sizing information. Our customer reviews provide valuable insights from real users. If you're unsure, our expert team is always happy to provide personalized recommendations.""},{""question"":""Do you offer free shipping on grooming bags and brushes?"",""answer"":""Yes! We offer free shipping on all orders within Australia. Orders are typically processed within 1-2 business days. For urgent needs, express shipping options are available at checkout.""}]","[{""url"":""/horse/rugs"",""title"":""Horse Rugs"",""description"":""Keep your horse comfortable year-round""},{""url"":""/horse/stable"",""title"":""Stable Equipment"",""description"":""Complete stable management solutions""}]"
/horse/grooming/plaiting,Plaiting,Plaiting | Premium Quality | The Equestrian,"Shop premium plaiting including brushes, combs, hoof picks and grooming kits. Free shipping Australia-wide. Expert advice available. Find the perfect gear...","Browse our extensive range of plaiting. Expertly selected for quality, durability, and performance. Whether you're competing or riding for leisure, find exactly what you need at The Equestrian.","<h2>Premium Plaiting</h2><p>Welcome to our specialized plaiting collection. Whether you're a seasoned professional or just starting out, finding the right plaiting makes all the difference. We've assembled an exceptional range that combines cutting-edge technology with time-tested designs.</p><h3>What Makes Great Plaiting?</h3><ul><li><strong>Quality Tools:</strong> Professional-grade brushes and combs that effectively clean without damaging coat or skin</li><li><strong>Ergonomic Design:</strong> Comfortable grips that reduce hand fatigue during grooming sessions</li><li><strong>Effective Products:</strong> Shampoos and conditioners formulated specifically for equine coat and skin</li><li><strong>Complete Care:</strong> Everything needed for show preparation and daily maintenance</li></ul>",,/horse/grooming,3,published,best-selling,"[{""question"":""How do I choose the right plaiting?"",""answer"":""Consider your specific needs, budget, and intended use. Read product descriptions carefully and check sizing information. Our customer reviews provide valuable insights from real users. If you're unsure, our expert team is always happy to provide personalized recommendations.""},{""question"":""Do you offer free shipping on plaiting?"",""answer"":""Yes! We offer free shipping on all orders within Australia. Orders are typically processed within 1-2 business days. For urgent needs, express shipping options are available at checkout.""}]","[{""url"":""/horse/rugs"",""title"":""Horse Rugs"",""description"":""Keep your horse comfortable year-round""},{""url"":""/horse/stable"",""title"":""Stable Equipment"",""description"":""Complete stable management solutions""}]"
/horse/grooming/shampoo,Shampoo,Shampoo | Premium Quality | The Equestrian,"Shop premium shampoo including brushes, combs, hoof picks and grooming kits. Free shipping Australia-wide. Expert advice available. Find the perfect gear...","Browse our extensive range of shampoo. Expertly selected for quality, durability, and performance. Whether you're competing or riding for leisure, find exactly what you need at The Equestrian.","<h2>Premium Shampoo</h2><p>Welcome to our specialized shampoo collection. Whether you're a seasoned professional or just starting out, finding the right shampoo makes all the difference. We've assembled an exceptional range that combines cutting-edge technology with time-tested designs.</p><h3>What Makes Great Shampoo?</h3><ul><li><strong>Quality Tools:</strong> Professional-grade brushes and combs that effectively clean without damaging coat or skin</li><li><strong>Ergonomic Design:</strong> Comfortable grips that reduce hand fatigue during grooming sessions</li><li><strong>Effective Products:</strong> Shampoos and conditioners formulated specifically for equine coat and skin</li><li><strong>Complete Care:</strong> Everything needed for show preparation and daily maintenance</li></ul>",,/horse/grooming,3,published,best-selling,"[{""question"":""How do I choose the right shampoo?"",""answer"":""Consider your specific needs, budget, and intended use. Read product descriptions carefully and check sizing information. Our customer reviews provide valuable insights from real users. If you're unsure, our expert team is always happy to provide personalized recommendations.""},{""question"":""Do you offer free shipping on shampoo?"",""answer"":""Yes! We offer free shipping on all orders within Australia. Orders are typically processed within 1-2 business days. For urgent needs, express shipping options are available at checkout.""}]","[{""url"":""/horse/rugs"",""title"":""Horse Rugs"",""description"":""Keep your horse comfortable year-round""},{""url"":""/horse/stable"",""title"":""Stable Equipment"",""description"":""Complete stable management solutions""}]"
/horse/supplements,Supplements,Supplements | Buy Online | The Equestrian,"Shop premium supplements including joint supplements, digestive aids, vitamins and electrolytes. Free shipping Australia-wide. Expert advice available.","Browse our extensive range of supplements. Expertly selected for quality, durability, and performance. Whether you're competing or riding for leisure, find exactly what you need at The Equestrian.","<h2>Premium Supplements</h2><p>Discover our comprehensive collection of supplements, carefully curated to meet the demands of horses at every level. From competition-ready gear to everyday essentials, we stock only the finest brands known for quality, durability, and performance. Each product has been expertly selected by our team of equine specialists who understand what truly matters.</p><h3>What Makes Great Supplements?</h3><ul><li><strong>Premium Quality:</strong> Expertly crafted from the finest materials for lasting performance</li><li><strong>Functional Design:</strong> Thoughtfully engineered to meet the specific needs of horses and riders</li><li><strong>Trusted Brands:</strong> Products from manufacturers with proven track records in equestrian sports</li><li><strong>Value:</strong> Investment pieces that deliver exceptional performance over time</li></ul><h3>Shop by Category</h3><p>Browse our specialized categories to find exactly what you need. Each section features products from world-leading brands trusted by professional equestrians. Not sure where to start? Our expert team is always here to help you make the right choice.</p>",,/horse,2,published,best-selling,"[{""question"":""How do I choose the right supplements?"",""answer"":""Consider your specific needs, budget, and intended use. Read product descriptions carefully and check sizing information. Our customer reviews provide valuable insights from real users. If you're unsure, our expert team is always happy to provide personalized recommendations.""},{""question"":""Do you offer free shipping on supplements?"",""answer"":""Yes! We offer free shipping on all orders within Australia. Orders are typically processed within 1-2 business days. For urgent needs, express shipping options are available at checkout.""}]",[]
/horse/pads,Saddle Cloths,Saddle Cloths | Buy Online | The Equestrian,"Shop premium saddle cloths including saddles, rugs, boots and tack. Free shipping Australia-wide. Expert advice available. Find the perfect gear for your needs.","Browse our extensive range of saddle cloths. Expertly selected for quality, durability, and performance. Whether you're competing or riding for leisure, find exactly what you need at The Equestrian.","<h2>Premium Saddle Cloths</h2><p>Discover our comprehensive collection of saddle cloths, carefully curated to meet the demands of horses at every level. From competition-ready gear to everyday essentials, we stock only the finest brands known for quality, durability, and performance. Each product has been expertly selected by our team of equine specialists who understand what truly matters.</p><h3>What Makes Great Saddle Cloths?</h3><ul><li><strong>Premium Quality:</strong> Expertly crafted from the finest materials for lasting performance</li><li><strong>Functional Design:</strong> Thoughtfully engineered to meet the specific needs of horses and riders</li><li><strong>Trusted Brands:</strong> Products from manufacturers with proven track records in equestrian sports</li><li><strong>Value:</strong> Investment pieces that deliver exceptional performance over time</li></ul><h3>Shop by Type</h3><p>Browse our specialized categories including <a href=""/horse/pads/wither-pads"">wither & back pads</a>,<a href=""/horse/pads/western"">western pads</a>, and <a href=""/horse/pads/gel-pads"">gel & comfort pads</a>. Each category features products from world-leading brands trusted by professional equestrians.</p>",,/horse,2,published,best-selling,"[{""question"":""How do I choose the right saddle cloths?"",""answer"":""Consider your specific needs, budget, and intended use. Read product descriptions carefully and check sizing information. Our customer reviews provide valuable insights from real users. If you're unsure, our expert team is always happy to provide personalized recommendations.""},{""question"":""Do you offer free shipping on saddle cloths?"",""answer"":""Yes! We offer free shipping on all orders within Australia. Orders are typically processed within 1-2 business days. For urgent needs, express shipping options are available at checkout.""}]",[]
/horse/pads/wither-pads,Wither & Back Pads,Wither & Back Pads | Premium Quality | The Equestrian,"Shop premium wither & back pads including saddles, rugs, boots and tack. Free shipping Australia-wide. Expert advice available. Find the perfect gear for...","Browse our extensive range of wither & back pads. Expertly selected for quality, durability, and performance. Whether you're competing or riding for leisure, find exactly what you need at The Equestrian.","<h2>Premium Wither & Back Pads</h2><p>Welcome to our specialized wither & back pads collection. Whether you're a seasoned professional or just starting out, finding the right wither & back pads makes all the difference. We've assembled an exceptional range that combines cutting-edge technology with time-tested designs.</p><h3>What Makes Great Wither & Back Pads?</h3><ul><li><strong>Premium Quality:</strong> Expertly crafted from the finest materials for lasting performance</li><li><strong>Functional Design:</strong> Thoughtfully engineered to meet the specific needs of horses and riders</li><li><strong>Trusted Brands:</strong> Products from manufacturers with proven track records in equestrian sports</li><li><strong>Value:</strong> Investment pieces that deliver exceptional performance over time</li></ul>",,/horse/pads,3,published,best-selling,"[{""question"":""How do I choose the right wither & back pads?"",""answer"":""Consider your specific needs, budget, and intended use. Read product descriptions carefully and check sizing information. Our customer reviews provide valuable insights from real users. If you're unsure, our expert team is always happy to provide personalized recommendations.""},{""question"":""Do you offer free shipping on wither & back pads?"",""answer"":""Yes! We offer free shipping on all orders within Australia. Orders are typically processed within 1-2 business days. For urgent needs, express shipping options are available at checkout.""}]",[]
/horse/pads/western,Western Pads,Western Pads | Premium Quality | The Equestrian,"Shop premium western pads including saddles, rugs, boots and tack. Free shipping Australia-wide. Expert advice available. Find the perfect gear for your needs.","Browse our extensive range of western pads. Expertly selected for quality, durability, and performance. Whether you're competing or riding for leisure, find exactly what you need at The Equestrian.","<h2>Premium Western Pads</h2><p>Welcome to our specialized western pads collection. Whether you're a seasoned professional or just starting out, finding the right western pads makes all the difference. We've assembled an exceptional range that combines cutting-edge technology with time-tested designs.</p><h3>What Makes Great Western Pads?</h3><ul><li><strong>Premium Quality:</strong> Expertly crafted from the finest materials for lasting performance</li><li><strong>Functional Design:</strong> Thoughtfully engineered to meet the specific needs of horses and riders</li><li><strong>Trusted Brands:</strong> Products from manufacturers with proven track records in equestrian sports</li><li><strong>Value:</strong> Investment pieces that deliver exceptional performance over time</li></ul>",,/horse/pads,3,published,best-selling,"[{""question"":""How do I choose the right western pads?"",""answer"":""Consider your specific needs, budget, and intended use. Read product descriptions carefully and check sizing information. Our customer reviews provide valuable insights from real users. If you're unsure, our expert team is always happy to provide personalized recommendations.""},{""question"":""Do you offer free shipping on western pads?"",""answer"":""Yes! We offer free shipping on all orders within Australia. Orders are typically processed within 1-2 business days. For urgent needs, express shipping options are available at checkout.""}]",[]
/horse/pads/gel-pads,Gel & Comfort Pads,Gel & Comfort Pads | Premium Quality | The Equestrian,"Shop premium gel & comfort pads including saddles, rugs, boots and tack. Free shipping Australia-wide. Expert advice available. Find the perfect gear for...","Browse our extensive range of gel & comfort pads. Expertly selected for quality, durability, and performance. Whether you're competing or riding for leisure, find exactly what you need at The Equestrian.","<h2>Premium Gel & Comfort Pads</h2><p>Welcome to our specialized gel & comfort pads collection. Whether you're a seasoned professional or just starting out, finding the right gel & comfort pads makes all the difference. We've assembled an exceptional range that combines cutting-edge technology with time-tested designs.</p><h3>What Makes Great Gel & Comfort Pads?</h3><ul><li><strong>Premium Quality:</strong> Expertly crafted from the finest materials for lasting performance</li><li><strong>Functional Design:</strong> Thoughtfully engineered to meet the specific needs of horses and riders</li><li><strong>Trusted Brands:</strong> Products from manufacturers with proven track records in equestrian sports</li><li><strong>Value:</strong> Investment pieces that deliver exceptional performance over time</li></ul>",,/horse/pads,3,published,best-selling,"[{""question"":""How do I choose the right gel & comfort pads?"",""answer"":""Consider your specific needs, budget, and intended use. Read product descriptions carefully and check sizing information. Our customer reviews provide valuable insights from real users. If you're unsure, our expert team is always happy to provide personalized recommendations.""},{""question"":""Do you offer free shipping on gel & comfort pads?"",""answer"":""Yes! We offer free shipping on all orders within Australia. Orders are typically processed within 1-2 business days. For urgent needs, express shipping options are available at checkout.""}]",[]
/horse/pads/dressage,Dressage Pads,Dressage Pads | Premium Quality | The Equestrian,"Shop premium dressage pads including saddles, rugs, boots and tack. Free shipping Australia-wide. Expert advice available. Find the perfect gear for your needs.","Browse our extensive range of dressage pads. Expertly selected for quality, durability, and performance. Whether you're competing or riding for leisure, find exactly what you need at The Equestrian.","<h2>Premium Dressage Pads</h2><p>Welcome to our specialized dressage pads collection. Whether you're a seasoned professional or just starting out, finding the right dressage pads makes all the difference. We've assembled an exceptional range that combines cutting-edge technology with time-tested designs.</p><h3>What Makes Great Dressage Pads?</h3><ul><li><strong>Premium Quality:</strong> Expertly crafted from the finest materials for lasting performance</li><li><strong>Functional Design:</strong> Thoughtfully engineered to meet the specific needs of horses and riders</li><li><strong>Trusted Brands:</strong> Products from manufacturers with proven track records in equestrian sports</li><li><strong>Value:</strong> Investment pieces that deliver exceptional performance over time</li></ul>",,/horse/pads,3,published,best-selling,"[{""question"":""How do I choose the right dressage pads?"",""answer"":""Consider your specific needs, budget, and intended use. Read product descriptions carefully and check sizing information. Our customer reviews provide valuable insights from real users. If you're unsure, our expert team is always happy to provide personalized recommendations.""},{""question"":""Do you offer free shipping on dressage pads?"",""answer"":""Yes! We offer free shipping on all orders within Australia. Orders are typically processed within 1-2 business days. For urgent needs, express shipping options are available at checkout.""}]",[]
/horse/pads/half-pads,Half Pads,Half Pads | Premium Quality | The Equestrian,"Shop premium half pads including saddles, rugs, boots and tack. Free shipping Australia-wide. Expert advice available. Find the perfect gear for your needs.","Browse our extensive range of half pads. Expertly selected for quality, durability, and performance. Whether you're competing or riding for leisure, find exactly what you need at The Equestrian.","<h2>Premium Half Pads</h2><p>Welcome to our specialized half pads collection. Whether you're a seasoned professional or just starting out, finding the right half pads makes all the difference. We've assembled an exceptional range that combines cutting-edge technology with time-tested designs.</p><h3>What Makes Great Half Pads?</h3><ul><li><strong>Premium Quality:</strong> Expertly crafted from the finest materials for lasting performance</li><li><strong>Functional Design:</strong> Thoughtfully engineered to meet the specific needs of horses and riders</li><li><strong>Trusted Brands:</strong> Products from manufacturers with proven track records in equestrian sports</li><li><strong>Value:</strong> Investment pieces that deliver exceptional performance over time</li></ul>",,/horse/pads,3,published,best-selling,"[{""question"":""How do I choose the right half pads?"",""answer"":""Consider your specific needs, budget, and intended use. Read product descriptions carefully and check sizing information. Our customer reviews provide valuable insights from real users. If you're unsure, our expert team is always happy to provide personalized recommendations.""},{""question"":""Do you offer free shipping on half pads?"",""answer"":""Yes! We offer free shipping on all orders within Australia. Orders are typically processed within 1-2 business days. For urgent needs, express shipping options are available at checkout.""}]",[]
/horse/pads/wither-relief,Wither relief saddlepad,Wither relief saddlepad | Premium Quality | The Equestrian,"Shop premium wither relief saddlepad including saddles, rugs, boots and tack. Free shipping Australia-wide. Expert advice available. Find the perfect gear...","Browse our extensive range of wither relief saddlepad. Expertly selected for quality, durability, and performance. Whether you're competing or riding for leisure, find exactly what you need at The Equestrian.","<h2>Premium Wither relief saddlepad</h2><p>Welcome to our specialized wither relief saddlepad collection. Whether you're a seasoned professional or just starting out, finding the right wither relief saddlepad makes all the difference. We've assembled an exceptional range that combines cutting-edge technology with time-tested designs.</p><h3>What Makes Great Wither relief saddlepad?</h3><ul><li><strong>Premium Quality:</strong> Expertly crafted from the finest materials for lasting performance</li><li><strong>Functional Design:</strong> Thoughtfully engineered to meet the specific needs of horses and riders</li><li><strong>Trusted Brands:</strong> Products from manufacturers with proven track records in equestrian sports</li><li><strong>Value:</strong> Investment pieces that deliver exceptional performance over time</li></ul>",,/horse/pads,3,published,best-selling,"[{""question"":""How do I choose the right wither relief saddlepad?"",""answer"":""Consider your specific needs, budget, and intended use. Read product descriptions carefully and check sizing information. Our customer reviews provide valuable insights from real users. If you're unsure, our expert team is always happy to provide personalized recommendations.""},{""question"":""Do you offer free shipping on wither relief saddlepad?"",""answer"":""Yes! We offer free shipping on all orders within Australia. Orders are typically processed within 1-2 business days. For urgent needs, express shipping options are available at checkout.""}]",[]
/horse/pads/jumping,Jump Pad,Jump Pad | Premium Quality | The Equestrian,"Shop premium jump pad including saddles, rugs, boots and tack. Free shipping Australia-wide. Expert advice available. Find the perfect gear for your needs.","Browse our extensive range of jump pad. Expertly selected for quality, durability, and performance. Whether you're competing or riding for leisure, find exactly what you need at The Equestrian.","<h2>Premium Jump Pad</h2><p>Welcome to our specialized jump pad collection. Whether you're a seasoned professional or just starting out, finding the right jump pad makes all the difference. We've assembled an exceptional range that combines cutting-edge technology with time-tested designs.</p><h3>What Makes Great Jump Pad?</h3><ul><li><strong>Premium Quality:</strong> Expertly crafted from the finest materials for lasting performance</li><li><strong>Functional Design:</strong> Thoughtfully engineered to meet the specific needs of horses and riders</li><li><strong>Trusted Brands:</strong> Products from manufacturers with proven track records in equestrian sports</li><li><strong>Value:</strong> Investment pieces that deliver exceptional performance over time</li></ul>",,/horse/pads,3,published,best-selling,"[{""question"":""How do I choose the right jump pad?"",""answer"":""Consider your specific needs, budget, and intended use. Read product descriptions carefully and check sizing information. Our customer reviews provide valuable insights from real users. If you're unsure, our expert team is always happy to provide personalized recommendations.""},{""question"":""Do you offer free shipping on jump pad?"",""answer"":""Yes! We offer free shipping on all orders within Australia. Orders are typically processed within 1-2 business days. For urgent needs, express shipping options are available at checkout.""}]",[]
/horse/pads/all-purpose,All Purpose Pads,All Purpose Pads | Premium Quality | The Equestrian,"Shop premium all purpose pads including saddles, rugs, boots and tack. Free shipping Australia-wide. Expert advice available. Find the perfect gear for...","Browse our extensive range of all purpose pads. Expertly selected for quality, durability, and performance. Whether you're competing or riding for leisure, find exactly what you need at The Equestrian.","<h2>Premium All Purpose Pads</h2><p>Welcome to our specialized all purpose pads collection. Whether you're a seasoned professional or just starting out, finding the right all purpose pads makes all the difference. We've assembled an exceptional range that combines cutting-edge technology with time-tested designs.</p><h3>What Makes Great All Purpose Pads?</h3><ul><li><strong>Premium Quality:</strong> Expertly crafted from the finest materials for lasting performance</li><li><strong>Functional Design:</strong> Thoughtfully engineered to meet the specific needs of horses and riders</li><li><strong>Trusted Brands:</strong> Products from manufacturers with proven track records in equestrian sports</li><li><strong>Value:</strong> Investment pieces that deliver exceptional performance over time</li></ul>",,/horse/pads,3,published,best-selling,"[{""question"":""How do I choose the right all purpose pads?"",""answer"":""Consider your specific needs, budget, and intended use. Read product descriptions carefully and check sizing information. Our customer reviews provide valuable insights from real users. If you're unsure, our expert team is always happy to provide personalized recommendations.""},{""question"":""Do you offer free shipping on all purpose pads?"",""answer"":""Yes! We offer free shipping on all orders within Australia. Orders are typically processed within 1-2 business days. For urgent needs, express shipping options are available at checkout.""}]",[]
/horse/halters,Headstalls,Headstalls | Buy Online | The Equestrian,"Shop premium headstalls including saddles, rugs, boots and tack. Free shipping Australia-wide. Expert advice available. Find the perfect gear for your needs.","Browse our extensive range of headstalls. Expertly selected for quality, durability, and performance. Whether you're competing or riding for leisure, find exactly what you need at The Equestrian.","<h2>Premium Headstalls</h2><p>Discover our comprehensive collection of headstalls, carefully curated to meet the demands of horses at every level. From competition-ready gear to everyday essentials, we stock only the finest brands known for quality, durability, and performance. Each product has been expertly selected by our team of equine specialists who understand what truly matters.</p><h3>What Makes Great Headstalls?</h3><ul><li><strong>Premium Quality:</strong> Expertly crafted from the finest materials for lasting performance</li><li><strong>Functional Design:</strong> Thoughtfully engineered to meet the specific needs of horses and riders</li><li><strong>Trusted Brands:</strong> Products from manufacturers with proven track records in equestrian sports</li><li><strong>Value:</strong> Investment pieces that deliver exceptional performance over time</li></ul><h3>Shop by Type</h3><p>Browse our specialized categories including <a href=""/horse/halters/leads"">leads & snap hooks</a>, and <a href=""/horse/halters/lead-ropes"">lead rope</a>. Each category features products from world-leading brands trusted by professional equestrians.</p>",,/horse,2,published,best-selling,"[{""question"":""How do I choose the right headstalls?"",""answer"":""Consider your specific needs, budget, and intended use. Read product descriptions carefully and check sizing information. Our customer reviews provide valuable insights from real users. If you're unsure, our expert team is always happy to provide personalized recommendations.""},{""question"":""Do you offer free shipping on headstalls?"",""answer"":""Yes! We offer free shipping on all orders within Australia. Orders are typically processed within 1-2 business days. For urgent needs, express shipping options are available at checkout.""}]",[]
/horse/halters/leads,Leads & Snap Hooks,Leads & Snap Hooks | Premium Quality | The Equestrian,"Shop premium leads & snap hooks including saddles, rugs, boots and tack. Free shipping Australia-wide. Expert advice available. Find the perfect gear for...","Browse our extensive range of leads & snap hooks. Expertly selected for quality, durability, and performance. Whether you're competing or riding for leisure, find exactly what you need at The Equestrian.","<h2>Premium Leads & Snap Hooks</h2><p>Welcome to our specialized leads & snap hooks collection. Whether you're a seasoned professional or just starting out, finding the right leads & snap hooks makes all the difference. We've assembled an exceptional range that combines cutting-edge technology with time-tested designs.</p><h3>What Makes Great Leads & Snap Hooks?</h3><ul><li><strong>Premium Quality:</strong> Expertly crafted from the finest materials for lasting performance</li><li><strong>Functional Design:</strong> Thoughtfully engineered to meet the specific needs of horses and riders</li><li><strong>Trusted Brands:</strong> Products from manufacturers with proven track records in equestrian sports</li><li><strong>Value:</strong> Investment pieces that deliver exceptional performance over time</li></ul>",,/horse/halters,3,published,best-selling,"[{""question"":""How do I choose the right leads & snap hooks?"",""answer"":""Consider your specific needs, budget, and intended use. Read product descriptions carefully and check sizing information. Our customer reviews provide valuable insights from real users. If you're unsure, our expert team is always happy to provide personalized recommendations.""},{""question"":""Do you offer free shipping on leads & snap hooks?"",""answer"":""Yes! We offer free shipping on all orders within Australia. Orders are typically processed within 1-2 business days. For urgent needs, express shipping options are available at checkout.""}]",[]
/horse/halters/lead-ropes,Lead Rope,Lead Rope | Premium Quality | The Equestrian,"Shop premium lead rope including saddles, rugs, boots and tack. Free shipping Australia-wide. Expert advice available. Find the perfect gear for your needs.","Browse our extensive range of lead rope. Expertly selected for quality, durability, and performance. Whether you're competing or riding for leisure, find exactly what you need at The Equestrian.","<h2>Premium Lead Rope</h2><p>Welcome to our specialized lead rope collection. Whether you're a seasoned professional or just starting out, finding the right lead rope makes all the difference. We've assembled an exceptional range that combines cutting-edge technology with time-tested designs.</p><h3>What Makes Great Lead Rope?</h3><ul><li><strong>Premium Quality:</strong> Expertly crafted from the finest materials for lasting performance</li><li><strong>Functional Design:</strong> Thoughtfully engineered to meet the specific needs of horses and riders</li><li><strong>Trusted Brands:</strong> Products from manufacturers with proven track records in equestrian sports</li><li><strong>Value:</strong> Investment pieces that deliver exceptional performance over time</li></ul>",,/horse/halters,3,published,best-selling,"[{""question"":""How do I choose the right lead rope?"",""answer"":""Consider your specific needs, budget, and intended use. Read product descriptions carefully and check sizing information. Our customer reviews provide valuable insights from real users. If you're unsure, our expert team is always happy to provide personalized recommendations.""},{""question"":""Do you offer free shipping on lead rope?"",""answer"":""Yes! We offer free shipping on all orders within Australia. Orders are typically processed within 1-2 business days. For urgent needs, express shipping options are available at checkout.""}]",[]
/horse/racing,Racing & PVC,Racing & PVC | Buy Online | The Equestrian,"Shop premium racing & pvc including saddles, rugs, boots and tack. Free shipping Australia-wide. Expert advice available. Find the perfect gear for your needs.","Browse our extensive range of racing & pvc. Expertly selected for quality, durability, and performance. Whether you're competing or riding for leisure, find exactly what you need at The Equestrian.","<h2>Premium Racing & PVC</h2><p>Discover our comprehensive collection of racing & pvc, carefully curated to meet the demands of horses at every level. From competition-ready gear to everyday essentials, we stock only the finest brands known for quality, durability, and performance. Each product has been expertly selected by our team of equine specialists who understand what truly matters.</p><h3>What Makes Great Racing & PVC?</h3><ul><li><strong>Premium Quality:</strong> Expertly crafted from the finest materials for lasting performance</li><li><strong>Functional Design:</strong> Thoughtfully engineered to meet the specific needs of horses and riders</li><li><strong>Trusted Brands:</strong> Products from manufacturers with proven track records in equestrian sports</li><li><strong>Value:</strong> Investment pieces that deliver exceptional performance over time</li></ul><h3>Shop by Type</h3><p>Browse our specialized categories including <a href=""/horse/racing/harness"">harness racing</a>. Each category features products from world-leading brands trusted by professional equestrians.</p>",,/horse,2,published,best-selling,"[{""question"":""How do I choose the right racing & pvc?"",""answer"":""Consider your specific needs, budget, and intended use. Read product descriptions carefully and check sizing information. Our customer reviews provide valuable insights from real users. If you're unsure, our expert team is always happy to provide personalized recommendations.""},{""question"":""Do you offer free shipping on racing & pvc?"",""answer"":""Yes! We offer free shipping on all orders within Australia. Orders are typically processed within 1-2 business days. For urgent needs, express shipping options are available at checkout.""}]",[]
/horse/racing/harness,Harness Racing,Harness Racing | Premium Quality | The Equestrian,"Shop premium harness racing including saddles, rugs, boots and tack. Free shipping Australia-wide. Expert advice available. Find the perfect gear for your...","Browse our extensive range of harness racing. Expertly selected for quality, durability, and performance. Whether you're competing or riding for leisure, find exactly what you need at The Equestrian.","<h2>Premium Harness Racing</h2><p>Welcome to our specialized harness racing collection. Whether you're a seasoned professional or just starting out, finding the right harness racing makes all the difference. We've assembled an exceptional range that combines cutting-edge technology with time-tested designs.</p><h3>What Makes Great Harness Racing?</h3><ul><li><strong>Premium Quality:</strong> Expertly crafted from the finest materials for lasting performance</li><li><strong>Functional Design:</strong> Thoughtfully engineered to meet the specific needs of horses and riders</li><li><strong>Trusted Brands:</strong> Products from manufacturers with proven track records in equestrian sports</li><li><strong>Value:</strong> Investment pieces that deliver exceptional performance over time</li></ul>",,/horse/racing,3,published,best-selling,"[{""question"":""How do I choose the right harness racing?"",""answer"":""Consider your specific needs, budget, and intended use. Read product descriptions carefully and check sizing information. Our customer reviews provide valuable insights from real users. If you're unsure, our expert team is always happy to provide personalized recommendations.""},{""question"":""Do you offer free shipping on harness racing?"",""answer"":""Yes! We offer free shipping on all orders within Australia. Orders are typically processed within 1-2 business days. For urgent needs, express shipping options are available at checkout.""}]",[]
/horse/veterinary,Health Care,Health Care | Buy Online | The Equestrian,"Shop premium health care including saddles, rugs, boots and tack. Free shipping Australia-wide. Expert advice available. Find the perfect gear for your needs.","Browse our extensive range of health care. Expertly selected for quality, durability, and performance. Whether you're competing or riding for leisure, find exactly what you need at The Equestrian.","<h2>Premium Health Care</h2><p>Discover our comprehensive collection of health care, carefully curated to meet the demands of horses at every level. From competition-ready gear to everyday essentials, we stock only the finest brands known for quality, durability, and performance. Each product has been expertly selected by our team of equine specialists who understand what truly matters.</p><h3>What Makes Great Health Care?</h3><ul><li><strong>Premium Quality:</strong> Expertly crafted from the finest materials for lasting performance</li><li><strong>Functional Design:</strong> Thoughtfully engineered to meet the specific needs of horses and riders</li><li><strong>Trusted Brands:</strong> Products from manufacturers with proven track records in equestrian sports</li><li><strong>Value:</strong> Investment pieces that deliver exceptional performance over time</li></ul><h3>Shop by Type</h3><p>Browse our specialized categories including <a href=""/horse/veterinary/first-aid"">first aid & dressings</a>. Each category features products from world-leading brands trusted by professional equestrians.</p>",,/horse,2,published,best-selling,"[{""question"":""How do I choose the right health care?"",""answer"":""Consider your specific needs, budget, and intended use. Read product descriptions carefully and check sizing information. Our customer reviews provide valuable insights from real users. If you're unsure, our expert team is always happy to provide personalized recommendations.""},{""question"":""Do you offer free shipping on health care?"",""answer"":""Yes! We offer free shipping on all orders within Australia. Orders are typically processed within 1-2 business days. For urgent needs, express shipping options are available at checkout.""}]",[]
/horse/veterinary/first-aid,First Aid & Dressings,First Aid & Dressings | Premium Quality | The Equestrian,"Shop premium first aid & dressings including saddles, rugs, boots and tack. Free shipping Australia-wide. Expert advice available. Find the perfect gear...","Browse our extensive range of first aid & dressings. Expertly selected for quality, durability, and performance. Whether you're competing or riding for leisure, find exactly what you need at The Equestrian.","<h2>Premium First Aid & Dressings</h2><p>Welcome to our specialized first aid & dressings collection. Whether you're a seasoned professional or just starting out, finding the right first aid & dressings makes all the difference. We've assembled an exceptional range that combines cutting-edge technology with time-tested designs.</p><h3>What Makes Great First Aid & Dressings?</h3><ul><li><strong>Premium Quality:</strong> Expertly crafted from the finest materials for lasting performance</li><li><strong>Functional Design:</strong> Thoughtfully engineered to meet the specific needs of horses and riders</li><li><strong>Trusted Brands:</strong> Products from manufacturers with proven track records in equestrian sports</li><li><strong>Value:</strong> Investment pieces that deliver exceptional performance over time</li></ul>",,/horse/veterinary,3,published,best-selling,"[{""question"":""How do I choose the right first aid & dressings?"",""answer"":""Consider your specific needs, budget, and intended use. Read product descriptions carefully and check sizing information. Our customer reviews provide valuable insights from real users. If you're unsure, our expert team is always happy to provide personalized recommendations.""},{""question"":""Do you offer free shipping on first aid & dressings?"",""answer"":""Yes! We offer free shipping on all orders within Australia. Orders are typically processed within 1-2 business days. For urgent needs, express shipping options are available at checkout.""}]",[]
/horse/stable,Stable Equipment,Stable Equipment | Buy Online | The Equestrian,"Shop premium stable equipment including saddles, rugs, boots and tack. Free shipping Australia-wide. Expert advice available. Find the perfect gear for...","Browse our extensive range of stable equipment. Expertly selected for quality, durability, and performance. Whether you're competing or riding for leisure, find exactly what you need at The Equestrian.","<h2>Premium Stable Equipment</h2><p>Discover our comprehensive collection of stable equipment, carefully curated to meet the demands of horses at every level. From competition-ready gear to everyday essentials, we stock only the finest brands known for quality, durability, and performance. Each product has been expertly selected by our team of equine specialists who understand what truly matters.</p><h3>What Makes Great Stable Equipment?</h3><ul><li><strong>Premium Quality:</strong> Expertly crafted from the finest materials for lasting performance</li><li><strong>Functional Design:</strong> Thoughtfully engineered to meet the specific needs of horses and riders</li><li><strong>Trusted Brands:</strong> Products from manufacturers with proven track records in equestrian sports</li><li><strong>Value:</strong> Investment pieces that deliver exceptional performance over time</li></ul><h3>Shop by Type</h3><p>Browse our specialized categories including <a href=""/horse/stable/leather-care"">leather care & proofing</a>,<a href=""/horse/stable/farrier"">farrier</a>, and <a href=""/horse/stable/treats"">horse treats & toys</a>. Each category features products from world-leading brands trusted by professional equestrians.</p>",,/horse,2,published,best-selling,"[{""question"":""How do I choose the right stable equipment?"",""answer"":""Consider your specific needs, budget, and intended use. Read product descriptions carefully and check sizing information. Our customer reviews provide valuable insights from real users. If you're unsure, our expert team is always happy to provide personalized recommendations.""},{""question"":""Do you offer free shipping on stable equipment?"",""answer"":""Yes! We offer free shipping on all orders within Australia. Orders are typically processed within 1-2 business days. For urgent needs, express shipping options are available at checkout.""}]",[]
/horse/stable/leather-care,Leather Care & Proofing,Leather Care & Proofing | Premium Quality | The Equestrian,"Shop premium leather care & proofing including saddles, rugs, boots and tack. Free shipping Australia-wide. Expert advice available. Find the perfect gear...","Browse our extensive range of leather care & proofing. Expertly selected for quality, durability, and performance. Whether you're competing or riding for leisure, find exactly what you need at The Equestrian.","<h2>Premium Leather Care & Proofing</h2><p>Welcome to our specialized leather care & proofing collection. Whether you're a seasoned professional or just starting out, finding the right leather care & proofing makes all the difference. We've assembled an exceptional range that combines cutting-edge technology with time-tested designs.</p><h3>What Makes Great Leather Care & Proofing?</h3><ul><li><strong>Premium Quality:</strong> Expertly crafted from the finest materials for lasting performance</li><li><strong>Functional Design:</strong> Thoughtfully engineered to meet the specific needs of horses and riders</li><li><strong>Trusted Brands:</strong> Products from manufacturers with proven track records in equestrian sports</li><li><strong>Value:</strong> Investment pieces that deliver exceptional performance over time</li></ul>",,/horse/stable,3,published,best-selling,"[{""question"":""How do I choose the right leather care & proofing?"",""answer"":""Consider your specific needs, budget, and intended use. Read product descriptions carefully and check sizing information. Our customer reviews provide valuable insights from real users. If you're unsure, our expert team is always happy to provide personalized recommendations.""},{""question"":""Do you offer free shipping on leather care & proofing?"",""answer"":""Yes! We offer free shipping on all orders within Australia. Orders are typically processed within 1-2 business days. For urgent needs, express shipping options are available at checkout.""}]",[]
/horse/stable/farrier,Farrier,Farrier | Premium Quality | The Equestrian,"Shop premium farrier including saddles, rugs, boots and tack. Free shipping Australia-wide. Expert advice available. Find the perfect gear for your needs.","Browse our extensive range of farrier. Expertly selected for quality, durability, and performance. Whether you're competing or riding for leisure, find exactly what you need at The Equestrian.","<h2>Premium Farrier</h2><p>Welcome to our specialized farrier collection. Whether you're a seasoned professional or just starting out, finding the right farrier makes all the difference. We've assembled an exceptional range that combines cutting-edge technology with time-tested designs.</p><h3>What Makes Great Farrier?</h3><ul><li><strong>Premium Quality:</strong> Expertly crafted from the finest materials for lasting performance</li><li><strong>Functional Design:</strong> Thoughtfully engineered to meet the specific needs of horses and riders</li><li><strong>Trusted Brands:</strong> Products from manufacturers with proven track records in equestrian sports</li><li><strong>Value:</strong> Investment pieces that deliver exceptional performance over time</li></ul>",,/horse/stable,3,published,best-selling,"[{""question"":""How do I choose the right farrier?"",""answer"":""Consider your specific needs, budget, and intended use. Read product descriptions carefully and check sizing information. Our customer reviews provide valuable insights from real users. If you're unsure, our expert team is always happy to provide personalized recommendations.""},{""question"":""Do you offer free shipping on farrier?"",""answer"":""Yes! We offer free shipping on all orders within Australia. Orders are typically processed within 1-2 business days. For urgent needs, express shipping options are available at checkout.""}]",[]
/horse/stable/treats,Horse Treats & Toys,Horse Treats & Toys | Premium Quality | The Equestrian,"Shop premium horse treats & toys including saddles, rugs, boots and tack. Free shipping Australia-wide. Expert advice available. Find the perfect gear for...","Browse our extensive range of horse treats & toys. Expertly selected for quality, durability, and performance. Whether you're competing or riding for leisure, find exactly what you need at The Equestrian.","<h2>Premium Horse Treats & Toys</h2><p>Welcome to our specialized horse treats & toys collection. Whether you're a seasoned professional or just starting out, finding the right horse treats & toys makes all the difference. We've assembled an exceptional range that combines cutting-edge technology with time-tested designs.</p><h3>What Makes Great Horse Treats & Toys?</h3><ul><li><strong>Premium Quality:</strong> Expertly crafted from the finest materials for lasting performance</li><li><strong>Functional Design:</strong> Thoughtfully engineered to meet the specific needs of horses and riders</li><li><strong>Trusted Brands:</strong> Products from manufacturers with proven track records in equestrian sports</li><li><strong>Value:</strong> Investment pieces that deliver exceptional performance over time</li></ul>",,/horse/stable,3,published,best-selling,"[{""question"":""How do I choose the right horse treats & toys?"",""answer"":""Consider your specific needs, budget, and intended use. Read product descriptions carefully and check sizing information. Our customer reviews provide valuable insights from real users. If you're unsure, our expert team is always happy to provide personalized recommendations.""},{""question"":""Do you offer free shipping on horse treats & toys?"",""answer"":""Yes! We offer free shipping on all orders within Australia. Orders are typically processed within 1-2 business days. For urgent needs, express shipping options are available at checkout.""}]",[]
/horse/stable/diy,DIY Kit,DIY Kit | Premium Quality | The Equestrian,"Shop premium diy kit including saddles, rugs, boots and tack. Free shipping Australia-wide. Expert advice available. Find the perfect gear for your needs.","Browse our extensive range of diy kit. Expertly selected for quality, durability, and performance. Whether you're competing or riding for leisure, find exactly what you need at The Equestrian.","<h2>Premium DIY Kit</h2><p>Welcome to our specialized diy kit collection. Whether you're a seasoned professional or just starting out, finding the right diy kit makes all the difference. We've assembled an exceptional range that combines cutting-edge technology with time-tested designs.</p><h3>What Makes Great DIY Kit?</h3><ul><li><strong>Premium Quality:</strong> Expertly crafted from the finest materials for lasting performance</li><li><strong>Functional Design:</strong> Thoughtfully engineered to meet the specific needs of horses and riders</li><li><strong>Trusted Brands:</strong> Products from manufacturers with proven track records in equestrian sports</li><li><strong>Value:</strong> Investment pieces that deliver exceptional performance over time</li></ul>",,/horse/stable,3,published,best-selling,"[{""question"":""How do I choose the right diy kit?"",""answer"":""Consider your specific needs, budget, and intended use. Read product descriptions carefully and check sizing information. Our customer reviews provide valuable insights from real users. If you're unsure, our expert team is always happy to provide personalized recommendations.""},{""question"":""Do you offer free shipping on diy kit?"",""answer"":""Yes! We offer free shipping on all orders within Australia. Orders are typically processed within 1-2 business days. For urgent needs, express shipping options are available at checkout.""}]",[]
/horse/stable/clippers,Clippers,Clippers | Premium Quality | The Equestrian,"Shop premium clippers including saddles, rugs, boots and tack. Free shipping Australia-wide. Expert advice available. Find the perfect gear for your needs.","Browse our extensive range of clippers. Expertly selected for quality, durability, and performance. Whether you're competing or riding for leisure, find exactly what you need at The Equestrian.","<h2>Premium Clippers</h2><p>Welcome to our specialized clippers collection. Whether you're a seasoned professional or just starting out, finding the right clippers makes all the difference. We've assembled an exceptional range that combines cutting-edge technology with time-tested designs.</p><h3>What Makes Great Clippers?</h3><ul><li><strong>Premium Quality:</strong> Expertly crafted from the finest materials for lasting performance</li><li><strong>Functional Design:</strong> Thoughtfully engineered to meet the specific needs of horses and riders</li><li><strong>Trusted Brands:</strong> Products from manufacturers with proven track records in equestrian sports</li><li><strong>Value:</strong> Investment pieces that deliver exceptional performance over time</li></ul>",,/horse/stable,3,published,best-selling,"[{""question"":""How do I choose the right clippers?"",""answer"":""Consider your specific needs, budget, and intended use. Read product descriptions carefully and check sizing information. Our customer reviews provide valuable insights from real users. If you're unsure, our expert team is always happy to provide personalized recommendations.""},{""question"":""Do you offer free shipping on clippers?"",""answer"":""Yes! We offer free shipping on all orders within Australia. Orders are typically processed within 1-2 business days. For urgent needs, express shipping options are available at checkout.""}]",[]
/horse/stable/fly-control,Fly Control,Fly Control | Premium Quality | The Equestrian,"Shop premium fly control including saddles, rugs, boots and tack. Free shipping Australia-wide. Expert advice available. Find the perfect gear for your needs.","Browse our extensive range of fly control. Expertly selected for quality, durability, and performance. Whether you're competing or riding for leisure, find exactly what you need at The Equestrian.","<h2>Premium Fly Control</h2><p>Welcome to our specialized fly control collection. Whether you're a seasoned professional or just starting out, finding the right fly control makes all the difference. We've assembled an exceptional range that combines cutting-edge technology with time-tested designs.</p><h3>What Makes Great Fly Control?</h3><ul><li><strong>Premium Quality:</strong> Expertly crafted from the finest materials for lasting performance</li><li><strong>Functional Design:</strong> Thoughtfully engineered to meet the specific needs of horses and riders</li><li><strong>Trusted Brands:</strong> Products from manufacturers with proven track records in equestrian sports</li><li><strong>Value:</strong> Investment pieces that deliver exceptional performance over time</li></ul>",,/horse/stable,3,published,best-selling,"[{""question"":""How do I choose the right fly control?"",""answer"":""Consider your specific needs, budget, and intended use. Read product descriptions carefully and check sizing information. Our customer reviews provide valuable insights from real users. If you're unsure, our expert team is always happy to provide personalized recommendations.""},{""question"":""Do you offer free shipping on fly control?"",""answer"":""Yes! We offer free shipping on all orders within Australia. Orders are typically processed within 1-2 business days. For urgent needs, express shipping options are available at checkout.""}]",[]
/horse/stable/feed-storage,Feed Bins & Hay Bags,Feed Bins & Hay Bags | Premium Quality | The Equestrian,"Shop premium feed bins & hay bags including saddles, rugs, boots and tack. Free shipping Australia-wide. Expert advice available. Find the perfect gear for...","Browse our extensive range of feed bins & hay bags. Expertly selected for quality, durability, and performance. Whether you're competing or riding for leisure, find exactly what you need at The Equestrian.","<h2>Premium Feed Bins & Hay Bags</h2><p>Welcome to our specialized feed bins & hay bags collection. Whether you're a seasoned professional or just starting out, finding the right feed bins & hay bags makes all the difference. We've assembled an exceptional range that combines cutting-edge technology with time-tested designs.</p><h3>What Makes Great Feed Bins & Hay Bags?</h3><ul><li><strong>Premium Quality:</strong> Expertly crafted from the finest materials for lasting performance</li><li><strong>Functional Design:</strong> Thoughtfully engineered to meet the specific needs of horses and riders</li><li><strong>Trusted Brands:</strong> Products from manufacturers with proven track records in equestrian sports</li><li><strong>Value:</strong> Investment pieces that deliver exceptional performance over time</li></ul>",,/horse/stable,3,published,best-selling,"[{""question"":""How do I choose the right feed bins & hay bags?"",""answer"":""Consider your specific needs, budget, and intended use. Read product descriptions carefully and check sizing information. Our customer reviews provide valuable insights from real users. If you're unsure, our expert team is always happy to provide personalized recommendations.""},{""question"":""Do you offer free shipping on feed bins & hay bags?"",""answer"":""Yes! We offer free shipping on all orders within Australia. Orders are typically processed within 1-2 business days. For urgent needs, express shipping options are available at checkout.""}]",[]
/horse/stable/instruments,Instruments,Instruments | Premium Quality | The Equestrian,"Shop premium instruments including saddles, rugs, boots and tack. Free shipping Australia-wide. Expert advice available. Find the perfect gear for your needs.","Browse our extensive range of instruments. Expertly selected for quality, durability, and performance. Whether you're competing or riding for leisure, find exactly what you need at The Equestrian.","<h2>Premium Instruments</h2><p>Welcome to our specialized instruments collection. Whether you're a seasoned professional or just starting out, finding the right instruments makes all the difference. We've assembled an exceptional range that combines cutting-edge technology with time-tested designs.</p><h3>What Makes Great Instruments?</h3><ul><li><strong>Premium Quality:</strong> Expertly crafted from the finest materials for lasting performance</li><li><strong>Functional Design:</strong> Thoughtfully engineered to meet the specific needs of horses and riders</li><li><strong>Trusted Brands:</strong> Products from manufacturers with proven track records in equestrian sports</li><li><strong>Value:</strong> Investment pieces that deliver exceptional performance over time</li></ul>",,/horse/stable,3,published,best-selling,"[{""question"":""How do I choose the right instruments?"",""answer"":""Consider your specific needs, budget, and intended use. Read product descriptions carefully and check sizing information. Our customer reviews provide valuable insights from real users. If you're unsure, our expert team is always happy to provide personalized recommendations.""},{""question"":""Do you offer free shipping on instruments?"",""answer"":""Yes! We offer free shipping on all orders within Australia. Orders are typically processed within 1-2 business days. For urgent needs, express shipping options are available at checkout.""}]",[]
/horse/stable/wormers,Wormers,Wormers | Premium Quality | The Equestrian,"Shop premium wormers including saddles, rugs, boots and tack. Free shipping Australia-wide. Expert advice available. Find the perfect gear for your needs.","Browse our extensive range of wormers. Expertly selected for quality, durability, and performance. Whether you're competing or riding for leisure, find exactly what you need at The Equestrian.","<h2>Premium Wormers</h2><p>Welcome to our specialized wormers collection. Whether you're a seasoned professional or just starting out, finding the right wormers makes all the difference. We've assembled an exceptional range that combines cutting-edge technology with time-tested designs.</p><h3>What Makes Great Wormers?</h3><ul><li><strong>Premium Quality:</strong> Expertly crafted from the finest materials for lasting performance</li><li><strong>Functional Design:</strong> Thoughtfully engineered to meet the specific needs of horses and riders</li><li><strong>Trusted Brands:</strong> Products from manufacturers with proven track records in equestrian sports</li><li><strong>Value:</strong> Investment pieces that deliver exceptional performance over time</li></ul>",,/horse/stable,3,published,best-selling,"[{""question"":""How do I choose the right wormers?"",""answer"":""Consider your specific needs, budget, and intended use. Read product descriptions carefully and check sizing information. Our customer reviews provide valuable insights from real users. If you're unsure, our expert team is always happy to provide personalized recommendations.""},{""question"":""Do you offer free shipping on wormers?"",""answer"":""Yes! We offer free shipping on all orders within Australia. Orders are typically processed within 1-2 business days. For urgent needs, express shipping options are available at checkout.""}]",[]
/horse/stable/feeding,Feeding,Feeding | Premium Quality | The Equestrian,"Shop premium feeding including saddles, rugs, boots and tack. Free shipping Australia-wide. Expert advice available. Find the perfect gear for your needs.","Browse our extensive range of feeding. Expertly selected for quality, durability, and performance. Whether you're competing or riding for leisure, find exactly what you need at The Equestrian.","<h2>Premium Feeding</h2><p>Welcome to our specialized feeding collection. Whether you're a seasoned professional or just starting out, finding the right feeding makes all the difference. We've assembled an exceptional range that combines cutting-edge technology with time-tested designs.</p><h3>What Makes Great Feeding?</h3><ul><li><strong>Premium Quality:</strong> Expertly crafted from the finest materials for lasting performance</li><li><strong>Functional Design:</strong> Thoughtfully engineered to meet the specific needs of horses and riders</li><li><strong>Trusted Brands:</strong> Products from manufacturers with proven track records in equestrian sports</li><li><strong>Value:</strong> Investment pieces that deliver exceptional performance over time</li></ul>",,/horse/stable,3,published,best-selling,"[{""question"":""How do I choose the right feeding?"",""answer"":""Consider your specific needs, budget, and intended use. Read product descriptions carefully and check sizing information. Our customer reviews provide valuable insights from real users. If you're unsure, our expert team is always happy to provide personalized recommendations.""},{""question"":""Do you offer free shipping on feeding?"",""answer"":""Yes! We offer free shipping on all orders within Australia. Orders are typically processed within 1-2 business days. For urgent needs, express shipping options are available at checkout.""}]",[]
/horse/stable/paddock,Paddock Blades,Paddock Blades | Premium Quality | The Equestrian,"Shop premium paddock blades including saddles, rugs, boots and tack. Free shipping Australia-wide. Expert advice available. Find the perfect gear for your...","Browse our extensive range of paddock blades. Expertly selected for quality, durability, and performance. Whether you're competing or riding for leisure, find exactly what you need at The Equestrian.","<h2>Premium Paddock Blades</h2><p>Welcome to our specialized paddock blades collection. Whether you're a seasoned professional or just starting out, finding the right paddock blades makes all the difference. We've assembled an exceptional range that combines cutting-edge technology with time-tested designs.</p><h3>What Makes Great Paddock Blades?</h3><ul><li><strong>Premium Quality:</strong> Expertly crafted from the finest materials for lasting performance</li><li><strong>Functional Design:</strong> Thoughtfully engineered to meet the specific needs of horses and riders</li><li><strong>Trusted Brands:</strong> Products from manufacturers with proven track records in equestrian sports</li><li><strong>Value:</strong> Investment pieces that deliver exceptional performance over time</li></ul>",,/horse/stable,3,published,best-selling,"[{""question"":""How do I choose the right paddock blades?"",""answer"":""Consider your specific needs, budget, and intended use. Read product descriptions carefully and check sizing information. Our customer reviews provide valuable insights from real users. If you're unsure, our expert team is always happy to provide personalized recommendations.""},{""question"":""Do you offer free shipping on paddock blades?"",""answer"":""Yes! We offer free shipping on all orders within Australia. Orders are typically processed within 1-2 business days. For urgent needs, express shipping options are available at checkout.""}]",[]
/horse/stable/jumps,Jumps & Markers,Jumps & Markers | Premium Quality | The Equestrian,"Shop premium jumps & markers including saddles, rugs, boots and tack. Free shipping Australia-wide. Expert advice available. Find the perfect gear for your...","Browse our extensive range of jumps & markers. Expertly selected for quality, durability, and performance. Whether you're competing or riding for leisure, find exactly what you need at The Equestrian.","<h2>Premium Jumps & Markers</h2><p>Welcome to our specialized jumps & markers collection. Whether you're a seasoned professional or just starting out, finding the right jumps & markers makes all the difference. We've assembled an exceptional range that combines cutting-edge technology with time-tested designs.</p><h3>What Makes Great Jumps & Markers?</h3><ul><li><strong>Premium Quality:</strong> Expertly crafted from the finest materials for lasting performance</li><li><strong>Functional Design:</strong> Thoughtfully engineered to meet the specific needs of horses and riders</li><li><strong>Trusted Brands:</strong> Products from manufacturers with proven track records in equestrian sports</li><li><strong>Value:</strong> Investment pieces that deliver exceptional performance over time</li></ul>",,/horse/stable,3,published,best-selling,"[{""question"":""How do I choose the right jumps & markers?"",""answer"":""Consider your specific needs, budget, and intended use. Read product descriptions carefully and check sizing information. Our customer reviews provide valuable insights from real users. If you're unsure, our expert team is always happy to provide personalized recommendations.""},{""question"":""Do you offer free shipping on jumps & markers?"",""answer"":""Yes! We offer free shipping on all orders within Australia. Orders are typically processed within 1-2 business days. For urgent needs, express shipping options are available at checkout.""}]",[]
/horse/stable/hay-nets,Hay Net,Hay Net | Premium Quality | The Equestrian,"Shop premium hay net including saddles, rugs, boots and tack. Free shipping Australia-wide. Expert advice available. Find the perfect gear for your needs.","Browse our extensive range of hay net. Expertly selected for quality, durability, and performance. Whether you're competing or riding for leisure, find exactly what you need at The Equestrian.","<h2>Premium Hay Net</h2><p>Welcome to our specialized hay net collection. Whether you're a seasoned professional or just starting out, finding the right hay net makes all the difference. We've assembled an exceptional range that combines cutting-edge technology with time-tested designs.</p><h3>What Makes Great Hay Net?</h3><ul><li><strong>Premium Quality:</strong> Expertly crafted from the finest materials for lasting performance</li><li><strong>Functional Design:</strong> Thoughtfully engineered to meet the specific needs of horses and riders</li><li><strong>Trusted Brands:</strong> Products from manufacturers with proven track records in equestrian sports</li><li><strong>Value:</strong> Investment pieces that deliver exceptional performance over time</li></ul>",,/horse/stable,3,published,best-selling,"[{""question"":""How do I choose the right hay net?"",""answer"":""Consider your specific needs, budget, and intended use. Read product descriptions carefully and check sizing information. Our customer reviews provide valuable insights from real users. If you're unsure, our expert team is always happy to provide personalized recommendations.""},{""question"":""Do you offer free shipping on hay net?"",""answer"":""Yes! We offer free shipping on all orders within Australia. Orders are typically processed within 1-2 business days. For urgent needs, express shipping options are available at checkout.""}]",[]
/horse/stable/feed,Horse Feed,Horse Feed | Premium Quality | The Equestrian,"Shop premium horse feed including saddles, rugs, boots and tack. Free shipping Australia-wide. Expert advice available. Find the perfect gear for your needs.","Browse our extensive range of horse feed. Expertly selected for quality, durability, and performance. Whether you're competing or riding for leisure, find exactly what you need at The Equestrian.","<h2>Premium Horse Feed</h2><p>Welcome to our specialized horse feed collection. Whether you're a seasoned professional or just starting out, finding the right horse feed makes all the difference. We've assembled an exceptional range that combines cutting-edge technology with time-tested designs.</p><h3>What Makes Great Horse Feed?</h3><ul><li><strong>Premium Quality:</strong> Expertly crafted from the finest materials for lasting performance</li><li><strong>Functional Design:</strong> Thoughtfully engineered to meet the specific needs of horses and riders</li><li><strong>Trusted Brands:</strong> Products from manufacturers with proven track records in equestrian sports</li><li><strong>Value:</strong> Investment pieces that deliver exceptional performance over time</li></ul>",,/horse/stable,3,published,best-selling,"[{""question"":""How do I choose the right horse feed?"",""answer"":""Consider your specific needs, budget, and intended use. Read product descriptions carefully and check sizing information. Our customer reviews provide valuable insights from real users. If you're unsure, our expert team is always happy to provide personalized recommendations.""},{""question"":""Do you offer free shipping on horse feed?"",""answer"":""Yes! We offer free shipping on all orders within Australia. Orders are typically processed within 1-2 business days. For urgent needs, express shipping options are available at checkout.""}]",[]
/horse/stable/insect-repellent,Insect Repellent,Insect Repellent | Premium Quality | The Equestrian,"Shop premium insect repellent including saddles, rugs, boots and tack. Free shipping Australia-wide. Expert advice available. Find the perfect gear for...","Browse our extensive range of insect repellent. Expertly selected for quality, durability, and performance. Whether you're competing or riding for leisure, find exactly what you need at The Equestrian.","<h2>Premium Insect Repellent</h2><p>Welcome to our specialized insect repellent collection. Whether you're a seasoned professional or just starting out, finding the right insect repellent makes all the difference. We've assembled an exceptional range that combines cutting-edge technology with time-tested designs.</p><h3>What Makes Great Insect Repellent?</h3><ul><li><strong>Premium Quality:</strong> Expertly crafted from the finest materials for lasting performance</li><li><strong>Functional Design:</strong> Thoughtfully engineered to meet the specific needs of horses and riders</li><li><strong>Trusted Brands:</strong> Products from manufacturers with proven track records in equestrian sports</li><li><strong>Value:</strong> Investment pieces that deliver exceptional performance over time</li></ul>",,/horse/stable,3,published,best-selling,"[{""question"":""How do I choose the right insect repellent?"",""answer"":""Consider your specific needs, budget, and intended use. Read product descriptions carefully and check sizing information. Our customer reviews provide valuable insights from real users. If you're unsure, our expert team is always happy to provide personalized recommendations.""},{""question"":""Do you offer free shipping on insect repellent?"",""answer"":""Yes! We offer free shipping on all orders within Australia. Orders are typically processed within 1-2 business days. For urgent needs, express shipping options are available at checkout.""}]",[]
/horse/stable/fly-repellent,Fly Repellant,Fly Repellant | Premium Quality | The Equestrian,"Shop premium fly repellant including saddles, rugs, boots and tack. Free shipping Australia-wide. Expert advice available. Find the perfect gear for your needs.","Browse our extensive range of fly repellant. Expertly selected for quality, durability, and performance. Whether you're competing or riding for leisure, find exactly what you need at The Equestrian.","<h2>Premium Fly Repellant</h2><p>Welcome to our specialized fly repellant collection. Whether you're a seasoned professional or just starting out, finding the right fly repellant makes all the difference. We've assembled an exceptional range that combines cutting-edge technology with time-tested designs.</p><h3>What Makes Great Fly Repellant?</h3><ul><li><strong>Premium Quality:</strong> Expertly crafted from the finest materials for lasting performance</li><li><strong>Functional Design:</strong> Thoughtfully engineered to meet the specific needs of horses and riders</li><li><strong>Trusted Brands:</strong> Products from manufacturers with proven track records in equestrian sports</li><li><strong>Value:</strong> Investment pieces that deliver exceptional performance over time</li></ul>",,/horse/stable,3,published,best-selling,"[{""question"":""How do I choose the right fly repellant?"",""answer"":""Consider your specific needs, budget, and intended use. Read product descriptions carefully and check sizing information. Our customer reviews provide valuable insights from real users. If you're unsure, our expert team is always happy to provide personalized recommendations.""},{""question"":""Do you offer free shipping on fly repellant?"",""answer"":""Yes! We offer free shipping on all orders within Australia. Orders are typically processed within 1-2 business days. For urgent needs, express shipping options are available at checkout.""}]",[]
/horse/stable/rug-racks,Rug Rack,Rug Rack | Premium Quality | The Equestrian,"Shop premium rug rack including saddles, rugs, boots and tack. Free shipping Australia-wide. Expert advice available. Find the perfect gear for your needs.","Browse our extensive range of rug rack. Expertly selected for quality, durability, and performance. Whether you're competing or riding for leisure, find exactly what you need at The Equestrian.","<h2>Premium Rug Rack</h2><p>Welcome to our specialized rug rack collection. Whether you're a seasoned professional or just starting out, finding the right rug rack makes all the difference. We've assembled an exceptional range that combines cutting-edge technology with time-tested designs.</p><h3>What Makes Great Rug Rack?</h3><ul><li><strong>Premium Quality:</strong> Expertly crafted from the finest materials for lasting performance</li><li><strong>Functional Design:</strong> Thoughtfully engineered to meet the specific needs of horses and riders</li><li><strong>Trusted Brands:</strong> Products from manufacturers with proven track records in equestrian sports</li><li><strong>Value:</strong> Investment pieces that deliver exceptional performance over time</li></ul>",,/horse/stable,3,published,best-selling,"[{""question"":""How do I choose the right rug rack?"",""answer"":""Consider your specific needs, budget, and intended use. Read product descriptions carefully and check sizing information. Our customer reviews provide valuable insights from real users. If you're unsure, our expert team is always happy to provide personalized recommendations.""},{""question"":""Do you offer free shipping on rug rack?"",""answer"":""Yes! We offer free shipping on all orders within Australia. Orders are typically processed within 1-2 business days. For urgent needs, express shipping options are available at checkout.""}]",[]
/horse/stable/wrap-bags,Wrap Bag,Wrap Bag | Premium Quality | The Equestrian,"Shop premium wrap bag including saddles, rugs, boots and tack. Free shipping Australia-wide. Expert advice available. Find the perfect gear for your needs.","Browse our extensive range of wrap bag. Expertly selected for quality, durability, and performance. Whether you're competing or riding for leisure, find exactly what you need at The Equestrian.","<h2>Premium Wrap Bag</h2><p>Welcome to our specialized wrap bag collection. Whether you're a seasoned professional or just starting out, finding the right wrap bag makes all the difference. We've assembled an exceptional range that combines cutting-edge technology with time-tested designs.</p><h3>What Makes Great Wrap Bag?</h3><ul><li><strong>Premium Quality:</strong> Expertly crafted from the finest materials for lasting performance</li><li><strong>Functional Design:</strong> Thoughtfully engineered to meet the specific needs of horses and riders</li><li><strong>Trusted Brands:</strong> Products from manufacturers with proven track records in equestrian sports</li><li><strong>Value:</strong> Investment pieces that deliver exceptional performance over time</li></ul>",,/horse/stable,3,published,best-selling,"[{""question"":""How do I choose the right wrap bag?"",""answer"":""Consider your specific needs, budget, and intended use. Read product descriptions carefully and check sizing information. Our customer reviews provide valuable insights from real users. If you're unsure, our expert team is always happy to provide personalized recommendations.""},{""question"":""Do you offer free shipping on wrap bag?"",""answer"":""Yes! We offer free shipping on all orders within Australia. Orders are typically processed within 1-2 business days. For urgent needs, express shipping options are available at checkout.""}]",[]
/horse/stable/storage,Storage,Storage | Premium Quality | The Equestrian,"Shop premium storage including saddles, rugs, boots and tack. Free shipping Australia-wide. Expert advice available. Find the perfect gear for your needs.","Browse our extensive range of storage. Expertly selected for quality, durability, and performance. Whether you're competing or riding for leisure, find exactly what you need at The Equestrian.","<h2>Premium Storage</h2><p>Welcome to our specialized storage collection. Whether you're a seasoned professional or just starting out, finding the right storage makes all the difference. We've assembled an exceptional range that combines cutting-edge technology with time-tested designs.</p><h3>What Makes Great Storage?</h3><ul><li><strong>Premium Quality:</strong> Expertly crafted from the finest materials for lasting performance</li><li><strong>Functional Design:</strong> Thoughtfully engineered to meet the specific needs of horses and riders</li><li><strong>Trusted Brands:</strong> Products from manufacturers with proven track records in equestrian sports</li><li><strong>Value:</strong> Investment pieces that deliver exceptional performance over time</li></ul>",,/horse/stable,3,published,best-selling,"[{""question"":""How do I choose the right storage?"",""answer"":""Consider your specific needs, budget, and intended use. Read product descriptions carefully and check sizing information. Our customer reviews provide valuable insights from real users. If you're unsure, our expert team is always happy to provide personalized recommendations.""},{""question"":""Do you offer free shipping on storage?"",""answer"":""Yes! We offer free shipping on all orders within Australia. Orders are typically processed within 1-2 business days. For urgent needs, express shipping options are available at checkout.""}]",[]
/horse/stable/bags,stable Bag,stable Bag | Premium Quality | The Equestrian,"Shop premium stable bag including saddles, rugs, boots and tack. Free shipping Australia-wide. Expert advice available. Find the perfect gear for your needs.","Browse our extensive range of stable bag. Expertly selected for quality, durability, and performance. Whether you're competing or riding for leisure, find exactly what you need at The Equestrian.","<h2>Premium stable Bag</h2><p>Welcome to our specialized stable bag collection. Whether you're a seasoned professional or just starting out, finding the right stable bag makes all the difference. We've assembled an exceptional range that combines cutting-edge technology with time-tested designs.</p><h3>What Makes Great stable Bag?</h3><ul><li><strong>Premium Quality:</strong> Expertly crafted from the finest materials for lasting performance</li><li><strong>Functional Design:</strong> Thoughtfully engineered to meet the specific needs of horses and riders</li><li><strong>Trusted Brands:</strong> Products from manufacturers with proven track records in equestrian sports</li><li><strong>Value:</strong> Investment pieces that deliver exceptional performance over time</li></ul>",,/horse/stable,3,published,best-selling,"[{""question"":""How do I choose the right stable bag?"",""answer"":""Consider your specific needs, budget, and intended use. Read product descriptions carefully and check sizing information. Our customer reviews provide valuable insights from real users. If you're unsure, our expert team is always happy to provide personalized recommendations.""},{""question"":""Do you offer free shipping on stable bag?"",""answer"":""Yes! We offer free shipping on all orders within Australia. Orders are typically processed within 1-2 business days. For urgent needs, express shipping options are available at checkout.""}]",[]
/horse/stable/hoof-care,Hoof Care,Hoof Care | Premium Quality | The Equestrian,"Shop premium hoof care including saddles, rugs, boots and tack. Free shipping Australia-wide. Expert advice available. Find the perfect gear for your needs.","Browse our extensive range of hoof care. Expertly selected for quality, durability, and performance. Whether you're competing or riding for leisure, find exactly what you need at The Equestrian.","<h2>Premium Hoof Care</h2><p>Welcome to our specialized hoof care collection. Whether you're a seasoned professional or just starting out, finding the right hoof care makes all the difference. We've assembled an exceptional range that combines cutting-edge technology with time-tested designs.</p><h3>What Makes Great Hoof Care?</h3><ul><li><strong>Premium Quality:</strong> Expertly crafted from the finest materials for lasting performance</li><li><strong>Functional Design:</strong> Thoughtfully engineered to meet the specific needs of horses and riders</li><li><strong>Trusted Brands:</strong> Products from manufacturers with proven track records in equestrian sports</li><li><strong>Value:</strong> Investment pieces that deliver exceptional performance over time</li></ul>",,/horse/stable,3,published,best-selling,"[{""question"":""How do I choose the right hoof care?"",""answer"":""Consider your specific needs, budget, and intended use. Read product descriptions carefully and check sizing information. Our customer reviews provide valuable insights from real users. If you're unsure, our expert team is always happy to provide personalized recommendations.""},{""question"":""Do you offer free shipping on hoof care?"",""answer"":""Yes! We offer free shipping on all orders within Australia. Orders are typically processed within 1-2 business days. For urgent needs, express shipping options are available at checkout.""}]",[]
/horse/stable/tail-bags,Tailbag,Tailbag | Premium Quality | The Equestrian,"Shop premium tailbag including saddles, rugs, boots and tack. Free shipping Australia-wide. Expert advice available. Find the perfect gear for your needs.","Browse our extensive range of tailbag. Expertly selected for quality, durability, and performance. Whether you're competing or riding for leisure, find exactly what you need at The Equestrian.","<h2>Premium Tailbag</h2><p>Welcome to our specialized tailbag collection. Whether you're a seasoned professional or just starting out, finding the right tailbag makes all the difference. We've assembled an exceptional range that combines cutting-edge technology with time-tested designs.</p><h3>What Makes Great Tailbag?</h3><ul><li><strong>Premium Quality:</strong> Expertly crafted from the finest materials for lasting performance</li><li><strong>Functional Design:</strong> Thoughtfully engineered to meet the specific needs of horses and riders</li><li><strong>Trusted Brands:</strong> Products from manufacturers with proven track records in equestrian sports</li><li><strong>Value:</strong> Investment pieces that deliver exceptional performance over time</li></ul>",,/horse/stable,3,published,best-selling,"[{""question"":""How do I choose the right tailbag?"",""answer"":""Consider your specific needs, budget, and intended use. Read product descriptions carefully and check sizing information. Our customer reviews provide valuable insights from real users. If you're unsure, our expert team is always happy to provide personalized recommendations.""},{""question"":""Do you offer free shipping on tailbag?"",""answer"":""Yes! We offer free shipping on all orders within Australia. Orders are typically processed within 1-2 business days. For urgent needs, express shipping options are available at checkout.""}]",[]
/horse/training,Training and Lunging,Training and Lunging | Buy Online | The Equestrian,"Shop premium training and lunging including saddles, rugs, boots and tack. Free shipping Australia-wide. Expert advice available. Find the perfect gear for...","Browse our extensive range of training and lunging. Expertly selected for quality, durability, and performance. Whether you're competing or riding for leisure, find exactly what you need at The Equestrian.","<h2>Premium Training and Lunging</h2><p>Discover our comprehensive collection of training and lunging, carefully curated to meet the demands of horses at every level. From competition-ready gear to everyday essentials, we stock only the finest brands known for quality, durability, and performance. Each product has been expertly selected by our team of equine specialists who understand what truly matters.</p><h3>What Makes Great Training and Lunging?</h3><ul><li><strong>Premium Quality:</strong> Expertly crafted from the finest materials for lasting performance</li><li><strong>Functional Design:</strong> Thoughtfully engineered to meet the specific needs of horses and riders</li><li><strong>Trusted Brands:</strong> Products from manufacturers with proven track records in equestrian sports</li><li><strong>Value:</strong> Investment pieces that deliver exceptional performance over time</li></ul><h3>Shop by Type</h3><p>Browse our specialized categories including <a href=""/horse/training/lungeing"">lungeing & schooling</a>,<a href=""/horse/training/lunge-equipment"">lunge line</a>, and <a href=""/horse/training/ropes"">rope</a>. Each category features products from world-leading brands trusted by professional equestrians.</p>",,/horse,2,published,best-selling,"[{""question"":""How do I choose the right training and lunging?"",""answer"":""Consider your specific needs, budget, and intended use. Read product descriptions carefully and check sizing information. Our customer reviews provide valuable insights from real users. If you're unsure, our expert team is always happy to provide personalized recommendations.""},{""question"":""Do you offer free shipping on training and lunging?"",""answer"":""Yes! We offer free shipping on all orders within Australia. Orders are typically processed within 1-2 business days. For urgent needs, express shipping options are available at checkout.""}]",[]
/horse/training/lungeing,Lungeing & Schooling,Lungeing & Schooling | Premium Quality | The Equestrian,"Shop premium lungeing & schooling including saddles, rugs, boots and tack. Free shipping Australia-wide. Expert advice available. Find the perfect gear for...","Browse our extensive range of lungeing & schooling. Expertly selected for quality, durability, and performance. Whether you're competing or riding for leisure, find exactly what you need at The Equestrian.","<h2>Premium Lungeing & Schooling</h2><p>Welcome to our specialized lungeing & schooling collection. Whether you're a seasoned professional or just starting out, finding the right lungeing & schooling makes all the difference. We've assembled an exceptional range that combines cutting-edge technology with time-tested designs.</p><h3>What Makes Great Lungeing & Schooling?</h3><ul><li><strong>Premium Quality:</strong> Expertly crafted from the finest materials for lasting performance</li><li><strong>Functional Design:</strong> Thoughtfully engineered to meet the specific needs of horses and riders</li><li><strong>Trusted Brands:</strong> Products from manufacturers with proven track records in equestrian sports</li><li><strong>Value:</strong> Investment pieces that deliver exceptional performance over time</li></ul>",,/horse/training,3,published,best-selling,"[{""question"":""How do I choose the right lungeing & schooling?"",""answer"":""Consider your specific needs, budget, and intended use. Read product descriptions carefully and check sizing information. Our customer reviews provide valuable insights from real users. If you're unsure, our expert team is always happy to provide personalized recommendations.""},{""question"":""Do you offer free shipping on lungeing & schooling?"",""answer"":""Yes! We offer free shipping on all orders within Australia. Orders are typically processed within 1-2 business days. For urgent needs, express shipping options are available at checkout.""}]",[]
/horse/training/lunge-equipment,Lunge Line,Lunge Line | Premium Quality | The Equestrian,"Shop premium lunge line including saddles, rugs, boots and tack. Free shipping Australia-wide. Expert advice available. Find the perfect gear for your needs.","Browse our extensive range of lunge line. Expertly selected for quality, durability, and performance. Whether you're competing or riding for leisure, find exactly what you need at The Equestrian.","<h2>Premium Lunge Line</h2><p>Welcome to our specialized lunge line collection. Whether you're a seasoned professional or just starting out, finding the right lunge line makes all the difference. We've assembled an exceptional range that combines cutting-edge technology with time-tested designs.</p><h3>What Makes Great Lunge Line?</h3><ul><li><strong>Premium Quality:</strong> Expertly crafted from the finest materials for lasting performance</li><li><strong>Functional Design:</strong> Thoughtfully engineered to meet the specific needs of horses and riders</li><li><strong>Trusted Brands:</strong> Products from manufacturers with proven track records in equestrian sports</li><li><strong>Value:</strong> Investment pieces that deliver exceptional performance over time</li></ul>",,/horse/training,3,published,best-selling,"[{""question"":""How do I choose the right lunge line?"",""answer"":""Consider your specific needs, budget, and intended use. Read product descriptions carefully and check sizing information. Our customer reviews provide valuable insights from real users. If you're unsure, our expert team is always happy to provide personalized recommendations.""},{""question"":""Do you offer free shipping on lunge line?"",""answer"":""Yes! We offer free shipping on all orders within Australia. Orders are typically processed within 1-2 business days. For urgent needs, express shipping options are available at checkout.""}]",[]
/horse/training/ropes,Rope,Rope | Premium Quality | The Equestrian,"Shop premium rope including saddles, rugs, boots and tack. Free shipping Australia-wide. Expert advice available. Find the perfect gear for your needs.","Browse our extensive range of rope. Expertly selected for quality, durability, and performance. Whether you're competing or riding for leisure, find exactly what you need at The Equestrian.","<h2>Premium Rope</h2><p>Welcome to our specialized rope collection. Whether you're a seasoned professional or just starting out, finding the right rope makes all the difference. We've assembled an exceptional range that combines cutting-edge technology with time-tested designs.</p><h3>What Makes Great Rope?</h3><ul><li><strong>Premium Quality:</strong> Expertly crafted from the finest materials for lasting performance</li><li><strong>Functional Design:</strong> Thoughtfully engineered to meet the specific needs of horses and riders</li><li><strong>Trusted Brands:</strong> Products from manufacturers with proven track records in equestrian sports</li><li><strong>Value:</strong> Investment pieces that deliver exceptional performance over time</li></ul>",,/horse/training,3,published,best-selling,"[{""question"":""How do I choose the right rope?"",""answer"":""Consider your specific needs, budget, and intended use. Read product descriptions carefully and check sizing information. Our customer reviews provide valuable insights from real users. If you're unsure, our expert team is always happy to provide personalized recommendations.""},{""question"":""Do you offer free shipping on rope?"",""answer"":""Yes! We offer free shipping on all orders within Australia. Orders are typically processed within 1-2 business days. For urgent needs, express shipping options are available at checkout.""}]",[]
/horse/stock-western,Stock & Western,Stock & Western | Buy Online | The Equestrian,"Shop premium stock & western including saddles, rugs, boots and tack. Free shipping Australia-wide. Expert advice available. Find the perfect gear for your...","Browse our extensive range of stock & western. Expertly selected for quality, durability, and performance. Whether you're competing or riding for leisure, find exactly what you need at The Equestrian.","<h2>Premium Stock & Western</h2><p>Discover our comprehensive collection of stock & western, carefully curated to meet the demands of horses at every level. From competition-ready gear to everyday essentials, we stock only the finest brands known for quality, durability, and performance. Each product has been expertly selected by our team of equine specialists who understand what truly matters.</p><h3>What Makes Great Stock & Western?</h3><ul><li><strong>Premium Quality:</strong> Expertly crafted from the finest materials for lasting performance</li><li><strong>Functional Design:</strong> Thoughtfully engineered to meet the specific needs of horses and riders</li><li><strong>Trusted Brands:</strong> Products from manufacturers with proven track records in equestrian sports</li><li><strong>Value:</strong> Investment pieces that deliver exceptional performance over time</li></ul><h3>Shop by Category</h3><p>Browse our specialized categories to find exactly what you need. Each section features products from world-leading brands trusted by professional equestrians. Not sure where to start? Our expert team is always here to help you make the right choice.</p>",,/horse,2,published,best-selling,"[{""question"":""How do I choose the right stock & western?"",""answer"":""Consider your specific needs, budget, and intended use. Read product descriptions carefully and check sizing information. Our customer reviews provide valuable insights from real users. If you're unsure, our expert team is always happy to provide personalized recommendations.""},{""question"":""Do you offer free shipping on stock & western?"",""answer"":""Yes! We offer free shipping on all orders within Australia. Orders are typically processed within 1-2 business days. For urgent needs, express shipping options are available at checkout.""}]",[]
/horse/rugs,Horse Rugs,Horse Rugs | Buy Online | The Equestrian,"Shop premium horse rugs including turnout rugs, stable rugs, summer sheets and coolers. Free shipping Australia-wide. Expert advice available. Find the...","Browse our extensive range of horse rugs. Expertly selected for quality, durability, and performance. Whether you're competing or riding for leisure, find exactly what you need at The Equestrian.","<h2>Premium Horse Rugs</h2><p>Discover our comprehensive collection of horse rugs, carefully curated to meet the demands of horses at every level. From competition-ready gear to everyday essentials, we stock only the finest brands known for quality, durability, and performance. Each product has been expertly selected by our team of equine specialists who understand what truly matters.</p><h3>What Makes Great Horse Rugs?</h3><ul><li><strong>Weather Protection:</strong> Waterproof and breathable fabrics that keep your horse comfortable in all conditions</li><li><strong>Proper Fit:</strong> Tailored designs that prevent rubbing and allow natural movement</li><li><strong>Temperature Regulation:</strong> Appropriate weight and insulation for seasonal needs</li><li><strong>Durability:</strong> Reinforced stress points and quality materials that last season after season</li></ul><h3>Shop by Type</h3><p>Browse our specialized categories including <a href=""/horse/rugs/summer"">rugs: summer rugs, neck rugs & hoods</a>,<a href=""/horse/rugs/winter"">rugs: winter rugs, neck rugs & hoods</a>, and <a href=""/horse/rugs/accessories"">rugs: rug accessories</a>. Each category features products from world-leading brands trusted by professional equestrians.</p>",,/horse,2,published,best-selling,"[{""question"":""What weight rug does my horse need?"",""answer"":""Rug weight depends on your horse's coat, body condition, and local climate. Clipped horses typically need heavier rugs (200-400g) in winter, while unclipped horses may only need lightweight options (0-100g). Consider your horse's individual needs - some run hot, others cold. We're happy to help you choose the right weight.""},{""question"":""How do I measure my horse for a rug?"",""answer"":""Measure from the center of your horse's chest to the point of the buttock in a straight line. This gives you the rug size in inches or centimeters. For best fit, also consider your horse's build - some brands run larger or smaller. Check individual product sizing charts and don't hesitate to contact us for guidance.""}]","[{""url"":""/horse/boots"",""title"":""Horse Boots"",""description"":""Complete protection for your horse""},{""url"":""/horse/stable"",""title"":""Stable Equipment"",""description"":""Everything for your stable""}]"
/horse/rugs/summer,Summer Rugs,"RUGS: Summer Rugs, Neck Rugs & Hoods | Premium Quality | The Equestrian","Shop premium summer rugs including lightweight turnout rugs, fly sheets, mesh rugs and combo rugs. Free shipping Australia-wide. Expert advice available.","Browse our extensive range of rugs: summer rugs, neck rugs & hoods. Expertly selected for quality, durability, and performance. Whether you're competing or riding for leisure, find exactly what you need at The Equestrian.","<h2>Premium RUGS: Summer Rugs, Neck Rugs & Hoods</h2><p>Welcome to our specialized rugs: summer rugs, neck rugs & hoods collection. Whether you're a seasoned professional or just starting out, finding the right rugs: summer rugs, neck rugs & hoods makes all the difference. We've assembled an exceptional range that combines cutting-edge technology with time-tested designs.</p><h3>What Makes Great RUGS: Summer Rugs, Neck Rugs & Hoods?</h3><ul><li><strong>Weather Protection:</strong> Waterproof and breathable fabrics that keep your horse comfortable in all conditions</li><li><strong>Proper Fit:</strong> Tailored designs that prevent rubbing and allow natural movement</li><li><strong>Temperature Regulation:</strong> Appropriate weight and insulation for seasonal needs</li><li><strong>Durability:</strong> Reinforced stress points and quality materials that last season after season</li></ul>",,/horse/rugs,3,published,best-selling,"[{""question"":""What weight rug does my horse need?"",""answer"":""Rug weight depends on your horse's coat, body condition, and local climate. Clipped horses typically need heavier rugs (200-400g) in winter, while unclipped horses may only need lightweight options (0-100g). Consider your horse's individual needs - some run hot, others cold. We're happy to help you choose the right weight.""},{""question"":""How do I measure my horse for a rug?"",""answer"":""Measure from the center of your horse's chest to the point of the buttock in a straight line. This gives you the rug size in inches or centimeters. For best fit, also consider your horse's build - some brands run larger or smaller. Check individual product sizing charts and don't hesitate to contact us for guidance.""}]","[{""url"":""/horse/boots"",""title"":""Horse Boots"",""description"":""Complete protection for your horse""},{""url"":""/horse/stable"",""title"":""Stable Equipment"",""description"":""Everything for your stable""}]"
/horse/rugs/winter,Winter Rugs,"RUGS: Winter Rugs, Neck Rugs & Hoods | Premium Quality | The Equestrian","Shop premium winter rugs including heavyweight turnout rugs, stable rugs, under rugs and combo rugs. Free shipping Australia-wide. Expert advice available.","Browse our extensive range of rugs: winter rugs, neck rugs & hoods. Expertly selected for quality, durability, and performance. Whether you're competing or riding for leisure, find exactly what you need at The Equestrian.","<h2>Premium RUGS: Winter Rugs, Neck Rugs & Hoods</h2><p>Welcome to our specialized rugs: winter rugs, neck rugs & hoods collection. Whether you're a seasoned professional or just starting out, finding the right rugs: winter rugs, neck rugs & hoods makes all the difference. We've assembled an exceptional range that combines cutting-edge technology with time-tested designs.</p><h3>What Makes Great RUGS: Winter Rugs, Neck Rugs & Hoods?</h3><ul><li><strong>Weather Protection:</strong> Waterproof and breathable fabrics that keep your horse comfortable in all conditions</li><li><strong>Proper Fit:</strong> Tailored designs that prevent rubbing and allow natural movement</li><li><strong>Temperature Regulation:</strong> Appropriate weight and insulation for seasonal needs</li><li><strong>Durability:</strong> Reinforced stress points and quality materials that last season after season</li></ul>",,/horse/rugs,3,published,best-selling,"[{""question"":""What weight rug does my horse need?"",""answer"":""Rug weight depends on your horse's coat, body condition, and local climate. Clipped horses typically need heavier rugs (200-400g) in winter, while unclipped horses may only need lightweight options (0-100g). Consider your horse's individual needs - some run hot, others cold. We're happy to help you choose the right weight.""},{""question"":""How do I measure my horse for a rug?"",""answer"":""Measure from the center of your horse's chest to the point of the buttock in a straight line. This gives you the rug size in inches or centimeters. For best fit, also consider your horse's build - some brands run larger or smaller. Check individual product sizing charts and don't hesitate to contact us for guidance.""}]","[{""url"":""/horse/boots"",""title"":""Horse Boots"",""description"":""Complete protection for your horse""},{""url"":""/horse/stable"",""title"":""Stable Equipment"",""description"":""Everything for your stable""}]"
/horse/rugs/accessories,Rug Accessories,RUGS: Rug Accessories | Premium Quality | The Equestrian,"Shop premium rug accessories including turnout rugs, stable rugs, summer sheets and coolers. Free shipping Australia-wide. Expert advice available. Find...","Browse our extensive range of rugs: rug accessories. Expertly selected for quality, durability, and performance. Whether you're competing or riding for leisure, find exactly what you need at The Equestrian.","<h2>Premium RUGS: Rug Accessories</h2><p>Welcome to our specialized rugs: rug accessories collection. Whether you're a seasoned professional or just starting out, finding the right rugs: rug accessories makes all the difference. We've assembled an exceptional range that combines cutting-edge technology with time-tested designs.</p><h3>What Makes Great RUGS: Rug Accessories?</h3><ul><li><strong>Weather Protection:</strong> Waterproof and breathable fabrics that keep your horse comfortable in all conditions</li><li><strong>Proper Fit:</strong> Tailored designs that prevent rubbing and allow natural movement</li><li><strong>Temperature Regulation:</strong> Appropriate weight and insulation for seasonal needs</li><li><strong>Durability:</strong> Reinforced stress points and quality materials that last season after season</li></ul>",,/horse/rugs,3,published,best-selling,"[{""question"":""What weight rug does my horse need?"",""answer"":""Rug weight depends on your horse's coat, body condition, and local climate. Clipped horses typically need heavier rugs (200-400g) in winter, while unclipped horses may only need lightweight options (0-100g). Consider your horse's individual needs - some run hot, others cold. We're happy to help you choose the right weight.""},{""question"":""How do I measure my horse for a rug?"",""answer"":""Measure from the center of your horse's chest to the point of the buttock in a straight line. This gives you the rug size in inches or centimeters. For best fit, also consider your horse's build - some brands run larger or smaller. Check individual product sizing charts and don't hesitate to contact us for guidance.""}]","[{""url"":""/horse/boots"",""title"":""Horse Boots"",""description"":""Complete protection for your horse""},{""url"":""/horse/stable"",""title"":""Stable Equipment"",""description"":""Everything for your stable""}]"
/horse/rugs/hoods,Hood,Hood | Premium Quality | The Equestrian,"Shop premium hood including turnout rugs, stable rugs, summer sheets and coolers. Free shipping Australia-wide. Expert advice available. Find the perfect...","Browse our extensive range of hood. Expertly selected for quality, durability, and performance. Whether you're competing or riding for leisure, find exactly what you need at The Equestrian.","<h2>Premium Hood</h2><p>Welcome to our specialized hood collection. Whether you're a seasoned professional or just starting out, finding the right hood makes all the difference. We've assembled an exceptional range that combines cutting-edge technology with time-tested designs.</p><h3>What Makes Great Hood?</h3><ul><li><strong>Weather Protection:</strong> Waterproof and breathable fabrics that keep your horse comfortable in all conditions</li><li><strong>Proper Fit:</strong> Tailored designs that prevent rubbing and allow natural movement</li><li><strong>Temperature Regulation:</strong> Appropriate weight and insulation for seasonal needs</li><li><strong>Durability:</strong> Reinforced stress points and quality materials that last season after season</li></ul>",,/horse/rugs,3,published,best-selling,"[{""question"":""What weight rug does my horse need?"",""answer"":""Rug weight depends on your horse's coat, body condition, and local climate. Clipped horses typically need heavier rugs (200-400g) in winter, while unclipped horses may only need lightweight options (0-100g). Consider your horse's individual needs - some run hot, others cold. We're happy to help you choose the right weight.""},{""question"":""How do I measure my horse for a rug?"",""answer"":""Measure from the center of your horse's chest to the point of the buttock in a straight line. This gives you the rug size in inches or centimeters. For best fit, also consider your horse's build - some brands run larger or smaller. Check individual product sizing charts and don't hesitate to contact us for guidance.""}]","[{""url"":""/horse/boots"",""title"":""Horse Boots"",""description"":""Complete protection for your horse""},{""url"":""/horse/stable"",""title"":""Stable Equipment"",""description"":""Everything for your stable""}]"
/horse/rugs/tail-protectors,Tail Protector,Tail Protector | Premium Quality | The Equestrian,"Shop premium tail protector including turnout rugs, stable rugs, summer sheets and coolers. Free shipping Australia-wide. Expert advice available. Find the...","Browse our extensive range of tail protector. Expertly selected for quality, durability, and performance. Whether you're competing or riding for leisure, find exactly what you need at The Equestrian.","<h2>Premium Tail Protector</h2><p>Welcome to our specialized tail protector collection. Whether you're a seasoned professional or just starting out, finding the right tail protector makes all the difference. We've assembled an exceptional range that combines cutting-edge technology with time-tested designs.</p><h3>What Makes Great Tail Protector?</h3><ul><li><strong>Weather Protection:</strong> Waterproof and breathable fabrics that keep your horse comfortable in all conditions</li><li><strong>Proper Fit:</strong> Tailored designs that prevent rubbing and allow natural movement</li><li><strong>Temperature Regulation:</strong> Appropriate weight and insulation for seasonal needs</li><li><strong>Durability:</strong> Reinforced stress points and quality materials that last season after season</li></ul>",,/horse/rugs,3,published,best-selling,"[{""question"":""What weight rug does my horse need?"",""answer"":""Rug weight depends on your horse's coat, body condition, and local climate. Clipped horses typically need heavier rugs (200-400g) in winter, while unclipped horses may only need lightweight options (0-100g). Consider your horse's individual needs - some run hot, others cold. We're happy to help you choose the right weight.""},{""question"":""How do I measure my horse for a rug?"",""answer"":""Measure from the center of your horse's chest to the point of the buttock in a straight line. This gives you the rug size in inches or centimeters. For best fit, also consider your horse's build - some brands run larger or smaller. Check individual product sizing charts and don't hesitate to contact us for guidance.""}]","[{""url"":""/horse/boots"",""title"":""Horse Boots"",""description"":""Complete protection for your horse""},{""url"":""/horse/stable"",""title"":""Stable Equipment"",""description"":""Everything for your stable""}]"
/horse/rugs/cotton,Cotton Rugs,Cotton Rugs | Premium Quality | The Equestrian,"Shop premium cotton rugs including turnout rugs, stable rugs, summer sheets and coolers. Free shipping Australia-wide. Expert advice available. Find the...","Browse our extensive range of cotton rugs. Expertly selected for quality, durability, and performance. Whether you're competing or riding for leisure, find exactly what you need at The Equestrian.","<h2>Premium Cotton Rugs</h2><p>Welcome to our specialized cotton rugs collection. Whether you're a seasoned professional or just starting out, finding the right cotton rugs makes all the difference. We've assembled an exceptional range that combines cutting-edge technology with time-tested designs.</p><h3>What Makes Great Cotton Rugs?</h3><ul><li><strong>Weather Protection:</strong> Waterproof and breathable fabrics that keep your horse comfortable in all conditions</li><li><strong>Proper Fit:</strong> Tailored designs that prevent rubbing and allow natural movement</li><li><strong>Temperature Regulation:</strong> Appropriate weight and insulation for seasonal needs</li><li><strong>Durability:</strong> Reinforced stress points and quality materials that last season after season</li></ul>",,/horse/rugs,3,published,best-selling,"[{""question"":""What weight rug does my horse need?"",""answer"":""Rug weight depends on your horse's coat, body condition, and local climate. Clipped horses typically need heavier rugs (200-400g) in winter, while unclipped horses may only need lightweight options (0-100g). Consider your horse's individual needs - some run hot, others cold. We're happy to help you choose the right weight.""},{""question"":""How do I measure my horse for a rug?"",""answer"":""Measure from the center of your horse's chest to the point of the buttock in a straight line. This gives you the rug size in inches or centimeters. For best fit, also consider your horse's build - some brands run larger or smaller. Check individual product sizing charts and don't hesitate to contact us for guidance.""}]","[{""url"":""/horse/boots"",""title"":""Horse Boots"",""description"":""Complete protection for your horse""},{""url"":""/horse/stable"",""title"":""Stable Equipment"",""description"":""Everything for your stable""}]"
/horse/rugs/mesh,Mesh Rug,Mesh Rug | Premium Quality | The Equestrian,"Shop premium mesh rug including turnout rugs, stable rugs, summer sheets and coolers. Free shipping Australia-wide. Expert advice available. Find the...","Browse our extensive range of mesh rug. Expertly selected for quality, durability, and performance. Whether you're competing or riding for leisure, find exactly what you need at The Equestrian.","<h2>Premium Mesh Rug</h2><p>Welcome to our specialized mesh rug collection. Whether you're a seasoned professional or just starting out, finding the right mesh rug makes all the difference. We've assembled an exceptional range that combines cutting-edge technology with time-tested designs.</p><h3>What Makes Great Mesh Rug?</h3><ul><li><strong>Weather Protection:</strong> Waterproof and breathable fabrics that keep your horse comfortable in all conditions</li><li><strong>Proper Fit:</strong> Tailored designs that prevent rubbing and allow natural movement</li><li><strong>Temperature Regulation:</strong> Appropriate weight and insulation for seasonal needs</li><li><strong>Durability:</strong> Reinforced stress points and quality materials that last season after season</li></ul>",,/horse/rugs,3,published,best-selling,"[{""question"":""What weight rug does my horse need?"",""answer"":""Rug weight depends on your horse's coat, body condition, and local climate. Clipped horses typically need heavier rugs (200-400g) in winter, while unclipped horses may only need lightweight options (0-100g). Consider your horse's individual needs - some run hot, others cold. We're happy to help you choose the right weight.""},{""question"":""How do I measure my horse for a rug?"",""answer"":""Measure from the center of your horse's chest to the point of the buttock in a straight line. This gives you the rug size in inches or centimeters. For best fit, also consider your horse's build - some brands run larger or smaller. Check individual product sizing charts and don't hesitate to contact us for guidance.""}]","[{""url"":""/horse/boots"",""title"":""Horse Boots"",""description"":""Complete protection for your horse""},{""url"":""/horse/stable"",""title"":""Stable Equipment"",""description"":""Everything for your stable""}]"
/horse/rugs/flag,Flag Rug,Flag Rug | Premium Quality | The Equestrian,"Shop premium flag rug including turnout rugs, stable rugs, summer sheets and coolers. Free shipping Australia-wide. Expert advice available. Find the...","Browse our extensive range of flag rug. Expertly selected for quality, durability, and performance. Whether you're competing or riding for leisure, find exactly what you need at The Equestrian.","<h2>Premium Flag Rug</h2><p>Welcome to our specialized flag rug collection. Whether you're a seasoned professional or just starting out, finding the right flag rug makes all the difference. We've assembled an exceptional range that combines cutting-edge technology with time-tested designs.</p><h3>What Makes Great Flag Rug?</h3><ul><li><strong>Weather Protection:</strong> Waterproof and breathable fabrics that keep your horse comfortable in all conditions</li><li><strong>Proper Fit:</strong> Tailored designs that prevent rubbing and allow natural movement</li><li><strong>Temperature Regulation:</strong> Appropriate weight and insulation for seasonal needs</li><li><strong>Durability:</strong> Reinforced stress points and quality materials that last season after season</li></ul>",,/horse/rugs,3,published,best-selling,"[{""question"":""What weight rug does my horse need?"",""answer"":""Rug weight depends on your horse's coat, body condition, and local climate. Clipped horses typically need heavier rugs (200-400g) in winter, while unclipped horses may only need lightweight options (0-100g). Consider your horse's individual needs - some run hot, others cold. We're happy to help you choose the right weight.""},{""question"":""How do I measure my horse for a rug?"",""answer"":""Measure from the center of your horse's chest to the point of the buttock in a straight line. This gives you the rug size in inches or centimeters. For best fit, also consider your horse's build - some brands run larger or smaller. Check individual product sizing charts and don't hesitate to contact us for guidance.""}]","[{""url"":""/horse/boots"",""title"":""Horse Boots"",""description"":""Complete protection for your horse""},{""url"":""/horse/stable"",""title"":""Stable Equipment"",""description"":""Everything for your stable""}]"
/horse/rugs/travel,Travel,Travel | Premium Quality | The Equestrian,"Shop premium travel including turnout rugs, stable rugs, summer sheets and coolers. Free shipping Australia-wide. Expert advice available. Find the perfect...","Browse our extensive range of travel. Expertly selected for quality, durability, and performance. Whether you're competing or riding for leisure, find exactly what you need at The Equestrian.","<h2>Premium Travel</h2><p>Welcome to our specialized travel collection. Whether you're a seasoned professional or just starting out, finding the right travel makes all the difference. We've assembled an exceptional range that combines cutting-edge technology with time-tested designs.</p><h3>What Makes Great Travel?</h3><ul><li><strong>Weather Protection:</strong> Waterproof and breathable fabrics that keep your horse comfortable in all conditions</li><li><strong>Proper Fit:</strong> Tailored designs that prevent rubbing and allow natural movement</li><li><strong>Temperature Regulation:</strong> Appropriate weight and insulation for seasonal needs</li><li><strong>Durability:</strong> Reinforced stress points and quality materials that last season after season</li></ul>",,/horse/rugs,3,published,best-selling,"[{""question"":""What weight rug does my horse need?"",""answer"":""Rug weight depends on your horse's coat, body condition, and local climate. Clipped horses typically need heavier rugs (200-400g) in winter, while unclipped horses may only need lightweight options (0-100g). Consider your horse's individual needs - some run hot, others cold. We're happy to help you choose the right weight.""},{""question"":""How do I measure my horse for a rug?"",""answer"":""Measure from the center of your horse's chest to the point of the buttock in a straight line. This gives you the rug size in inches or centimeters. For best fit, also consider your horse's build - some brands run larger or smaller. Check individual product sizing charts and don't hesitate to contact us for guidance.""}]","[{""url"":""/horse/boots"",""title"":""Horse Boots"",""description"":""Complete protection for your horse""},{""url"":""/horse/stable"",""title"":""Stable Equipment"",""description"":""Everything for your stable""}]"
/horse/rugs/rain,Rain Rugs,Rain Rugs | Premium Quality | The Equestrian,"Shop premium rain rugs including turnout rugs, stable rugs, summer sheets and coolers. Free shipping Australia-wide. Expert advice available. Find the...","Browse our extensive range of rain rugs. Expertly selected for quality, durability, and performance. Whether you're competing or riding for leisure, find exactly what you need at The Equestrian.","<h2>Premium Rain Rugs</h2><p>Welcome to our specialized rain rugs collection. Whether you're a seasoned professional or just starting out, finding the right rain rugs makes all the difference. We've assembled an exceptional range that combines cutting-edge technology with time-tested designs.</p><h3>What Makes Great Rain Rugs?</h3><ul><li><strong>Weather Protection:</strong> Waterproof and breathable fabrics that keep your horse comfortable in all conditions</li><li><strong>Proper Fit:</strong> Tailored designs that prevent rubbing and allow natural movement</li><li><strong>Temperature Regulation:</strong> Appropriate weight and insulation for seasonal needs</li><li><strong>Durability:</strong> Reinforced stress points and quality materials that last season after season</li></ul>",,/horse/rugs,3,published,best-selling,"[{""question"":""What weight rug does my horse need?"",""answer"":""Rug weight depends on your horse's coat, body condition, and local climate. Clipped horses typically need heavier rugs (200-400g) in winter, while unclipped horses may only need lightweight options (0-100g). Consider your horse's individual needs - some run hot, others cold. We're happy to help you choose the right weight.""},{""question"":""How do I measure my horse for a rug?"",""answer"":""Measure from the center of your horse's chest to the point of the buttock in a straight line. This gives you the rug size in inches or centimeters. For best fit, also consider your horse's build - some brands run larger or smaller. Check individual product sizing charts and don't hesitate to contact us for guidance.""}]","[{""url"":""/horse/boots"",""title"":""Horse Boots"",""description"":""Complete protection for your horse""},{""url"":""/horse/stable"",""title"":""Stable Equipment"",""description"":""Everything for your stable""}]"
/horse/rugs/riding,riding rug,riding rug | Premium Quality | The Equestrian,"Shop premium riding rug including turnout rugs, stable rugs, summer sheets and coolers. Free shipping Australia-wide. Expert advice available. Find the...","Browse our extensive range of riding rug. Expertly selected for quality, durability, and performance. Whether you're competing or riding for leisure, find exactly what you need at The Equestrian.","<h2>Premium riding rug</h2><p>Welcome to our specialized riding rug collection. Whether you're a seasoned professional or just starting out, finding the right riding rug makes all the difference. We've assembled an exceptional range that combines cutting-edge technology with time-tested designs.</p><h3>What Makes Great riding rug?</h3><ul><li><strong>Weather Protection:</strong> Waterproof and breathable fabrics that keep your horse comfortable in all conditions</li><li><strong>Proper Fit:</strong> Tailored designs that prevent rubbing and allow natural movement</li><li><strong>Temperature Regulation:</strong> Appropriate weight and insulation for seasonal needs</li><li><strong>Durability:</strong> Reinforced stress points and quality materials that last season after season</li></ul>",,/horse/rugs,3,published,best-selling,"[{""question"":""What weight rug does my horse need?"",""answer"":""Rug weight depends on your horse's coat, body condition, and local climate. Clipped horses typically need heavier rugs (200-400g) in winter, while unclipped horses may only need lightweight options (0-100g). Consider your horse's individual needs - some run hot, others cold. We're happy to help you choose the right weight.""},{""question"":""How do I measure my horse for a rug?"",""answer"":""Measure from the center of your horse's chest to the point of the buttock in a straight line. This gives you the rug size in inches or centimeters. For best fit, also consider your horse's build - some brands run larger or smaller. Check individual product sizing charts and don't hesitate to contact us for guidance.""}]","[{""url"":""/horse/boots"",""title"":""Horse Boots"",""description"":""Complete protection for your horse""},{""url"":""/horse/stable"",""title"":""Stable Equipment"",""description"":""Everything for your stable""}]"
/horse/tack,Strapping,Strapping | Buy Online | The Equestrian,"Shop premium strapping including bridles, reins, girths and stirrups. Free shipping Australia-wide. Expert advice available. Find the perfect gear for your...","Browse our extensive range of strapping. Expertly selected for quality, durability, and performance. Whether you're competing or riding for leisure, find exactly what you need at The Equestrian.","<h2>Premium Strapping</h2><p>Discover our comprehensive collection of strapping, carefully curated to meet the demands of horses at every level. From competition-ready gear to everyday essentials, we stock only the finest brands known for quality, durability, and performance. Each product has been expertly selected by our team of equine specialists who understand what truly matters.</p><h3>What Makes Great Strapping?</h3><ul><li><strong>Premium Quality:</strong> Expertly crafted from the finest materials for lasting performance</li><li><strong>Functional Design:</strong> Thoughtfully engineered to meet the specific needs of horses and riders</li><li><strong>Trusted Brands:</strong> Products from manufacturers with proven track records in equestrian sports</li><li><strong>Value:</strong> Investment pieces that deliver exceptional performance over time</li></ul><h3>Shop by Type</h3><p>Browse our specialized categories including <a href=""/horse/tack/girths"">strapping - girths</a>,<a href=""/horse/tack/stirrup-irons"">stirrup irons</a>, and <a href=""/horse/tack/number-holders"">number holders</a>. Each category features products from world-leading brands trusted by professional equestrians.</p>",,/horse,2,published,best-selling,"[{""question"":""How do I choose the right strapping?"",""answer"":""Consider your specific needs, budget, and intended use. Read product descriptions carefully and check sizing information. Our customer reviews provide valuable insights from real users. If you're unsure, our expert team is always happy to provide personalized recommendations.""},{""question"":""Do you offer free shipping on strapping?"",""answer"":""Yes! We offer free shipping on all orders within Australia. Orders are typically processed within 1-2 business days. For urgent needs, express shipping options are available at checkout.""}]",[]
/horse/tack/girths,Strapping - Girths,Strapping - Girths | Premium Quality | The Equestrian,"Shop premium strapping - girths including bridles, reins, girths and stirrups. Free shipping Australia-wide. Expert advice available. Find the perfect gear...","Browse our extensive range of strapping - girths. Expertly selected for quality, durability, and performance. Whether you're competing or riding for leisure, find exactly what you need at The Equestrian.","<h2>Premium Strapping - Girths</h2><p>Welcome to our specialized strapping - girths collection. Whether you're a seasoned professional or just starting out, finding the right strapping - girths makes all the difference. We've assembled an exceptional range that combines cutting-edge technology with time-tested designs.</p><h3>What Makes Great Strapping - Girths?</h3><ul><li><strong>Premium Quality:</strong> Expertly crafted from the finest materials for lasting performance</li><li><strong>Functional Design:</strong> Thoughtfully engineered to meet the specific needs of horses and riders</li><li><strong>Trusted Brands:</strong> Products from manufacturers with proven track records in equestrian sports</li><li><strong>Value:</strong> Investment pieces that deliver exceptional performance over time</li></ul>",,/horse/tack,3,published,best-selling,"[{""question"":""How do I choose the right strapping - girths?"",""answer"":""Consider your specific needs, budget, and intended use. Read product descriptions carefully and check sizing information. Our customer reviews provide valuable insights from real users. If you're unsure, our expert team is always happy to provide personalized recommendations.""},{""question"":""Do you offer free shipping on strapping - girths?"",""answer"":""Yes! We offer free shipping on all orders within Australia. Orders are typically processed within 1-2 business days. For urgent needs, express shipping options are available at checkout.""}]",[]
/horse/tack/stirrup-irons,Stirrup Irons,Stirrup Irons | Premium Quality | The Equestrian,"Shop premium stirrup irons including bridles, reins, girths and stirrups. Free shipping Australia-wide. Expert advice available. Find the perfect gear for...","Browse our extensive range of stirrup irons. Expertly selected for quality, durability, and performance. Whether you're competing or riding for leisure, find exactly what you need at The Equestrian.","<h2>Premium Stirrup Irons</h2><p>Welcome to our specialized stirrup irons collection. Whether you're a seasoned professional or just starting out, finding the right stirrup irons makes all the difference. We've assembled an exceptional range that combines cutting-edge technology with time-tested designs.</p><h3>What Makes Great Stirrup Irons?</h3><ul><li><strong>Premium Quality:</strong> Expertly crafted from the finest materials for lasting performance</li><li><strong>Functional Design:</strong> Thoughtfully engineered to meet the specific needs of horses and riders</li><li><strong>Trusted Brands:</strong> Products from manufacturers with proven track records in equestrian sports</li><li><strong>Value:</strong> Investment pieces that deliver exceptional performance over time</li></ul>",,/horse/tack,3,published,best-selling,"[{""question"":""How do I choose the right stirrup irons?"",""answer"":""Consider your specific needs, budget, and intended use. Read product descriptions carefully and check sizing information. Our customer reviews provide valuable insights from real users. If you're unsure, our expert team is always happy to provide personalized recommendations.""},{""question"":""Do you offer free shipping on stirrup irons?"",""answer"":""Yes! We offer free shipping on all orders within Australia. Orders are typically processed within 1-2 business days. For urgent needs, express shipping options are available at checkout.""}]",[]
/horse/tack/number-holders,Number Holders,Number Holders | Premium Quality | The Equestrian,"Shop premium number holders including bridles, reins, girths and stirrups. Free shipping Australia-wide. Expert advice available. Find the perfect gear for...","Browse our extensive range of number holders. Expertly selected for quality, durability, and performance. Whether you're competing or riding for leisure, find exactly what you need at The Equestrian.","<h2>Premium Number Holders</h2><p>Welcome to our specialized number holders collection. Whether you're a seasoned professional or just starting out, finding the right number holders makes all the difference. We've assembled an exceptional range that combines cutting-edge technology with time-tested designs.</p><h3>What Makes Great Number Holders?</h3><ul><li><strong>Premium Quality:</strong> Expertly crafted from the finest materials for lasting performance</li><li><strong>Functional Design:</strong> Thoughtfully engineered to meet the specific needs of horses and riders</li><li><strong>Trusted Brands:</strong> Products from manufacturers with proven track records in equestrian sports</li><li><strong>Value:</strong> Investment pieces that deliver exceptional performance over time</li></ul>",,/horse/tack,3,published,best-selling,"[{""question"":""How do I choose the right number holders?"",""answer"":""Consider your specific needs, budget, and intended use. Read product descriptions carefully and check sizing information. Our customer reviews provide valuable insights from real users. If you're unsure, our expert team is always happy to provide personalized recommendations.""},{""question"":""Do you offer free shipping on number holders?"",""answer"":""Yes! We offer free shipping on all orders within Australia. Orders are typically processed within 1-2 business days. For urgent needs, express shipping options are available at checkout.""}]",[]
/horse/tack/stirrup-leathers,Stirrup Leathers,Stirrup Leathers | Premium Quality | The Equestrian,"Shop premium stirrup leathers including bridles, reins, girths and stirrups. Free shipping Australia-wide. Expert advice available. Find the perfect gear...","Browse our extensive range of stirrup leathers. Expertly selected for quality, durability, and performance. Whether you're competing or riding for leisure, find exactly what you need at The Equestrian.","<h2>Premium Stirrup Leathers</h2><p>Welcome to our specialized stirrup leathers collection. Whether you're a seasoned professional or just starting out, finding the right stirrup leathers makes all the difference. We've assembled an exceptional range that combines cutting-edge technology with time-tested designs.</p><h3>What Makes Great Stirrup Leathers?</h3><ul><li><strong>Premium Quality:</strong> Expertly crafted from the finest materials for lasting performance</li><li><strong>Functional Design:</strong> Thoughtfully engineered to meet the specific needs of horses and riders</li><li><strong>Trusted Brands:</strong> Products from manufacturers with proven track records in equestrian sports</li><li><strong>Value:</strong> Investment pieces that deliver exceptional performance over time</li></ul>",,/horse/tack,3,published,best-selling,"[{""question"":""How do I choose the right stirrup leathers?"",""answer"":""Consider your specific needs, budget, and intended use. Read product descriptions carefully and check sizing information. Our customer reviews provide valuable insights from real users. If you're unsure, our expert team is always happy to provide personalized recommendations.""},{""question"":""Do you offer free shipping on stirrup leathers?"",""answer"":""Yes! We offer free shipping on all orders within Australia. Orders are typically processed within 1-2 business days. For urgent needs, express shipping options are available at checkout.""}]",[]
/horse/tack/bridles,Browbands,Browbands | Premium Quality | The Equestrian,"Shop premium browbands including bridles, reins, girths and stirrups. Free shipping Australia-wide. Expert advice available. Find the perfect gear for your...","Browse our extensive range of browbands. Expertly selected for quality, durability, and performance. Whether you're competing or riding for leisure, find exactly what you need at The Equestrian.","<h2>Premium Browbands</h2><p>Welcome to our specialized browbands collection. Whether you're a seasoned professional or just starting out, finding the right browbands makes all the difference. We've assembled an exceptional range that combines cutting-edge technology with time-tested designs.</p><h3>What Makes Great Browbands?</h3><ul><li><strong>Premium Quality:</strong> Expertly crafted from the finest materials for lasting performance</li><li><strong>Functional Design:</strong> Thoughtfully engineered to meet the specific needs of horses and riders</li><li><strong>Trusted Brands:</strong> Products from manufacturers with proven track records in equestrian sports</li><li><strong>Value:</strong> Investment pieces that deliver exceptional performance over time</li></ul>",,/horse/tack,3,published,best-selling,"[{""question"":""How do I choose the right browbands?"",""answer"":""Consider your specific needs, budget, and intended use. Read product descriptions carefully and check sizing information. Our customer reviews provide valuable insights from real users. If you're unsure, our expert team is always happy to provide personalized recommendations.""},{""question"":""Do you offer free shipping on browbands?"",""answer"":""Yes! We offer free shipping on all orders within Australia. Orders are typically processed within 1-2 business days. For urgent needs, express shipping options are available at checkout.""}]",[]
/horse/tack/reins,Reins,Reins | Premium Quality | The Equestrian,"Shop premium reins including bridles, reins, girths and stirrups. Free shipping Australia-wide. Expert advice available. Find the perfect gear for your needs.","Browse our extensive range of reins. Expertly selected for quality, durability, and performance. Whether you're competing or riding for leisure, find exactly what you need at The Equestrian.","<h2>Premium Reins</h2><p>Welcome to our specialized reins collection. Whether you're a seasoned professional or just starting out, finding the right reins makes all the difference. We've assembled an exceptional range that combines cutting-edge technology with time-tested designs.</p><h3>What Makes Great Reins?</h3><ul><li><strong>Premium Quality:</strong> Expertly crafted from the finest materials for lasting performance</li><li><strong>Functional Design:</strong> Thoughtfully engineered to meet the specific needs of horses and riders</li><li><strong>Trusted Brands:</strong> Products from manufacturers with proven track records in equestrian sports</li><li><strong>Value:</strong> Investment pieces that deliver exceptional performance over time</li></ul>",,/horse/tack,3,published,best-selling,"[{""question"":""How do I choose the right reins?"",""answer"":""Consider your specific needs, budget, and intended use. Read product descriptions carefully and check sizing information. Our customer reviews provide valuable insights from real users. If you're unsure, our expert team is always happy to provide personalized recommendations.""},{""question"":""Do you offer free shipping on reins?"",""answer"":""Yes! We offer free shipping on all orders within Australia. Orders are typically processed within 1-2 business days. For urgent needs, express shipping options are available at checkout.""}]",[]
/horse/tack/nosebands,Nosebands & Browbands,Nosebands & Browbands | Premium Quality | The Equestrian,"Shop premium nosebands & browbands including bridles, reins, girths and stirrups. Free shipping Australia-wide. Expert advice available. Find the perfect...","Browse our extensive range of nosebands & browbands. Expertly selected for quality, durability, and performance. Whether you're competing or riding for leisure, find exactly what you need at The Equestrian.","<h2>Premium Nosebands & Browbands</h2><p>Welcome to our specialized nosebands & browbands collection. Whether you're a seasoned professional or just starting out, finding the right nosebands & browbands makes all the difference. We've assembled an exceptional range that combines cutting-edge technology with time-tested designs.</p><h3>What Makes Great Nosebands & Browbands?</h3><ul><li><strong>Premium Quality:</strong> Expertly crafted from the finest materials for lasting performance</li><li><strong>Functional Design:</strong> Thoughtfully engineered to meet the specific needs of horses and riders</li><li><strong>Trusted Brands:</strong> Products from manufacturers with proven track records in equestrian sports</li><li><strong>Value:</strong> Investment pieces that deliver exceptional performance over time</li></ul>",,/horse/tack,3,published,best-selling,"[{""question"":""How do I choose the right nosebands & browbands?"",""answer"":""Consider your specific needs, budget, and intended use. Read product descriptions carefully and check sizing information. Our customer reviews provide valuable insights from real users. If you're unsure, our expert team is always happy to provide personalized recommendations.""},{""question"":""Do you offer free shipping on nosebands & browbands?"",""answer"":""Yes! We offer free shipping on all orders within Australia. Orders are typically processed within 1-2 business days. For urgent needs, express shipping options are available at checkout.""}]",[]
/horse/tack/breastplates,Breastplates & Martingales,Breastplates & Martingales | Premium Quality | The Equestrian,"Shop premium breastplates & martingales including bridles, reins, girths and stirrups. Free shipping Australia-wide. Expert advice available. Find the...","Browse our extensive range of breastplates & martingales. Expertly selected for quality, durability, and performance. Whether you're competing or riding for leisure, find exactly what you need at The Equestrian.","<h2>Premium Breastplates & Martingales</h2><p>Welcome to our specialized breastplates & martingales collection. Whether you're a seasoned professional or just starting out, finding the right breastplates & martingales makes all the difference. We've assembled an exceptional range that combines cutting-edge technology with time-tested designs.</p><h3>What Makes Great Breastplates & Martingales?</h3><ul><li><strong>Premium Quality:</strong> Expertly crafted from the finest materials for lasting performance</li><li><strong>Functional Design:</strong> Thoughtfully engineered to meet the specific needs of horses and riders</li><li><strong>Trusted Brands:</strong> Products from manufacturers with proven track records in equestrian sports</li><li><strong>Value:</strong> Investment pieces that deliver exceptional performance over time</li></ul>",,/horse/tack,3,published,best-selling,"[{""question"":""How do I choose the right breastplates & martingales?"",""answer"":""Consider your specific needs, budget, and intended use. Read product descriptions carefully and check sizing information. Our customer reviews provide valuable insights from real users. If you're unsure, our expert team is always happy to provide personalized recommendations.""},{""question"":""Do you offer free shipping on breastplates & martingales?"",""answer"":""Yes! We offer free shipping on all orders within Australia. Orders are typically processed within 1-2 business days. For urgent needs, express shipping options are available at checkout.""}]",[]
/horse/tack/martingales,Strapping - Martingales,Strapping - Martingales | Premium Quality | The Equestrian,"Shop premium strapping - martingales including bridles, reins, girths and stirrups. Free shipping Australia-wide. Expert advice available. Find the perfect...","Browse our extensive range of strapping - martingales. Expertly selected for quality, durability, and performance. Whether you're competing or riding for leisure, find exactly what you need at The Equestrian.","<h2>Premium Strapping - Martingales</h2><p>Welcome to our specialized strapping - martingales collection. Whether you're a seasoned professional or just starting out, finding the right strapping - martingales makes all the difference. We've assembled an exceptional range that combines cutting-edge technology with time-tested designs.</p><h3>What Makes Great Strapping - Martingales?</h3><ul><li><strong>Premium Quality:</strong> Expertly crafted from the finest materials for lasting performance</li><li><strong>Functional Design:</strong> Thoughtfully engineered to meet the specific needs of horses and riders</li><li><strong>Trusted Brands:</strong> Products from manufacturers with proven track records in equestrian sports</li><li><strong>Value:</strong> Investment pieces that deliver exceptional performance over time</li></ul>",,/horse/tack,3,published,best-selling,"[{""question"":""How do I choose the right strapping - martingales?"",""answer"":""Consider your specific needs, budget, and intended use. Read product descriptions carefully and check sizing information. Our customer reviews provide valuable insights from real users. If you're unsure, our expert team is always happy to provide personalized recommendations.""},{""question"":""Do you offer free shipping on strapping - martingales?"",""answer"":""Yes! We offer free shipping on all orders within Australia. Orders are typically processed within 1-2 business days. For urgent needs, express shipping options are available at checkout.""}]",[]
/horse/tack/stirrups,Stirrups and leathers,Stirrups and leathers | Premium Quality | The Equestrian,"Shop premium stirrups and leathers including bridles, reins, girths and stirrups. Free shipping Australia-wide. Expert advice available. Find the perfect...","Browse our extensive range of stirrups and leathers. Expertly selected for quality, durability, and performance. Whether you're competing or riding for leisure, find exactly what you need at The Equestrian.","<h2>Premium Stirrups and leathers</h2><p>Welcome to our specialized stirrups and leathers collection. Whether you're a seasoned professional or just starting out, finding the right stirrups and leathers makes all the difference. We've assembled an exceptional range that combines cutting-edge technology with time-tested designs.</p><h3>What Makes Great Stirrups and leathers?</h3><ul><li><strong>Premium Quality:</strong> Expertly crafted from the finest materials for lasting performance</li><li><strong>Functional Design:</strong> Thoughtfully engineered to meet the specific needs of horses and riders</li><li><strong>Trusted Brands:</strong> Products from manufacturers with proven track records in equestrian sports</li><li><strong>Value:</strong> Investment pieces that deliver exceptional performance over time</li></ul>",,/horse/tack,3,published,best-selling,"[{""question"":""How do I choose the right stirrups and leathers?"",""answer"":""Consider your specific needs, budget, and intended use. Read product descriptions carefully and check sizing information. Our customer reviews provide valuable insights from real users. If you're unsure, our expert team is always happy to provide personalized recommendations.""},{""question"":""Do you offer free shipping on stirrups and leathers?"",""answer"":""Yes! We offer free shipping on all orders within Australia. Orders are typically processed within 1-2 business days. For urgent needs, express shipping options are available at checkout.""}]",[]
/horse/tack/accessories,Tack Accessories,Strapping - Strapping Accessories | Premium Quality | The Equestrian,"Shop premium tack accessories including bridles, reins, girths and stirrups. Free shipping Australia-wide. Expert advice available. Find the perfect gear...","Browse our extensive range of strapping - strapping accessories. Expertly selected for quality, durability, and performance. Whether you're competing or riding for leisure, find exactly what you need at The Equestrian.","<h2>Premium Strapping - Strapping Accessories</h2><p>Welcome to our specialized strapping - strapping accessories collection. Whether you're a seasoned professional or just starting out, finding the right strapping - strapping accessories makes all the difference. We've assembled an exceptional range that combines cutting-edge technology with time-tested designs.</p><h3>What Makes Great Strapping - Strapping Accessories?</h3><ul><li><strong>Premium Quality:</strong> Expertly crafted from the finest materials for lasting performance</li><li><strong>Functional Design:</strong> Thoughtfully engineered to meet the specific needs of horses and riders</li><li><strong>Trusted Brands:</strong> Products from manufacturers with proven track records in equestrian sports</li><li><strong>Value:</strong> Investment pieces that deliver exceptional performance over time</li></ul>",,/horse/tack,3,published,best-selling,"[{""question"":""How do I choose the right strapping - strapping accessories?"",""answer"":""Consider your specific needs, budget, and intended use. Read product descriptions carefully and check sizing information. Our customer reviews provide valuable insights from real users. If you're unsure, our expert team is always happy to provide personalized recommendations.""},{""question"":""Do you offer free shipping on strapping - strapping accessories?"",""answer"":""Yes! We offer free shipping on all orders within Australia. Orders are typically processed within 1-2 business days. For urgent needs, express shipping options are available at checkout.""}]",[]
/horse/saddles,Saddles,Saddles | Buy Online | The Equestrian,"Shop premium saddles including dressage saddles, jumping saddles, all-purpose saddles and endurance saddles. Free shipping Australia-wide. Expert advice...","Browse our extensive range of saddles. Expertly selected for quality, durability, and performance. Whether you're competing or riding for leisure, find exactly what you need at The Equestrian.","<h2>Premium Saddles</h2><p>Discover our comprehensive collection of saddles, carefully curated to meet the demands of horses at every level. From competition-ready gear to everyday essentials, we stock only the finest brands known for quality, durability, and performance. Each product has been expertly selected by our team of equine specialists who understand what truly matters.</p><h3>What Makes Great Saddles?</h3><ul><li><strong>Premium Quality:</strong> Expertly crafted from the finest materials for lasting performance</li><li><strong>Functional Design:</strong> Thoughtfully engineered to meet the specific needs of horses and riders</li><li><strong>Trusted Brands:</strong> Products from manufacturers with proven track records in equestrian sports</li><li><strong>Value:</strong> Investment pieces that deliver exceptional performance over time</li></ul><h3>Shop by Type</h3><p>Browse our specialized categories including <a href=""/horse/saddles/dressage"">saddles: dressage saddles</a>,<a href=""/horse/saddles/accessories"">saddles: saddle accessories & gullets</a>, and <a href=""/horse/saddles/all-purpose"">saddles: all purpose saddles</a>. Each category features products from world-leading brands trusted by professional equestrians.</p>",,/horse,2,published,best-selling,"[{""question"":""How do I choose the right saddles?"",""answer"":""Consider your specific needs, budget, and intended use. Read product descriptions carefully and check sizing information. Our customer reviews provide valuable insights from real users. If you're unsure, our expert team is always happy to provide personalized recommendations.""},{""question"":""Do you offer free shipping on saddles?"",""answer"":""Yes! We offer free shipping on all orders within Australia. Orders are typically processed within 1-2 business days. For urgent needs, express shipping options are available at checkout.""}]",[]
/horse/saddles/dressage,Dressage Saddles,SADDLES: Dressage Saddles | Premium Quality | The Equestrian,"Shop premium dressage saddles including dressage saddles, jumping saddles, all-purpose saddles and endurance saddles. Free shipping Australia-wide. Expert...","Browse our extensive range of saddles: dressage saddles. Expertly selected for quality, durability, and performance. Whether you're competing or riding for leisure, find exactly what you need at The Equestrian.","<h2>Premium SADDLES: Dressage Saddles</h2><p>Welcome to our specialized saddles: dressage saddles collection. Whether you're a seasoned professional or just starting out, finding the right saddles: dressage saddles makes all the difference. We've assembled an exceptional range that combines cutting-edge technology with time-tested designs.</p><h3>What Makes Great SADDLES: Dressage Saddles?</h3><ul><li><strong>Premium Quality:</strong> Expertly crafted from the finest materials for lasting performance</li><li><strong>Functional Design:</strong> Thoughtfully engineered to meet the specific needs of horses and riders</li><li><strong>Trusted Brands:</strong> Products from manufacturers with proven track records in equestrian sports</li><li><strong>Value:</strong> Investment pieces that deliver exceptional performance over time</li></ul>",,/horse/saddles,3,published,best-selling,"[{""question"":""How do I choose the right saddles: dressage saddles?"",""answer"":""Consider your specific needs, budget, and intended use. Read product descriptions carefully and check sizing information. Our customer reviews provide valuable insights from real users. If you're unsure, our expert team is always happy to provide personalized recommendations.""},{""question"":""Do you offer free shipping on saddles: dressage saddles?"",""answer"":""Yes! We offer free shipping on all orders within Australia. Orders are typically processed within 1-2 business days. For urgent needs, express shipping options are available at checkout.""}]",[]
/horse/saddles/accessories,Saddle Accessories & Gullets,SADDLES: Saddle Accessories & Gullets | Premium Quality | The Equestrian,"Shop premium saddle accessories & gullets including dressage saddles, jumping saddles, all-purpose saddles and endurance saddles. Free shipping...","Browse our extensive range of saddles: saddle accessories & gullets. Expertly selected for quality, durability, and performance. Whether you're competing or riding for leisure, find exactly what you need at The Equestrian.","<h2>Premium SADDLES: Saddle Accessories & Gullets</h2><p>Welcome to our specialized saddles: saddle accessories & gullets collection. Whether you're a seasoned professional or just starting out, finding the right saddles: saddle accessories & gullets makes all the difference. We've assembled an exceptional range that combines cutting-edge technology with time-tested designs.</p><h3>What Makes Great SADDLES: Saddle Accessories & Gullets?</h3><ul><li><strong>Premium Quality:</strong> Expertly crafted from the finest materials for lasting performance</li><li><strong>Functional Design:</strong> Thoughtfully engineered to meet the specific needs of horses and riders</li><li><strong>Trusted Brands:</strong> Products from manufacturers with proven track records in equestrian sports</li><li><strong>Value:</strong> Investment pieces that deliver exceptional performance over time</li></ul>",,/horse/saddles,3,published,best-selling,"[{""question"":""How do I choose the right saddles: saddle accessories & gullets?"",""answer"":""Consider your specific needs, budget, and intended use. Read product descriptions carefully and check sizing information. Our customer reviews provide valuable insights from real users. If you're unsure, our expert team is always happy to provide personalized recommendations.""},{""question"":""Do you offer free shipping on saddles: saddle accessories & gullets?"",""answer"":""Yes! We offer free shipping on all orders within Australia. Orders are typically processed within 1-2 business days. For urgent needs, express shipping options are available at checkout.""}]",[]
/horse/saddles/all-purpose,All Purpose Saddles,SADDLES: All Purpose Saddles | Premium Quality | The Equestrian,"Shop premium all purpose saddles including dressage saddles, jumping saddles, all-purpose saddles and endurance saddles. Free shipping Australia-wide....","Browse our extensive range of saddles: all purpose saddles. Expertly selected for quality, durability, and performance. Whether you're competing or riding for leisure, find exactly what you need at The Equestrian.","<h2>Premium SADDLES: All Purpose Saddles</h2><p>Welcome to our specialized saddles: all purpose saddles collection. Whether you're a seasoned professional or just starting out, finding the right saddles: all purpose saddles makes all the difference. We've assembled an exceptional range that combines cutting-edge technology with time-tested designs.</p><h3>What Makes Great SADDLES: All Purpose Saddles?</h3><ul><li><strong>Premium Quality:</strong> Expertly crafted from the finest materials for lasting performance</li><li><strong>Functional Design:</strong> Thoughtfully engineered to meet the specific needs of horses and riders</li><li><strong>Trusted Brands:</strong> Products from manufacturers with proven track records in equestrian sports</li><li><strong>Value:</strong> Investment pieces that deliver exceptional performance over time</li></ul>",,/horse/saddles,3,published,best-selling,"[{""question"":""How do I choose the right saddles: all purpose saddles?"",""answer"":""Consider your specific needs, budget, and intended use. Read product descriptions carefully and check sizing information. Our customer reviews provide valuable insights from real users. If you're unsure, our expert team is always happy to provide personalized recommendations.""},{""question"":""Do you offer free shipping on saddles: all purpose saddles?"",""answer"":""Yes! We offer free shipping on all orders within Australia. Orders are typically processed within 1-2 business days. For urgent needs, express shipping options are available at checkout.""}]",[]
/horse/saddles/jumping,Jumping Saddles,SADDLES: Jumping Saddles | Premium Quality | The Equestrian,"Shop premium jumping saddles including dressage saddles, jumping saddles, all-purpose saddles and endurance saddles. Free shipping Australia-wide. Expert...","Browse our extensive range of saddles: jumping saddles. Expertly selected for quality, durability, and performance. Whether you're competing or riding for leisure, find exactly what you need at The Equestrian.","<h2>Premium SADDLES: Jumping Saddles</h2><p>Welcome to our specialized saddles: jumping saddles collection. Whether you're a seasoned professional or just starting out, finding the right saddles: jumping saddles makes all the difference. We've assembled an exceptional range that combines cutting-edge technology with time-tested designs.</p><h3>What Makes Great SADDLES: Jumping Saddles?</h3><ul><li><strong>Premium Quality:</strong> Expertly crafted from the finest materials for lasting performance</li><li><strong>Functional Design:</strong> Thoughtfully engineered to meet the specific needs of horses and riders</li><li><strong>Trusted Brands:</strong> Products from manufacturers with proven track records in equestrian sports</li><li><strong>Value:</strong> Investment pieces that deliver exceptional performance over time</li></ul>",,/horse/saddles,3,published,best-selling,"[{""question"":""How do I choose the right saddles: jumping saddles?"",""answer"":""Consider your specific needs, budget, and intended use. Read product descriptions carefully and check sizing information. Our customer reviews provide valuable insights from real users. If you're unsure, our expert team is always happy to provide personalized recommendations.""},{""question"":""Do you offer free shipping on saddles: jumping saddles?"",""answer"":""Yes! We offer free shipping on all orders within Australia. Orders are typically processed within 1-2 business days. For urgent needs, express shipping options are available at checkout.""}]",[]
/horse/saddles/stock-western,Stock & Western Saddles,SADDLES: Stock & Western Saddles | Premium Quality | The Equestrian,"Shop premium stock & western saddles including dressage saddles, jumping saddles, all-purpose saddles and endurance saddles. Free shipping Australia-wide....","Browse our extensive range of saddles: stock & western saddles. Expertly selected for quality, durability, and performance. Whether you're competing or riding for leisure, find exactly what you need at The Equestrian.","<h2>Premium SADDLES: Stock & Western Saddles</h2><p>Welcome to our specialized saddles: stock & western saddles collection. Whether you're a seasoned professional or just starting out, finding the right saddles: stock & western saddles makes all the difference. We've assembled an exceptional range that combines cutting-edge technology with time-tested designs.</p><h3>What Makes Great SADDLES: Stock & Western Saddles?</h3><ul><li><strong>Premium Quality:</strong> Expertly crafted from the finest materials for lasting performance</li><li><strong>Functional Design:</strong> Thoughtfully engineered to meet the specific needs of horses and riders</li><li><strong>Trusted Brands:</strong> Products from manufacturers with proven track records in equestrian sports</li><li><strong>Value:</strong> Investment pieces that deliver exceptional performance over time</li></ul>",,/horse/saddles,3,published,best-selling,"[{""question"":""How do I choose the right saddles: stock & western saddles?"",""answer"":""Consider your specific needs, budget, and intended use. Read product descriptions carefully and check sizing information. Our customer reviews provide valuable insights from real users. If you're unsure, our expert team is always happy to provide personalized recommendations.""},{""question"":""Do you offer free shipping on saddles: stock & western saddles?"",""answer"":""Yes! We offer free shipping on all orders within Australia. Orders are typically processed within 1-2 business days. For urgent needs, express shipping options are available at checkout.""}]",[]
/horse/bonnets,Flyveils & Bonnets,Flyveils & Bonnets | Buy Online | The Equestrian,"Shop premium flyveils & bonnets including saddles, rugs, boots and tack. Free shipping Australia-wide. Expert advice available. Find the perfect gear for...","Browse our extensive range of flyveils & bonnets. Expertly selected for quality, durability, and performance. Whether you're competing or riding for leisure, find exactly what you need at The Equestrian.","<h2>Premium Flyveils & Bonnets</h2><p>Discover our comprehensive collection of flyveils & bonnets, carefully curated to meet the demands of horses at every level. From competition-ready gear to everyday essentials, we stock only the finest brands known for quality, durability, and performance. Each product has been expertly selected by our team of equine specialists who understand what truly matters.</p><h3>What Makes Great Flyveils & Bonnets?</h3><ul><li><strong>Premium Quality:</strong> Expertly crafted from the finest materials for lasting performance</li><li><strong>Functional Design:</strong> Thoughtfully engineered to meet the specific needs of horses and riders</li><li><strong>Trusted Brands:</strong> Products from manufacturers with proven track records in equestrian sports</li><li><strong>Value:</strong> Investment pieces that deliver exceptional performance over time</li></ul><h3>Shop by Type</h3><p>Browse our specialized categories including <a href=""/horse/bonnets/fly-masks"">fly mask</a>. Each category features products from world-leading brands trusted by professional equestrians.</p>",,/horse,2,published,best-selling,"[{""question"":""How do I choose the right flyveils & bonnets?"",""answer"":""Consider your specific needs, budget, and intended use. Read product descriptions carefully and check sizing information. Our customer reviews provide valuable insights from real users. If you're unsure, our expert team is always happy to provide personalized recommendations.""},{""question"":""Do you offer free shipping on flyveils & bonnets?"",""answer"":""Yes! We offer free shipping on all orders within Australia. Orders are typically processed within 1-2 business days. For urgent needs, express shipping options are available at checkout.""}]",[]
/horse/bonnets/fly-masks,Fly Mask,Fly Mask | Premium Quality | The Equestrian,"Shop premium fly mask including saddles, rugs, boots and tack. Free shipping Australia-wide. Expert advice available. Find the perfect gear for your needs.","Browse our extensive range of fly mask. Expertly selected for quality, durability, and performance. Whether you're competing or riding for leisure, find exactly what you need at The Equestrian.","<h2>Premium Fly Mask</h2><p>Welcome to our specialized fly mask collection. Whether you're a seasoned professional or just starting out, finding the right fly mask makes all the difference. We've assembled an exceptional range that combines cutting-edge technology with time-tested designs.</p><h3>What Makes Great Fly Mask?</h3><ul><li><strong>Premium Quality:</strong> Expertly crafted from the finest materials for lasting performance</li><li><strong>Functional Design:</strong> Thoughtfully engineered to meet the specific needs of horses and riders</li><li><strong>Trusted Brands:</strong> Products from manufacturers with proven track records in equestrian sports</li><li><strong>Value:</strong> Investment pieces that deliver exceptional performance over time</li></ul>",,/horse/bonnets,3,published,best-selling,"[{""question"":""How do I choose the right fly mask?"",""answer"":""Consider your specific needs, budget, and intended use. Read product descriptions carefully and check sizing information. Our customer reviews provide valuable insights from real users. If you're unsure, our expert team is always happy to provide personalized recommendations.""},{""question"":""Do you offer free shipping on fly mask?"",""answer"":""Yes! We offer free shipping on all orders within Australia. Orders are typically processed within 1-2 business days. For urgent needs, express shipping options are available at checkout.""}]",[]
/rider/helmets,Helmets,Helmets | Buy Online | The Equestrian,"Shop premium helmets including riding helmets, skull caps, ventilated helmets and competition helmets. Free shipping Australia-wide. Expert advice available.","Browse our extensive range of helmets. Expertly selected for quality, durability, and performance. Whether you're competing or riding for leisure, find exactly what you need at The Equestrian.","<h2>Premium Helmets</h2><p>Discover our comprehensive collection of helmets, carefully curated to meet the demands of riders at every level. From competition-ready gear to everyday essentials, we stock only the finest brands known for quality, durability, and performance. Each product has been expertly selected by our team of experienced professionals who understand what truly matters.</p><h3>What Makes Great Helmets?</h3><ul><li><strong>Safety First:</strong> Certified protection that meets or exceeds industry standards</li><li><strong>Comfort:</strong> Ergonomic designs that you'll actually want to wear</li><li><strong>Quality Construction:</strong> Attention to detail that ensures longevity and reliability</li><li><strong>Professional Standards:</strong> Competition-approved gear trusted by top riders</li></ul><h3>Shop by Type</h3><p>Browse our specialized categories including <a href=""/rider/helmets/accessories"">bicycle helmet brim visor</a>. Each category features products from world-leading brands trusted by professional riders.</p>",,/rider,2,published,best-selling,"[{""question"":""How do I choose the right helmets?"",""answer"":""Consider your riding discipline, frequency, and personal preferences. Safety should always come first - look for certified products that meet current standards. Comfort is also crucial as you're more likely to use gear that feels good. Our team can help match you with the perfect helmets for your needs.""},{""question"":""Are these products competition-approved?"",""answer"":""Most of our helmets meet or exceed competition standards, but requirements vary by discipline and level. Check specific product descriptions for certification details, or contact us to confirm if an item is suitable for your competition needs.""}]","[{""url"":""/clothing/womens"",""title"":""Ladies' Riding Clothing"",""description"":""Complete your riding wardrobe""},{""url"":""/horse/tack"",""title"":""Horse Tack"",""description"":""Quality tack for horse and rider""}]"
/rider/helmets/accessories,Bicycle Helmet Brim Visor,Bicycle Helmet Brim Visor | Premium Quality | The Equestrian,"Shop premium bicycle helmet brim visor including riding helmets, skull caps, ventilated helmets and competition helmets. Free shipping Australia-wide....","Browse our extensive range of bicycle helmet brim visor. Expertly selected for quality, durability, and performance. Whether you're competing or riding for leisure, find exactly what you need at The Equestrian.","<h2>Premium Bicycle Helmet Brim Visor</h2><p>Welcome to our specialized bicycle helmet brim visor collection. Whether you're a seasoned professional or just starting out, finding the right bicycle helmet brim visor makes all the difference. We've assembled an exceptional range that combines cutting-edge technology with time-tested designs.</p><h3>What Makes Great Bicycle Helmet Brim Visor?</h3><ul><li><strong>Safety First:</strong> Certified protection that meets or exceeds industry standards</li><li><strong>Comfort:</strong> Ergonomic designs that you'll actually want to wear</li><li><strong>Quality Construction:</strong> Attention to detail that ensures longevity and reliability</li><li><strong>Professional Standards:</strong> Competition-approved gear trusted by top riders</li></ul>",,/rider/helmets,3,published,best-selling,"[{""question"":""How do I choose the right bicycle helmet brim visor?"",""answer"":""Consider your riding discipline, frequency, and personal preferences. Safety should always come first - look for certified products that meet current standards. Comfort is also crucial as you're more likely to use gear that feels good. Our team can help match you with the perfect bicycle helmet brim visor for your needs.""},{""question"":""Are these products competition-approved?"",""answer"":""Most of our bicycle helmet brim visor meet or exceed competition standards, but requirements vary by discipline and level. Check specific product descriptions for certification details, or contact us to confirm if an item is suitable for your competition needs.""}]","[{""url"":""/clothing/womens"",""title"":""Ladies' Riding Clothing"",""description"":""Complete your riding wardrobe""},{""url"":""/horse/tack"",""title"":""Horse Tack"",""description"":""Quality tack for horse and rider""}]"
/rider/giftware,Giftware,Giftware | Buy Online | The Equestrian,"Shop premium giftware including helmets, boots, gloves and safety vests. Free shipping Australia-wide. Expert advice available. Find the perfect gear for...","Browse our extensive range of giftware. Expertly selected for quality, durability, and performance. Whether you're competing or riding for leisure, find exactly what you need at The Equestrian.","<h2>Premium Giftware</h2><p>Discover our comprehensive collection of giftware, carefully curated to meet the demands of riders at every level. From competition-ready gear to everyday essentials, we stock only the finest brands known for quality, durability, and performance. Each product has been expertly selected by our team of experienced professionals who understand what truly matters.</p><h3>What Makes Great Giftware?</h3><ul><li><strong>Safety First:</strong> Certified protection that meets or exceeds industry standards</li><li><strong>Comfort:</strong> Ergonomic designs that you'll actually want to wear</li><li><strong>Quality Construction:</strong> Attention to detail that ensures longevity and reliability</li><li><strong>Professional Standards:</strong> Competition-approved gear trusted by top riders</li></ul><h3>Shop by Category</h3><p>Browse our specialized categories to find exactly what you need. Each section features products from world-leading brands trusted by professional riders. Not sure where to start? Our expert team is always here to help you make the right choice.</p>",,/rider,2,published,best-selling,"[{""question"":""How do I choose the right giftware?"",""answer"":""Consider your riding discipline, frequency, and personal preferences. Safety should always come first - look for certified products that meet current standards. Comfort is also crucial as you're more likely to use gear that feels good. Our team can help match you with the perfect giftware for your needs.""},{""question"":""Are these products competition-approved?"",""answer"":""Most of our giftware meet or exceed competition standards, but requirements vary by discipline and level. Check specific product descriptions for certification details, or contact us to confirm if an item is suitable for your competition needs.""}]","[{""url"":""/clothing/womens"",""title"":""Ladies' Riding Clothing"",""description"":""Complete your riding wardrobe""},{""url"":""/horse/tack"",""title"":""Horse Tack"",""description"":""Quality tack for horse and rider""}]"
/rider/jewellery,Jewellery,Jewellery | Buy Online | The Equestrian,"Shop premium jewellery including helmets, boots, gloves and safety vests. Free shipping Australia-wide. Expert advice available. Find the perfect gear for...","Browse our extensive range of jewellery. Expertly selected for quality, durability, and performance. Whether you're competing or riding for leisure, find exactly what you need at The Equestrian.","<h2>Premium Jewellery</h2><p>Discover our comprehensive collection of jewellery, carefully curated to meet the demands of riders at every level. From competition-ready gear to everyday essentials, we stock only the finest brands known for quality, durability, and performance. Each product has been expertly selected by our team of experienced professionals who understand what truly matters.</p><h3>What Makes Great Jewellery?</h3><ul><li><strong>Safety First:</strong> Certified protection that meets or exceeds industry standards</li><li><strong>Comfort:</strong> Ergonomic designs that you'll actually want to wear</li><li><strong>Quality Construction:</strong> Attention to detail that ensures longevity and reliability</li><li><strong>Professional Standards:</strong> Competition-approved gear trusted by top riders</li></ul><h3>Shop by Type</h3><p>Browse our specialized categories including <a href=""/rider/jewellery/bracelets"">bracelet</a>,<a href=""/rider/jewellery/necklaces"">necklace</a>, and <a href=""/rider/jewellery/earrings"">earrings</a>. Each category features products from world-leading brands trusted by professional riders.</p>",,/rider,2,published,best-selling,"[{""question"":""How do I choose the right jewellery?"",""answer"":""Consider your riding discipline, frequency, and personal preferences. Safety should always come first - look for certified products that meet current standards. Comfort is also crucial as you're more likely to use gear that feels good. Our team can help match you with the perfect jewellery for your needs.""},{""question"":""Are these products competition-approved?"",""answer"":""Most of our jewellery meet or exceed competition standards, but requirements vary by discipline and level. Check specific product descriptions for certification details, or contact us to confirm if an item is suitable for your competition needs.""}]","[{""url"":""/clothing/womens"",""title"":""Ladies' Riding Clothing"",""description"":""Complete your riding wardrobe""},{""url"":""/horse/tack"",""title"":""Horse Tack"",""description"":""Quality tack for horse and rider""}]"
/rider/jewellery/bracelets,Bracelet,Bracelet | Premium Quality | The Equestrian,"Shop premium bracelet including helmets, boots, gloves and safety vests. Free shipping Australia-wide. Expert advice available. Find the perfect gear for...","Browse our extensive range of bracelet. Expertly selected for quality, durability, and performance. Whether you're competing or riding for leisure, find exactly what you need at The Equestrian.","<h2>Premium Bracelet</h2><p>Welcome to our specialized bracelet collection. Whether you're a seasoned professional or just starting out, finding the right bracelet makes all the difference. We've assembled an exceptional range that combines cutting-edge technology with time-tested designs.</p><h3>What Makes Great Bracelet?</h3><ul><li><strong>Safety First:</strong> Certified protection that meets or exceeds industry standards</li><li><strong>Comfort:</strong> Ergonomic designs that you'll actually want to wear</li><li><strong>Quality Construction:</strong> Attention to detail that ensures longevity and reliability</li><li><strong>Professional Standards:</strong> Competition-approved gear trusted by top riders</li></ul>",,/rider/jewellery,3,published,best-selling,"[{""question"":""How do I choose the right bracelet?"",""answer"":""Consider your riding discipline, frequency, and personal preferences. Safety should always come first - look for certified products that meet current standards. Comfort is also crucial as you're more likely to use gear that feels good. Our team can help match you with the perfect bracelet for your needs.""},{""question"":""Are these products competition-approved?"",""answer"":""Most of our bracelet meet or exceed competition standards, but requirements vary by discipline and level. Check specific product descriptions for certification details, or contact us to confirm if an item is suitable for your competition needs.""}]","[{""url"":""/clothing/womens"",""title"":""Ladies' Riding Clothing"",""description"":""Complete your riding wardrobe""},{""url"":""/horse/tack"",""title"":""Horse Tack"",""description"":""Quality tack for horse and rider""}]"
/rider/jewellery/necklaces,Necklace,Necklace | Premium Quality | The Equestrian,"Shop premium necklace including helmets, boots, gloves and safety vests. Free shipping Australia-wide. Expert advice available. Find the perfect gear for...","Browse our extensive range of necklace. Expertly selected for quality, durability, and performance. Whether you're competing or riding for leisure, find exactly what you need at The Equestrian.","<h2>Premium Necklace</h2><p>Welcome to our specialized necklace collection. Whether you're a seasoned professional or just starting out, finding the right necklace makes all the difference. We've assembled an exceptional range that combines cutting-edge technology with time-tested designs.</p><h3>What Makes Great Necklace?</h3><ul><li><strong>Safety First:</strong> Certified protection that meets or exceeds industry standards</li><li><strong>Comfort:</strong> Ergonomic designs that you'll actually want to wear</li><li><strong>Quality Construction:</strong> Attention to detail that ensures longevity and reliability</li><li><strong>Professional Standards:</strong> Competition-approved gear trusted by top riders</li></ul>",,/rider/jewellery,3,published,best-selling,"[{""question"":""How do I choose the right necklace?"",""answer"":""Consider your riding discipline, frequency, and personal preferences. Safety should always come first - look for certified products that meet current standards. Comfort is also crucial as you're more likely to use gear that feels good. Our team can help match you with the perfect necklace for your needs.""},{""question"":""Are these products competition-approved?"",""answer"":""Most of our necklace meet or exceed competition standards, but requirements vary by discipline and level. Check specific product descriptions for certification details, or contact us to confirm if an item is suitable for your competition needs.""}]","[{""url"":""/clothing/womens"",""title"":""Ladies' Riding Clothing"",""description"":""Complete your riding wardrobe""},{""url"":""/horse/tack"",""title"":""Horse Tack"",""description"":""Quality tack for horse and rider""}]"
/rider/jewellery/earrings,Earrings,Earrings | Premium Quality | The Equestrian,"Shop premium earrings including helmets, boots, gloves and safety vests. Free shipping Australia-wide. Expert advice available. Find the perfect gear for...","Browse our extensive range of earrings. Expertly selected for quality, durability, and performance. Whether you're competing or riding for leisure, find exactly what you need at The Equestrian.","<h2>Premium Earrings</h2><p>Welcome to our specialized earrings collection. Whether you're a seasoned professional or just starting out, finding the right earrings makes all the difference. We've assembled an exceptional range that combines cutting-edge technology with time-tested designs.</p><h3>What Makes Great Earrings?</h3><ul><li><strong>Safety First:</strong> Certified protection that meets or exceeds industry standards</li><li><strong>Comfort:</strong> Ergonomic designs that you'll actually want to wear</li><li><strong>Quality Construction:</strong> Attention to detail that ensures longevity and reliability</li><li><strong>Professional Standards:</strong> Competition-approved gear trusted by top riders</li></ul>",,/rider/jewellery,3,published,best-selling,"[{""question"":""How do I choose the right earrings?"",""answer"":""Consider your riding discipline, frequency, and personal preferences. Safety should always come first - look for certified products that meet current standards. Comfort is also crucial as you're more likely to use gear that feels good. Our team can help match you with the perfect earrings for your needs.""},{""question"":""Are these products competition-approved?"",""answer"":""Most of our earrings meet or exceed competition standards, but requirements vary by discipline and level. Check specific product descriptions for certification details, or contact us to confirm if an item is suitable for your competition needs.""}]","[{""url"":""/clothing/womens"",""title"":""Ladies' Riding Clothing"",""description"":""Complete your riding wardrobe""},{""url"":""/horse/tack"",""title"":""Horse Tack"",""description"":""Quality tack for horse and rider""}]"
/rider/jewellery/pendants,Pendants,Pendants | Premium Quality | The Equestrian,"Shop premium pendants including helmets, boots, gloves and safety vests. Free shipping Australia-wide. Expert advice available. Find the perfect gear for...","Browse our extensive range of pendants. Expertly selected for quality, durability, and performance. Whether you're competing or riding for leisure, find exactly what you need at The Equestrian.","<h2>Premium Pendants</h2><p>Welcome to our specialized pendants collection. Whether you're a seasoned professional or just starting out, finding the right pendants makes all the difference. We've assembled an exceptional range that combines cutting-edge technology with time-tested designs.</p><h3>What Makes Great Pendants?</h3><ul><li><strong>Safety First:</strong> Certified protection that meets or exceeds industry standards</li><li><strong>Comfort:</strong> Ergonomic designs that you'll actually want to wear</li><li><strong>Quality Construction:</strong> Attention to detail that ensures longevity and reliability</li><li><strong>Professional Standards:</strong> Competition-approved gear trusted by top riders</li></ul>",,/rider/jewellery,3,published,best-selling,"[{""question"":""How do I choose the right pendants?"",""answer"":""Consider your riding discipline, frequency, and personal preferences. Safety should always come first - look for certified products that meet current standards. Comfort is also crucial as you're more likely to use gear that feels good. Our team can help match you with the perfect pendants for your needs.""},{""question"":""Are these products competition-approved?"",""answer"":""Most of our pendants meet or exceed competition standards, but requirements vary by discipline and level. Check specific product descriptions for certification details, or contact us to confirm if an item is suitable for your competition needs.""}]","[{""url"":""/clothing/womens"",""title"":""Ladies' Riding Clothing"",""description"":""Complete your riding wardrobe""},{""url"":""/horse/tack"",""title"":""Horse Tack"",""description"":""Quality tack for horse and rider""}]"
/rider/jewellery/rings,Rings,Rings | Premium Quality | The Equestrian,"Shop premium rings including helmets, boots, gloves and safety vests. Free shipping Australia-wide. Expert advice available. Find the perfect gear for your...","Browse our extensive range of rings. Expertly selected for quality, durability, and performance. Whether you're competing or riding for leisure, find exactly what you need at The Equestrian.","<h2>Premium Rings</h2><p>Welcome to our specialized rings collection. Whether you're a seasoned professional or just starting out, finding the right rings makes all the difference. We've assembled an exceptional range that combines cutting-edge technology with time-tested designs.</p><h3>What Makes Great Rings?</h3><ul><li><strong>Safety First:</strong> Certified protection that meets or exceeds industry standards</li><li><strong>Comfort:</strong> Ergonomic designs that you'll actually want to wear</li><li><strong>Quality Construction:</strong> Attention to detail that ensures longevity and reliability</li><li><strong>Professional Standards:</strong> Competition-approved gear trusted by top riders</li></ul>",,/rider/jewellery,3,published,best-selling,"[{""question"":""How do I choose the right rings?"",""answer"":""Consider your riding discipline, frequency, and personal preferences. Safety should always come first - look for certified products that meet current standards. Comfort is also crucial as you're more likely to use gear that feels good. Our team can help match you with the perfect rings for your needs.""},{""question"":""Are these products competition-approved?"",""answer"":""Most of our rings meet or exceed competition standards, but requirements vary by discipline and level. Check specific product descriptions for certification details, or contact us to confirm if an item is suitable for your competition needs.""}]","[{""url"":""/clothing/womens"",""title"":""Ladies' Riding Clothing"",""description"":""Complete your riding wardrobe""},{""url"":""/horse/tack"",""title"":""Horse Tack"",""description"":""Quality tack for horse and rider""}]"
/rider/jewellery/lockets,Locket,Locket | Premium Quality | The Equestrian,"Shop premium locket including helmets, boots, gloves and safety vests. Free shipping Australia-wide. Expert advice available. Find the perfect gear for...","Browse our extensive range of locket. Expertly selected for quality, durability, and performance. Whether you're competing or riding for leisure, find exactly what you need at The Equestrian.","<h2>Premium Locket</h2><p>Welcome to our specialized locket collection. Whether you're a seasoned professional or just starting out, finding the right locket makes all the difference. We've assembled an exceptional range that combines cutting-edge technology with time-tested designs.</p><h3>What Makes Great Locket?</h3><ul><li><strong>Safety First:</strong> Certified protection that meets or exceeds industry standards</li><li><strong>Comfort:</strong> Ergonomic designs that you'll actually want to wear</li><li><strong>Quality Construction:</strong> Attention to detail that ensures longevity and reliability</li><li><strong>Professional Standards:</strong> Competition-approved gear trusted by top riders</li></ul>",,/rider/jewellery,3,published,best-selling,"[{""question"":""How do I choose the right locket?"",""answer"":""Consider your riding discipline, frequency, and personal preferences. Safety should always come first - look for certified products that meet current standards. Comfort is also crucial as you're more likely to use gear that feels good. Our team can help match you with the perfect locket for your needs.""},{""question"":""Are these products competition-approved?"",""answer"":""Most of our locket meet or exceed competition standards, but requirements vary by discipline and level. Check specific product descriptions for certification details, or contact us to confirm if an item is suitable for your competition needs.""}]","[{""url"":""/clothing/womens"",""title"":""Ladies' Riding Clothing"",""description"":""Complete your riding wardrobe""},{""url"":""/horse/tack"",""title"":""Horse Tack"",""description"":""Quality tack for horse and rider""}]"
/rider/jewellery/charms,Charm Bead,Charm Bead | Premium Quality | The Equestrian,"Shop premium charm bead including helmets, boots, gloves and safety vests. Free shipping Australia-wide. Expert advice available. Find the perfect gear for...","Browse our extensive range of charm bead. Expertly selected for quality, durability, and performance. Whether you're competing or riding for leisure, find exactly what you need at The Equestrian.","<h2>Premium Charm Bead</h2><p>Welcome to our specialized charm bead collection. Whether you're a seasoned professional or just starting out, finding the right charm bead makes all the difference. We've assembled an exceptional range that combines cutting-edge technology with time-tested designs.</p><h3>What Makes Great Charm Bead?</h3><ul><li><strong>Safety First:</strong> Certified protection that meets or exceeds industry standards</li><li><strong>Comfort:</strong> Ergonomic designs that you'll actually want to wear</li><li><strong>Quality Construction:</strong> Attention to detail that ensures longevity and reliability</li><li><strong>Professional Standards:</strong> Competition-approved gear trusted by top riders</li></ul>",,/rider/jewellery,3,published,best-selling,"[{""question"":""How do I choose the right charm bead?"",""answer"":""Consider your riding discipline, frequency, and personal preferences. Safety should always come first - look for certified products that meet current standards. Comfort is also crucial as you're more likely to use gear that feels good. Our team can help match you with the perfect charm bead for your needs.""},{""question"":""Are these products competition-approved?"",""answer"":""Most of our charm bead meet or exceed competition standards, but requirements vary by discipline and level. Check specific product descriptions for certification details, or contact us to confirm if an item is suitable for your competition needs.""}]","[{""url"":""/clothing/womens"",""title"":""Ladies' Riding Clothing"",""description"":""Complete your riding wardrobe""},{""url"":""/horse/tack"",""title"":""Horse Tack"",""description"":""Quality tack for horse and rider""}]"
/rider/jewellery/cuffs,Cuff,Cuff | Premium Quality | The Equestrian,"Shop premium cuff including helmets, boots, gloves and safety vests. Free shipping Australia-wide. Expert advice available. Find the perfect gear for your...","Browse our extensive range of cuff. Expertly selected for quality, durability, and performance. Whether you're competing or riding for leisure, find exactly what you need at The Equestrian.","<h2>Premium Cuff</h2><p>Welcome to our specialized cuff collection. Whether you're a seasoned professional or just starting out, finding the right cuff makes all the difference. We've assembled an exceptional range that combines cutting-edge technology with time-tested designs.</p><h3>What Makes Great Cuff?</h3><ul><li><strong>Safety First:</strong> Certified protection that meets or exceeds industry standards</li><li><strong>Comfort:</strong> Ergonomic designs that you'll actually want to wear</li><li><strong>Quality Construction:</strong> Attention to detail that ensures longevity and reliability</li><li><strong>Professional Standards:</strong> Competition-approved gear trusted by top riders</li></ul>",,/rider/jewellery,3,published,best-selling,"[{""question"":""How do I choose the right cuff?"",""answer"":""Consider your riding discipline, frequency, and personal preferences. Safety should always come first - look for certified products that meet current standards. Comfort is also crucial as you're more likely to use gear that feels good. Our team can help match you with the perfect cuff for your needs.""},{""question"":""Are these products competition-approved?"",""answer"":""Most of our cuff meet or exceed competition standards, but requirements vary by discipline and level. Check specific product descriptions for certification details, or contact us to confirm if an item is suitable for your competition needs.""}]","[{""url"":""/clothing/womens"",""title"":""Ladies' Riding Clothing"",""description"":""Complete your riding wardrobe""},{""url"":""/horse/tack"",""title"":""Horse Tack"",""description"":""Quality tack for horse and rider""}]"
/rider/gloves,Gloves,Gloves | Buy Online | The Equestrian,"Shop premium gloves including riding gloves, winter gloves, competition gloves and grip gloves. Free shipping Australia-wide. Expert advice available.","Browse our extensive range of gloves. Expertly selected for quality, durability, and performance. Whether you're competing or riding for leisure, find exactly what you need at The Equestrian.","<h2>Premium Gloves</h2><p>Discover our comprehensive collection of gloves, carefully curated to meet the demands of riders at every level. From competition-ready gear to everyday essentials, we stock only the finest brands known for quality, durability, and performance. Each product has been expertly selected by our team of experienced professionals who understand what truly matters.</p><h3>What Makes Great Gloves?</h3><ul><li><strong>Safety First:</strong> Certified protection that meets or exceeds industry standards</li><li><strong>Comfort:</strong> Ergonomic designs that you'll actually want to wear</li><li><strong>Quality Construction:</strong> Attention to detail that ensures longevity and reliability</li><li><strong>Professional Standards:</strong> Competition-approved gear trusted by top riders</li></ul><h3>Shop by Category</h3><p>Browse our specialized categories to find exactly what you need. Each section features products from world-leading brands trusted by professional riders. Not sure where to start? Our expert team is always here to help you make the right choice.</p>",,/rider,2,published,best-selling,"[{""question"":""How do I choose the right gloves?"",""answer"":""Consider your riding discipline, frequency, and personal preferences. Safety should always come first - look for certified products that meet current standards. Comfort is also crucial as you're more likely to use gear that feels good. Our team can help match you with the perfect gloves for your needs.""},{""question"":""Are these products competition-approved?"",""answer"":""Most of our gloves meet or exceed competition standards, but requirements vary by discipline and level. Check specific product descriptions for certification details, or contact us to confirm if an item is suitable for your competition needs.""}]","[{""url"":""/clothing/womens"",""title"":""Ladies' Riding Clothing"",""description"":""Complete your riding wardrobe""},{""url"":""/horse/tack"",""title"":""Horse Tack"",""description"":""Quality tack for horse and rider""}]"
/rider/eyewear,Glasses & Goggles,Glasses & Goggles | Buy Online | The Equestrian,"Shop premium glasses & goggles including helmets, boots, gloves and safety vests. Free shipping Australia-wide. Expert advice available. Find the perfect...","Browse our extensive range of glasses & goggles. Expertly selected for quality, durability, and performance. Whether you're competing or riding for leisure, find exactly what you need at The Equestrian.","<h2>Premium Glasses & Goggles</h2><p>Discover our comprehensive collection of glasses & goggles, carefully curated to meet the demands of riders at every level. From competition-ready gear to everyday essentials, we stock only the finest brands known for quality, durability, and performance. Each product has been expertly selected by our team of experienced professionals who understand what truly matters.</p><h3>What Makes Great Glasses & Goggles?</h3><ul><li><strong>Safety First:</strong> Certified protection that meets or exceeds industry standards</li><li><strong>Comfort:</strong> Ergonomic designs that you'll actually want to wear</li><li><strong>Quality Construction:</strong> Attention to detail that ensures longevity and reliability</li><li><strong>Professional Standards:</strong> Competition-approved gear trusted by top riders</li></ul><h3>Shop by Category</h3><p>Browse our specialized categories to find exactly what you need. Each section features products from world-leading brands trusted by professional riders. Not sure where to start? Our expert team is always here to help you make the right choice.</p>",,/rider,2,published,best-selling,"[{""question"":""How do I choose the right glasses & goggles?"",""answer"":""Consider your riding discipline, frequency, and personal preferences. Safety should always come first - look for certified products that meet current standards. Comfort is also crucial as you're more likely to use gear that feels good. Our team can help match you with the perfect glasses & goggles for your needs.""},{""question"":""Are these products competition-approved?"",""answer"":""Most of our glasses & goggles meet or exceed competition standards, but requirements vary by discipline and level. Check specific product descriptions for certification details, or contact us to confirm if an item is suitable for your competition needs.""}]","[{""url"":""/clothing/womens"",""title"":""Ladies' Riding Clothing"",""description"":""Complete your riding wardrobe""},{""url"":""/horse/tack"",""title"":""Horse Tack"",""description"":""Quality tack for horse and rider""}]"
/rider/spurs,Spurs & Straps,Spurs & Straps | Buy Online | The Equestrian,"Shop premium spurs & straps including dressage spurs, jumping spurs, spur straps and rowel spurs. Free shipping Australia-wide. Expert advice available.","Browse our extensive range of spurs & straps. Expertly selected for quality, durability, and performance. Whether you're competing or riding for leisure, find exactly what you need at The Equestrian.","<h2>Premium Spurs & Straps</h2><p>Discover our comprehensive collection of spurs & straps, carefully curated to meet the demands of riders at every level. From competition-ready gear to everyday essentials, we stock only the finest brands known for quality, durability, and performance. Each product has been expertly selected by our team of experienced professionals who understand what truly matters.</p><h3>What Makes Great Spurs & Straps?</h3><ul><li><strong>Safety First:</strong> Certified protection that meets or exceeds industry standards</li><li><strong>Comfort:</strong> Ergonomic designs that you'll actually want to wear</li><li><strong>Quality Construction:</strong> Attention to detail that ensures longevity and reliability</li><li><strong>Professional Standards:</strong> Competition-approved gear trusted by top riders</li></ul><h3>Shop by Type</h3><p>Browse our specialized categories including <a href=""/rider/spurs/accessories"">spurs & straps - spurs accessories</a>. Each category features products from world-leading brands trusted by professional riders.</p>",,/rider,2,published,best-selling,"[{""question"":""How do I choose the right spurs & straps?"",""answer"":""Consider your riding discipline, frequency, and personal preferences. Safety should always come first - look for certified products that meet current standards. Comfort is also crucial as you're more likely to use gear that feels good. Our team can help match you with the perfect spurs & straps for your needs.""},{""question"":""Are these products competition-approved?"",""answer"":""Most of our spurs & straps meet or exceed competition standards, but requirements vary by discipline and level. Check specific product descriptions for certification details, or contact us to confirm if an item is suitable for your competition needs.""}]","[{""url"":""/clothing/womens"",""title"":""Ladies' Riding Clothing"",""description"":""Complete your riding wardrobe""},{""url"":""/horse/tack"",""title"":""Horse Tack"",""description"":""Quality tack for horse and rider""}]"
/rider/spurs/accessories,Spurs Accessories,Spurs & Straps - Spurs Accessories | Premium Quality | The Equestrian,"Shop premium spurs accessories including dressage spurs, jumping spurs, spur straps and rowel spurs. Free shipping Australia-wide. Expert advice available.","Browse our extensive range of spurs & straps - spurs accessories. Expertly selected for quality, durability, and performance. Whether you're competing or riding for leisure, find exactly what you need at The Equestrian.","<h2>Premium Spurs & Straps - Spurs Accessories</h2><p>Welcome to our specialized spurs & straps - spurs accessories collection. Whether you're a seasoned professional or just starting out, finding the right spurs & straps - spurs accessories makes all the difference. We've assembled an exceptional range that combines cutting-edge technology with time-tested designs.</p><h3>What Makes Great Spurs & Straps - Spurs Accessories?</h3><ul><li><strong>Safety First:</strong> Certified protection that meets or exceeds industry standards</li><li><strong>Comfort:</strong> Ergonomic designs that you'll actually want to wear</li><li><strong>Quality Construction:</strong> Attention to detail that ensures longevity and reliability</li><li><strong>Professional Standards:</strong> Competition-approved gear trusted by top riders</li></ul>",,/rider/spurs,3,published,best-selling,"[{""question"":""How do I choose the right spurs & straps - spurs accessories?"",""answer"":""Consider your riding discipline, frequency, and personal preferences. Safety should always come first - look for certified products that meet current standards. Comfort is also crucial as you're more likely to use gear that feels good. Our team can help match you with the perfect spurs & straps - spurs accessories for your needs.""},{""question"":""Are these products competition-approved?"",""answer"":""Most of our spurs & straps - spurs accessories meet or exceed competition standards, but requirements vary by discipline and level. Check specific product descriptions for certification details, or contact us to confirm if an item is suitable for your competition needs.""}]","[{""url"":""/clothing/womens"",""title"":""Ladies' Riding Clothing"",""description"":""Complete your riding wardrobe""},{""url"":""/horse/tack"",""title"":""Horse Tack"",""description"":""Quality tack for horse and rider""}]"
/rider/luggage,Luggage,Luggage | Buy Online | The Equestrian,"Shop premium luggage including helmets, boots, gloves and safety vests. Free shipping Australia-wide. Expert advice available. Find the perfect gear for...","Browse our extensive range of luggage. Expertly selected for quality, durability, and performance. Whether you're competing or riding for leisure, find exactly what you need at The Equestrian.","<h2>Premium Luggage</h2><p>Discover our comprehensive collection of luggage, carefully curated to meet the demands of riders at every level. From competition-ready gear to everyday essentials, we stock only the finest brands known for quality, durability, and performance. Each product has been expertly selected by our team of experienced professionals who understand what truly matters.</p><h3>What Makes Great Luggage?</h3><ul><li><strong>Safety First:</strong> Certified protection that meets or exceeds industry standards</li><li><strong>Comfort:</strong> Ergonomic designs that you'll actually want to wear</li><li><strong>Quality Construction:</strong> Attention to detail that ensures longevity and reliability</li><li><strong>Professional Standards:</strong> Competition-approved gear trusted by top riders</li></ul><h3>Shop by Type</h3><p>Browse our specialized categories including <a href=""/rider/luggage/wallets"">wallets & handbags</a>,<a href=""/rider/luggage/bags"">bag</a>, and <a href=""/rider/luggage/handbags"">handbag</a>. Each category features products from world-leading brands trusted by professional riders.</p>",,/rider,2,published,best-selling,"[{""question"":""How do I choose the right luggage?"",""answer"":""Consider your riding discipline, frequency, and personal preferences. Safety should always come first - look for certified products that meet current standards. Comfort is also crucial as you're more likely to use gear that feels good. Our team can help match you with the perfect luggage for your needs.""},{""question"":""Are these products competition-approved?"",""answer"":""Most of our luggage meet or exceed competition standards, but requirements vary by discipline and level. Check specific product descriptions for certification details, or contact us to confirm if an item is suitable for your competition needs.""}]","[{""url"":""/clothing/womens"",""title"":""Ladies' Riding Clothing"",""description"":""Complete your riding wardrobe""},{""url"":""/horse/tack"",""title"":""Horse Tack"",""description"":""Quality tack for horse and rider""}]"
/rider/luggage/wallets,Wallets & Handbags,Wallets & Handbags | Premium Quality | The Equestrian,"Shop premium wallets & handbags including helmets, boots, gloves and safety vests. Free shipping Australia-wide. Expert advice available. Find the perfect...","Browse our extensive range of wallets & handbags. Expertly selected for quality, durability, and performance. Whether you're competing or riding for leisure, find exactly what you need at The Equestrian.","<h2>Premium Wallets & Handbags</h2><p>Welcome to our specialized wallets & handbags collection. Whether you're a seasoned professional or just starting out, finding the right wallets & handbags makes all the difference. We've assembled an exceptional range that combines cutting-edge technology with time-tested designs.</p><h3>What Makes Great Wallets & Handbags?</h3><ul><li><strong>Safety First:</strong> Certified protection that meets or exceeds industry standards</li><li><strong>Comfort:</strong> Ergonomic designs that you'll actually want to wear</li><li><strong>Quality Construction:</strong> Attention to detail that ensures longevity and reliability</li><li><strong>Professional Standards:</strong> Competition-approved gear trusted by top riders</li></ul>",,/rider/luggage,3,published,best-selling,"[{""question"":""How do I choose the right wallets & handbags?"",""answer"":""Consider your riding discipline, frequency, and personal preferences. Safety should always come first - look for certified products that meet current standards. Comfort is also crucial as you're more likely to use gear that feels good. Our team can help match you with the perfect wallets & handbags for your needs.""},{""question"":""Are these products competition-approved?"",""answer"":""Most of our wallets & handbags meet or exceed competition standards, but requirements vary by discipline and level. Check specific product descriptions for certification details, or contact us to confirm if an item is suitable for your competition needs.""}]","[{""url"":""/clothing/womens"",""title"":""Ladies' Riding Clothing"",""description"":""Complete your riding wardrobe""},{""url"":""/horse/tack"",""title"":""Horse Tack"",""description"":""Quality tack for horse and rider""}]"
/rider/luggage/bags,Bag,Bag | Premium Quality | The Equestrian,"Shop premium bag including helmets, boots, gloves and safety vests. Free shipping Australia-wide. Expert advice available. Find the perfect gear for your needs.","Browse our extensive range of bag. Expertly selected for quality, durability, and performance. Whether you're competing or riding for leisure, find exactly what you need at The Equestrian.","<h2>Premium Bag</h2><p>Welcome to our specialized bag collection. Whether you're a seasoned professional or just starting out, finding the right bag makes all the difference. We've assembled an exceptional range that combines cutting-edge technology with time-tested designs.</p><h3>What Makes Great Bag?</h3><ul><li><strong>Safety First:</strong> Certified protection that meets or exceeds industry standards</li><li><strong>Comfort:</strong> Ergonomic designs that you'll actually want to wear</li><li><strong>Quality Construction:</strong> Attention to detail that ensures longevity and reliability</li><li><strong>Professional Standards:</strong> Competition-approved gear trusted by top riders</li></ul>",,/rider/luggage,3,published,best-selling,"[{""question"":""How do I choose the right bag?"",""answer"":""Consider your riding discipline, frequency, and personal preferences. Safety should always come first - look for certified products that meet current standards. Comfort is also crucial as you're more likely to use gear that feels good. Our team can help match you with the perfect bag for your needs.""},{""question"":""Are these products competition-approved?"",""answer"":""Most of our bag meet or exceed competition standards, but requirements vary by discipline and level. Check specific product descriptions for certification details, or contact us to confirm if an item is suitable for your competition needs.""}]","[{""url"":""/clothing/womens"",""title"":""Ladies' Riding Clothing"",""description"":""Complete your riding wardrobe""},{""url"":""/horse/tack"",""title"":""Horse Tack"",""description"":""Quality tack for horse and rider""}]"
/rider/luggage/handbags,Handbag,Handbag | Premium Quality | The Equestrian,"Shop premium handbag including helmets, boots, gloves and safety vests. Free shipping Australia-wide. Expert advice available. Find the perfect gear for...","Browse our extensive range of handbag. Expertly selected for quality, durability, and performance. Whether you're competing or riding for leisure, find exactly what you need at The Equestrian.","<h2>Premium Handbag</h2><p>Welcome to our specialized handbag collection. Whether you're a seasoned professional or just starting out, finding the right handbag makes all the difference. We've assembled an exceptional range that combines cutting-edge technology with time-tested designs.</p><h3>What Makes Great Handbag?</h3><ul><li><strong>Safety First:</strong> Certified protection that meets or exceeds industry standards</li><li><strong>Comfort:</strong> Ergonomic designs that you'll actually want to wear</li><li><strong>Quality Construction:</strong> Attention to detail that ensures longevity and reliability</li><li><strong>Professional Standards:</strong> Competition-approved gear trusted by top riders</li></ul>",,/rider/luggage,3,published,best-selling,"[{""question"":""How do I choose the right handbag?"",""answer"":""Consider your riding discipline, frequency, and personal preferences. Safety should always come first - look for certified products that meet current standards. Comfort is also crucial as you're more likely to use gear that feels good. Our team can help match you with the perfect handbag for your needs.""},{""question"":""Are these products competition-approved?"",""answer"":""Most of our handbag meet or exceed competition standards, but requirements vary by discipline and level. Check specific product descriptions for certification details, or contact us to confirm if an item is suitable for your competition needs.""}]","[{""url"":""/clothing/womens"",""title"":""Ladies' Riding Clothing"",""description"":""Complete your riding wardrobe""},{""url"":""/horse/tack"",""title"":""Horse Tack"",""description"":""Quality tack for horse and rider""}]"
/rider/accessories,Rider Accessories,Rider Accessories | Buy Online | The Equestrian,"Shop premium rider accessories including helmets, boots, gloves and safety vests. Free shipping Australia-wide. Expert advice available. Find the perfect...","Browse our extensive range of rider accessories. Expertly selected for quality, durability, and performance. Whether you're competing or riding for leisure, find exactly what you need at The Equestrian.","<h2>Premium Rider Accessories</h2><p>Discover our comprehensive collection of rider accessories, carefully curated to meet the demands of riders at every level. From competition-ready gear to everyday essentials, we stock only the finest brands known for quality, durability, and performance. Each product has been expertly selected by our team of experienced professionals who understand what truly matters.</p><h3>What Makes Great Rider Accessories?</h3><ul><li><strong>Safety First:</strong> Certified protection that meets or exceeds industry standards</li><li><strong>Comfort:</strong> Ergonomic designs that you'll actually want to wear</li><li><strong>Quality Construction:</strong> Attention to detail that ensures longevity and reliability</li><li><strong>Professional Standards:</strong> Competition-approved gear trusted by top riders</li></ul><h3>Shop by Type</h3><p>Browse our specialized categories including <a href=""/rider/accessories/hair"">stocks & hair accessories</a>,<a href=""/rider/accessories/keychains"">key chain clip</a>, and <a href=""/rider/accessories/studs"">studs</a>. Each category features products from world-leading brands trusted by professional riders.</p>",,/rider,2,published,best-selling,"[{""question"":""How do I choose the right rider accessories?"",""answer"":""Consider your riding discipline, frequency, and personal preferences. Safety should always come first - look for certified products that meet current standards. Comfort is also crucial as you're more likely to use gear that feels good. Our team can help match you with the perfect rider accessories for your needs.""},{""question"":""Are these products competition-approved?"",""answer"":""Most of our rider accessories meet or exceed competition standards, but requirements vary by discipline and level. Check specific product descriptions for certification details, or contact us to confirm if an item is suitable for your competition needs.""}]","[{""url"":""/clothing/womens"",""title"":""Ladies' Riding Clothing"",""description"":""Complete your riding wardrobe""},{""url"":""/horse/tack"",""title"":""Horse Tack"",""description"":""Quality tack for horse and rider""}]"
/rider/accessories/hair,Stocks & Hair Accessories,Stocks & Hair Accessories | Premium Quality | The Equestrian,"Shop premium stocks & hair accessories including helmets, boots, gloves and safety vests. Free shipping Australia-wide. Expert advice available. Find the...","Browse our extensive range of stocks & hair accessories. Expertly selected for quality, durability, and performance. Whether you're competing or riding for leisure, find exactly what you need at The Equestrian.","<h2>Premium Stocks & Hair Accessories</h2><p>Welcome to our specialized stocks & hair accessories collection. Whether you're a seasoned professional or just starting out, finding the right stocks & hair accessories makes all the difference. We've assembled an exceptional range that combines cutting-edge technology with time-tested designs.</p><h3>What Makes Great Stocks & Hair Accessories?</h3><ul><li><strong>Safety First:</strong> Certified protection that meets or exceeds industry standards</li><li><strong>Comfort:</strong> Ergonomic designs that you'll actually want to wear</li><li><strong>Quality Construction:</strong> Attention to detail that ensures longevity and reliability</li><li><strong>Professional Standards:</strong> Competition-approved gear trusted by top riders</li></ul>",,/rider/accessories,3,published,best-selling,"[{""question"":""How do I choose the right stocks & hair accessories?"",""answer"":""Consider your riding discipline, frequency, and personal preferences. Safety should always come first - look for certified products that meet current standards. Comfort is also crucial as you're more likely to use gear that feels good. Our team can help match you with the perfect stocks & hair accessories for your needs.""},{""question"":""Are these products competition-approved?"",""answer"":""Most of our stocks & hair accessories meet or exceed competition standards, but requirements vary by discipline and level. Check specific product descriptions for certification details, or contact us to confirm if an item is suitable for your competition needs.""}]","[{""url"":""/clothing/womens"",""title"":""Ladies' Riding Clothing"",""description"":""Complete your riding wardrobe""},{""url"":""/horse/tack"",""title"":""Horse Tack"",""description"":""Quality tack for horse and rider""}]"
/rider/accessories/keychains,Key Chain Clip,Key Chain Clip | Premium Quality | The Equestrian,"Shop premium key chain clip including helmets, boots, gloves and safety vests. Free shipping Australia-wide. Expert advice available. Find the perfect gear...","Browse our extensive range of key chain clip. Expertly selected for quality, durability, and performance. Whether you're competing or riding for leisure, find exactly what you need at The Equestrian.","<h2>Premium Key Chain Clip</h2><p>Welcome to our specialized key chain clip collection. Whether you're a seasoned professional or just starting out, finding the right key chain clip makes all the difference. We've assembled an exceptional range that combines cutting-edge technology with time-tested designs.</p><h3>What Makes Great Key Chain Clip?</h3><ul><li><strong>Safety First:</strong> Certified protection that meets or exceeds industry standards</li><li><strong>Comfort:</strong> Ergonomic designs that you'll actually want to wear</li><li><strong>Quality Construction:</strong> Attention to detail that ensures longevity and reliability</li><li><strong>Professional Standards:</strong> Competition-approved gear trusted by top riders</li></ul>",,/rider/accessories,3,published,best-selling,"[{""question"":""How do I choose the right key chain clip?"",""answer"":""Consider your riding discipline, frequency, and personal preferences. Safety should always come first - look for certified products that meet current standards. Comfort is also crucial as you're more likely to use gear that feels good. Our team can help match you with the perfect key chain clip for your needs.""},{""question"":""Are these products competition-approved?"",""answer"":""Most of our key chain clip meet or exceed competition standards, but requirements vary by discipline and level. Check specific product descriptions for certification details, or contact us to confirm if an item is suitable for your competition needs.""}]","[{""url"":""/clothing/womens"",""title"":""Ladies' Riding Clothing"",""description"":""Complete your riding wardrobe""},{""url"":""/horse/tack"",""title"":""Horse Tack"",""description"":""Quality tack for horse and rider""}]"
/rider/accessories/studs,Studs,Studs | Premium Quality | The Equestrian,"Shop premium studs including helmets, boots, gloves and safety vests. Free shipping Australia-wide. Expert advice available. Find the perfect gear for your...","Browse our extensive range of studs. Expertly selected for quality, durability, and performance. Whether you're competing or riding for leisure, find exactly what you need at The Equestrian.","<h2>Premium Studs</h2><p>Welcome to our specialized studs collection. Whether you're a seasoned professional or just starting out, finding the right studs makes all the difference. We've assembled an exceptional range that combines cutting-edge technology with time-tested designs.</p><h3>What Makes Great Studs?</h3><ul><li><strong>Safety First:</strong> Certified protection that meets or exceeds industry standards</li><li><strong>Comfort:</strong> Ergonomic designs that you'll actually want to wear</li><li><strong>Quality Construction:</strong> Attention to detail that ensures longevity and reliability</li><li><strong>Professional Standards:</strong> Competition-approved gear trusted by top riders</li></ul>",,/rider/accessories,3,published,best-selling,"[{""question"":""How do I choose the right studs?"",""answer"":""Consider your riding discipline, frequency, and personal preferences. Safety should always come first - look for certified products that meet current standards. Comfort is also crucial as you're more likely to use gear that feels good. Our team can help match you with the perfect studs for your needs.""},{""question"":""Are these products competition-approved?"",""answer"":""Most of our studs meet or exceed competition standards, but requirements vary by discipline and level. Check specific product descriptions for certification details, or contact us to confirm if an item is suitable for your competition needs.""}]","[{""url"":""/clothing/womens"",""title"":""Ladies' Riding Clothing"",""description"":""Complete your riding wardrobe""},{""url"":""/horse/tack"",""title"":""Horse Tack"",""description"":""Quality tack for horse and rider""}]"
/rider/accessories/hatbands,Hatband,Hatband | Premium Quality | The Equestrian,"Shop premium hatband including helmets, boots, gloves and safety vests. Free shipping Australia-wide. Expert advice available. Find the perfect gear for...","Browse our extensive range of hatband. Expertly selected for quality, durability, and performance. Whether you're competing or riding for leisure, find exactly what you need at The Equestrian.","<h2>Premium Hatband</h2><p>Welcome to our specialized hatband collection. Whether you're a seasoned professional or just starting out, finding the right hatband makes all the difference. We've assembled an exceptional range that combines cutting-edge technology with time-tested designs.</p><h3>What Makes Great Hatband?</h3><ul><li><strong>Safety First:</strong> Certified protection that meets or exceeds industry standards</li><li><strong>Comfort:</strong> Ergonomic designs that you'll actually want to wear</li><li><strong>Quality Construction:</strong> Attention to detail that ensures longevity and reliability</li><li><strong>Professional Standards:</strong> Competition-approved gear trusted by top riders</li></ul>",,/rider/accessories,3,published,best-selling,"[{""question"":""How do I choose the right hatband?"",""answer"":""Consider your riding discipline, frequency, and personal preferences. Safety should always come first - look for certified products that meet current standards. Comfort is also crucial as you're more likely to use gear that feels good. Our team can help match you with the perfect hatband for your needs.""},{""question"":""Are these products competition-approved?"",""answer"":""Most of our hatband meet or exceed competition standards, but requirements vary by discipline and level. Check specific product descriptions for certification details, or contact us to confirm if an item is suitable for your competition needs.""}]","[{""url"":""/clothing/womens"",""title"":""Ladies' Riding Clothing"",""description"":""Complete your riding wardrobe""},{""url"":""/horse/tack"",""title"":""Horse Tack"",""description"":""Quality tack for horse and rider""}]"
/rider/accessories/hats,Hats & Caps,Hats & Caps | Premium Quality | The Equestrian,"Shop premium hats & caps including helmets, boots, gloves and safety vests. Free shipping Australia-wide. Expert advice available. Find the perfect gear...","Browse our extensive range of hats & caps. Expertly selected for quality, durability, and performance. Whether you're competing or riding for leisure, find exactly what you need at The Equestrian.","<h2>Premium Hats & Caps</h2><p>Welcome to our specialized hats & caps collection. Whether you're a seasoned professional or just starting out, finding the right hats & caps makes all the difference. We've assembled an exceptional range that combines cutting-edge technology with time-tested designs.</p><h3>What Makes Great Hats & Caps?</h3><ul><li><strong>Safety First:</strong> Certified protection that meets or exceeds industry standards</li><li><strong>Comfort:</strong> Ergonomic designs that you'll actually want to wear</li><li><strong>Quality Construction:</strong> Attention to detail that ensures longevity and reliability</li><li><strong>Professional Standards:</strong> Competition-approved gear trusted by top riders</li></ul>",,/rider/accessories,3,published,best-selling,"[{""question"":""How do I choose the right hats & caps?"",""answer"":""Consider your riding discipline, frequency, and personal preferences. Safety should always come first - look for certified products that meet current standards. Comfort is also crucial as you're more likely to use gear that feels good. Our team can help match you with the perfect hats & caps for your needs.""},{""question"":""Are these products competition-approved?"",""answer"":""Most of our hats & caps meet or exceed competition standards, but requirements vary by discipline and level. Check specific product descriptions for certification details, or contact us to confirm if an item is suitable for your competition needs.""}]","[{""url"":""/clothing/womens"",""title"":""Ladies' Riding Clothing"",""description"":""Complete your riding wardrobe""},{""url"":""/horse/tack"",""title"":""Horse Tack"",""description"":""Quality tack for horse and rider""}]"
/rider/accessories/whips,Stockwhip,Stockwhip | Premium Quality | The Equestrian,"Shop premium stockwhip including helmets, boots, gloves and safety vests. Free shipping Australia-wide. Expert advice available. Find the perfect gear for...","Browse our extensive range of stockwhip. Expertly selected for quality, durability, and performance. Whether you're competing or riding for leisure, find exactly what you need at The Equestrian.","<h2>Premium Stockwhip</h2><p>Welcome to our specialized stockwhip collection. Whether you're a seasoned professional or just starting out, finding the right stockwhip makes all the difference. We've assembled an exceptional range that combines cutting-edge technology with time-tested designs.</p><h3>What Makes Great Stockwhip?</h3><ul><li><strong>Safety First:</strong> Certified protection that meets or exceeds industry standards</li><li><strong>Comfort:</strong> Ergonomic designs that you'll actually want to wear</li><li><strong>Quality Construction:</strong> Attention to detail that ensures longevity and reliability</li><li><strong>Professional Standards:</strong> Competition-approved gear trusted by top riders</li></ul>",,/rider/accessories,3,published,best-selling,"[{""question"":""How do I choose the right stockwhip?"",""answer"":""Consider your riding discipline, frequency, and personal preferences. Safety should always come first - look for certified products that meet current standards. Comfort is also crucial as you're more likely to use gear that feels good. Our team can help match you with the perfect stockwhip for your needs.""},{""question"":""Are these products competition-approved?"",""answer"":""Most of our stockwhip meet or exceed competition standards, but requirements vary by discipline and level. Check specific product descriptions for certification details, or contact us to confirm if an item is suitable for your competition needs.""}]","[{""url"":""/clothing/womens"",""title"":""Ladies' Riding Clothing"",""description"":""Complete your riding wardrobe""},{""url"":""/horse/tack"",""title"":""Horse Tack"",""description"":""Quality tack for horse and rider""}]"
/rider/accessories/stocks,stock,stock | Premium Quality | The Equestrian,"Shop premium stock including helmets, boots, gloves and safety vests. Free shipping Australia-wide. Expert advice available. Find the perfect gear for your...","Browse our extensive range of stock. Expertly selected for quality, durability, and performance. Whether you're competing or riding for leisure, find exactly what you need at The Equestrian.","<h2>Premium stock</h2><p>Welcome to our specialized stock collection. Whether you're a seasoned professional or just starting out, finding the right stock makes all the difference. We've assembled an exceptional range that combines cutting-edge technology with time-tested designs.</p><h3>What Makes Great stock?</h3><ul><li><strong>Safety First:</strong> Certified protection that meets or exceeds industry standards</li><li><strong>Comfort:</strong> Ergonomic designs that you'll actually want to wear</li><li><strong>Quality Construction:</strong> Attention to detail that ensures longevity and reliability</li><li><strong>Professional Standards:</strong> Competition-approved gear trusted by top riders</li></ul>",,/rider/accessories,3,published,best-selling,"[{""question"":""How do I choose the right stock?"",""answer"":""Consider your riding discipline, frequency, and personal preferences. Safety should always come first - look for certified products that meet current standards. Comfort is also crucial as you're more likely to use gear that feels good. Our team can help match you with the perfect stock for your needs.""},{""question"":""Are these products competition-approved?"",""answer"":""Most of our stock meet or exceed competition standards, but requirements vary by discipline and level. Check specific product descriptions for certification details, or contact us to confirm if an item is suitable for your competition needs.""}]","[{""url"":""/clothing/womens"",""title"":""Ladies' Riding Clothing"",""description"":""Complete your riding wardrobe""},{""url"":""/horse/tack"",""title"":""Horse Tack"",""description"":""Quality tack for horse and rider""}]"
/rider/accessories/headbands,Head Band,Head Band | Premium Quality | The Equestrian,"Shop premium head band including helmets, boots, gloves and safety vests. Free shipping Australia-wide. Expert advice available. Find the perfect gear for...","Browse our extensive range of head band. Expertly selected for quality, durability, and performance. Whether you're competing or riding for leisure, find exactly what you need at The Equestrian.","<h2>Premium Head Band</h2><p>Welcome to our specialized head band collection. Whether you're a seasoned professional or just starting out, finding the right head band makes all the difference. We've assembled an exceptional range that combines cutting-edge technology with time-tested designs.</p><h3>What Makes Great Head Band?</h3><ul><li><strong>Safety First:</strong> Certified protection that meets or exceeds industry standards</li><li><strong>Comfort:</strong> Ergonomic designs that you'll actually want to wear</li><li><strong>Quality Construction:</strong> Attention to detail that ensures longevity and reliability</li><li><strong>Professional Standards:</strong> Competition-approved gear trusted by top riders</li></ul>",,/rider/accessories,3,published,best-selling,"[{""question"":""How do I choose the right head band?"",""answer"":""Consider your riding discipline, frequency, and personal preferences. Safety should always come first - look for certified products that meet current standards. Comfort is also crucial as you're more likely to use gear that feels good. Our team can help match you with the perfect head band for your needs.""},{""question"":""Are these products competition-approved?"",""answer"":""Most of our head band meet or exceed competition standards, but requirements vary by discipline and level. Check specific product descriptions for certification details, or contact us to confirm if an item is suitable for your competition needs.""}]","[{""url"":""/clothing/womens"",""title"":""Ladies' Riding Clothing"",""description"":""Complete your riding wardrobe""},{""url"":""/horse/tack"",""title"":""Horse Tack"",""description"":""Quality tack for horse and rider""}]"
/rider/whips,Whips,Whips | Buy Online | The Equestrian,"Shop premium whips including helmets, boots, gloves and safety vests. Free shipping Australia-wide. Expert advice available. Find the perfect gear for your...","Browse our extensive range of whips. Expertly selected for quality, durability, and performance. Whether you're competing or riding for leisure, find exactly what you need at The Equestrian.","<h2>Premium Whips</h2><p>Discover our comprehensive collection of whips, carefully curated to meet the demands of riders at every level. From competition-ready gear to everyday essentials, we stock only the finest brands known for quality, durability, and performance. Each product has been expertly selected by our team of experienced professionals who understand what truly matters.</p><h3>What Makes Great Whips?</h3><ul><li><strong>Safety First:</strong> Certified protection that meets or exceeds industry standards</li><li><strong>Comfort:</strong> Ergonomic designs that you'll actually want to wear</li><li><strong>Quality Construction:</strong> Attention to detail that ensures longevity and reliability</li><li><strong>Professional Standards:</strong> Competition-approved gear trusted by top riders</li></ul><h3>Shop by Category</h3><p>Browse our specialized categories to find exactly what you need. Each section features products from world-leading brands trusted by professional riders. Not sure where to start? Our expert team is always here to help you make the right choice.</p>",,/rider,2,published,best-selling,"[{""question"":""How do I choose the right whips?"",""answer"":""Consider your riding discipline, frequency, and personal preferences. Safety should always come first - look for certified products that meet current standards. Comfort is also crucial as you're more likely to use gear that feels good. Our team can help match you with the perfect whips for your needs.""},{""question"":""Are these products competition-approved?"",""answer"":""Most of our whips meet or exceed competition standards, but requirements vary by discipline and level. Check specific product descriptions for certification details, or contact us to confirm if an item is suitable for your competition needs.""}]","[{""url"":""/clothing/womens"",""title"":""Ladies' Riding Clothing"",""description"":""Complete your riding wardrobe""},{""url"":""/horse/tack"",""title"":""Horse Tack"",""description"":""Quality tack for horse and rider""}]"
/rider/chaps,Chapettes & Gaiters,Chapettes & Gaiters | Buy Online | The Equestrian,"Shop premium chapettes & gaiters including helmets, boots, gloves and safety vests. Free shipping Australia-wide. Expert advice available. Find the perfect...","Browse our extensive range of chapettes & gaiters. Expertly selected for quality, durability, and performance. Whether you're competing or riding for leisure, find exactly what you need at The Equestrian.","<h2>Premium Chapettes & Gaiters</h2><p>Discover our comprehensive collection of chapettes & gaiters, carefully curated to meet the demands of riders at every level. From competition-ready gear to everyday essentials, we stock only the finest brands known for quality, durability, and performance. Each product has been expertly selected by our team of experienced professionals who understand what truly matters.</p><h3>What Makes Great Chapettes & Gaiters?</h3><ul><li><strong>Safety First:</strong> Certified protection that meets or exceeds industry standards</li><li><strong>Comfort:</strong> Ergonomic designs that you'll actually want to wear</li><li><strong>Quality Construction:</strong> Attention to detail that ensures longevity and reliability</li><li><strong>Professional Standards:</strong> Competition-approved gear trusted by top riders</li></ul><h3>Shop by Category</h3><p>Browse our specialized categories to find exactly what you need. Each section features products from world-leading brands trusted by professional riders. Not sure where to start? Our expert team is always here to help you make the right choice.</p>",,/rider,2,published,best-selling,"[{""question"":""How do I choose the right chapettes & gaiters?"",""answer"":""Consider your riding discipline, frequency, and personal preferences. Safety should always come first - look for certified products that meet current standards. Comfort is also crucial as you're more likely to use gear that feels good. Our team can help match you with the perfect chapettes & gaiters for your needs.""},{""question"":""Are these products competition-approved?"",""answer"":""Most of our chapettes & gaiters meet or exceed competition standards, but requirements vary by discipline and level. Check specific product descriptions for certification details, or contact us to confirm if an item is suitable for your competition needs.""}]","[{""url"":""/clothing/womens"",""title"":""Ladies' Riding Clothing"",""description"":""Complete your riding wardrobe""},{""url"":""/horse/tack"",""title"":""Horse Tack"",""description"":""Quality tack for horse and rider""}]"
/rider/body-protectors,Body Protectors,Body Protectors | Buy Online | The Equestrian,"Shop premium body protectors including helmets, boots, gloves and safety vests. Free shipping Australia-wide. Expert advice available. Find the perfect...","Browse our extensive range of body protectors. Expertly selected for quality, durability, and performance. Whether you're competing or riding for leisure, find exactly what you need at The Equestrian.","<h2>Premium Body Protectors</h2><p>Discover our comprehensive collection of body protectors, carefully curated to meet the demands of riders at every level. From competition-ready gear to everyday essentials, we stock only the finest brands known for quality, durability, and performance. Each product has been expertly selected by our team of experienced professionals who understand what truly matters.</p><h3>What Makes Great Body Protectors?</h3><ul><li><strong>Safety First:</strong> Certified protection that meets or exceeds industry standards</li><li><strong>Comfort:</strong> Ergonomic designs that you'll actually want to wear</li><li><strong>Quality Construction:</strong> Attention to detail that ensures longevity and reliability</li><li><strong>Professional Standards:</strong> Competition-approved gear trusted by top riders</li></ul><h3>Shop by Category</h3><p>Browse our specialized categories to find exactly what you need. Each section features products from world-leading brands trusted by professional riders. Not sure where to start? Our expert team is always here to help you make the right choice.</p>",,/rider,2,published,best-selling,"[{""question"":""How do I choose the right body protectors?"",""answer"":""Consider your riding discipline, frequency, and personal preferences. Safety should always come first - look for certified products that meet current standards. Comfort is also crucial as you're more likely to use gear that feels good. Our team can help match you with the perfect body protectors for your needs.""},{""question"":""Are these products competition-approved?"",""answer"":""Most of our body protectors meet or exceed competition standards, but requirements vary by discipline and level. Check specific product descriptions for certification details, or contact us to confirm if an item is suitable for your competition needs.""}]","[{""url"":""/clothing/womens"",""title"":""Ladies' Riding Clothing"",""description"":""Complete your riding wardrobe""},{""url"":""/horse/tack"",""title"":""Horse Tack"",""description"":""Quality tack for horse and rider""}]"
/pet/dog,Dogs,Dogs | Buy Online | The Equestrian,"Shop premium dogs including dog treats, dog toys, dog beds and dog grooming supplies. Free shipping Australia-wide. Expert advice available. Find the...","Browse our extensive range of dogs. Expertly selected for quality, durability, and performance. Whether you're competing or riding for leisure, find exactly what you need at The Equestrian.","<h2>Premium Dogs</h2><p>Discover our comprehensive collection of dogs, carefully curated to meet the demands of pet owners at every level. From competition-ready gear to everyday essentials, we stock only the finest brands known for quality, durability, and performance. Each product has been expertly selected by our team of experienced professionals who understand what truly matters.</p><h3>What Makes Great Dogs?</h3><ul><li><strong>Quality Materials:</strong> Durable construction that stands up to daily use</li><li><strong>Thoughtful Design:</strong> Features that make a real difference in performance</li><li><strong>Expert Selection:</strong> Carefully chosen products from trusted manufacturers</li><li><strong>Great Value:</strong> Competitive pricing without compromising on quality</li></ul><h3>Shop by Type</h3><p>Browse our specialized categories including <a href=""/pet/dog/collars-and-leads"">dog collars & leads</a>,<a href=""/pet/dog/toys"">dog toys</a>, and <a href=""/pet/dog/treats"">dog treats</a>. Each category features products from world-leading brands trusted by professional enthusiasts.</p>",,/pet,2,published,best-selling,"[{""question"":""How do I choose the right dogs?"",""answer"":""Consider your specific needs, budget, and intended use. Read product descriptions carefully and check sizing information. Our customer reviews provide valuable insights from real users. If you're unsure, our expert team is always happy to provide personalized recommendations.""},{""question"":""Do you offer free shipping on dogs?"",""answer"":""Yes! We offer free shipping on all orders within Australia. Orders are typically processed within 1-2 business days. For urgent needs, express shipping options are available at checkout.""}]",[]
/pet/dog/collars-and-leads,Dog Collars & Leads,Dog Collars & Leads | Premium Quality | The Equestrian,"Shop premium dog collars & leads including dog treats, dog toys, dog beds and dog grooming supplies. Free shipping Australia-wide. Expert advice available.","Browse our extensive range of dog collars & leads. Expertly selected for quality, durability, and performance. Whether you're competing or riding for leisure, find exactly what you need at The Equestrian.","<h2>Premium Dog Collars & Leads</h2><p>Welcome to our specialized dog collars & leads collection. Whether you're a seasoned professional or just starting out, finding the right dog collars & leads makes all the difference. We've assembled an exceptional range that combines cutting-edge technology with time-tested designs.</p><h3>What Makes Great Dog Collars & Leads?</h3><ul><li><strong>Quality Materials:</strong> Durable construction that stands up to daily use</li><li><strong>Thoughtful Design:</strong> Features that make a real difference in performance</li><li><strong>Expert Selection:</strong> Carefully chosen products from trusted manufacturers</li><li><strong>Great Value:</strong> Competitive pricing without compromising on quality</li></ul>",,/pet/dog,3,published,best-selling,"[{""question"":""How do I choose the right dog collars & leads?"",""answer"":""Consider your specific needs, budget, and intended use. Read product descriptions carefully and check sizing information. Our customer reviews provide valuable insights from real users. If you're unsure, our expert team is always happy to provide personalized recommendations.""},{""question"":""Do you offer free shipping on dog collars & leads?"",""answer"":""Yes! We offer free shipping on all orders within Australia. Orders are typically processed within 1-2 business days. For urgent needs, express shipping options are available at checkout.""}]",[]
/pet/dog/toys,Dog Toys,Dog Toys | Premium Quality | The Equestrian,"Shop premium dog toys including dog treats, dog toys, dog beds and dog grooming supplies. Free shipping Australia-wide. Expert advice available. Find the...","Browse our extensive range of dog toys. Expertly selected for quality, durability, and performance. Whether you're competing or riding for leisure, find exactly what you need at The Equestrian.","<h2>Premium Dog Toys</h2><p>Welcome to our specialized dog toys collection. Whether you're a seasoned professional or just starting out, finding the right dog toys makes all the difference. We've assembled an exceptional range that combines cutting-edge technology with time-tested designs.</p><h3>What Makes Great Dog Toys?</h3><ul><li><strong>Quality Materials:</strong> Durable construction that stands up to daily use</li><li><strong>Thoughtful Design:</strong> Features that make a real difference in performance</li><li><strong>Expert Selection:</strong> Carefully chosen products from trusted manufacturers</li><li><strong>Great Value:</strong> Competitive pricing without compromising on quality</li></ul>",,/pet/dog,3,published,best-selling,"[{""question"":""How do I choose the right dog toys?"",""answer"":""Consider your specific needs, budget, and intended use. Read product descriptions carefully and check sizing information. Our customer reviews provide valuable insights from real users. If you're unsure, our expert team is always happy to provide personalized recommendations.""},{""question"":""Do you offer free shipping on dog toys?"",""answer"":""Yes! We offer free shipping on all orders within Australia. Orders are typically processed within 1-2 business days. For urgent needs, express shipping options are available at checkout.""}]",[]
/pet/dog/treats,Dog Treats,Dog Treats | Premium Quality | The Equestrian,"Shop premium dog treats including dog treats, dog toys, dog beds and dog grooming supplies. Free shipping Australia-wide. Expert advice available. Find the...","Browse our extensive range of dog treats. Expertly selected for quality, durability, and performance. Whether you're competing or riding for leisure, find exactly what you need at The Equestrian.","<h2>Premium Dog Treats</h2><p>Welcome to our specialized dog treats collection. Whether you're a seasoned professional or just starting out, finding the right dog treats makes all the difference. We've assembled an exceptional range that combines cutting-edge technology with time-tested designs.</p><h3>What Makes Great Dog Treats?</h3><ul><li><strong>Quality Materials:</strong> Durable construction that stands up to daily use</li><li><strong>Thoughtful Design:</strong> Features that make a real difference in performance</li><li><strong>Expert Selection:</strong> Carefully chosen products from trusted manufacturers</li><li><strong>Great Value:</strong> Competitive pricing without compromising on quality</li></ul>",,/pet/dog,3,published,best-selling,"[{""question"":""How do I choose the right dog treats?"",""answer"":""Consider your specific needs, budget, and intended use. Read product descriptions carefully and check sizing information. Our customer reviews provide valuable insights from real users. If you're unsure, our expert team is always happy to provide personalized recommendations.""},{""question"":""Do you offer free shipping on dog treats?"",""answer"":""Yes! We offer free shipping on all orders within Australia. Orders are typically processed within 1-2 business days. For urgent needs, express shipping options are available at checkout.""}]",[]
/pet/dog/grooming,Dog Grooming & Coat Care,Dog Grooming & Coat Care | Premium Quality | The Equestrian,"Shop premium dog grooming & coat care including dog treats, dog toys, dog beds and dog grooming supplies. Free shipping Australia-wide. Expert advice available.","Browse our extensive range of dog grooming & coat care. Expertly selected for quality, durability, and performance. Whether you're competing or riding for leisure, find exactly what you need at The Equestrian.","<h2>Premium Dog Grooming & Coat Care</h2><p>Welcome to our specialized dog grooming & coat care collection. Whether you're a seasoned professional or just starting out, finding the right dog grooming & coat care makes all the difference. We've assembled an exceptional range that combines cutting-edge technology with time-tested designs.</p><h3>What Makes Great Dog Grooming & Coat Care?</h3><ul><li><strong>Quality Materials:</strong> Durable construction that stands up to daily use</li><li><strong>Thoughtful Design:</strong> Features that make a real difference in performance</li><li><strong>Expert Selection:</strong> Carefully chosen products from trusted manufacturers</li><li><strong>Great Value:</strong> Competitive pricing without compromising on quality</li></ul>",,/pet/dog,3,published,best-selling,"[{""question"":""How do I choose the right dog grooming & coat care?"",""answer"":""Consider your specific needs, budget, and intended use. Read product descriptions carefully and check sizing information. Our customer reviews provide valuable insights from real users. If you're unsure, our expert team is always happy to provide personalized recommendations.""},{""question"":""Do you offer free shipping on dog grooming & coat care?"",""answer"":""Yes! We offer free shipping on all orders within Australia. Orders are typically processed within 1-2 business days. For urgent needs, express shipping options are available at checkout.""}]",[]
/pet/dog/accessories,Dog Accessories,Dog Accessories | Premium Quality | The Equestrian,"Shop premium dog accessories including dog treats, dog toys, dog beds and dog grooming supplies. Free shipping Australia-wide. Expert advice available.","Browse our extensive range of dog accessories. Expertly selected for quality, durability, and performance. Whether you're competing or riding for leisure, find exactly what you need at The Equestrian.","<h2>Premium Dog Accessories</h2><p>Welcome to our specialized dog accessories collection. Whether you're a seasoned professional or just starting out, finding the right dog accessories makes all the difference. We've assembled an exceptional range that combines cutting-edge technology with time-tested designs.</p><h3>What Makes Great Dog Accessories?</h3><ul><li><strong>Quality Materials:</strong> Durable construction that stands up to daily use</li><li><strong>Thoughtful Design:</strong> Features that make a real difference in performance</li><li><strong>Expert Selection:</strong> Carefully chosen products from trusted manufacturers</li><li><strong>Great Value:</strong> Competitive pricing without compromising on quality</li></ul>",,/pet/dog,3,published,best-selling,"[{""question"":""How do I choose the right dog accessories?"",""answer"":""Consider your specific needs, budget, and intended use. Read product descriptions carefully and check sizing information. Our customer reviews provide valuable insights from real users. If you're unsure, our expert team is always happy to provide personalized recommendations.""},{""question"":""Do you offer free shipping on dog accessories?"",""answer"":""Yes! We offer free shipping on all orders within Australia. Orders are typically processed within 1-2 business days. For urgent needs, express shipping options are available at checkout.""}]",[]
/pet/dog/skin-care,Dog Potions & Lotions,Dog Potions & Lotions | Premium Quality | The Equestrian,"Shop premium dog potions & lotions including dog treats, dog toys, dog beds and dog grooming supplies. Free shipping Australia-wide. Expert advice available.","Browse our extensive range of dog potions & lotions. Expertly selected for quality, durability, and performance. Whether you're competing or riding for leisure, find exactly what you need at The Equestrian.","<h2>Premium Dog Potions & Lotions</h2><p>Welcome to our specialized dog potions & lotions collection. Whether you're a seasoned professional or just starting out, finding the right dog potions & lotions makes all the difference. We've assembled an exceptional range that combines cutting-edge technology with time-tested designs.</p><h3>What Makes Great Dog Potions & Lotions?</h3><ul><li><strong>Quality Materials:</strong> Durable construction that stands up to daily use</li><li><strong>Thoughtful Design:</strong> Features that make a real difference in performance</li><li><strong>Expert Selection:</strong> Carefully chosen products from trusted manufacturers</li><li><strong>Great Value:</strong> Competitive pricing without compromising on quality</li></ul>",,/pet/dog,3,published,best-selling,"[{""question"":""How do I choose the right dog potions & lotions?"",""answer"":""Consider your specific needs, budget, and intended use. Read product descriptions carefully and check sizing information. Our customer reviews provide valuable insights from real users. If you're unsure, our expert team is always happy to provide personalized recommendations.""},{""question"":""Do you offer free shipping on dog potions & lotions?"",""answer"":""Yes! We offer free shipping on all orders within Australia. Orders are typically processed within 1-2 business days. For urgent needs, express shipping options are available at checkout.""}]",[]
/pet/dog/walking,Dog Walking,Dog Walking | Premium Quality | The Equestrian,"Shop premium dog walking including dog treats, dog toys, dog beds and dog grooming supplies. Free shipping Australia-wide. Expert advice available. Find...","Browse our extensive range of dog walking. Expertly selected for quality, durability, and performance. Whether you're competing or riding for leisure, find exactly what you need at The Equestrian.","<h2>Premium Dog Walking</h2><p>Welcome to our specialized dog walking collection. Whether you're a seasoned professional or just starting out, finding the right dog walking makes all the difference. We've assembled an exceptional range that combines cutting-edge technology with time-tested designs.</p><h3>What Makes Great Dog Walking?</h3><ul><li><strong>Quality Materials:</strong> Durable construction that stands up to daily use</li><li><strong>Thoughtful Design:</strong> Features that make a real difference in performance</li><li><strong>Expert Selection:</strong> Carefully chosen products from trusted manufacturers</li><li><strong>Great Value:</strong> Competitive pricing without compromising on quality</li></ul>",,/pet/dog,3,published,best-selling,"[{""question"":""How do I choose the right dog walking?"",""answer"":""Consider your specific needs, budget, and intended use. Read product descriptions carefully and check sizing information. Our customer reviews provide valuable insights from real users. If you're unsure, our expert team is always happy to provide personalized recommendations.""},{""question"":""Do you offer free shipping on dog walking?"",""answer"":""Yes! We offer free shipping on all orders within Australia. Orders are typically processed within 1-2 business days. For urgent needs, express shipping options are available at checkout.""}]",[]
/pet/dog/veterinary,Dog Wormer & Flea,Dog Wormer & Flea | Premium Quality | The Equestrian,"Shop premium dog wormer & flea including dog treats, dog toys, dog beds and dog grooming supplies. Free shipping Australia-wide. Expert advice available.","Browse our extensive range of dog wormer & flea. Expertly selected for quality, durability, and performance. Whether you're competing or riding for leisure, find exactly what you need at The Equestrian.","<h2>Premium Dog Wormer & Flea</h2><p>Welcome to our specialized dog wormer & flea collection. Whether you're a seasoned professional or just starting out, finding the right dog wormer & flea makes all the difference. We've assembled an exceptional range that combines cutting-edge technology with time-tested designs.</p><h3>What Makes Great Dog Wormer & Flea?</h3><ul><li><strong>Quality Materials:</strong> Durable construction that stands up to daily use</li><li><strong>Thoughtful Design:</strong> Features that make a real difference in performance</li><li><strong>Expert Selection:</strong> Carefully chosen products from trusted manufacturers</li><li><strong>Great Value:</strong> Competitive pricing without compromising on quality</li></ul>",,/pet/dog,3,published,best-selling,"[{""question"":""How do I choose the right dog wormer & flea?"",""answer"":""Consider your specific needs, budget, and intended use. Read product descriptions carefully and check sizing information. Our customer reviews provide valuable insights from real users. If you're unsure, our expert team is always happy to provide personalized recommendations.""},{""question"":""Do you offer free shipping on dog wormer & flea?"",""answer"":""Yes! We offer free shipping on all orders within Australia. Orders are typically processed within 1-2 business days. For urgent needs, express shipping options are available at checkout.""}]",[]
/pet/dog/coats-and-rugs,Dog Rugs & Fashion,Dog Rugs & Fashion | Premium Quality | The Equestrian,"Shop premium dog rugs & fashion including dog treats, dog toys, dog beds and dog grooming supplies. Free shipping Australia-wide. Expert advice available.","Browse our extensive range of dog rugs & fashion. Expertly selected for quality, durability, and performance. Whether you're competing or riding for leisure, find exactly what you need at The Equestrian.","<h2>Premium Dog Rugs & Fashion</h2><p>Welcome to our specialized dog rugs & fashion collection. Whether you're a seasoned professional or just starting out, finding the right dog rugs & fashion makes all the difference. We've assembled an exceptional range that combines cutting-edge technology with time-tested designs.</p><h3>What Makes Great Dog Rugs & Fashion?</h3><ul><li><strong>Quality Materials:</strong> Durable construction that stands up to daily use</li><li><strong>Thoughtful Design:</strong> Features that make a real difference in performance</li><li><strong>Expert Selection:</strong> Carefully chosen products from trusted manufacturers</li><li><strong>Great Value:</strong> Competitive pricing without compromising on quality</li></ul>",,/pet/dog,3,published,best-selling,"[{""question"":""How do I choose the right dog rugs & fashion?"",""answer"":""Consider your specific needs, budget, and intended use. Read product descriptions carefully and check sizing information. Our customer reviews provide valuable insights from real users. If you're unsure, our expert team is always happy to provide personalized recommendations.""},{""question"":""Do you offer free shipping on dog rugs & fashion?"",""answer"":""Yes! We offer free shipping on all orders within Australia. Orders are typically processed within 1-2 business days. For urgent needs, express shipping options are available at checkout.""}]",[]
/pet/dog/kennels,Dog Kennels Carriers & Pens,Dog Kennels Carriers & Pens | Premium Quality | The Equestrian,"Shop premium dog kennels carriers & pens including dog treats, dog toys, dog beds and dog grooming supplies. Free shipping Australia-wide. Expert advice...","Browse our extensive range of dog kennels carriers & pens. Expertly selected for quality, durability, and performance. Whether you're competing or riding for leisure, find exactly what you need at The Equestrian.","<h2>Premium Dog Kennels Carriers & Pens</h2><p>Welcome to our specialized dog kennels carriers & pens collection. Whether you're a seasoned professional or just starting out, finding the right dog kennels carriers & pens makes all the difference. We've assembled an exceptional range that combines cutting-edge technology with time-tested designs.</p><h3>What Makes Great Dog Kennels Carriers & Pens?</h3><ul><li><strong>Quality Materials:</strong> Durable construction that stands up to daily use</li><li><strong>Thoughtful Design:</strong> Features that make a real difference in performance</li><li><strong>Expert Selection:</strong> Carefully chosen products from trusted manufacturers</li><li><strong>Great Value:</strong> Competitive pricing without compromising on quality</li></ul>",,/pet/dog,3,published,best-selling,"[{""question"":""How do I choose the right dog kennels carriers & pens?"",""answer"":""Consider your specific needs, budget, and intended use. Read product descriptions carefully and check sizing information. Our customer reviews provide valuable insights from real users. If you're unsure, our expert team is always happy to provide personalized recommendations.""},{""question"":""Do you offer free shipping on dog kennels carriers & pens?"",""answer"":""Yes! We offer free shipping on all orders within Australia. Orders are typically processed within 1-2 business days. For urgent needs, express shipping options are available at checkout.""}]",[]
/pet/dog/bedding,Dog Bedding,Dog Bedding | Premium Quality | The Equestrian,"Shop premium dog bedding including dog treats, dog toys, dog beds and dog grooming supplies. Free shipping Australia-wide. Expert advice available. Find...","Browse our extensive range of dog bedding. Expertly selected for quality, durability, and performance. Whether you're competing or riding for leisure, find exactly what you need at The Equestrian.","<h2>Premium Dog Bedding</h2><p>Welcome to our specialized dog bedding collection. Whether you're a seasoned professional or just starting out, finding the right dog bedding makes all the difference. We've assembled an exceptional range that combines cutting-edge technology with time-tested designs.</p><h3>What Makes Great Dog Bedding?</h3><ul><li><strong>Quality Materials:</strong> Durable construction that stands up to daily use</li><li><strong>Thoughtful Design:</strong> Features that make a real difference in performance</li><li><strong>Expert Selection:</strong> Carefully chosen products from trusted manufacturers</li><li><strong>Great Value:</strong> Competitive pricing without compromising on quality</li></ul>",,/pet/dog,3,published,best-selling,"[{""question"":""How do I choose the right dog bedding?"",""answer"":""Consider your specific needs, budget, and intended use. Read product descriptions carefully and check sizing information. Our customer reviews provide valuable insights from real users. If you're unsure, our expert team is always happy to provide personalized recommendations.""},{""question"":""Do you offer free shipping on dog bedding?"",""answer"":""Yes! We offer free shipping on all orders within Australia. Orders are typically processed within 1-2 business days. For urgent needs, express shipping options are available at checkout.""}]",[]
/pet/dog/food,Dog Food,Dog Food | Premium Quality | The Equestrian,"Shop premium dog food including dog treats, dog toys, dog beds and dog grooming supplies. Free shipping Australia-wide. Expert advice available. Find the...","Browse our extensive range of dog food. Expertly selected for quality, durability, and performance. Whether you're competing or riding for leisure, find exactly what you need at The Equestrian.","<h2>Premium Dog Food</h2><p>Welcome to our specialized dog food collection. Whether you're a seasoned professional or just starting out, finding the right dog food makes all the difference. We've assembled an exceptional range that combines cutting-edge technology with time-tested designs.</p><h3>What Makes Great Dog Food?</h3><ul><li><strong>Quality Materials:</strong> Durable construction that stands up to daily use</li><li><strong>Thoughtful Design:</strong> Features that make a real difference in performance</li><li><strong>Expert Selection:</strong> Carefully chosen products from trusted manufacturers</li><li><strong>Great Value:</strong> Competitive pricing without compromising on quality</li></ul>",,/pet/dog,3,published,best-selling,"[{""question"":""How do I choose the right dog food?"",""answer"":""Consider your specific needs, budget, and intended use. Read product descriptions carefully and check sizing information. Our customer reviews provide valuable insights from real users. If you're unsure, our expert team is always happy to provide personalized recommendations.""},{""question"":""Do you offer free shipping on dog food?"",""answer"":""Yes! We offer free shipping on all orders within Australia. Orders are typically processed within 1-2 business days. For urgent needs, express shipping options are available at checkout.""}]",[]
/pet/dog/supplements,Dog Supplements,Dog Supplements | Premium Quality | The Equestrian,"Shop premium dog supplements including dog treats, dog toys, dog beds and dog grooming supplies. Free shipping Australia-wide. Expert advice available.","Browse our extensive range of dog supplements. Expertly selected for quality, durability, and performance. Whether you're competing or riding for leisure, find exactly what you need at The Equestrian.","<h2>Premium Dog Supplements</h2><p>Welcome to our specialized dog supplements collection. Whether you're a seasoned professional or just starting out, finding the right dog supplements makes all the difference. We've assembled an exceptional range that combines cutting-edge technology with time-tested designs.</p><h3>What Makes Great Dog Supplements?</h3><ul><li><strong>Quality Materials:</strong> Durable construction that stands up to daily use</li><li><strong>Thoughtful Design:</strong> Features that make a real difference in performance</li><li><strong>Expert Selection:</strong> Carefully chosen products from trusted manufacturers</li><li><strong>Great Value:</strong> Competitive pricing without compromising on quality</li></ul>",,/pet/dog,3,published,best-selling,"[{""question"":""How do I choose the right dog supplements?"",""answer"":""Consider your specific needs, budget, and intended use. Read product descriptions carefully and check sizing information. Our customer reviews provide valuable insights from real users. If you're unsure, our expert team is always happy to provide personalized recommendations.""},{""question"":""Do you offer free shipping on dog supplements?"",""answer"":""Yes! We offer free shipping on all orders within Australia. Orders are typically processed within 1-2 business days. For urgent needs, express shipping options are available at checkout.""}]",[]
/pet/cat,Cat,Cat | Buy Online | The Equestrian,"Shop premium cat including cat treats, cat toys, scratching posts and litter accessories. Free shipping Australia-wide. Expert advice available. Find the...","Browse our extensive range of cat. Expertly selected for quality, durability, and performance. Whether you're competing or riding for leisure, find exactly what you need at The Equestrian.","<h2>Premium Cat</h2><p>Discover our comprehensive collection of cat, carefully curated to meet the demands of pet owners at every level. From competition-ready gear to everyday essentials, we stock only the finest brands known for quality, durability, and performance. Each product has been expertly selected by our team of experienced professionals who understand what truly matters.</p><h3>What Makes Great Cat?</h3><ul><li><strong>Quality Materials:</strong> Durable construction that stands up to daily use</li><li><strong>Thoughtful Design:</strong> Features that make a real difference in performance</li><li><strong>Expert Selection:</strong> Carefully chosen products from trusted manufacturers</li><li><strong>Great Value:</strong> Competitive pricing without compromising on quality</li></ul><h3>Shop by Type</h3><p>Browse our specialized categories including <a href=""/pet/cat/toys"">cat gyms & toys</a>,<a href=""/pet/cat/accessories"">cat accessories</a>, and <a href=""/pet/cat/food"">cat food & treats</a>. Each category features products from world-leading brands trusted by professional enthusiasts.</p>",,/pet,2,published,best-selling,"[{""question"":""How do I choose the right cat?"",""answer"":""Consider your specific needs, budget, and intended use. Read product descriptions carefully and check sizing information. Our customer reviews provide valuable insights from real users. If you're unsure, our expert team is always happy to provide personalized recommendations.""},{""question"":""Do you offer free shipping on cat?"",""answer"":""Yes! We offer free shipping on all orders within Australia. Orders are typically processed within 1-2 business days. For urgent needs, express shipping options are available at checkout.""}]",[]
/pet/cat/toys,Cat Gyms & Toys,Cat Gyms & Toys | Premium Quality | The Equestrian,"Shop premium cat gyms & toys including cat treats, cat toys, scratching posts and litter accessories. Free shipping Australia-wide. Expert advice available.","Browse our extensive range of cat gyms & toys. Expertly selected for quality, durability, and performance. Whether you're competing or riding for leisure, find exactly what you need at The Equestrian.","<h2>Premium Cat Gyms & Toys</h2><p>Welcome to our specialized cat gyms & toys collection. Whether you're a seasoned professional or just starting out, finding the right cat gyms & toys makes all the difference. We've assembled an exceptional range that combines cutting-edge technology with time-tested designs.</p><h3>What Makes Great Cat Gyms & Toys?</h3><ul><li><strong>Quality Materials:</strong> Durable construction that stands up to daily use</li><li><strong>Thoughtful Design:</strong> Features that make a real difference in performance</li><li><strong>Expert Selection:</strong> Carefully chosen products from trusted manufacturers</li><li><strong>Great Value:</strong> Competitive pricing without compromising on quality</li></ul>",,/pet/cat,3,published,best-selling,"[{""question"":""How do I choose the right cat gyms & toys?"",""answer"":""Consider your specific needs, budget, and intended use. Read product descriptions carefully and check sizing information. Our customer reviews provide valuable insights from real users. If you're unsure, our expert team is always happy to provide personalized recommendations.""},{""question"":""Do you offer free shipping on cat gyms & toys?"",""answer"":""Yes! We offer free shipping on all orders within Australia. Orders are typically processed within 1-2 business days. For urgent needs, express shipping options are available at checkout.""}]",[]
/pet/cat/accessories,Cat Accessories,Cat Accessories | Premium Quality | The Equestrian,"Shop premium cat accessories including cat treats, cat toys, scratching posts and litter accessories. Free shipping Australia-wide. Expert advice available.","Browse our extensive range of cat accessories. Expertly selected for quality, durability, and performance. Whether you're competing or riding for leisure, find exactly what you need at The Equestrian.","<h2>Premium Cat Accessories</h2><p>Welcome to our specialized cat accessories collection. Whether you're a seasoned professional or just starting out, finding the right cat accessories makes all the difference. We've assembled an exceptional range that combines cutting-edge technology with time-tested designs.</p><h3>What Makes Great Cat Accessories?</h3><ul><li><strong>Quality Materials:</strong> Durable construction that stands up to daily use</li><li><strong>Thoughtful Design:</strong> Features that make a real difference in performance</li><li><strong>Expert Selection:</strong> Carefully chosen products from trusted manufacturers</li><li><strong>Great Value:</strong> Competitive pricing without compromising on quality</li></ul>",,/pet/cat,3,published,best-selling,"[{""question"":""How do I choose the right cat accessories?"",""answer"":""Consider your specific needs, budget, and intended use. Read product descriptions carefully and check sizing information. Our customer reviews provide valuable insights from real users. If you're unsure, our expert team is always happy to provide personalized recommendations.""},{""question"":""Do you offer free shipping on cat accessories?"",""answer"":""Yes! We offer free shipping on all orders within Australia. Orders are typically processed within 1-2 business days. For urgent needs, express shipping options are available at checkout.""}]",[]
/pet/cat/food,Cat Food & Treats,Cat Food & Treats | Premium Quality | The Equestrian,"Shop premium cat food & treats including cat treats, cat toys, scratching posts and litter accessories. Free shipping Australia-wide. Expert advice available.","Browse our extensive range of cat food & treats. Expertly selected for quality, durability, and performance. Whether you're competing or riding for leisure, find exactly what you need at The Equestrian.","<h2>Premium Cat Food & Treats</h2><p>Welcome to our specialized cat food & treats collection. Whether you're a seasoned professional or just starting out, finding the right cat food & treats makes all the difference. We've assembled an exceptional range that combines cutting-edge technology with time-tested designs.</p><h3>What Makes Great Cat Food & Treats?</h3><ul><li><strong>Quality Materials:</strong> Durable construction that stands up to daily use</li><li><strong>Thoughtful Design:</strong> Features that make a real difference in performance</li><li><strong>Expert Selection:</strong> Carefully chosen products from trusted manufacturers</li><li><strong>Great Value:</strong> Competitive pricing without compromising on quality</li></ul>",,/pet/cat,3,published,best-selling,"[{""question"":""How do I choose the right cat food & treats?"",""answer"":""Consider your specific needs, budget, and intended use. Read product descriptions carefully and check sizing information. Our customer reviews provide valuable insights from real users. If you're unsure, our expert team is always happy to provide personalized recommendations.""},{""question"":""Do you offer free shipping on cat food & treats?"",""answer"":""Yes! We offer free shipping on all orders within Australia. Orders are typically processed within 1-2 business days. For urgent needs, express shipping options are available at checkout.""}]",[]
/pet/cat/litter,Cat Litter & Accessories,Cat Litter & Accessories | Premium Quality | The Equestrian,"Shop premium cat litter & accessories including cat treats, cat toys, scratching posts and litter accessories. Free shipping Australia-wide. Expert advice...","Browse our extensive range of cat litter & accessories. Expertly selected for quality, durability, and performance. Whether you're competing or riding for leisure, find exactly what you need at The Equestrian.","<h2>Premium Cat Litter & Accessories</h2><p>Welcome to our specialized cat litter & accessories collection. Whether you're a seasoned professional or just starting out, finding the right cat litter & accessories makes all the difference. We've assembled an exceptional range that combines cutting-edge technology with time-tested designs.</p><h3>What Makes Great Cat Litter & Accessories?</h3><ul><li><strong>Quality Materials:</strong> Durable construction that stands up to daily use</li><li><strong>Thoughtful Design:</strong> Features that make a real difference in performance</li><li><strong>Expert Selection:</strong> Carefully chosen products from trusted manufacturers</li><li><strong>Great Value:</strong> Competitive pricing without compromising on quality</li></ul>",,/pet/cat,3,published,best-selling,"[{""question"":""How do I choose the right cat litter & accessories?"",""answer"":""Consider your specific needs, budget, and intended use. Read product descriptions carefully and check sizing information. Our customer reviews provide valuable insights from real users. If you're unsure, our expert team is always happy to provide personalized recommendations.""},{""question"":""Do you offer free shipping on cat litter & accessories?"",""answer"":""Yes! We offer free shipping on all orders within Australia. Orders are typically processed within 1-2 business days. For urgent needs, express shipping options are available at checkout.""}]",[]
/pet/cat/skin-care,Cat Potions & Lotions,Cat Potions & Lotions | Premium Quality | The Equestrian,"Shop premium cat potions & lotions including cat treats, cat toys, scratching posts and litter accessories. Free shipping Australia-wide. Expert advice...","Browse our extensive range of cat potions & lotions. Expertly selected for quality, durability, and performance. Whether you're competing or riding for leisure, find exactly what you need at The Equestrian.","<h2>Premium Cat Potions & Lotions</h2><p>Welcome to our specialized cat potions & lotions collection. Whether you're a seasoned professional or just starting out, finding the right cat potions & lotions makes all the difference. We've assembled an exceptional range that combines cutting-edge technology with time-tested designs.</p><h3>What Makes Great Cat Potions & Lotions?</h3><ul><li><strong>Quality Materials:</strong> Durable construction that stands up to daily use</li><li><strong>Thoughtful Design:</strong> Features that make a real difference in performance</li><li><strong>Expert Selection:</strong> Carefully chosen products from trusted manufacturers</li><li><strong>Great Value:</strong> Competitive pricing without compromising on quality</li></ul>",,/pet/cat,3,published,best-selling,"[{""question"":""How do I choose the right cat potions & lotions?"",""answer"":""Consider your specific needs, budget, and intended use. Read product descriptions carefully and check sizing information. Our customer reviews provide valuable insights from real users. If you're unsure, our expert team is always happy to provide personalized recommendations.""},{""question"":""Do you offer free shipping on cat potions & lotions?"",""answer"":""Yes! We offer free shipping on all orders within Australia. Orders are typically processed within 1-2 business days. For urgent needs, express shipping options are available at checkout.""}]",[]
/pet/bird,Bird Assorted,Bird Assorted | Buy Online | The Equestrian,"Shop premium bird assorted including bird seed, bird toys, cages and perches. Free shipping Australia-wide. Expert advice available. Find the perfect gear...","Browse our extensive range of bird assorted. Expertly selected for quality, durability, and performance. Whether you're competing or riding for leisure, find exactly what you need at The Equestrian.","<h2>Premium Bird Assorted</h2><p>Discover our comprehensive collection of bird assorted, carefully curated to meet the demands of pet owners at every level. From competition-ready gear to everyday essentials, we stock only the finest brands known for quality, durability, and performance. Each product has been expertly selected by our team of experienced professionals who understand what truly matters.</p><h3>What Makes Great Bird Assorted?</h3><ul><li><strong>Quality Materials:</strong> Durable construction that stands up to daily use</li><li><strong>Thoughtful Design:</strong> Features that make a real difference in performance</li><li><strong>Expert Selection:</strong> Carefully chosen products from trusted manufacturers</li><li><strong>Great Value:</strong> Competitive pricing without compromising on quality</li></ul><h3>Shop by Type</h3><p>Browse our specialized categories including <a href=""/pet/bird/toys"">bird toys</a>,<a href=""/pet/bird/cages"">bird cages & furniture</a>, and <a href=""/pet/bird/food"">bird food & treats</a>. Each category features products from world-leading brands trusted by professional enthusiasts.</p>",,/pet,2,published,best-selling,"[{""question"":""How do I choose the right bird assorted?"",""answer"":""Consider your specific needs, budget, and intended use. Read product descriptions carefully and check sizing information. Our customer reviews provide valuable insights from real users. If you're unsure, our expert team is always happy to provide personalized recommendations.""},{""question"":""Do you offer free shipping on bird assorted?"",""answer"":""Yes! We offer free shipping on all orders within Australia. Orders are typically processed within 1-2 business days. For urgent needs, express shipping options are available at checkout.""}]",[]
/pet/bird/toys,Bird Toys,Bird Toys | Premium Quality | The Equestrian,"Shop premium bird toys including bird seed, bird toys, cages and perches. Free shipping Australia-wide. Expert advice available. Find the perfect gear for...","Browse our extensive range of bird toys. Expertly selected for quality, durability, and performance. Whether you're competing or riding for leisure, find exactly what you need at The Equestrian.","<h2>Premium Bird Toys</h2><p>Welcome to our specialized bird toys collection. Whether you're a seasoned professional or just starting out, finding the right bird toys makes all the difference. We've assembled an exceptional range that combines cutting-edge technology with time-tested designs.</p><h3>What Makes Great Bird Toys?</h3><ul><li><strong>Quality Materials:</strong> Durable construction that stands up to daily use</li><li><strong>Thoughtful Design:</strong> Features that make a real difference in performance</li><li><strong>Expert Selection:</strong> Carefully chosen products from trusted manufacturers</li><li><strong>Great Value:</strong> Competitive pricing without compromising on quality</li></ul>",,/pet/bird,3,published,best-selling,"[{""question"":""How do I choose the right bird toys?"",""answer"":""Consider your specific needs, budget, and intended use. Read product descriptions carefully and check sizing information. Our customer reviews provide valuable insights from real users. If you're unsure, our expert team is always happy to provide personalized recommendations.""},{""question"":""Do you offer free shipping on bird toys?"",""answer"":""Yes! We offer free shipping on all orders within Australia. Orders are typically processed within 1-2 business days. For urgent needs, express shipping options are available at checkout.""}]",[]
/pet/bird/cages,Bird Cages & Furniture,Bird Cages & Furniture | Premium Quality | The Equestrian,"Shop premium bird cages & furniture including bird seed, bird toys, cages and perches. Free shipping Australia-wide. Expert advice available. Find the...","Browse our extensive range of bird cages & furniture. Expertly selected for quality, durability, and performance. Whether you're competing or riding for leisure, find exactly what you need at The Equestrian.","<h2>Premium Bird Cages & Furniture</h2><p>Welcome to our specialized bird cages & furniture collection. Whether you're a seasoned professional or just starting out, finding the right bird cages & furniture makes all the difference. We've assembled an exceptional range that combines cutting-edge technology with time-tested designs.</p><h3>What Makes Great Bird Cages & Furniture?</h3><ul><li><strong>Quality Materials:</strong> Durable construction that stands up to daily use</li><li><strong>Thoughtful Design:</strong> Features that make a real difference in performance</li><li><strong>Expert Selection:</strong> Carefully chosen products from trusted manufacturers</li><li><strong>Great Value:</strong> Competitive pricing without compromising on quality</li></ul>",,/pet/bird,3,published,best-selling,"[{""question"":""How do I choose the right bird cages & furniture?"",""answer"":""Consider your specific needs, budget, and intended use. Read product descriptions carefully and check sizing information. Our customer reviews provide valuable insights from real users. If you're unsure, our expert team is always happy to provide personalized recommendations.""},{""question"":""Do you offer free shipping on bird cages & furniture?"",""answer"":""Yes! We offer free shipping on all orders within Australia. Orders are typically processed within 1-2 business days. For urgent needs, express shipping options are available at checkout.""}]",[]
/pet/bird/food,Bird Food & Treats,Bird Food & Treats | Premium Quality | The Equestrian,"Shop premium bird food & treats including bird seed, bird toys, cages and perches. Free shipping Australia-wide. Expert advice available. Find the perfect...","Browse our extensive range of bird food & treats. Expertly selected for quality, durability, and performance. Whether you're competing or riding for leisure, find exactly what you need at The Equestrian.","<h2>Premium Bird Food & Treats</h2><p>Welcome to our specialized bird food & treats collection. Whether you're a seasoned professional or just starting out, finding the right bird food & treats makes all the difference. We've assembled an exceptional range that combines cutting-edge technology with time-tested designs.</p><h3>What Makes Great Bird Food & Treats?</h3><ul><li><strong>Quality Materials:</strong> Durable construction that stands up to daily use</li><li><strong>Thoughtful Design:</strong> Features that make a real difference in performance</li><li><strong>Expert Selection:</strong> Carefully chosen products from trusted manufacturers</li><li><strong>Great Value:</strong> Competitive pricing without compromising on quality</li></ul>",,/pet/bird,3,published,best-selling,"[{""question"":""How do I choose the right bird food & treats?"",""answer"":""Consider your specific needs, budget, and intended use. Read product descriptions carefully and check sizing information. Our customer reviews provide valuable insights from real users. If you're unsure, our expert team is always happy to provide personalized recommendations.""},{""question"":""Do you offer free shipping on bird food & treats?"",""answer"":""Yes! We offer free shipping on all orders within Australia. Orders are typically processed within 1-2 business days. For urgent needs, express shipping options are available at checkout.""}]",[]
/pet/bird/care,Bird Potions & Lotions,Bird Potions & Lotions | Premium Quality | The Equestrian,"Shop premium bird potions & lotions including bird seed, bird toys, cages and perches. Free shipping Australia-wide. Expert advice available. Find the...","Browse our extensive range of bird potions & lotions. Expertly selected for quality, durability, and performance. Whether you're competing or riding for leisure, find exactly what you need at The Equestrian.","<h2>Premium Bird Potions & Lotions</h2><p>Welcome to our specialized bird potions & lotions collection. Whether you're a seasoned professional or just starting out, finding the right bird potions & lotions makes all the difference. We've assembled an exceptional range that combines cutting-edge technology with time-tested designs.</p><h3>What Makes Great Bird Potions & Lotions?</h3><ul><li><strong>Quality Materials:</strong> Durable construction that stands up to daily use</li><li><strong>Thoughtful Design:</strong> Features that make a real difference in performance</li><li><strong>Expert Selection:</strong> Carefully chosen products from trusted manufacturers</li><li><strong>Great Value:</strong> Competitive pricing without compromising on quality</li></ul>",,/pet/bird,3,published,best-selling,"[{""question"":""How do I choose the right bird potions & lotions?"",""answer"":""Consider your specific needs, budget, and intended use. Read product descriptions carefully and check sizing information. Our customer reviews provide valuable insights from real users. If you're unsure, our expert team is always happy to provide personalized recommendations.""},{""question"":""Do you offer free shipping on bird potions & lotions?"",""answer"":""Yes! We offer free shipping on all orders within Australia. Orders are typically processed within 1-2 business days. For urgent needs, express shipping options are available at checkout.""}]",[]
/pet/small-animal,Small Animal,Small Animal | Buy Online | The Equestrian,"Shop premium small animal including dog treats, cat toys, bird supplies and small animal bedding. Free shipping Australia-wide. Expert advice available.","Browse our extensive range of small animal. Expertly selected for quality, durability, and performance. Whether you're competing or riding for leisure, find exactly what you need at The Equestrian.","<h2>Premium Small Animal</h2><p>Discover our comprehensive collection of small animal, carefully curated to meet the demands of pet owners at every level. From competition-ready gear to everyday essentials, we stock only the finest brands known for quality, durability, and performance. Each product has been expertly selected by our team of experienced professionals who understand what truly matters.</p><h3>What Makes Great Small Animal?</h3><ul><li><strong>Quality Materials:</strong> Durable construction that stands up to daily use</li><li><strong>Thoughtful Design:</strong> Features that make a real difference in performance</li><li><strong>Expert Selection:</strong> Carefully chosen products from trusted manufacturers</li><li><strong>Great Value:</strong> Competitive pricing without compromising on quality</li></ul><h3>Shop by Category</h3><p>Browse our specialized categories to find exactly what you need. Each section features products from world-leading brands trusted by professional enthusiasts. Not sure where to start? Our expert team is always here to help you make the right choice.</p>",,/pet,2,published,best-selling,"[{""question"":""How do I choose the right small animal?"",""answer"":""Consider your specific needs, budget, and intended use. Read product descriptions carefully and check sizing information. Our customer reviews provide valuable insights from real users. If you're unsure, our expert team is always happy to provide personalized recommendations.""},{""question"":""Do you offer free shipping on small animal?"",""answer"":""Yes! We offer free shipping on all orders within Australia. Orders are typically processed within 1-2 business days. For urgent needs, express shipping options are available at checkout.""}]",[]
/pet/poultry,Poultry,Poultry | Buy Online | The Equestrian,"Shop premium poultry including dog treats, cat toys, bird supplies and small animal bedding. Free shipping Australia-wide. Expert advice available. Find...","Browse our extensive range of poultry. Expertly selected for quality, durability, and performance. Whether you're competing or riding for leisure, find exactly what you need at The Equestrian.","<h2>Premium Poultry</h2><p>Discover our comprehensive collection of poultry, carefully curated to meet the demands of pet owners at every level. From competition-ready gear to everyday essentials, we stock only the finest brands known for quality, durability, and performance. Each product has been expertly selected by our team of experienced professionals who understand what truly matters.</p><h3>What Makes Great Poultry?</h3><ul><li><strong>Quality Materials:</strong> Durable construction that stands up to daily use</li><li><strong>Thoughtful Design:</strong> Features that make a real difference in performance</li><li><strong>Expert Selection:</strong> Carefully chosen products from trusted manufacturers</li><li><strong>Great Value:</strong> Competitive pricing without compromising on quality</li></ul><h3>Shop by Category</h3><p>Browse our specialized categories to find exactly what you need. Each section features products from world-leading brands trusted by professional enthusiasts. Not sure where to start? Our expert team is always here to help you make the right choice.</p>",,/pet,2,published,best-selling,"[{""question"":""How do I choose the right poultry?"",""answer"":""Consider your specific needs, budget, and intended use. Read product descriptions carefully and check sizing information. Our customer reviews provide valuable insights from real users. If you're unsure, our expert team is always happy to provide personalized recommendations.""},{""question"":""Do you offer free shipping on poultry?"",""answer"":""Yes! We offer free shipping on all orders within Australia. Orders are typically processed within 1-2 business days. For urgent needs, express shipping options are available at checkout.""}]",[]
/pet/supplements,Pet Supplements,Pet Supplements | Buy Online | The Equestrian,"Shop premium pet supplements including dog treats, cat toys, bird supplies and small animal bedding. Free shipping Australia-wide. Expert advice available.","Browse our extensive range of pet supplements. Expertly selected for quality, durability, and performance. Whether you're competing or riding for leisure, find exactly what you need at The Equestrian.","<h2>Premium Pet Supplements</h2><p>Discover our comprehensive collection of pet supplements, carefully curated to meet the demands of pet owners at every level. From competition-ready gear to everyday essentials, we stock only the finest brands known for quality, durability, and performance. Each product has been expertly selected by our team of experienced professionals who understand what truly matters.</p><h3>What Makes Great Pet Supplements?</h3><ul><li><strong>Quality Materials:</strong> Durable construction that stands up to daily use</li><li><strong>Thoughtful Design:</strong> Features that make a real difference in performance</li><li><strong>Expert Selection:</strong> Carefully chosen products from trusted manufacturers</li><li><strong>Great Value:</strong> Competitive pricing without compromising on quality</li></ul><h3>Shop by Type</h3><p>Browse our specialized categories including <a href=""/pet/supplements/probiotics"">probiotics</a>. Each category features products from world-leading brands trusted by professional enthusiasts.</p>",,/pet,2,published,best-selling,"[{""question"":""How do I choose the right pet supplements?"",""answer"":""Consider your specific needs, budget, and intended use. Read product descriptions carefully and check sizing information. Our customer reviews provide valuable insights from real users. If you're unsure, our expert team is always happy to provide personalized recommendations.""},{""question"":""Do you offer free shipping on pet supplements?"",""answer"":""Yes! We offer free shipping on all orders within Australia. Orders are typically processed within 1-2 business days. For urgent needs, express shipping options are available at checkout.""}]",[]
/pet/supplements/probiotics,probiotics,probiotics | Premium Quality | The Equestrian,"Shop premium probiotics including dog treats, cat toys, bird supplies and small animal bedding. Free shipping Australia-wide. Expert advice available.","Browse our extensive range of probiotics. Expertly selected for quality, durability, and performance. Whether you're competing or riding for leisure, find exactly what you need at The Equestrian.","<h2>Premium probiotics</h2><p>Welcome to our specialized probiotics collection. Whether you're a seasoned professional or just starting out, finding the right probiotics makes all the difference. We've assembled an exceptional range that combines cutting-edge technology with time-tested designs.</p><h3>What Makes Great probiotics?</h3><ul><li><strong>Quality Materials:</strong> Durable construction that stands up to daily use</li><li><strong>Thoughtful Design:</strong> Features that make a real difference in performance</li><li><strong>Expert Selection:</strong> Carefully chosen products from trusted manufacturers</li><li><strong>Great Value:</strong> Competitive pricing without compromising on quality</li></ul>",,/pet/supplements,3,published,best-selling,"[{""question"":""How do I choose the right probiotics?"",""answer"":""Consider your specific needs, budget, and intended use. Read product descriptions carefully and check sizing information. Our customer reviews provide valuable insights from real users. If you're unsure, our expert team is always happy to provide personalized recommendations.""},{""question"":""Do you offer free shipping on probiotics?"",""answer"":""Yes! We offer free shipping on all orders within Australia. Orders are typically processed within 1-2 business days. For urgent needs, express shipping options are available at checkout.""}]",[]
/pet/pony,Shetland Pony,Shetland Pony | Buy Online | The Equestrian,"Shop premium shetland pony including dog treats, cat toys, bird supplies and small animal bedding. Free shipping Australia-wide. Expert advice available.","Browse our extensive range of shetland pony. Expertly selected for quality, durability, and performance. Whether you're competing or riding for leisure, find exactly what you need at The Equestrian.","<h2>Premium Shetland Pony</h2><p>Discover our comprehensive collection of shetland pony, carefully curated to meet the demands of pet owners at every level. From competition-ready gear to everyday essentials, we stock only the finest brands known for quality, durability, and performance. Each product has been expertly selected by our team of experienced professionals who understand what truly matters.</p><h3>What Makes Great Shetland Pony?</h3><ul><li><strong>Quality Materials:</strong> Durable construction that stands up to daily use</li><li><strong>Thoughtful Design:</strong> Features that make a real difference in performance</li><li><strong>Expert Selection:</strong> Carefully chosen products from trusted manufacturers</li><li><strong>Great Value:</strong> Competitive pricing without compromising on quality</li></ul><h3>Shop by Category</h3><p>Browse our specialized categories to find exactly what you need. Each section features products from world-leading brands trusted by professional enthusiasts. Not sure where to start? Our expert team is always here to help you make the right choice.</p>",,/pet,2,published,best-selling,"[{""question"":""How do I choose the right shetland pony?"",""answer"":""Consider your specific needs, budget, and intended use. Read product descriptions carefully and check sizing information. Our customer reviews provide valuable insights from real users. If you're unsure, our expert team is always happy to provide personalized recommendations.""},{""question"":""Do you offer free shipping on shetland pony?"",""answer"":""Yes! We offer free shipping on all orders within Australia. Orders are typically processed within 1-2 business days. For urgent needs, express shipping options are available at checkout.""}]",[]
/accessories/collectibles,The Trail of Painted Ponies,The Trail of Painted Ponies | Buy Online | The Equestrian,Shop premium the trail of painted ponies from top brands. Free shipping Australia-wide. Expert advice available. Find the perfect gear for your needs.,"Browse our extensive range of the trail of painted ponies. Expertly selected for quality, durability, and performance. Whether you're competing or riding for leisure, find exactly what you need at The Equestrian.","<h2>Premium The Trail of Painted Ponies</h2><p>Discover our comprehensive collection of the trail of painted ponies, carefully curated to meet the demands of equestrians at every level. From competition-ready gear to everyday essentials, we stock only the finest brands known for quality, durability, and performance. Each product has been expertly selected by our team of experienced professionals who understand what truly matters.</p><h3>What Makes Great The Trail of Painted Ponies?</h3><ul><li><strong>Quality Materials:</strong> Durable construction that stands up to daily use</li><li><strong>Thoughtful Design:</strong> Features that make a real difference in performance</li><li><strong>Expert Selection:</strong> Carefully chosen products from trusted manufacturers</li><li><strong>Great Value:</strong> Competitive pricing without compromising on quality</li></ul><h3>Shop by Type</h3><p>Browse our specialized categories including <a href=""/accessories/collectibles/resin"">resin</a>. Each category features products from world-leading brands trusted by professional enthusiasts.</p>",,/accessories,2,published,best-selling,"[{""question"":""How do I choose the right the trail of painted ponies?"",""answer"":""Consider your specific needs, budget, and intended use. Read product descriptions carefully and check sizing information. Our customer reviews provide valuable insights from real users. If you're unsure, our expert team is always happy to provide personalized recommendations.""},{""question"":""Do you offer free shipping on the trail of painted ponies?"",""answer"":""Yes! We offer free shipping on all orders within Australia. Orders are typically processed within 1-2 business days. For urgent needs, express shipping options are available at checkout.""}]",[]
/accessories/collectibles/resin,Resin,Resin | Premium Quality | The Equestrian,Shop premium resin from top brands. Free shipping Australia-wide. Expert advice available. Find the perfect gear for your needs.,"Browse our extensive range of resin. Expertly selected for quality, durability, and performance. Whether you're competing or riding for leisure, find exactly what you need at The Equestrian.","<h2>Premium Resin</h2><p>Welcome to our specialized resin collection. Whether you're a seasoned professional or just starting out, finding the right resin makes all the difference. We've assembled an exceptional range that combines cutting-edge technology with time-tested designs.</p><h3>What Makes Great Resin?</h3><ul><li><strong>Quality Materials:</strong> Durable construction that stands up to daily use</li><li><strong>Thoughtful Design:</strong> Features that make a real difference in performance</li><li><strong>Expert Selection:</strong> Carefully chosen products from trusted manufacturers</li><li><strong>Great Value:</strong> Competitive pricing without compromising on quality</li></ul>",,/accessories/collectibles,3,published,best-selling,"[{""question"":""How do I choose the right resin?"",""answer"":""Consider your specific needs, budget, and intended use. Read product descriptions carefully and check sizing information. Our customer reviews provide valuable insights from real users. If you're unsure, our expert team is always happy to provide personalized recommendations.""},{""question"":""Do you offer free shipping on resin?"",""answer"":""Yes! We offer free shipping on all orders within Australia. Orders are typically processed within 1-2 business days. For urgent needs, express shipping options are available at checkout.""}]",[]
/accessories/brands/horseware,Horseware,Horseware | Premium Quality | The Equestrian,Shop premium horseware from top brands. Free shipping Australia-wide. Expert advice available. Find the perfect gear for your needs.,"Browse our extensive range of horseware. Expertly selected for quality, durability, and performance. Whether you're competing or riding for leisure, find exactly what you need at The Equestrian.","<h2>Premium Horseware</h2><p>Welcome to our specialized horseware collection. Whether you're a seasoned professional or just starting out, finding the right horseware makes all the difference. We've assembled an exceptional range that combines cutting-edge technology with time-tested designs.</p><h3>What Makes Great Horseware?</h3><ul><li><strong>Quality Materials:</strong> Durable construction that stands up to daily use</li><li><strong>Thoughtful Design:</strong> Features that make a real difference in performance</li><li><strong>Expert Selection:</strong> Carefully chosen products from trusted manufacturers</li><li><strong>Great Value:</strong> Competitive pricing without compromising on quality</li></ul>",,/accessories/brands,3,published,best-selling,"[{""question"":""How do I choose the right horseware?"",""answer"":""Consider your specific needs, budget, and intended use. Read product descriptions carefully and check sizing information. Our customer reviews provide valuable insights from real users. If you're unsure, our expert team is always happy to provide personalized recommendations.""},{""question"":""Do you offer free shipping on horseware?"",""answer"":""Yes! We offer free shipping on all orders within Australia. Orders are typically processed within 1-2 business days. For urgent needs, express shipping options are available at checkout.""}]",[]
/accessories/books,Books & Magazines,Books & Magazines | Buy Online | The Equestrian,Shop premium books & magazines from top brands. Free shipping Australia-wide. Expert advice available. Find the perfect gear for your needs.,"Browse our extensive range of books & magazines. Expertly selected for quality, durability, and performance. Whether you're competing or riding for leisure, find exactly what you need at The Equestrian.","<h2>Premium Books & Magazines</h2><p>Discover our comprehensive collection of books & magazines, carefully curated to meet the demands of equestrians at every level. From competition-ready gear to everyday essentials, we stock only the finest brands known for quality, durability, and performance. Each product has been expertly selected by our team of experienced professionals who understand what truly matters.</p><h3>What Makes Great Books & Magazines?</h3><ul><li><strong>Quality Materials:</strong> Durable construction that stands up to daily use</li><li><strong>Thoughtful Design:</strong> Features that make a real difference in performance</li><li><strong>Expert Selection:</strong> Carefully chosen products from trusted manufacturers</li><li><strong>Great Value:</strong> Competitive pricing without compromising on quality</li></ul><h3>Shop by Type</h3><p>Browse our specialized categories including <a href=""/accessories/books/bookmarks"">bookmarks</a>. Each category features products from world-leading brands trusted by professional enthusiasts.</p>",,/accessories,2,published,best-selling,"[{""question"":""How do I choose the right books & magazines?"",""answer"":""Consider your specific needs, budget, and intended use. Read product descriptions carefully and check sizing information. Our customer reviews provide valuable insights from real users. If you're unsure, our expert team is always happy to provide personalized recommendations.""},{""question"":""Do you offer free shipping on books & magazines?"",""answer"":""Yes! We offer free shipping on all orders within Australia. Orders are typically processed within 1-2 business days. For urgent needs, express shipping options are available at checkout.""}]",[]
/accessories/books/bookmarks,Bookmarks,Bookmarks | Premium Quality | The Equestrian,Shop premium bookmarks from top brands. Free shipping Australia-wide. Expert advice available. Find the perfect gear for your needs.,"Browse our extensive range of bookmarks. Expertly selected for quality, durability, and performance. Whether you're competing or riding for leisure, find exactly what you need at The Equestrian.","<h2>Premium Bookmarks</h2><p>Welcome to our specialized bookmarks collection. Whether you're a seasoned professional or just starting out, finding the right bookmarks makes all the difference. We've assembled an exceptional range that combines cutting-edge technology with time-tested designs.</p><h3>What Makes Great Bookmarks?</h3><ul><li><strong>Quality Materials:</strong> Durable construction that stands up to daily use</li><li><strong>Thoughtful Design:</strong> Features that make a real difference in performance</li><li><strong>Expert Selection:</strong> Carefully chosen products from trusted manufacturers</li><li><strong>Great Value:</strong> Competitive pricing without compromising on quality</li></ul>",,/accessories/books,3,published,best-selling,"[{""question"":""How do I choose the right bookmarks?"",""answer"":""Consider your specific needs, budget, and intended use. Read product descriptions carefully and check sizing information. Our customer reviews provide valuable insights from real users. If you're unsure, our expert team is always happy to provide personalized recommendations.""},{""question"":""Do you offer free shipping on bookmarks?"",""answer"":""Yes! We offer free shipping on all orders within Australia. Orders are typically processed within 1-2 business days. For urgent needs, express shipping options are available at checkout.""}]",[]
/accessories/gifts,Gift Set,Gift Set | Buy Online | The Equestrian,Shop premium gift set from top brands. Free shipping Australia-wide. Expert advice available. Find the perfect gear for your needs.,"Browse our extensive range of gift set. Expertly selected for quality, durability, and performance. Whether you're competing or riding for leisure, find exactly what you need at The Equestrian.","<h2>Premium Gift Set</h2><p>Discover our comprehensive collection of gift set, carefully curated to meet the demands of equestrians at every level. From competition-ready gear to everyday essentials, we stock only the finest brands known for quality, durability, and performance. Each product has been expertly selected by our team of experienced professionals who understand what truly matters.</p><h3>What Makes Great Gift Set?</h3><ul><li><strong>Quality Materials:</strong> Durable construction that stands up to daily use</li><li><strong>Thoughtful Design:</strong> Features that make a real difference in performance</li><li><strong>Expert Selection:</strong> Carefully chosen products from trusted manufacturers</li><li><strong>Great Value:</strong> Competitive pricing without compromising on quality</li></ul><h3>Shop by Category</h3><p>Browse our specialized categories to find exactly what you need. Each section features products from world-leading brands trusted by professional enthusiasts. Not sure where to start? Our expert team is always here to help you make the right choice.</p>",,/accessories,2,published,best-selling,"[{""question"":""How do I choose the right gift set?"",""answer"":""Consider your specific needs, budget, and intended use. Read product descriptions carefully and check sizing information. Our customer reviews provide valuable insights from real users. If you're unsure, our expert team is always happy to provide personalized recommendations.""},{""question"":""Do you offer free shipping on gift set?"",""answer"":""Yes! We offer free shipping on all orders within Australia. Orders are typically processed within 1-2 business days. For urgent needs, express shipping options are available at checkout.""}]",[]
/accessories/gift-cards,Gift Card,Gift Card | Buy Online | The Equestrian,Shop premium gift card from top brands. Free shipping Australia-wide. Expert advice available. Find the perfect gear for your needs.,"Browse our extensive range of gift card. Expertly selected for quality, durability, and performance. Whether you're competing or riding for leisure, find exactly what you need at The Equestrian.","<h2>Premium Gift Card</h2><p>Discover our comprehensive collection of gift card, carefully curated to meet the demands of equestrians at every level. From competition-ready gear to everyday essentials, we stock only the finest brands known for quality, durability, and performance. Each product has been expertly selected by our team of experienced professionals who understand what truly matters.</p><h3>What Makes Great Gift Card?</h3><ul><li><strong>Quality Materials:</strong> Durable construction that stands up to daily use</li><li><strong>Thoughtful Design:</strong> Features that make a real difference in performance</li><li><strong>Expert Selection:</strong> Carefully chosen products from trusted manufacturers</li><li><strong>Great Value:</strong> Competitive pricing without compromising on quality</li></ul><h3>Shop by Category</h3><p>Browse our specialized categories to find exactly what you need. Each section features products from world-leading brands trusted by professional enthusiasts. Not sure where to start? Our expert team is always here to help you make the right choice.</p>",,/accessories,2,published,best-selling,"[{""question"":""How do I choose the right gift card?"",""answer"":""Consider your specific needs, budget, and intended use. Read product descriptions carefully and check sizing information. Our customer reviews provide valuable insights from real users. If you're unsure, our expert team is always happy to provide personalized recommendations.""},{""question"":""Do you offer free shipping on gift card?"",""answer"":""Yes! We offer free shipping on all orders within Australia. Orders are typically processed within 1-2 business days. For urgent needs, express shipping options are available at checkout.""}]",[]
/accessories/tools,Knife,Knife | Buy Online | The Equestrian,Shop premium knife from top brands. Free shipping Australia-wide. Expert advice available. Find the perfect gear for your needs.,"Browse our extensive range of knife. Expertly selected for quality, durability, and performance. Whether you're competing or riding for leisure, find exactly what you need at The Equestrian.","<h2>Premium Knife</h2><p>Discover our comprehensive collection of knife, carefully curated to meet the demands of equestrians at every level. From competition-ready gear to everyday essentials, we stock only the finest brands known for quality, durability, and performance. Each product has been expertly selected by our team of experienced professionals who understand what truly matters.</p><h3>What Makes Great Knife?</h3><ul><li><strong>Quality Materials:</strong> Durable construction that stands up to daily use</li><li><strong>Thoughtful Design:</strong> Features that make a real difference in performance</li><li><strong>Expert Selection:</strong> Carefully chosen products from trusted manufacturers</li><li><strong>Great Value:</strong> Competitive pricing without compromising on quality</li></ul><h3>Shop by Category</h3><p>Browse our specialized categories to find exactly what you need. Each section features products from world-leading brands trusted by professional enthusiasts. Not sure where to start? Our expert team is always here to help you make the right choice.</p>",,/accessories,2,published,best-selling,"[{""question"":""How do I choose the right knife?"",""answer"":""Consider your specific needs, budget, and intended use. Read product descriptions carefully and check sizing information. Our customer reviews provide valuable insights from real users. If you're unsure, our expert team is always happy to provide personalized recommendations.""},{""question"":""Do you offer free shipping on knife?"",""answer"":""Yes! We offer free shipping on all orders within Australia. Orders are typically processed within 1-2 business days. For urgent needs, express shipping options are available at checkout.""}]",[]
