url_path,h1_title,meta_title,meta_description,short_description,breadcrumb_label,parent_url,category_level,status,default_sort,faq_json,related_categories_json
/clothing/womens,Clothing - Ladies Clothing,Clothing - Ladies Clothing | Buy Online | The Equestrian,Shop Clothing - Ladies Clothing at The Equestrian. Fashionable equestrian clothing. Wide range of top brands available. Free shipping over $100.,"Browse our extensive range of clothing - ladies clothing. Expertly selected for quality, durability, and performance. Whether you're competing or riding for leisure, find exactly what you need at The Equestrian.",Clothing - Ladies Clothing,/clothing,2,published,best-selling,[],[]
/clothing/womens/breeches,Jodhpurs & Breeches Ladies,Jodhpurs & Breeches Ladies | Premium Quality | The Equestrian,Shop Jodhpurs & Breeches Ladies at The Equestrian. Fashionable equestrian clothing. Wide range of top brands available. Free shipping over $100.,"Browse our extensive range of jodhpurs & breeches ladies. Expertly selected for quality, durability, and performance. Whether you're competing or riding for leisure, find exactly what you need at The Equestrian.",Jodhpurs & Breeches Ladies,/clothing/womens,3,published,best-selling,[],[]
/clothing/womens/tights,Tights,Tights | Premium Quality | The Equestrian,Shop Tights at The Equestrian. Fashionable equestrian clothing. Wide range of top brands available. Free shipping over $100.,"Browse our extensive range of tights. Expertly selected for quality, durability, and performance. Whether you're competing or riding for leisure, find exactly what you need at The Equestrian.",Tights,/clothing/womens,3,published,best-selling,[],[]
/clothing/womens/tops,Ladies Shirt,Ladies Shirt | Premium Quality | The Equestrian,Shop Ladies Shirt at The Equestrian. Fashionable equestrian clothing. Wide range of top brands available. Free shipping over $100.,"Browse our extensive range of ladies shirt. Expertly selected for quality, durability, and performance. Whether you're competing or riding for leisure, find exactly what you need at The Equestrian.",Ladies Shirt,/clothing/womens,3,published,best-selling,[],[]
/clothing/womens/casual,Casual Clothing Ladies,Casual Clothing Ladies | Premium Quality | The Equestrian,Shop Casual Clothing Ladies at The Equestrian. Fashionable equestrian clothing. Wide range of top brands available. Free shipping over $100.,"Browse our extensive range of casual clothing ladies. Expertly selected for quality, durability, and performance. Whether you're competing or riding for leisure, find exactly what you need at The Equestrian.",Casual Clothing Ladies,/clothing/womens,3,published,best-selling,[],[]
/clothing/womens/jeans,Womens Jeans,Womens Jeans | Premium Quality | The Equestrian,Shop Womens Jeans at The Equestrian. Fashionable equestrian clothing. Wide range of top brands available. Free shipping over $100.,"Browse our extensive range of womens jeans. Expertly selected for quality, durability, and performance. Whether you're competing or riding for leisure, find exactly what you need at The Equestrian.",Womens Jeans,/clothing/womens,3,published,best-selling,[],[]
/clothing/womens/leggings,Leggings,Leggings | Premium Quality | The Equestrian,Shop Leggings at The Equestrian. Fashionable equestrian clothing. Wide range of top brands available. Free shipping over $100.,"Browse our extensive range of leggings. Expertly selected for quality, durability, and performance. Whether you're competing or riding for leisure, find exactly what you need at The Equestrian.",Leggings,/clothing/womens,3,published,best-selling,[],[]
/clothing/womens/jackets,ladies jacket,ladies jacket | Premium Quality | The Equestrian,Shop ladies jacket at The Equestrian. Fashionable equestrian clothing. Wide range of top brands available. Free shipping over $100.,"Browse our extensive range of ladies jacket. Expertly selected for quality, durability, and performance. Whether you're competing or riding for leisure, find exactly what you need at The Equestrian.",ladies jacket,/clothing/womens,3,published,best-selling,[],[]
/clothing/mens,Clothing - Men's Clothing,Clothing - Men's Clothing | Buy Online | The Equestrian,Shop Clothing - Men's Clothing at The Equestrian. Fashionable equestrian clothing. Wide range of top brands available. Free shipping over $100.,"Browse our extensive range of clothing - men's clothing. Expertly selected for quality, durability, and performance. Whether you're competing or riding for leisure, find exactly what you need at The Equestrian.",Clothing - Men's Clothing,/clothing,2,published,best-selling,[],[]
/clothing/mens/jeans,Jeans,Jeans | Premium Quality | The Equestrian,Shop Jeans at The Equestrian. Fashionable equestrian clothing. Wide range of top brands available. Free shipping over $100.,"Browse our extensive range of jeans. Expertly selected for quality, durability, and performance. Whether you're competing or riding for leisure, find exactly what you need at The Equestrian.",Jeans,/clothing/mens,3,published,best-selling,[],[]
/clothing/mens/show-shirts,Mens Show Shirt,Mens Show Shirt | Premium Quality | The Equestrian,Shop Mens Show Shirt at The Equestrian. Fashionable equestrian clothing. Wide range of top brands available. Free shipping over $100.,"Browse our extensive range of mens show shirt. Expertly selected for quality, durability, and performance. Whether you're competing or riding for leisure, find exactly what you need at The Equestrian.",Mens Show Shirt,/clothing/mens,3,published,best-selling,[],[]
/clothing/mens/breeches,Mens Breeches,Mens Breeches | Premium Quality | The Equestrian,Shop Mens Breeches at The Equestrian. Fashionable equestrian clothing. Wide range of top brands available. Free shipping over $100.,"Browse our extensive range of mens breeches. Expertly selected for quality, durability, and performance. Whether you're competing or riding for leisure, find exactly what you need at The Equestrian.",Mens Breeches,/clothing/mens,3,published,best-selling,[],[]
/clothing/mens/trousers,Trousers,Trousers | Premium Quality | The Equestrian,Shop Trousers at The Equestrian. Fashionable equestrian clothing. Wide range of top brands available. Free shipping over $100.,"Browse our extensive range of trousers. Expertly selected for quality, durability, and performance. Whether you're competing or riding for leisure, find exactly what you need at The Equestrian.",Trousers,/clothing/mens,3,published,best-selling,[],[]
/clothing/mens/casual,Casual Clothing Mens,Casual Clothing Mens | Premium Quality | The Equestrian,Shop Casual Clothing Mens at The Equestrian. Fashionable equestrian clothing. Wide range of top brands available. Free shipping over $100.,"Browse our extensive range of casual clothing mens. Expertly selected for quality, durability, and performance. Whether you're competing or riding for leisure, find exactly what you need at The Equestrian.",Casual Clothing Mens,/clothing/mens,3,published,best-selling,[],[]
/clothing/kids,Clothing - Kid's Clothing,Clothing - Kid's Clothing | Buy Online | The Equestrian,Shop Clothing - Kid's Clothing at The Equestrian. Fashionable equestrian clothing. Wide range of top brands available. Free shipping over $100.,"Browse our extensive range of clothing - kid's clothing. Expertly selected for quality, durability, and performance. Whether you're competing or riding for leisure, find exactly what you need at The Equestrian.",Clothing - Kid's Clothing,/clothing,2,published,best-selling,[],[]
/clothing/kids/footwear,Kids Footwear,Kids Footwear | Premium Quality | The Equestrian,Shop Kids Footwear at The Equestrian. Fashionable equestrian clothing. Wide range of top brands available. Free shipping over $100.,"Browse our extensive range of kids footwear. Expertly selected for quality, durability, and performance. Whether you're competing or riding for leisure, find exactly what you need at The Equestrian.",Kids Footwear,/clothing/kids,3,published,best-selling,[],[]
/clothing/kids/breeches,Jodhpurs & Breeches Childs,Jodhpurs & Breeches Childs | Premium Quality | The Equestrian,Shop Jodhpurs & Breeches Childs at The Equestrian. Fashionable equestrian clothing. Wide range of top brands available. Free shipping over $100.,"Browse our extensive range of jodhpurs & breeches childs. Expertly selected for quality, durability, and performance. Whether you're competing or riding for leisure, find exactly what you need at The Equestrian.",Jodhpurs & Breeches Childs,/clothing/kids,3,published,best-selling,[],[]
/clothing/kids/show-jackets,Boys Competition Jacket,Boys Competition Jacket | Premium Quality | The Equestrian,Shop Boys Competition Jacket at The Equestrian. Fashionable equestrian clothing. Wide range of top brands available. Free shipping over $100.,"Browse our extensive range of boys competition jacket. Expertly selected for quality, durability, and performance. Whether you're competing or riding for leisure, find exactly what you need at The Equestrian.",Boys Competition Jacket,/clothing/kids,3,published,best-selling,[],[]
/clothing/kids/tops,Girls Shirt,Girls Shirt | Premium Quality | The Equestrian,Shop Girls Shirt at The Equestrian. Fashionable equestrian clothing. Wide range of top brands available. Free shipping over $100.,"Browse our extensive range of girls shirt. Expertly selected for quality, durability, and performance. Whether you're competing or riding for leisure, find exactly what you need at The Equestrian.",Girls Shirt,/clothing/kids,3,published,best-selling,[],[]
/clothing/kids/show-shirts,Boys Show Shirt,Boys Show Shirt | Premium Quality | The Equestrian,Shop Boys Show Shirt at The Equestrian. Fashionable equestrian clothing. Wide range of top brands available. Free shipping over $100.,"Browse our extensive range of boys show shirt. Expertly selected for quality, durability, and performance. Whether you're competing or riding for leisure, find exactly what you need at The Equestrian.",Boys Show Shirt,/clothing/kids,3,published,best-selling,[],[]
/clothing/kids/casual,Casual Clothing Childs,Casual Clothing Childs | Premium Quality | The Equestrian,Shop Casual Clothing Childs at The Equestrian. Fashionable equestrian clothing. Wide range of top brands available. Free shipping over $100.,"Browse our extensive range of casual clothing childs. Expertly selected for quality, durability, and performance. Whether you're competing or riding for leisure, find exactly what you need at The Equestrian.",Casual Clothing Childs,/clothing/kids,3,published,best-selling,[],[]
/clothing/kids/jackets,Kids Jacket,Kids Jacket | Premium Quality | The Equestrian,Shop Kids Jacket at The Equestrian. Fashionable equestrian clothing. Wide range of top brands available. Free shipping over $100.,"Browse our extensive range of kids jacket. Expertly selected for quality, durability, and performance. Whether you're competing or riding for leisure, find exactly what you need at The Equestrian.",Kids Jacket,/clothing/kids,3,published,best-selling,[],[]
/clothing/accessories,Clothing - Clothing Accessories,Clothing - Clothing Accessories | Buy Online | The Equestrian,Shop Clothing - Clothing Accessories at The Equestrian. Fashionable equestrian clothing. Wide range of top brands available. Free shipping over $100.,"Browse our extensive range of clothing - clothing accessories. Expertly selected for quality, durability, and performance. Whether you're competing or riding for leisure, find exactly what you need at The Equestrian.",Clothing - Clothing Accessories,/clothing,2,published,best-selling,[],[]
/clothing/accessories/hats,Hats & Accessories,Hats & Accessories | Premium Quality | The Equestrian,Shop Hats & Accessories at The Equestrian. Fashionable equestrian clothing. Wide range of top brands available. Free shipping over $100.,"Browse our extensive range of hats & accessories. Expertly selected for quality, durability, and performance. Whether you're competing or riding for leisure, find exactly what you need at The Equestrian.",Hats & Accessories,/clothing/accessories,3,published,best-selling,[],[]
/clothing/accessories/belts,Belts,Belts | Premium Quality | The Equestrian,Shop Belts at The Equestrian. Fashionable equestrian clothing. Wide range of top brands available. Free shipping over $100.,"Browse our extensive range of belts. Expertly selected for quality, durability, and performance. Whether you're competing or riding for leisure, find exactly what you need at The Equestrian.",Belts,/clothing/accessories,3,published,best-selling,[],[]
/clothing/accessories/socks,Socks,Socks | Premium Quality | The Equestrian,Shop Socks at The Equestrian. Fashionable equestrian clothing. Wide range of top brands available. Free shipping over $100.,"Browse our extensive range of socks. Expertly selected for quality, durability, and performance. Whether you're competing or riding for leisure, find exactly what you need at The Equestrian.",Socks,/clothing/accessories,3,published,best-selling,[],[]
/clothing/accessories/caps,Caps,Caps | Premium Quality | The Equestrian,Shop Caps at The Equestrian. Fashionable equestrian clothing. Wide range of top brands available. Free shipping over $100.,"Browse our extensive range of caps. Expertly selected for quality, durability, and performance. Whether you're competing or riding for leisure, find exactly what you need at The Equestrian.",Caps,/clothing/accessories,3,published,best-selling,[],[]
/clothing/accessories/scarves,Scarf,Scarf | Premium Quality | The Equestrian,Shop Scarf at The Equestrian. Fashionable equestrian clothing. Wide range of top brands available. Free shipping over $100.,"Browse our extensive range of scarf. Expertly selected for quality, durability, and performance. Whether you're competing or riding for leisure, find exactly what you need at The Equestrian.",Scarf,/clothing/accessories,3,published,best-selling,[],[]
/clothing/accessories/ties,tie,tie | Premium Quality | The Equestrian,Shop tie at The Equestrian. Fashionable equestrian clothing. Wide range of top brands available. Free shipping over $100.,"Browse our extensive range of tie. Expertly selected for quality, durability, and performance. Whether you're competing or riding for leisure, find exactly what you need at The Equestrian.",tie,/clothing/accessories,3,published,best-selling,[],[]
/clothing/footwear,FOOTWEAR: Equestrian Footwear,FOOTWEAR: Equestrian Footwear | Buy Online | The Equestrian,Shop FOOTWEAR: Equestrian Footwear at The Equestrian. Fashionable equestrian clothing. Wide range of top brands available. Free shipping over $100.,"Browse our extensive range of footwear: equestrian footwear. Expertly selected for quality, durability, and performance. Whether you're competing or riding for leisure, find exactly what you need at The Equestrian.",FOOTWEAR: Equestrian Footwear,/clothing,2,published,best-selling,[],[]
/clothing/footwear/boots,Boots,Boots | Premium Quality | The Equestrian,Shop Boots at The Equestrian. Fashionable equestrian clothing. Wide range of top brands available. Free shipping over $100.,"Browse our extensive range of boots. Expertly selected for quality, durability, and performance. Whether you're competing or riding for leisure, find exactly what you need at The Equestrian.",Boots,/clothing/footwear,3,published,best-selling,[],[]
/clothing/footwear/western,FOOTWEAR: Western & Roper Boots,FOOTWEAR: Western & Roper Boots | Premium Quality | The Equestrian,Shop FOOTWEAR: Western & Roper Boots at The Equestrian. Fashionable equestrian clothing. Wide range of top brands available. Free shipping over $100.,"Browse our extensive range of footwear: western & roper boots. Expertly selected for quality, durability, and performance. Whether you're competing or riding for leisure, find exactly what you need at The Equestrian.",FOOTWEAR: Western & Roper Boots,/clothing/footwear,3,published,best-selling,[],[]
/clothing/footwear/riding-boots,Riding Boots,Riding Boots | Premium Quality | The Equestrian,Shop Riding Boots at The Equestrian. Fashionable equestrian clothing. Wide range of top brands available. Free shipping over $100.,"Browse our extensive range of riding boots. Expertly selected for quality, durability, and performance. Whether you're competing or riding for leisure, find exactly what you need at The Equestrian.",Riding Boots,/clothing/footwear,3,published,best-selling,[],[]
/clothing/footwear/casual,FOOTWEAR: Casual Footwear,FOOTWEAR: Casual Footwear | Premium Quality | The Equestrian,Shop FOOTWEAR: Casual Footwear at The Equestrian. Fashionable equestrian clothing. Wide range of top brands available. Free shipping over $100.,"Browse our extensive range of footwear: casual footwear. Expertly selected for quality, durability, and performance. Whether you're competing or riding for leisure, find exactly what you need at The Equestrian.",FOOTWEAR: Casual Footwear,/clothing/footwear,3,published,best-selling,[],[]
/clothing/footwear/mens,Mens Footwear,Mens Footwear | Premium Quality | The Equestrian,Shop Mens Footwear at The Equestrian. Fashionable equestrian clothing. Wide range of top brands available. Free shipping over $100.,"Browse our extensive range of mens footwear. Expertly selected for quality, durability, and performance. Whether you're competing or riding for leisure, find exactly what you need at The Equestrian.",Mens Footwear,/clothing/footwear,3,published,best-selling,[],[]
/clothing/footwear/womens,Womens Footwear,Womens Footwear | Premium Quality | The Equestrian,Shop Womens Footwear at The Equestrian. Fashionable equestrian clothing. Wide range of top brands available. Free shipping over $100.,"Browse our extensive range of womens footwear. Expertly selected for quality, durability, and performance. Whether you're competing or riding for leisure, find exactly what you need at The Equestrian.",Womens Footwear,/clothing/footwear,3,published,best-selling,[],[]
/clothing/footwear/tall-boots,Tall Boots,Tall Boots | Premium Quality | The Equestrian,Shop Tall Boots at The Equestrian. Fashionable equestrian clothing. Wide range of top brands available. Free shipping over $100.,"Browse our extensive range of tall boots. Expertly selected for quality, durability, and performance. Whether you're competing or riding for leisure, find exactly what you need at The Equestrian.",Tall Boots,/clothing/footwear,3,published,best-selling,[],[]
/clothing/footwear/ankle-boots,Ankle Boots,Ankle Boots | Premium Quality | The Equestrian,Shop Ankle Boots at The Equestrian. Fashionable equestrian clothing. Wide range of top brands available. Free shipping over $100.,"Browse our extensive range of ankle boots. Expertly selected for quality, durability, and performance. Whether you're competing or riding for leisure, find exactly what you need at The Equestrian.",Ankle Boots,/clothing/footwear,3,published,best-selling,[],[]
/clothing/footwear/accessories,Footwear Accessories,Footwear Accessories | Premium Quality | The Equestrian,Shop Footwear Accessories at The Equestrian. Fashionable equestrian clothing. Wide range of top brands available. Free shipping over $100.,"Browse our extensive range of footwear accessories. Expertly selected for quality, durability, and performance. Whether you're competing or riding for leisure, find exactly what you need at The Equestrian.",Footwear Accessories,/clothing/footwear,3,published,best-selling,[],[]
/clothing/footwear/ugg-boots,UGG Boots,UGG Boots | Premium Quality | The Equestrian,Shop UGG Boots at The Equestrian. Fashionable equestrian clothing. Wide range of top brands available. Free shipping over $100.,"Browse our extensive range of ugg boots. Expertly selected for quality, durability, and performance. Whether you're competing or riding for leisure, find exactly what you need at The Equestrian.",UGG Boots,/clothing/footwear,3,published,best-selling,[],[]
/clothing/tops,Tops,Tops | Buy Online | The Equestrian,Shop Tops at The Equestrian. Fashionable equestrian clothing. Wide range of top brands available. Free shipping over $100.,"Browse our extensive range of tops. Expertly selected for quality, durability, and performance. Whether you're competing or riding for leisure, find exactly what you need at The Equestrian.",Tops,/clothing,2,published,best-selling,[],[]
/clothing/tops/shirts,Shirts,Shirts | Premium Quality | The Equestrian,Shop Shirts at The Equestrian. Fashionable equestrian clothing. Wide range of top brands available. Free shipping over $100.,"Browse our extensive range of shirts. Expertly selected for quality, durability, and performance. Whether you're competing or riding for leisure, find exactly what you need at The Equestrian.",Shirts,/clothing/tops,3,published,best-selling,[],[]
/clothing/tops/show-shirts,Show Shirt,Show Shirt | Premium Quality | The Equestrian,Shop Show Shirt at The Equestrian. Fashionable equestrian clothing. Wide range of top brands available. Free shipping over $100.,"Browse our extensive range of show shirt. Expertly selected for quality, durability, and performance. Whether you're competing or riding for leisure, find exactly what you need at The Equestrian.",Show Shirt,/clothing/tops,3,published,best-selling,[],[]
/clothing/tops/tshirts,t-shirt,t-shirt | Premium Quality | The Equestrian,Shop t-shirt at The Equestrian. Fashionable equestrian clothing. Wide range of top brands available. Free shipping over $100.,"Browse our extensive range of t-shirt. Expertly selected for quality, durability, and performance. Whether you're competing or riding for leisure, find exactly what you need at The Equestrian.",t-shirt,/clothing/tops,3,published,best-selling,[],[]
/clothing/tops/sweaters,Sweater,Sweater | Premium Quality | The Equestrian,Shop Sweater at The Equestrian. Fashionable equestrian clothing. Wide range of top brands available. Free shipping over $100.,"Browse our extensive range of sweater. Expertly selected for quality, durability, and performance. Whether you're competing or riding for leisure, find exactly what you need at The Equestrian.",Sweater,/clothing/tops,3,published,best-selling,[],[]
/clothing/tops/knitwear,Knitwear,Knitwear | Premium Quality | The Equestrian,Shop Knitwear at The Equestrian. Fashionable equestrian clothing. Wide range of top brands available. Free shipping over $100.,"Browse our extensive range of knitwear. Expertly selected for quality, durability, and performance. Whether you're competing or riding for leisure, find exactly what you need at The Equestrian.",Knitwear,/clothing/tops,3,published,best-selling,[],[]
/clothing/tops/polo-shirts,Polo Shirt,Polo Shirt | Premium Quality | The Equestrian,Shop Polo Shirt at The Equestrian. Fashionable equestrian clothing. Wide range of top brands available. Free shipping over $100.,"Browse our extensive range of polo shirt. Expertly selected for quality, durability, and performance. Whether you're competing or riding for leisure, find exactly what you need at The Equestrian.",Polo Shirt,/clothing/tops,3,published,best-selling,[],[]
/clothing/tops/vests,Vest,Vest | Premium Quality | The Equestrian,Shop Vest at The Equestrian. Fashionable equestrian clothing. Wide range of top brands available. Free shipping over $100.,"Browse our extensive range of vest. Expertly selected for quality, durability, and performance. Whether you're competing or riding for leisure, find exactly what you need at The Equestrian.",Vest,/clothing/tops,3,published,best-selling,[],[]
/clothing/tops/tanks,Tank,Tank | Premium Quality | The Equestrian,Shop Tank at The Equestrian. Fashionable equestrian clothing. Wide range of top brands available. Free shipping over $100.,"Browse our extensive range of tank. Expertly selected for quality, durability, and performance. Whether you're competing or riding for leisure, find exactly what you need at The Equestrian.",Tank,/clothing/tops,3,published,best-selling,[],[]
/clothing/tops/long-sleeve,long sleeve,long sleeve | Premium Quality | The Equestrian,Shop long sleeve at The Equestrian. Fashionable equestrian clothing. Wide range of top brands available. Free shipping over $100.,"Browse our extensive range of long sleeve. Expertly selected for quality, durability, and performance. Whether you're competing or riding for leisure, find exactly what you need at The Equestrian.",long sleeve,/clothing/tops,3,published,best-selling,[],[]
/clothing/outerwear,Outerwear,Outerwear | Buy Online | The Equestrian,Shop Outerwear at The Equestrian. Fashionable equestrian clothing. Wide range of top brands available. Free shipping over $100.,"Browse our extensive range of outerwear. Expertly selected for quality, durability, and performance. Whether you're competing or riding for leisure, find exactly what you need at The Equestrian.",Outerwear,/clothing,2,published,best-selling,[],[]
/clothing/outerwear/jackets,Casual Jacket,Casual Jacket | Premium Quality | The Equestrian,Shop Casual Jacket at The Equestrian. Fashionable equestrian clothing. Wide range of top brands available. Free shipping over $100.,"Browse our extensive range of casual jacket. Expertly selected for quality, durability, and performance. Whether you're competing or riding for leisure, find exactly what you need at The Equestrian.",Casual Jacket,/clothing/outerwear,3,published,best-selling,[],[]
/clothing/outerwear/show-jackets,Competition Jacket,Competition Jacket | Premium Quality | The Equestrian,Shop Competition Jacket at The Equestrian. Fashionable equestrian clothing. Wide range of top brands available. Free shipping over $100.,"Browse our extensive range of competition jacket. Expertly selected for quality, durability, and performance. Whether you're competing or riding for leisure, find exactly what you need at The Equestrian.",Competition Jacket,/clothing/outerwear,3,published,best-selling,[],[]
/clothing/outerwear/oilskins,Oilskins,Oilskins | Premium Quality | The Equestrian,Shop Oilskins at The Equestrian. Fashionable equestrian clothing. Wide range of top brands available. Free shipping over $100.,"Browse our extensive range of oilskins. Expertly selected for quality, durability, and performance. Whether you're competing or riding for leisure, find exactly what you need at The Equestrian.",Oilskins,/clothing/outerwear,3,published,best-selling,[],[]
/clothing/outerwear/riding-jackets,Riding Jacket,Riding Jacket | Premium Quality | The Equestrian,Shop Riding Jacket at The Equestrian. Fashionable equestrian clothing. Wide range of top brands available. Free shipping over $100.,"Browse our extensive range of riding jacket. Expertly selected for quality, durability, and performance. Whether you're competing or riding for leisure, find exactly what you need at The Equestrian.",Riding Jacket,/clothing/outerwear,3,published,best-selling,[],[]
/clothing/sleepwear,Sleepwear,Sleepwear | Buy Online | The Equestrian,Shop Sleepwear at The Equestrian. Fashionable equestrian clothing. Wide range of top brands available. Free shipping over $100.,"Browse our extensive range of sleepwear. Expertly selected for quality, durability, and performance. Whether you're competing or riding for leisure, find exactly what you need at The Equestrian.",Sleepwear,/clothing,2,published,best-selling,[],[]
/clothing/activewear,Sports,Sports | Buy Online | The Equestrian,Shop Sports at The Equestrian. Fashionable equestrian clothing. Wide range of top brands available. Free shipping over $100.,"Browse our extensive range of sports. Expertly selected for quality, durability, and performance. Whether you're competing or riding for leisure, find exactly what you need at The Equestrian.",Sports,/clothing,2,published,best-selling,[],[]
/clothing/bottoms/shorts,Shorts,Shorts | Premium Quality | The Equestrian,Shop Shorts at The Equestrian. Fashionable equestrian clothing. Wide range of top brands available. Free shipping over $100.,"Browse our extensive range of shorts. Expertly selected for quality, durability, and performance. Whether you're competing or riding for leisure, find exactly what you need at The Equestrian.",Shorts,/clothing/bottoms,3,published,best-selling,[],[]
/horse/boots,Horse Boots,Horse Boots | Buy Online | The Equestrian,Shop Horse Boots at The Equestrian. Durable and comfortable gear for your horse. Wide range of top brands available. Free shipping over $100.,"Browse our extensive range of horse boots. Expertly selected for quality, durability, and performance. Whether you're competing or riding for leisure, find exactly what you need at The Equestrian.",Horse Boots,/horse,2,published,best-selling,[],[]
/horse/boots/bell-boots,Bell Boots,Bell Boots | Premium Quality | The Equestrian,Shop Bell Boots at The Equestrian. Durable and comfortable gear for your horse. Wide range of top brands available. Free shipping over $100.,"Browse our extensive range of bell boots. Expertly selected for quality, durability, and performance. Whether you're competing or riding for leisure, find exactly what you need at The Equestrian.",Bell Boots,/horse/boots,3,published,best-selling,[],[]
/horse/boots/tendon-boots,Tendon Boots,Tendon Boots | Premium Quality | The Equestrian,Shop Tendon Boots at The Equestrian. Durable and comfortable gear for your horse. Wide range of top brands available. Free shipping over $100.,"Browse our extensive range of tendon boots. Expertly selected for quality, durability, and performance. Whether you're competing or riding for leisure, find exactly what you need at The Equestrian.",Tendon Boots,/horse/boots,3,published,best-selling,[],[]
/horse/boots/ice-boots,Ice Boots,Ice Boots | Premium Quality | The Equestrian,Shop Ice Boots at The Equestrian. Durable and comfortable gear for your horse. Wide range of top brands available. Free shipping over $100.,"Browse our extensive range of ice boots. Expertly selected for quality, durability, and performance. Whether you're competing or riding for leisure, find exactly what you need at The Equestrian.",Ice Boots,/horse/boots,3,published,best-selling,[],[]
/horse/boots/bandages,Bandages,Bandages | Premium Quality | The Equestrian,Shop Bandages at The Equestrian. Durable and comfortable gear for your horse. Wide range of top brands available. Free shipping over $100.,"Browse our extensive range of bandages. Expertly selected for quality, durability, and performance. Whether you're competing or riding for leisure, find exactly what you need at The Equestrian.",Bandages,/horse/boots,3,published,best-selling,[],[]
/horse/boots/magnetic,Magnetic Boots,Magnetic Boots | Premium Quality | The Equestrian,Shop Magnetic Boots at The Equestrian. Durable and comfortable gear for your horse. Wide range of top brands available. Free shipping over $100.,"Browse our extensive range of magnetic boots. Expertly selected for quality, durability, and performance. Whether you're competing or riding for leisure, find exactly what you need at The Equestrian.",Magnetic Boots,/horse/boots,3,published,best-selling,[],[]
/horse/boots/therapy,Therapy Boots,Therapy Boots | Premium Quality | The Equestrian,Shop Therapy Boots at The Equestrian. Durable and comfortable gear for your horse. Wide range of top brands available. Free shipping over $100.,"Browse our extensive range of therapy boots. Expertly selected for quality, durability, and performance. Whether you're competing or riding for leisure, find exactly what you need at The Equestrian.",Therapy Boots,/horse/boots,3,published,best-selling,[],[]
/horse/boots/fetlock,Fetlock boots,Fetlock boots | Premium Quality | The Equestrian,Shop Fetlock boots at The Equestrian. Durable and comfortable gear for your horse. Wide range of top brands available. Free shipping over $100.,"Browse our extensive range of fetlock boots. Expertly selected for quality, durability, and performance. Whether you're competing or riding for leisure, find exactly what you need at The Equestrian.",Fetlock boots,/horse/boots,3,published,best-selling,[],[]
/horse/boots/overreach,Overreach Boots,Overreach Boots | Premium Quality | The Equestrian,Shop Overreach Boots at The Equestrian. Durable and comfortable gear for your horse. Wide range of top brands available. Free shipping over $100.,"Browse our extensive range of overreach boots. Expertly selected for quality, durability, and performance. Whether you're competing or riding for leisure, find exactly what you need at The Equestrian.",Overreach Boots,/horse/boots,3,published,best-selling,[],[]
/horse/boots/accessories,Boots - Boot Accessories,Boots - Boot Accessories | Premium Quality | The Equestrian,Shop Boots - Boot Accessories at The Equestrian. Durable and comfortable gear for your horse. Wide range of top brands available. Free shipping over $100.,"Browse our extensive range of boots - boot accessories. Expertly selected for quality, durability, and performance. Whether you're competing or riding for leisure, find exactly what you need at The Equestrian.",Boots - Boot Accessories,/horse/boots,3,published,best-selling,[],[]
/horse/boots/exercise,Exercise Boots,Exercise Boots | Premium Quality | The Equestrian,Shop Exercise Boots at The Equestrian. Durable and comfortable gear for your horse. Wide range of top brands available. Free shipping over $100.,"Browse our extensive range of exercise boots. Expertly selected for quality, durability, and performance. Whether you're competing or riding for leisure, find exactly what you need at The Equestrian.",Exercise Boots,/horse/boots,3,published,best-selling,[],[]
/horse/boots/eventing,Eventing Boots,Eventing Boots | Premium Quality | The Equestrian,Shop Eventing Boots at The Equestrian. Durable and comfortable gear for your horse. Wide range of top brands available. Free shipping over $100.,"Browse our extensive range of eventing boots. Expertly selected for quality, durability, and performance. Whether you're competing or riding for leisure, find exactly what you need at The Equestrian.",Eventing Boots,/horse/boots,3,published,best-selling,[],[]
/horse/boots/float,Float Boots,Float Boots | Premium Quality | The Equestrian,Shop Float Boots at The Equestrian. Durable and comfortable gear for your horse. Wide range of top brands available. Free shipping over $100.,"Browse our extensive range of float boots. Expertly selected for quality, durability, and performance. Whether you're competing or riding for leisure, find exactly what you need at The Equestrian.",Float Boots,/horse/boots,3,published,best-selling,[],[]
/horse/boots/travel,Travel Boots,Travel Boots | Premium Quality | The Equestrian,Shop Travel Boots at The Equestrian. Durable and comfortable gear for your horse. Wide range of top brands available. Free shipping over $100.,"Browse our extensive range of travel boots. Expertly selected for quality, durability, and performance. Whether you're competing or riding for leisure, find exactly what you need at The Equestrian.",Travel Boots,/horse/boots,3,published,best-selling,[],[]
/horse/boots/polos-wraps,Polos and Wraps,Polos and Wraps | Premium Quality | The Equestrian,Shop Polos and Wraps at The Equestrian. Durable and comfortable gear for your horse. Wide range of top brands available. Free shipping over $100.,"Browse our extensive range of polos and wraps. Expertly selected for quality, durability, and performance. Whether you're competing or riding for leisure, find exactly what you need at The Equestrian.",Polos and Wraps,/horse/boots,3,published,best-selling,[],[]
/horse/boots/stable,Stable Boots,Stable Boots | Premium Quality | The Equestrian,Shop Stable Boots at The Equestrian. Durable and comfortable gear for your horse. Wide range of top brands available. Free shipping over $100.,"Browse our extensive range of stable boots. Expertly selected for quality, durability, and performance. Whether you're competing or riding for leisure, find exactly what you need at The Equestrian.",Stable Boots,/horse/boots,3,published,best-selling,[],[]
/horse/boots/jumping,Jumping Boots,Jumping Boots | Premium Quality | The Equestrian,Shop Jumping Boots at The Equestrian. Durable and comfortable gear for your horse. Wide range of top brands available. Free shipping over $100.,"Browse our extensive range of jumping boots. Expertly selected for quality, durability, and performance. Whether you're competing or riding for leisure, find exactly what you need at The Equestrian.",Jumping Boots,/horse/boots,3,published,best-selling,[],[]
/horse/boots/fly-boots,Fly Boots,Fly Boots | Premium Quality | The Equestrian,Shop Fly Boots at The Equestrian. Durable and comfortable gear for your horse. Wide range of top brands available. Free shipping over $100.,"Browse our extensive range of fly boots. Expertly selected for quality, durability, and performance. Whether you're competing or riding for leisure, find exactly what you need at The Equestrian.",Fly Boots,/horse/boots,3,published,best-selling,[],[]
/horse/bits,Bits,Bits | Buy Online | The Equestrian,Shop Bits at The Equestrian. Durable and comfortable gear for your horse. Wide range of top brands available. Free shipping over $100.,"Browse our extensive range of bits. Expertly selected for quality, durability, and performance. Whether you're competing or riding for leisure, find exactly what you need at The Equestrian.",Bits,/horse,2,published,best-selling,[],[]
/horse/bits/accessories,Bits - Bit Accessories,Bits - Bit Accessories | Premium Quality | The Equestrian,Shop Bits - Bit Accessories at The Equestrian. Durable and comfortable gear for your horse. Wide range of top brands available. Free shipping over $100.,"Browse our extensive range of bits - bit accessories. Expertly selected for quality, durability, and performance. Whether you're competing or riding for leisure, find exactly what you need at The Equestrian.",Bits - Bit Accessories,/horse/bits,3,published,best-selling,[],[]
/horse/grooming,Grooming,Grooming | Buy Online | The Equestrian,Shop Grooming at The Equestrian. Durable and comfortable gear for your horse. Wide range of top brands available. Free shipping over $100.,"Browse our extensive range of grooming. Expertly selected for quality, durability, and performance. Whether you're competing or riding for leisure, find exactly what you need at The Equestrian.",Grooming,/horse,2,published,best-selling,[],[]
/horse/grooming/show-prep,Show Preparation,Show Preparation | Premium Quality | The Equestrian,Shop Show Preparation at The Equestrian. Durable and comfortable gear for your horse. Wide range of top brands available. Free shipping over $100.,"Browse our extensive range of show preparation. Expertly selected for quality, durability, and performance. Whether you're competing or riding for leisure, find exactly what you need at The Equestrian.",Show Preparation,/horse/grooming,3,published,best-selling,[],[]
/horse/grooming/brushes,"Horse Grooming Combs, Brushes & Mitts","Horse Grooming Combs, Brushes & Mitts | Premium Quality | The Equestrian","Shop Horse Grooming Combs, Brushes & Mitts at The Equestrian. Durable and comfortable gear for your horse. Wide range of top brands available. Free shipping over $100.","Browse our extensive range of horse grooming combs, brushes & mitts. Expertly selected for quality, durability, and performance. Whether you're competing or riding for leisure, find exactly what you need at The Equestrian.","Horse Grooming Combs, Brushes & Mitts",/horse/grooming,3,published,best-selling,[],[]
/horse/grooming/coat-care,Coat Care,Coat Care | Premium Quality | The Equestrian,Shop Coat Care at The Equestrian. Durable and comfortable gear for your horse. Wide range of top brands available. Free shipping over $100.,"Browse our extensive range of coat care. Expertly selected for quality, durability, and performance. Whether you're competing or riding for leisure, find exactly what you need at The Equestrian.",Coat Care,/horse/grooming,3,published,best-selling,[],[]
/horse/grooming/products,Grooming Products,Grooming Products | Premium Quality | The Equestrian,Shop Grooming Products at The Equestrian. Durable and comfortable gear for your horse. Wide range of top brands available. Free shipping over $100.,"Browse our extensive range of grooming products. Expertly selected for quality, durability, and performance. Whether you're competing or riding for leisure, find exactly what you need at The Equestrian.",Grooming Products,/horse/grooming,3,published,best-selling,[],[]
/horse/grooming/bags,Grooming Bags and Brushes,Grooming Bags and Brushes | Premium Quality | The Equestrian,Shop Grooming Bags and Brushes at The Equestrian. Durable and comfortable gear for your horse. Wide range of top brands available. Free shipping over $100.,"Browse our extensive range of grooming bags and brushes. Expertly selected for quality, durability, and performance. Whether you're competing or riding for leisure, find exactly what you need at The Equestrian.",Grooming Bags and Brushes,/horse/grooming,3,published,best-selling,[],[]
/horse/grooming/plaiting,Plaiting,Plaiting | Premium Quality | The Equestrian,Shop Plaiting at The Equestrian. Durable and comfortable gear for your horse. Wide range of top brands available. Free shipping over $100.,"Browse our extensive range of plaiting. Expertly selected for quality, durability, and performance. Whether you're competing or riding for leisure, find exactly what you need at The Equestrian.",Plaiting,/horse/grooming,3,published,best-selling,[],[]
/horse/grooming/shampoo,Shampoo,Shampoo | Premium Quality | The Equestrian,Shop Shampoo at The Equestrian. Durable and comfortable gear for your horse. Wide range of top brands available. Free shipping over $100.,"Browse our extensive range of shampoo. Expertly selected for quality, durability, and performance. Whether you're competing or riding for leisure, find exactly what you need at The Equestrian.",Shampoo,/horse/grooming,3,published,best-selling,[],[]
/horse/supplements,Supplements,Supplements | Buy Online | The Equestrian,Shop Supplements at The Equestrian. Durable and comfortable gear for your horse. Wide range of top brands available. Free shipping over $100.,"Browse our extensive range of supplements. Expertly selected for quality, durability, and performance. Whether you're competing or riding for leisure, find exactly what you need at The Equestrian.",Supplements,/horse,2,published,best-selling,[],[]
/horse/pads,Saddle Cloths,Saddle Cloths | Buy Online | The Equestrian,Shop Saddle Cloths at The Equestrian. Durable and comfortable gear for your horse. Wide range of top brands available. Free shipping over $100.,"Browse our extensive range of saddle cloths. Expertly selected for quality, durability, and performance. Whether you're competing or riding for leisure, find exactly what you need at The Equestrian.",Saddle Cloths,/horse,2,published,best-selling,[],[]
/horse/pads/wither-pads,Wither & Back Pads,Wither & Back Pads | Premium Quality | The Equestrian,Shop Wither & Back Pads at The Equestrian. Durable and comfortable gear for your horse. Wide range of top brands available. Free shipping over $100.,"Browse our extensive range of wither & back pads. Expertly selected for quality, durability, and performance. Whether you're competing or riding for leisure, find exactly what you need at The Equestrian.",Wither & Back Pads,/horse/pads,3,published,best-selling,[],[]
/horse/pads/western,Western Pads,Western Pads | Premium Quality | The Equestrian,Shop Western Pads at The Equestrian. Durable and comfortable gear for your horse. Wide range of top brands available. Free shipping over $100.,"Browse our extensive range of western pads. Expertly selected for quality, durability, and performance. Whether you're competing or riding for leisure, find exactly what you need at The Equestrian.",Western Pads,/horse/pads,3,published,best-selling,[],[]
/horse/pads/gel-pads,Gel & Comfort Pads,Gel & Comfort Pads | Premium Quality | The Equestrian,Shop Gel & Comfort Pads at The Equestrian. Durable and comfortable gear for your horse. Wide range of top brands available. Free shipping over $100.,"Browse our extensive range of gel & comfort pads. Expertly selected for quality, durability, and performance. Whether you're competing or riding for leisure, find exactly what you need at The Equestrian.",Gel & Comfort Pads,/horse/pads,3,published,best-selling,[],[]
/horse/pads/dressage,Dressage Pads,Dressage Pads | Premium Quality | The Equestrian,Shop Dressage Pads at The Equestrian. Durable and comfortable gear for your horse. Wide range of top brands available. Free shipping over $100.,"Browse our extensive range of dressage pads. Expertly selected for quality, durability, and performance. Whether you're competing or riding for leisure, find exactly what you need at The Equestrian.",Dressage Pads,/horse/pads,3,published,best-selling,[],[]
/horse/pads/half-pads,Half Pads,Half Pads | Premium Quality | The Equestrian,Shop Half Pads at The Equestrian. Durable and comfortable gear for your horse. Wide range of top brands available. Free shipping over $100.,"Browse our extensive range of half pads. Expertly selected for quality, durability, and performance. Whether you're competing or riding for leisure, find exactly what you need at The Equestrian.",Half Pads,/horse/pads,3,published,best-selling,[],[]
/horse/pads/wither-relief,Wither relief saddlepad,Wither relief saddlepad | Premium Quality | The Equestrian,Shop Wither relief saddlepad at The Equestrian. Durable and comfortable gear for your horse. Wide range of top brands available. Free shipping over $100.,"Browse our extensive range of wither relief saddlepad. Expertly selected for quality, durability, and performance. Whether you're competing or riding for leisure, find exactly what you need at The Equestrian.",Wither relief saddlepad,/horse/pads,3,published,best-selling,[],[]
/horse/pads/jumping,Jump Pad,Jump Pad | Premium Quality | The Equestrian,Shop Jump Pad at The Equestrian. Durable and comfortable gear for your horse. Wide range of top brands available. Free shipping over $100.,"Browse our extensive range of jump pad. Expertly selected for quality, durability, and performance. Whether you're competing or riding for leisure, find exactly what you need at The Equestrian.",Jump Pad,/horse/pads,3,published,best-selling,[],[]
/horse/pads/all-purpose,All Purpose Pads,All Purpose Pads | Premium Quality | The Equestrian,Shop All Purpose Pads at The Equestrian. Durable and comfortable gear for your horse. Wide range of top brands available. Free shipping over $100.,"Browse our extensive range of all purpose pads. Expertly selected for quality, durability, and performance. Whether you're competing or riding for leisure, find exactly what you need at The Equestrian.",All Purpose Pads,/horse/pads,3,published,best-selling,[],[]
/horse/halters,Headstalls,Headstalls | Buy Online | The Equestrian,Shop Headstalls at The Equestrian. Durable and comfortable gear for your horse. Wide range of top brands available. Free shipping over $100.,"Browse our extensive range of headstalls. Expertly selected for quality, durability, and performance. Whether you're competing or riding for leisure, find exactly what you need at The Equestrian.",Headstalls,/horse,2,published,best-selling,[],[]
/horse/halters/leads,Leads & Snap Hooks,Leads & Snap Hooks | Premium Quality | The Equestrian,Shop Leads & Snap Hooks at The Equestrian. Durable and comfortable gear for your horse. Wide range of top brands available. Free shipping over $100.,"Browse our extensive range of leads & snap hooks. Expertly selected for quality, durability, and performance. Whether you're competing or riding for leisure, find exactly what you need at The Equestrian.",Leads & Snap Hooks,/horse/halters,3,published,best-selling,[],[]
/horse/halters/lead-ropes,Lead Rope,Lead Rope | Premium Quality | The Equestrian,Shop Lead Rope at The Equestrian. Durable and comfortable gear for your horse. Wide range of top brands available. Free shipping over $100.,"Browse our extensive range of lead rope. Expertly selected for quality, durability, and performance. Whether you're competing or riding for leisure, find exactly what you need at The Equestrian.",Lead Rope,/horse/halters,3,published,best-selling,[],[]
/horse/racing,Racing & PVC,Racing & PVC | Buy Online | The Equestrian,Shop Racing & PVC at The Equestrian. Durable and comfortable gear for your horse. Wide range of top brands available. Free shipping over $100.,"Browse our extensive range of racing & pvc. Expertly selected for quality, durability, and performance. Whether you're competing or riding for leisure, find exactly what you need at The Equestrian.",Racing & PVC,/horse,2,published,best-selling,[],[]
/horse/racing/harness,Harness Racing,Harness Racing | Premium Quality | The Equestrian,Shop Harness Racing at The Equestrian. Durable and comfortable gear for your horse. Wide range of top brands available. Free shipping over $100.,"Browse our extensive range of harness racing. Expertly selected for quality, durability, and performance. Whether you're competing or riding for leisure, find exactly what you need at The Equestrian.",Harness Racing,/horse/racing,3,published,best-selling,[],[]
/horse/veterinary,Health Care,Health Care | Buy Online | The Equestrian,Shop Health Care at The Equestrian. Durable and comfortable gear for your horse. Wide range of top brands available. Free shipping over $100.,"Browse our extensive range of health care. Expertly selected for quality, durability, and performance. Whether you're competing or riding for leisure, find exactly what you need at The Equestrian.",Health Care,/horse,2,published,best-selling,[],[]
/horse/veterinary/first-aid,First Aid & Dressings,First Aid & Dressings | Premium Quality | The Equestrian,Shop First Aid & Dressings at The Equestrian. Durable and comfortable gear for your horse. Wide range of top brands available. Free shipping over $100.,"Browse our extensive range of first aid & dressings. Expertly selected for quality, durability, and performance. Whether you're competing or riding for leisure, find exactly what you need at The Equestrian.",First Aid & Dressings,/horse/veterinary,3,published,best-selling,[],[]
/horse/stable,Stable Equipment,Stable Equipment | Buy Online | The Equestrian,Shop Stable Equipment at The Equestrian. Durable and comfortable gear for your horse. Wide range of top brands available. Free shipping over $100.,"Browse our extensive range of stable equipment. Expertly selected for quality, durability, and performance. Whether you're competing or riding for leisure, find exactly what you need at The Equestrian.",Stable Equipment,/horse,2,published,best-selling,[],[]
/horse/stable/leather-care,Leather Care & Proofing,Leather Care & Proofing | Premium Quality | The Equestrian,Shop Leather Care & Proofing at The Equestrian. Durable and comfortable gear for your horse. Wide range of top brands available. Free shipping over $100.,"Browse our extensive range of leather care & proofing. Expertly selected for quality, durability, and performance. Whether you're competing or riding for leisure, find exactly what you need at The Equestrian.",Leather Care & Proofing,/horse/stable,3,published,best-selling,[],[]
/horse/stable/farrier,Farrier,Farrier | Premium Quality | The Equestrian,Shop Farrier at The Equestrian. Durable and comfortable gear for your horse. Wide range of top brands available. Free shipping over $100.,"Browse our extensive range of farrier. Expertly selected for quality, durability, and performance. Whether you're competing or riding for leisure, find exactly what you need at The Equestrian.",Farrier,/horse/stable,3,published,best-selling,[],[]
/horse/stable/treats,Horse Treats & Toys,Horse Treats & Toys | Premium Quality | The Equestrian,Shop Horse Treats & Toys at The Equestrian. Durable and comfortable gear for your horse. Wide range of top brands available. Free shipping over $100.,"Browse our extensive range of horse treats & toys. Expertly selected for quality, durability, and performance. Whether you're competing or riding for leisure, find exactly what you need at The Equestrian.",Horse Treats & Toys,/horse/stable,3,published,best-selling,[],[]
/horse/stable/diy,DIY Kit,DIY Kit | Premium Quality | The Equestrian,Shop DIY Kit at The Equestrian. Durable and comfortable gear for your horse. Wide range of top brands available. Free shipping over $100.,"Browse our extensive range of diy kit. Expertly selected for quality, durability, and performance. Whether you're competing or riding for leisure, find exactly what you need at The Equestrian.",DIY Kit,/horse/stable,3,published,best-selling,[],[]
/horse/stable/clippers,Clippers,Clippers | Premium Quality | The Equestrian,Shop Clippers at The Equestrian. Durable and comfortable gear for your horse. Wide range of top brands available. Free shipping over $100.,"Browse our extensive range of clippers. Expertly selected for quality, durability, and performance. Whether you're competing or riding for leisure, find exactly what you need at The Equestrian.",Clippers,/horse/stable,3,published,best-selling,[],[]
/horse/stable/fly-control,Fly Control,Fly Control | Premium Quality | The Equestrian,Shop Fly Control at The Equestrian. Durable and comfortable gear for your horse. Wide range of top brands available. Free shipping over $100.,"Browse our extensive range of fly control. Expertly selected for quality, durability, and performance. Whether you're competing or riding for leisure, find exactly what you need at The Equestrian.",Fly Control,/horse/stable,3,published,best-selling,[],[]
/horse/stable/feed-storage,Feed Bins & Hay Bags,Feed Bins & Hay Bags | Premium Quality | The Equestrian,Shop Feed Bins & Hay Bags at The Equestrian. Durable and comfortable gear for your horse. Wide range of top brands available. Free shipping over $100.,"Browse our extensive range of feed bins & hay bags. Expertly selected for quality, durability, and performance. Whether you're competing or riding for leisure, find exactly what you need at The Equestrian.",Feed Bins & Hay Bags,/horse/stable,3,published,best-selling,[],[]
/horse/stable/instruments,Instruments,Instruments | Premium Quality | The Equestrian,Shop Instruments at The Equestrian. Durable and comfortable gear for your horse. Wide range of top brands available. Free shipping over $100.,"Browse our extensive range of instruments. Expertly selected for quality, durability, and performance. Whether you're competing or riding for leisure, find exactly what you need at The Equestrian.",Instruments,/horse/stable,3,published,best-selling,[],[]
/horse/stable/wormers,Wormers,Wormers | Premium Quality | The Equestrian,Shop Wormers at The Equestrian. Durable and comfortable gear for your horse. Wide range of top brands available. Free shipping over $100.,"Browse our extensive range of wormers. Expertly selected for quality, durability, and performance. Whether you're competing or riding for leisure, find exactly what you need at The Equestrian.",Wormers,/horse/stable,3,published,best-selling,[],[]
/horse/stable/feeding,Feeding,Feeding | Premium Quality | The Equestrian,Shop Feeding at The Equestrian. Durable and comfortable gear for your horse. Wide range of top brands available. Free shipping over $100.,"Browse our extensive range of feeding. Expertly selected for quality, durability, and performance. Whether you're competing or riding for leisure, find exactly what you need at The Equestrian.",Feeding,/horse/stable,3,published,best-selling,[],[]
/horse/stable/paddock,Paddock Blades,Paddock Blades | Premium Quality | The Equestrian,Shop Paddock Blades at The Equestrian. Durable and comfortable gear for your horse. Wide range of top brands available. Free shipping over $100.,"Browse our extensive range of paddock blades. Expertly selected for quality, durability, and performance. Whether you're competing or riding for leisure, find exactly what you need at The Equestrian.",Paddock Blades,/horse/stable,3,published,best-selling,[],[]
/horse/stable/jumps,Jumps & Markers,Jumps & Markers | Premium Quality | The Equestrian,Shop Jumps & Markers at The Equestrian. Durable and comfortable gear for your horse. Wide range of top brands available. Free shipping over $100.,"Browse our extensive range of jumps & markers. Expertly selected for quality, durability, and performance. Whether you're competing or riding for leisure, find exactly what you need at The Equestrian.",Jumps & Markers,/horse/stable,3,published,best-selling,[],[]
/horse/stable/hay-nets,Hay Net,Hay Net | Premium Quality | The Equestrian,Shop Hay Net at The Equestrian. Durable and comfortable gear for your horse. Wide range of top brands available. Free shipping over $100.,"Browse our extensive range of hay net. Expertly selected for quality, durability, and performance. Whether you're competing or riding for leisure, find exactly what you need at The Equestrian.",Hay Net,/horse/stable,3,published,best-selling,[],[]
/horse/stable/feed,Horse Feed,Horse Feed | Premium Quality | The Equestrian,Shop Horse Feed at The Equestrian. Durable and comfortable gear for your horse. Wide range of top brands available. Free shipping over $100.,"Browse our extensive range of horse feed. Expertly selected for quality, durability, and performance. Whether you're competing or riding for leisure, find exactly what you need at The Equestrian.",Horse Feed,/horse/stable,3,published,best-selling,[],[]
/horse/stable/insect-repellent,Insect Repellent,Insect Repellent | Premium Quality | The Equestrian,Shop Insect Repellent at The Equestrian. Durable and comfortable gear for your horse. Wide range of top brands available. Free shipping over $100.,"Browse our extensive range of insect repellent. Expertly selected for quality, durability, and performance. Whether you're competing or riding for leisure, find exactly what you need at The Equestrian.",Insect Repellent,/horse/stable,3,published,best-selling,[],[]
/horse/stable/fly-repellent,Fly Repellant,Fly Repellant | Premium Quality | The Equestrian,Shop Fly Repellant at The Equestrian. Durable and comfortable gear for your horse. Wide range of top brands available. Free shipping over $100.,"Browse our extensive range of fly repellant. Expertly selected for quality, durability, and performance. Whether you're competing or riding for leisure, find exactly what you need at The Equestrian.",Fly Repellant,/horse/stable,3,published,best-selling,[],[]
/horse/stable/rug-racks,Rug Rack,Rug Rack | Premium Quality | The Equestrian,Shop Rug Rack at The Equestrian. Durable and comfortable gear for your horse. Wide range of top brands available. Free shipping over $100.,"Browse our extensive range of rug rack. Expertly selected for quality, durability, and performance. Whether you're competing or riding for leisure, find exactly what you need at The Equestrian.",Rug Rack,/horse/stable,3,published,best-selling,[],[]
/horse/stable/wrap-bags,Wrap Bag,Wrap Bag | Premium Quality | The Equestrian,Shop Wrap Bag at The Equestrian. Durable and comfortable gear for your horse. Wide range of top brands available. Free shipping over $100.,"Browse our extensive range of wrap bag. Expertly selected for quality, durability, and performance. Whether you're competing or riding for leisure, find exactly what you need at The Equestrian.",Wrap Bag,/horse/stable,3,published,best-selling,[],[]
/horse/stable/storage,Storage,Storage | Premium Quality | The Equestrian,Shop Storage at The Equestrian. Durable and comfortable gear for your horse. Wide range of top brands available. Free shipping over $100.,"Browse our extensive range of storage. Expertly selected for quality, durability, and performance. Whether you're competing or riding for leisure, find exactly what you need at The Equestrian.",Storage,/horse/stable,3,published,best-selling,[],[]
/horse/stable/bags,stable Bag,stable Bag | Premium Quality | The Equestrian,Shop stable Bag at The Equestrian. Durable and comfortable gear for your horse. Wide range of top brands available. Free shipping over $100.,"Browse our extensive range of stable bag. Expertly selected for quality, durability, and performance. Whether you're competing or riding for leisure, find exactly what you need at The Equestrian.",stable Bag,/horse/stable,3,published,best-selling,[],[]
/horse/stable/hoof-care,Hoof Care,Hoof Care | Premium Quality | The Equestrian,Shop Hoof Care at The Equestrian. Durable and comfortable gear for your horse. Wide range of top brands available. Free shipping over $100.,"Browse our extensive range of hoof care. Expertly selected for quality, durability, and performance. Whether you're competing or riding for leisure, find exactly what you need at The Equestrian.",Hoof Care,/horse/stable,3,published,best-selling,[],[]
/horse/stable/tail-bags,Tailbag,Tailbag | Premium Quality | The Equestrian,Shop Tailbag at The Equestrian. Durable and comfortable gear for your horse. Wide range of top brands available. Free shipping over $100.,"Browse our extensive range of tailbag. Expertly selected for quality, durability, and performance. Whether you're competing or riding for leisure, find exactly what you need at The Equestrian.",Tailbag,/horse/stable,3,published,best-selling,[],[]
/horse/training,Training and Lunging,Training and Lunging | Buy Online | The Equestrian,Shop Training and Lunging at The Equestrian. Durable and comfortable gear for your horse. Wide range of top brands available. Free shipping over $100.,"Browse our extensive range of training and lunging. Expertly selected for quality, durability, and performance. Whether you're competing or riding for leisure, find exactly what you need at The Equestrian.",Training and Lunging,/horse,2,published,best-selling,[],[]
/horse/training/lungeing,Lungeing & Schooling,Lungeing & Schooling | Premium Quality | The Equestrian,Shop Lungeing & Schooling at The Equestrian. Durable and comfortable gear for your horse. Wide range of top brands available. Free shipping over $100.,"Browse our extensive range of lungeing & schooling. Expertly selected for quality, durability, and performance. Whether you're competing or riding for leisure, find exactly what you need at The Equestrian.",Lungeing & Schooling,/horse/training,3,published,best-selling,[],[]
/horse/training/lunge-equipment,Lunge Line,Lunge Line | Premium Quality | The Equestrian,Shop Lunge Line at The Equestrian. Durable and comfortable gear for your horse. Wide range of top brands available. Free shipping over $100.,"Browse our extensive range of lunge line. Expertly selected for quality, durability, and performance. Whether you're competing or riding for leisure, find exactly what you need at The Equestrian.",Lunge Line,/horse/training,3,published,best-selling,[],[]
/horse/training/ropes,Rope,Rope | Premium Quality | The Equestrian,Shop Rope at The Equestrian. Durable and comfortable gear for your horse. Wide range of top brands available. Free shipping over $100.,"Browse our extensive range of rope. Expertly selected for quality, durability, and performance. Whether you're competing or riding for leisure, find exactly what you need at The Equestrian.",Rope,/horse/training,3,published,best-selling,[],[]
/horse/stock-western,Stock & Western,Stock & Western | Buy Online | The Equestrian,Shop Stock & Western at The Equestrian. Durable and comfortable gear for your horse. Wide range of top brands available. Free shipping over $100.,"Browse our extensive range of stock & western. Expertly selected for quality, durability, and performance. Whether you're competing or riding for leisure, find exactly what you need at The Equestrian.",Stock & Western,/horse,2,published,best-selling,[],[]
/horse/rugs,Horse Rugs,Horse Rugs | Buy Online | The Equestrian,Shop Horse Rugs at The Equestrian. Durable and comfortable gear for your horse. Wide range of top brands available. Free shipping over $100.,"Browse our extensive range of horse rugs. Expertly selected for quality, durability, and performance. Whether you're competing or riding for leisure, find exactly what you need at The Equestrian.",Horse Rugs,/horse,2,published,best-selling,[],[]
/horse/rugs/summer,"RUGS: Summer Rugs, Neck Rugs & Hoods","RUGS: Summer Rugs, Neck Rugs & Hoods | Premium Quality | The Equestrian","Shop RUGS: Summer Rugs, Neck Rugs & Hoods at The Equestrian. Durable and comfortable gear for your horse. Wide range of top brands available. Free shipping over $100.","Browse our extensive range of rugs: summer rugs, neck rugs & hoods. Expertly selected for quality, durability, and performance. Whether you're competing or riding for leisure, find exactly what you need at The Equestrian.","RUGS: Summer Rugs, Neck Rugs & Hoods",/horse/rugs,3,published,best-selling,[],[]
/horse/rugs/winter,"RUGS: Winter Rugs, Neck Rugs & Hoods","RUGS: Winter Rugs, Neck Rugs & Hoods | Premium Quality | The Equestrian","Shop RUGS: Winter Rugs, Neck Rugs & Hoods at The Equestrian. Durable and comfortable gear for your horse. Wide range of top brands available. Free shipping over $100.","Browse our extensive range of rugs: winter rugs, neck rugs & hoods. Expertly selected for quality, durability, and performance. Whether you're competing or riding for leisure, find exactly what you need at The Equestrian.","RUGS: Winter Rugs, Neck Rugs & Hoods",/horse/rugs,3,published,best-selling,[],[]
/horse/rugs/accessories,RUGS: Rug Accessories,RUGS: Rug Accessories | Premium Quality | The Equestrian,Shop RUGS: Rug Accessories at The Equestrian. Durable and comfortable gear for your horse. Wide range of top brands available. Free shipping over $100.,"Browse our extensive range of rugs: rug accessories. Expertly selected for quality, durability, and performance. Whether you're competing or riding for leisure, find exactly what you need at The Equestrian.",RUGS: Rug Accessories,/horse/rugs,3,published,best-selling,[],[]
/horse/rugs/hoods,Hood,Hood | Premium Quality | The Equestrian,Shop Hood at The Equestrian. Durable and comfortable gear for your horse. Wide range of top brands available. Free shipping over $100.,"Browse our extensive range of hood. Expertly selected for quality, durability, and performance. Whether you're competing or riding for leisure, find exactly what you need at The Equestrian.",Hood,/horse/rugs,3,published,best-selling,[],[]
/horse/rugs/tail-protectors,Tail Protector,Tail Protector | Premium Quality | The Equestrian,Shop Tail Protector at The Equestrian. Durable and comfortable gear for your horse. Wide range of top brands available. Free shipping over $100.,"Browse our extensive range of tail protector. Expertly selected for quality, durability, and performance. Whether you're competing or riding for leisure, find exactly what you need at The Equestrian.",Tail Protector,/horse/rugs,3,published,best-selling,[],[]
/horse/rugs/cotton,Cotton Rugs,Cotton Rugs | Premium Quality | The Equestrian,Shop Cotton Rugs at The Equestrian. Durable and comfortable gear for your horse. Wide range of top brands available. Free shipping over $100.,"Browse our extensive range of cotton rugs. Expertly selected for quality, durability, and performance. Whether you're competing or riding for leisure, find exactly what you need at The Equestrian.",Cotton Rugs,/horse/rugs,3,published,best-selling,[],[]
/horse/rugs/mesh,Mesh Rug,Mesh Rug | Premium Quality | The Equestrian,Shop Mesh Rug at The Equestrian. Durable and comfortable gear for your horse. Wide range of top brands available. Free shipping over $100.,"Browse our extensive range of mesh rug. Expertly selected for quality, durability, and performance. Whether you're competing or riding for leisure, find exactly what you need at The Equestrian.",Mesh Rug,/horse/rugs,3,published,best-selling,[],[]
/horse/rugs/flag,Flag Rug,Flag Rug | Premium Quality | The Equestrian,Shop Flag Rug at The Equestrian. Durable and comfortable gear for your horse. Wide range of top brands available. Free shipping over $100.,"Browse our extensive range of flag rug. Expertly selected for quality, durability, and performance. Whether you're competing or riding for leisure, find exactly what you need at The Equestrian.",Flag Rug,/horse/rugs,3,published,best-selling,[],[]
/horse/rugs/travel,Travel,Travel | Premium Quality | The Equestrian,Shop Travel at The Equestrian. Durable and comfortable gear for your horse. Wide range of top brands available. Free shipping over $100.,"Browse our extensive range of travel. Expertly selected for quality, durability, and performance. Whether you're competing or riding for leisure, find exactly what you need at The Equestrian.",Travel,/horse/rugs,3,published,best-selling,[],[]
/horse/rugs/rain,Rain Rugs,Rain Rugs | Premium Quality | The Equestrian,Shop Rain Rugs at The Equestrian. Durable and comfortable gear for your horse. Wide range of top brands available. Free shipping over $100.,"Browse our extensive range of rain rugs. Expertly selected for quality, durability, and performance. Whether you're competing or riding for leisure, find exactly what you need at The Equestrian.",Rain Rugs,/horse/rugs,3,published,best-selling,[],[]
/horse/rugs/riding,riding rug,riding rug | Premium Quality | The Equestrian,Shop riding rug at The Equestrian. Durable and comfortable gear for your horse. Wide range of top brands available. Free shipping over $100.,"Browse our extensive range of riding rug. Expertly selected for quality, durability, and performance. Whether you're competing or riding for leisure, find exactly what you need at The Equestrian.",riding rug,/horse/rugs,3,published,best-selling,[],[]
/horse/tack,Strapping,Strapping | Buy Online | The Equestrian,Shop Strapping at The Equestrian. Durable and comfortable gear for your horse. Wide range of top brands available. Free shipping over $100.,"Browse our extensive range of strapping. Expertly selected for quality, durability, and performance. Whether you're competing or riding for leisure, find exactly what you need at The Equestrian.",Strapping,/horse,2,published,best-selling,[],[]
/horse/tack/girths,Strapping - Girths,Strapping - Girths | Premium Quality | The Equestrian,Shop Strapping - Girths at The Equestrian. Durable and comfortable gear for your horse. Wide range of top brands available. Free shipping over $100.,"Browse our extensive range of strapping - girths. Expertly selected for quality, durability, and performance. Whether you're competing or riding for leisure, find exactly what you need at The Equestrian.",Strapping - Girths,/horse/tack,3,published,best-selling,[],[]
/horse/tack/stirrup-irons,Stirrup Irons,Stirrup Irons | Premium Quality | The Equestrian,Shop Stirrup Irons at The Equestrian. Durable and comfortable gear for your horse. Wide range of top brands available. Free shipping over $100.,"Browse our extensive range of stirrup irons. Expertly selected for quality, durability, and performance. Whether you're competing or riding for leisure, find exactly what you need at The Equestrian.",Stirrup Irons,/horse/tack,3,published,best-selling,[],[]
/horse/tack/number-holders,Number Holders,Number Holders | Premium Quality | The Equestrian,Shop Number Holders at The Equestrian. Durable and comfortable gear for your horse. Wide range of top brands available. Free shipping over $100.,"Browse our extensive range of number holders. Expertly selected for quality, durability, and performance. Whether you're competing or riding for leisure, find exactly what you need at The Equestrian.",Number Holders,/horse/tack,3,published,best-selling,[],[]
/horse/tack/stirrup-leathers,Stirrup Leathers,Stirrup Leathers | Premium Quality | The Equestrian,Shop Stirrup Leathers at The Equestrian. Durable and comfortable gear for your horse. Wide range of top brands available. Free shipping over $100.,"Browse our extensive range of stirrup leathers. Expertly selected for quality, durability, and performance. Whether you're competing or riding for leisure, find exactly what you need at The Equestrian.",Stirrup Leathers,/horse/tack,3,published,best-selling,[],[]
/horse/tack/bridles,Browbands,Browbands | Premium Quality | The Equestrian,Shop Browbands at The Equestrian. Durable and comfortable gear for your horse. Wide range of top brands available. Free shipping over $100.,"Browse our extensive range of browbands. Expertly selected for quality, durability, and performance. Whether you're competing or riding for leisure, find exactly what you need at The Equestrian.",Browbands,/horse/tack,3,published,best-selling,[],[]
/horse/tack/reins,Reins,Reins | Premium Quality | The Equestrian,Shop Reins at The Equestrian. Durable and comfortable gear for your horse. Wide range of top brands available. Free shipping over $100.,"Browse our extensive range of reins. Expertly selected for quality, durability, and performance. Whether you're competing or riding for leisure, find exactly what you need at The Equestrian.",Reins,/horse/tack,3,published,best-selling,[],[]
/horse/tack/nosebands,Nosebands & Browbands,Nosebands & Browbands | Premium Quality | The Equestrian,Shop Nosebands & Browbands at The Equestrian. Durable and comfortable gear for your horse. Wide range of top brands available. Free shipping over $100.,"Browse our extensive range of nosebands & browbands. Expertly selected for quality, durability, and performance. Whether you're competing or riding for leisure, find exactly what you need at The Equestrian.",Nosebands & Browbands,/horse/tack,3,published,best-selling,[],[]
/horse/tack/breastplates,Breastplates & Martingales,Breastplates & Martingales | Premium Quality | The Equestrian,Shop Breastplates & Martingales at The Equestrian. Durable and comfortable gear for your horse. Wide range of top brands available. Free shipping over $100.,"Browse our extensive range of breastplates & martingales. Expertly selected for quality, durability, and performance. Whether you're competing or riding for leisure, find exactly what you need at The Equestrian.",Breastplates & Martingales,/horse/tack,3,published,best-selling,[],[]
/horse/tack/martingales,Strapping - Martingales,Strapping - Martingales | Premium Quality | The Equestrian,Shop Strapping - Martingales at The Equestrian. Durable and comfortable gear for your horse. Wide range of top brands available. Free shipping over $100.,"Browse our extensive range of strapping - martingales. Expertly selected for quality, durability, and performance. Whether you're competing or riding for leisure, find exactly what you need at The Equestrian.",Strapping - Martingales,/horse/tack,3,published,best-selling,[],[]
/horse/tack/stirrups,Stirrups and leathers,Stirrups and leathers | Premium Quality | The Equestrian,Shop Stirrups and leathers at The Equestrian. Durable and comfortable gear for your horse. Wide range of top brands available. Free shipping over $100.,"Browse our extensive range of stirrups and leathers. Expertly selected for quality, durability, and performance. Whether you're competing or riding for leisure, find exactly what you need at The Equestrian.",Stirrups and leathers,/horse/tack,3,published,best-selling,[],[]
/horse/tack/accessories,Strapping - Strapping Accessories,Strapping - Strapping Accessories | Premium Quality | The Equestrian,Shop Strapping - Strapping Accessories at The Equestrian. Durable and comfortable gear for your horse. Wide range of top brands available. Free shipping over $100.,"Browse our extensive range of strapping - strapping accessories. Expertly selected for quality, durability, and performance. Whether you're competing or riding for leisure, find exactly what you need at The Equestrian.",Strapping - Strapping Accessories,/horse/tack,3,published,best-selling,[],[]
/horse/saddles,Saddles,Saddles | Buy Online | The Equestrian,Shop Saddles at The Equestrian. Durable and comfortable gear for your horse. Wide range of top brands available. Free shipping over $100.,"Browse our extensive range of saddles. Expertly selected for quality, durability, and performance. Whether you're competing or riding for leisure, find exactly what you need at The Equestrian.",Saddles,/horse,2,published,best-selling,[],[]
/horse/saddles/dressage,SADDLES: Dressage Saddles,SADDLES: Dressage Saddles | Premium Quality | The Equestrian,Shop SADDLES: Dressage Saddles at The Equestrian. Durable and comfortable gear for your horse. Wide range of top brands available. Free shipping over $100.,"Browse our extensive range of saddles: dressage saddles. Expertly selected for quality, durability, and performance. Whether you're competing or riding for leisure, find exactly what you need at The Equestrian.",SADDLES: Dressage Saddles,/horse/saddles,3,published,best-selling,[],[]
/horse/saddles/accessories,SADDLES: Saddle Accessories & Gullets,SADDLES: Saddle Accessories & Gullets | Premium Quality | The Equestrian,Shop SADDLES: Saddle Accessories & Gullets at The Equestrian. Durable and comfortable gear for your horse. Wide range of top brands available. Free shipping over $100.,"Browse our extensive range of saddles: saddle accessories & gullets. Expertly selected for quality, durability, and performance. Whether you're competing or riding for leisure, find exactly what you need at The Equestrian.",SADDLES: Saddle Accessories & Gullets,/horse/saddles,3,published,best-selling,[],[]
/horse/saddles/all-purpose,SADDLES: All Purpose Saddles,SADDLES: All Purpose Saddles | Premium Quality | The Equestrian,Shop SADDLES: All Purpose Saddles at The Equestrian. Durable and comfortable gear for your horse. Wide range of top brands available. Free shipping over $100.,"Browse our extensive range of saddles: all purpose saddles. Expertly selected for quality, durability, and performance. Whether you're competing or riding for leisure, find exactly what you need at The Equestrian.",SADDLES: All Purpose Saddles,/horse/saddles,3,published,best-selling,[],[]
/horse/saddles/jumping,SADDLES: Jumping Saddles,SADDLES: Jumping Saddles | Premium Quality | The Equestrian,Shop SADDLES: Jumping Saddles at The Equestrian. Durable and comfortable gear for your horse. Wide range of top brands available. Free shipping over $100.,"Browse our extensive range of saddles: jumping saddles. Expertly selected for quality, durability, and performance. Whether you're competing or riding for leisure, find exactly what you need at The Equestrian.",SADDLES: Jumping Saddles,/horse/saddles,3,published,best-selling,[],[]
/horse/saddles/stock-western,SADDLES: Stock & Western Saddles,SADDLES: Stock & Western Saddles | Premium Quality | The Equestrian,Shop SADDLES: Stock & Western Saddles at The Equestrian. Durable and comfortable gear for your horse. Wide range of top brands available. Free shipping over $100.,"Browse our extensive range of saddles: stock & western saddles. Expertly selected for quality, durability, and performance. Whether you're competing or riding for leisure, find exactly what you need at The Equestrian.",SADDLES: Stock & Western Saddles,/horse/saddles,3,published,best-selling,[],[]
/horse/bonnets,Flyveils & Bonnets,Flyveils & Bonnets | Buy Online | The Equestrian,Shop Flyveils & Bonnets at The Equestrian. Durable and comfortable gear for your horse. Wide range of top brands available. Free shipping over $100.,"Browse our extensive range of flyveils & bonnets. Expertly selected for quality, durability, and performance. Whether you're competing or riding for leisure, find exactly what you need at The Equestrian.",Flyveils & Bonnets,/horse,2,published,best-selling,[],[]
/horse/bonnets/fly-masks,Fly Mask,Fly Mask | Premium Quality | The Equestrian,Shop Fly Mask at The Equestrian. Durable and comfortable gear for your horse. Wide range of top brands available. Free shipping over $100.,"Browse our extensive range of fly mask. Expertly selected for quality, durability, and performance. Whether you're competing or riding for leisure, find exactly what you need at The Equestrian.",Fly Mask,/horse/bonnets,3,published,best-selling,[],[]
/rider/helmets,Helmets,Helmets | Buy Online | The Equestrian,Shop Helmets at The Equestrian. Stylish and functional riding apparel. Wide range of top brands available. Free shipping over $100.,"Browse our extensive range of helmets. Expertly selected for quality, durability, and performance. Whether you're competing or riding for leisure, find exactly what you need at The Equestrian.",Helmets,/rider,2,published,best-selling,[],[]
/rider/helmets/accessories,Bicycle Helmet Brim Visor,Bicycle Helmet Brim Visor | Premium Quality | The Equestrian,Shop Bicycle Helmet Brim Visor at The Equestrian. Stylish and functional riding apparel. Wide range of top brands available. Free shipping over $100.,"Browse our extensive range of bicycle helmet brim visor. Expertly selected for quality, durability, and performance. Whether you're competing or riding for leisure, find exactly what you need at The Equestrian.",Bicycle Helmet Brim Visor,/rider/helmets,3,published,best-selling,[],[]
/rider/giftware,Giftware,Giftware | Buy Online | The Equestrian,Shop Giftware at The Equestrian. Stylish and functional riding apparel. Wide range of top brands available. Free shipping over $100.,"Browse our extensive range of giftware. Expertly selected for quality, durability, and performance. Whether you're competing or riding for leisure, find exactly what you need at The Equestrian.",Giftware,/rider,2,published,best-selling,[],[]
/rider/jewellery,Jewellery,Jewellery | Buy Online | The Equestrian,Shop Jewellery at The Equestrian. Stylish and functional riding apparel. Wide range of top brands available. Free shipping over $100.,"Browse our extensive range of jewellery. Expertly selected for quality, durability, and performance. Whether you're competing or riding for leisure, find exactly what you need at The Equestrian.",Jewellery,/rider,2,published,best-selling,[],[]
/rider/jewellery/bracelets,Bracelet,Bracelet | Premium Quality | The Equestrian,Shop Bracelet at The Equestrian. Stylish and functional riding apparel. Wide range of top brands available. Free shipping over $100.,"Browse our extensive range of bracelet. Expertly selected for quality, durability, and performance. Whether you're competing or riding for leisure, find exactly what you need at The Equestrian.",Bracelet,/rider/jewellery,3,published,best-selling,[],[]
/rider/jewellery/necklaces,Necklace,Necklace | Premium Quality | The Equestrian,Shop Necklace at The Equestrian. Stylish and functional riding apparel. Wide range of top brands available. Free shipping over $100.,"Browse our extensive range of necklace. Expertly selected for quality, durability, and performance. Whether you're competing or riding for leisure, find exactly what you need at The Equestrian.",Necklace,/rider/jewellery,3,published,best-selling,[],[]
/rider/jewellery/earrings,Earrings,Earrings | Premium Quality | The Equestrian,Shop Earrings at The Equestrian. Stylish and functional riding apparel. Wide range of top brands available. Free shipping over $100.,"Browse our extensive range of earrings. Expertly selected for quality, durability, and performance. Whether you're competing or riding for leisure, find exactly what you need at The Equestrian.",Earrings,/rider/jewellery,3,published,best-selling,[],[]
/rider/jewellery/pendants,Pendants,Pendants | Premium Quality | The Equestrian,Shop Pendants at The Equestrian. Stylish and functional riding apparel. Wide range of top brands available. Free shipping over $100.,"Browse our extensive range of pendants. Expertly selected for quality, durability, and performance. Whether you're competing or riding for leisure, find exactly what you need at The Equestrian.",Pendants,/rider/jewellery,3,published,best-selling,[],[]
/rider/jewellery/rings,Rings,Rings | Premium Quality | The Equestrian,Shop Rings at The Equestrian. Stylish and functional riding apparel. Wide range of top brands available. Free shipping over $100.,"Browse our extensive range of rings. Expertly selected for quality, durability, and performance. Whether you're competing or riding for leisure, find exactly what you need at The Equestrian.",Rings,/rider/jewellery,3,published,best-selling,[],[]
/rider/jewellery/lockets,Locket,Locket | Premium Quality | The Equestrian,Shop Locket at The Equestrian. Stylish and functional riding apparel. Wide range of top brands available. Free shipping over $100.,"Browse our extensive range of locket. Expertly selected for quality, durability, and performance. Whether you're competing or riding for leisure, find exactly what you need at The Equestrian.",Locket,/rider/jewellery,3,published,best-selling,[],[]
/rider/jewellery/charms,Charm Bead,Charm Bead | Premium Quality | The Equestrian,Shop Charm Bead at The Equestrian. Stylish and functional riding apparel. Wide range of top brands available. Free shipping over $100.,"Browse our extensive range of charm bead. Expertly selected for quality, durability, and performance. Whether you're competing or riding for leisure, find exactly what you need at The Equestrian.",Charm Bead,/rider/jewellery,3,published,best-selling,[],[]
/rider/jewellery/cuffs,Cuff,Cuff | Premium Quality | The Equestrian,Shop Cuff at The Equestrian. Stylish and functional riding apparel. Wide range of top brands available. Free shipping over $100.,"Browse our extensive range of cuff. Expertly selected for quality, durability, and performance. Whether you're competing or riding for leisure, find exactly what you need at The Equestrian.",Cuff,/rider/jewellery,3,published,best-selling,[],[]
/rider/gloves,Gloves,Gloves | Buy Online | The Equestrian,Shop Gloves at The Equestrian. Stylish and functional riding apparel. Wide range of top brands available. Free shipping over $100.,"Browse our extensive range of gloves. Expertly selected for quality, durability, and performance. Whether you're competing or riding for leisure, find exactly what you need at The Equestrian.",Gloves,/rider,2,published,best-selling,[],[]
/rider/eyewear,Glasses & Goggles,Glasses & Goggles | Buy Online | The Equestrian,Shop Glasses & Goggles at The Equestrian. Stylish and functional riding apparel. Wide range of top brands available. Free shipping over $100.,"Browse our extensive range of glasses & goggles. Expertly selected for quality, durability, and performance. Whether you're competing or riding for leisure, find exactly what you need at The Equestrian.",Glasses & Goggles,/rider,2,published,best-selling,[],[]
/rider/spurs,Spurs & Straps,Spurs & Straps | Buy Online | The Equestrian,Shop Spurs & Straps at The Equestrian. Stylish and functional riding apparel. Wide range of top brands available. Free shipping over $100.,"Browse our extensive range of spurs & straps. Expertly selected for quality, durability, and performance. Whether you're competing or riding for leisure, find exactly what you need at The Equestrian.",Spurs & Straps,/rider,2,published,best-selling,[],[]
/rider/spurs/accessories,Spurs & Straps - Spurs Accessories,Spurs & Straps - Spurs Accessories | Premium Quality | The Equestrian,Shop Spurs & Straps - Spurs Accessories at The Equestrian. Stylish and functional riding apparel. Wide range of top brands available. Free shipping over $100.,"Browse our extensive range of spurs & straps - spurs accessories. Expertly selected for quality, durability, and performance. Whether you're competing or riding for leisure, find exactly what you need at The Equestrian.",Spurs & Straps - Spurs Accessories,/rider/spurs,3,published,best-selling,[],[]
/rider/luggage,Luggage,Luggage | Buy Online | The Equestrian,Shop Luggage at The Equestrian. Stylish and functional riding apparel. Wide range of top brands available. Free shipping over $100.,"Browse our extensive range of luggage. Expertly selected for quality, durability, and performance. Whether you're competing or riding for leisure, find exactly what you need at The Equestrian.",Luggage,/rider,2,published,best-selling,[],[]
/rider/luggage/wallets,Wallets & Handbags,Wallets & Handbags | Premium Quality | The Equestrian,Shop Wallets & Handbags at The Equestrian. Stylish and functional riding apparel. Wide range of top brands available. Free shipping over $100.,"Browse our extensive range of wallets & handbags. Expertly selected for quality, durability, and performance. Whether you're competing or riding for leisure, find exactly what you need at The Equestrian.",Wallets & Handbags,/rider/luggage,3,published,best-selling,[],[]
/rider/luggage/bags,Bag,Bag | Premium Quality | The Equestrian,Shop Bag at The Equestrian. Stylish and functional riding apparel. Wide range of top brands available. Free shipping over $100.,"Browse our extensive range of bag. Expertly selected for quality, durability, and performance. Whether you're competing or riding for leisure, find exactly what you need at The Equestrian.",Bag,/rider/luggage,3,published,best-selling,[],[]
/rider/luggage/handbags,Handbag,Handbag | Premium Quality | The Equestrian,Shop Handbag at The Equestrian. Stylish and functional riding apparel. Wide range of top brands available. Free shipping over $100.,"Browse our extensive range of handbag. Expertly selected for quality, durability, and performance. Whether you're competing or riding for leisure, find exactly what you need at The Equestrian.",Handbag,/rider/luggage,3,published,best-selling,[],[]
/rider/accessories,Rider Accessories,Rider Accessories | Buy Online | The Equestrian,Shop Rider Accessories at The Equestrian. Stylish and functional riding apparel. Wide range of top brands available. Free shipping over $100.,"Browse our extensive range of rider accessories. Expertly selected for quality, durability, and performance. Whether you're competing or riding for leisure, find exactly what you need at The Equestrian.",Rider Accessories,/rider,2,published,best-selling,[],[]
/rider/accessories/hair,Stocks & Hair Accessories,Stocks & Hair Accessories | Premium Quality | The Equestrian,Shop Stocks & Hair Accessories at The Equestrian. Stylish and functional riding apparel. Wide range of top brands available. Free shipping over $100.,"Browse our extensive range of stocks & hair accessories. Expertly selected for quality, durability, and performance. Whether you're competing or riding for leisure, find exactly what you need at The Equestrian.",Stocks & Hair Accessories,/rider/accessories,3,published,best-selling,[],[]
/rider/accessories/keychains,Key Chain Clip,Key Chain Clip | Premium Quality | The Equestrian,Shop Key Chain Clip at The Equestrian. Stylish and functional riding apparel. Wide range of top brands available. Free shipping over $100.,"Browse our extensive range of key chain clip. Expertly selected for quality, durability, and performance. Whether you're competing or riding for leisure, find exactly what you need at The Equestrian.",Key Chain Clip,/rider/accessories,3,published,best-selling,[],[]
/rider/accessories/studs,Studs,Studs | Premium Quality | The Equestrian,Shop Studs at The Equestrian. Stylish and functional riding apparel. Wide range of top brands available. Free shipping over $100.,"Browse our extensive range of studs. Expertly selected for quality, durability, and performance. Whether you're competing or riding for leisure, find exactly what you need at The Equestrian.",Studs,/rider/accessories,3,published,best-selling,[],[]
/rider/accessories/hatbands,Hatband,Hatband | Premium Quality | The Equestrian,Shop Hatband at The Equestrian. Stylish and functional riding apparel. Wide range of top brands available. Free shipping over $100.,"Browse our extensive range of hatband. Expertly selected for quality, durability, and performance. Whether you're competing or riding for leisure, find exactly what you need at The Equestrian.",Hatband,/rider/accessories,3,published,best-selling,[],[]
/rider/accessories/hats,Hats & Caps,Hats & Caps | Premium Quality | The Equestrian,Shop Hats & Caps at The Equestrian. Stylish and functional riding apparel. Wide range of top brands available. Free shipping over $100.,"Browse our extensive range of hats & caps. Expertly selected for quality, durability, and performance. Whether you're competing or riding for leisure, find exactly what you need at The Equestrian.",Hats & Caps,/rider/accessories,3,published,best-selling,[],[]
/rider/accessories/whips,Stockwhip,Stockwhip | Premium Quality | The Equestrian,Shop Stockwhip at The Equestrian. Stylish and functional riding apparel. Wide range of top brands available. Free shipping over $100.,"Browse our extensive range of stockwhip. Expertly selected for quality, durability, and performance. Whether you're competing or riding for leisure, find exactly what you need at The Equestrian.",Stockwhip,/rider/accessories,3,published,best-selling,[],[]
/rider/accessories/stocks,stock,stock | Premium Quality | The Equestrian,Shop stock at The Equestrian. Stylish and functional riding apparel. Wide range of top brands available. Free shipping over $100.,"Browse our extensive range of stock. Expertly selected for quality, durability, and performance. Whether you're competing or riding for leisure, find exactly what you need at The Equestrian.",stock,/rider/accessories,3,published,best-selling,[],[]
/rider/accessories/headbands,Head Band,Head Band | Premium Quality | The Equestrian,Shop Head Band at The Equestrian. Stylish and functional riding apparel. Wide range of top brands available. Free shipping over $100.,"Browse our extensive range of head band. Expertly selected for quality, durability, and performance. Whether you're competing or riding for leisure, find exactly what you need at The Equestrian.",Head Band,/rider/accessories,3,published,best-selling,[],[]
/rider/whips,Whips,Whips | Buy Online | The Equestrian,Shop Whips at The Equestrian. Stylish and functional riding apparel. Wide range of top brands available. Free shipping over $100.,"Browse our extensive range of whips. Expertly selected for quality, durability, and performance. Whether you're competing or riding for leisure, find exactly what you need at The Equestrian.",Whips,/rider,2,published,best-selling,[],[]
/rider/chaps,Chapettes & Gaiters,Chapettes & Gaiters | Buy Online | The Equestrian,Shop Chapettes & Gaiters at The Equestrian. Stylish and functional riding apparel. Wide range of top brands available. Free shipping over $100.,"Browse our extensive range of chapettes & gaiters. Expertly selected for quality, durability, and performance. Whether you're competing or riding for leisure, find exactly what you need at The Equestrian.",Chapettes & Gaiters,/rider,2,published,best-selling,[],[]
/rider/body-protectors,Body Protectors,Body Protectors | Buy Online | The Equestrian,Shop Body Protectors at The Equestrian. Stylish and functional riding apparel. Wide range of top brands available. Free shipping over $100.,"Browse our extensive range of body protectors. Expertly selected for quality, durability, and performance. Whether you're competing or riding for leisure, find exactly what you need at The Equestrian.",Body Protectors,/rider,2,published,best-selling,[],[]
/pet/dog,Dogs,Dogs | Buy Online | The Equestrian,Shop Dogs at The Equestrian. Premium supplies for your pets. Wide range of top brands available. Free shipping over $100.,"Browse our extensive range of dogs. Expertly selected for quality, durability, and performance. Whether you're competing or riding for leisure, find exactly what you need at The Equestrian.",Dogs,/pet,2,published,best-selling,[],[]
/pet/dog/collars-and-leads,Dog Collars & Leads,Dog Collars & Leads | Premium Quality | The Equestrian,Shop Dog Collars & Leads at The Equestrian. Premium supplies for your pets. Wide range of top brands available. Free shipping over $100.,"Browse our extensive range of dog collars & leads. Expertly selected for quality, durability, and performance. Whether you're competing or riding for leisure, find exactly what you need at The Equestrian.",Dog Collars & Leads,/pet/dog,3,published,best-selling,[],[]
/pet/dog/toys,Dog Toys,Dog Toys | Premium Quality | The Equestrian,Shop Dog Toys at The Equestrian. Premium supplies for your pets. Wide range of top brands available. Free shipping over $100.,"Browse our extensive range of dog toys. Expertly selected for quality, durability, and performance. Whether you're competing or riding for leisure, find exactly what you need at The Equestrian.",Dog Toys,/pet/dog,3,published,best-selling,[],[]
/pet/dog/treats,Dog Treats,Dog Treats | Premium Quality | The Equestrian,Shop Dog Treats at The Equestrian. Premium supplies for your pets. Wide range of top brands available. Free shipping over $100.,"Browse our extensive range of dog treats. Expertly selected for quality, durability, and performance. Whether you're competing or riding for leisure, find exactly what you need at The Equestrian.",Dog Treats,/pet/dog,3,published,best-selling,[],[]
/pet/dog/grooming,Dog Grooming & Coat Care,Dog Grooming & Coat Care | Premium Quality | The Equestrian,Shop Dog Grooming & Coat Care at The Equestrian. Premium supplies for your pets. Wide range of top brands available. Free shipping over $100.,"Browse our extensive range of dog grooming & coat care. Expertly selected for quality, durability, and performance. Whether you're competing or riding for leisure, find exactly what you need at The Equestrian.",Dog Grooming & Coat Care,/pet/dog,3,published,best-selling,[],[]
/pet/dog/accessories,Dog Accessories,Dog Accessories | Premium Quality | The Equestrian,Shop Dog Accessories at The Equestrian. Premium supplies for your pets. Wide range of top brands available. Free shipping over $100.,"Browse our extensive range of dog accessories. Expertly selected for quality, durability, and performance. Whether you're competing or riding for leisure, find exactly what you need at The Equestrian.",Dog Accessories,/pet/dog,3,published,best-selling,[],[]
/pet/dog/skin-care,Dog Potions & Lotions,Dog Potions & Lotions | Premium Quality | The Equestrian,Shop Dog Potions & Lotions at The Equestrian. Premium supplies for your pets. Wide range of top brands available. Free shipping over $100.,"Browse our extensive range of dog potions & lotions. Expertly selected for quality, durability, and performance. Whether you're competing or riding for leisure, find exactly what you need at The Equestrian.",Dog Potions & Lotions,/pet/dog,3,published,best-selling,[],[]
/pet/dog/walking,Dog Walking,Dog Walking | Premium Quality | The Equestrian,Shop Dog Walking at The Equestrian. Premium supplies for your pets. Wide range of top brands available. Free shipping over $100.,"Browse our extensive range of dog walking. Expertly selected for quality, durability, and performance. Whether you're competing or riding for leisure, find exactly what you need at The Equestrian.",Dog Walking,/pet/dog,3,published,best-selling,[],[]
/pet/dog/veterinary,Dog Wormer & Flea,Dog Wormer & Flea | Premium Quality | The Equestrian,Shop Dog Wormer & Flea at The Equestrian. Premium supplies for your pets. Wide range of top brands available. Free shipping over $100.,"Browse our extensive range of dog wormer & flea. Expertly selected for quality, durability, and performance. Whether you're competing or riding for leisure, find exactly what you need at The Equestrian.",Dog Wormer & Flea,/pet/dog,3,published,best-selling,[],[]
/pet/dog/coats-and-rugs,Dog Rugs & Fashion,Dog Rugs & Fashion | Premium Quality | The Equestrian,Shop Dog Rugs & Fashion at The Equestrian. Premium supplies for your pets. Wide range of top brands available. Free shipping over $100.,"Browse our extensive range of dog rugs & fashion. Expertly selected for quality, durability, and performance. Whether you're competing or riding for leisure, find exactly what you need at The Equestrian.",Dog Rugs & Fashion,/pet/dog,3,published,best-selling,[],[]
/pet/dog/kennels,Dog Kennels Carriers & Pens,Dog Kennels Carriers & Pens | Premium Quality | The Equestrian,Shop Dog Kennels Carriers & Pens at The Equestrian. Premium supplies for your pets. Wide range of top brands available. Free shipping over $100.,"Browse our extensive range of dog kennels carriers & pens. Expertly selected for quality, durability, and performance. Whether you're competing or riding for leisure, find exactly what you need at The Equestrian.",Dog Kennels Carriers & Pens,/pet/dog,3,published,best-selling,[],[]
/pet/dog/bedding,Dog Bedding,Dog Bedding | Premium Quality | The Equestrian,Shop Dog Bedding at The Equestrian. Premium supplies for your pets. Wide range of top brands available. Free shipping over $100.,"Browse our extensive range of dog bedding. Expertly selected for quality, durability, and performance. Whether you're competing or riding for leisure, find exactly what you need at The Equestrian.",Dog Bedding,/pet/dog,3,published,best-selling,[],[]
/pet/dog/food,Dog Food,Dog Food | Premium Quality | The Equestrian,Shop Dog Food at The Equestrian. Premium supplies for your pets. Wide range of top brands available. Free shipping over $100.,"Browse our extensive range of dog food. Expertly selected for quality, durability, and performance. Whether you're competing or riding for leisure, find exactly what you need at The Equestrian.",Dog Food,/pet/dog,3,published,best-selling,[],[]
/pet/dog/supplements,Dog Supplements,Dog Supplements | Premium Quality | The Equestrian,Shop Dog Supplements at The Equestrian. Premium supplies for your pets. Wide range of top brands available. Free shipping over $100.,"Browse our extensive range of dog supplements. Expertly selected for quality, durability, and performance. Whether you're competing or riding for leisure, find exactly what you need at The Equestrian.",Dog Supplements,/pet/dog,3,published,best-selling,[],[]
/pet/cat,Cat,Cat | Buy Online | The Equestrian,Shop Cat at The Equestrian. Premium supplies for your pets. Wide range of top brands available. Free shipping over $100.,"Browse our extensive range of cat. Expertly selected for quality, durability, and performance. Whether you're competing or riding for leisure, find exactly what you need at The Equestrian.",Cat,/pet,2,published,best-selling,[],[]
/pet/cat/toys,Cat Gyms & Toys,Cat Gyms & Toys | Premium Quality | The Equestrian,Shop Cat Gyms & Toys at The Equestrian. Premium supplies for your pets. Wide range of top brands available. Free shipping over $100.,"Browse our extensive range of cat gyms & toys. Expertly selected for quality, durability, and performance. Whether you're competing or riding for leisure, find exactly what you need at The Equestrian.",Cat Gyms & Toys,/pet/cat,3,published,best-selling,[],[]
/pet/cat/accessories,Cat Accessories,Cat Accessories | Premium Quality | The Equestrian,Shop Cat Accessories at The Equestrian. Premium supplies for your pets. Wide range of top brands available. Free shipping over $100.,"Browse our extensive range of cat accessories. Expertly selected for quality, durability, and performance. Whether you're competing or riding for leisure, find exactly what you need at The Equestrian.",Cat Accessories,/pet/cat,3,published,best-selling,[],[]
/pet/cat/food,Cat Food & Treats,Cat Food & Treats | Premium Quality | The Equestrian,Shop Cat Food & Treats at The Equestrian. Premium supplies for your pets. Wide range of top brands available. Free shipping over $100.,"Browse our extensive range of cat food & treats. Expertly selected for quality, durability, and performance. Whether you're competing or riding for leisure, find exactly what you need at The Equestrian.",Cat Food & Treats,/pet/cat,3,published,best-selling,[],[]
/pet/cat/litter,Cat Litter & Accessories,Cat Litter & Accessories | Premium Quality | The Equestrian,Shop Cat Litter & Accessories at The Equestrian. Premium supplies for your pets. Wide range of top brands available. Free shipping over $100.,"Browse our extensive range of cat litter & accessories. Expertly selected for quality, durability, and performance. Whether you're competing or riding for leisure, find exactly what you need at The Equestrian.",Cat Litter & Accessories,/pet/cat,3,published,best-selling,[],[]
/pet/cat/skin-care,Cat Potions & Lotions,Cat Potions & Lotions | Premium Quality | The Equestrian,Shop Cat Potions & Lotions at The Equestrian. Premium supplies for your pets. Wide range of top brands available. Free shipping over $100.,"Browse our extensive range of cat potions & lotions. Expertly selected for quality, durability, and performance. Whether you're competing or riding for leisure, find exactly what you need at The Equestrian.",Cat Potions & Lotions,/pet/cat,3,published,best-selling,[],[]
/pet/bird,Bird Assorted,Bird Assorted | Buy Online | The Equestrian,Shop Bird Assorted at The Equestrian. Premium supplies for your pets. Wide range of top brands available. Free shipping over $100.,"Browse our extensive range of bird assorted. Expertly selected for quality, durability, and performance. Whether you're competing or riding for leisure, find exactly what you need at The Equestrian.",Bird Assorted,/pet,2,published,best-selling,[],[]
/pet/bird/toys,Bird Toys,Bird Toys | Premium Quality | The Equestrian,Shop Bird Toys at The Equestrian. Premium supplies for your pets. Wide range of top brands available. Free shipping over $100.,"Browse our extensive range of bird toys. Expertly selected for quality, durability, and performance. Whether you're competing or riding for leisure, find exactly what you need at The Equestrian.",Bird Toys,/pet/bird,3,published,best-selling,[],[]
/pet/bird/cages,Bird Cages & Furniture,Bird Cages & Furniture | Premium Quality | The Equestrian,Shop Bird Cages & Furniture at The Equestrian. Premium supplies for your pets. Wide range of top brands available. Free shipping over $100.,"Browse our extensive range of bird cages & furniture. Expertly selected for quality, durability, and performance. Whether you're competing or riding for leisure, find exactly what you need at The Equestrian.",Bird Cages & Furniture,/pet/bird,3,published,best-selling,[],[]
/pet/bird/food,Bird Food & Treats,Bird Food & Treats | Premium Quality | The Equestrian,Shop Bird Food & Treats at The Equestrian. Premium supplies for your pets. Wide range of top brands available. Free shipping over $100.,"Browse our extensive range of bird food & treats. Expertly selected for quality, durability, and performance. Whether you're competing or riding for leisure, find exactly what you need at The Equestrian.",Bird Food & Treats,/pet/bird,3,published,best-selling,[],[]
/pet/bird/care,Bird Potions & Lotions,Bird Potions & Lotions | Premium Quality | The Equestrian,Shop Bird Potions & Lotions at The Equestrian. Premium supplies for your pets. Wide range of top brands available. Free shipping over $100.,"Browse our extensive range of bird potions & lotions. Expertly selected for quality, durability, and performance. Whether you're competing or riding for leisure, find exactly what you need at The Equestrian.",Bird Potions & Lotions,/pet/bird,3,published,best-selling,[],[]
/pet/small-animal,Small Animal,Small Animal | Buy Online | The Equestrian,Shop Small Animal at The Equestrian. Premium supplies for your pets. Wide range of top brands available. Free shipping over $100.,"Browse our extensive range of small animal. Expertly selected for quality, durability, and performance. Whether you're competing or riding for leisure, find exactly what you need at The Equestrian.",Small Animal,/pet,2,published,best-selling,[],[]
/pet/poultry,Poultry,Poultry | Buy Online | The Equestrian,Shop Poultry at The Equestrian. Premium supplies for your pets. Wide range of top brands available. Free shipping over $100.,"Browse our extensive range of poultry. Expertly selected for quality, durability, and performance. Whether you're competing or riding for leisure, find exactly what you need at The Equestrian.",Poultry,/pet,2,published,best-selling,[],[]
/pet/supplements,Pet Supplements,Pet Supplements | Buy Online | The Equestrian,Shop Pet Supplements at The Equestrian. Premium supplies for your pets. Wide range of top brands available. Free shipping over $100.,"Browse our extensive range of pet supplements. Expertly selected for quality, durability, and performance. Whether you're competing or riding for leisure, find exactly what you need at The Equestrian.",Pet Supplements,/pet,2,published,best-selling,[],[]
/pet/supplements/probiotics,probiotics,probiotics | Premium Quality | The Equestrian,Shop probiotics at The Equestrian. Premium supplies for your pets. Wide range of top brands available. Free shipping over $100.,"Browse our extensive range of probiotics. Expertly selected for quality, durability, and performance. Whether you're competing or riding for leisure, find exactly what you need at The Equestrian.",probiotics,/pet/supplements,3,published,best-selling,[],[]
/pet/pony,Shetland Pony,Shetland Pony | Buy Online | The Equestrian,Shop Shetland Pony at The Equestrian. Premium supplies for your pets. Wide range of top brands available. Free shipping over $100.,"Browse our extensive range of shetland pony. Expertly selected for quality, durability, and performance. Whether you're competing or riding for leisure, find exactly what you need at The Equestrian.",Shetland Pony,/pet,2,published,best-selling,[],[]
/accessories/collectibles,The Trail of Painted Ponies,The Trail of Painted Ponies | Buy Online | The Equestrian,Shop The Trail of Painted Ponies at The Equestrian. Quality equipment for horse and rider. Wide range of top brands available. Free shipping over $100.,"Browse our extensive range of the trail of painted ponies. Expertly selected for quality, durability, and performance. Whether you're competing or riding for leisure, find exactly what you need at The Equestrian.",The Trail of Painted Ponies,/accessories,2,published,best-selling,[],[]
/accessories/collectibles/resin,Resin,Resin | Premium Quality | The Equestrian,Shop Resin at The Equestrian. Quality equipment for horse and rider. Wide range of top brands available. Free shipping over $100.,"Browse our extensive range of resin. Expertly selected for quality, durability, and performance. Whether you're competing or riding for leisure, find exactly what you need at The Equestrian.",Resin,/accessories/collectibles,3,published,best-selling,[],[]
/accessories/brands/horseware,Horseware,Horseware | Premium Quality | The Equestrian,Shop Horseware at The Equestrian. Quality equipment for horse and rider. Wide range of top brands available. Free shipping over $100.,"Browse our extensive range of horseware. Expertly selected for quality, durability, and performance. Whether you're competing or riding for leisure, find exactly what you need at The Equestrian.",Horseware,/accessories/brands,3,published,best-selling,[],[]
/accessories/books,Books & Magazines,Books & Magazines | Buy Online | The Equestrian,Shop Books & Magazines at The Equestrian. Quality equipment for horse and rider. Wide range of top brands available. Free shipping over $100.,"Browse our extensive range of books & magazines. Expertly selected for quality, durability, and performance. Whether you're competing or riding for leisure, find exactly what you need at The Equestrian.",Books & Magazines,/accessories,2,published,best-selling,[],[]
/accessories/books/bookmarks,Bookmarks,Bookmarks | Premium Quality | The Equestrian,Shop Bookmarks at The Equestrian. Quality equipment for horse and rider. Wide range of top brands available. Free shipping over $100.,"Browse our extensive range of bookmarks. Expertly selected for quality, durability, and performance. Whether you're competing or riding for leisure, find exactly what you need at The Equestrian.",Bookmarks,/accessories/books,3,published,best-selling,[],[]
/accessories/gifts,Gift Set,Gift Set | Buy Online | The Equestrian,Shop Gift Set at The Equestrian. Quality equipment for horse and rider. Wide range of top brands available. Free shipping over $100.,"Browse our extensive range of gift set. Expertly selected for quality, durability, and performance. Whether you're competing or riding for leisure, find exactly what you need at The Equestrian.",Gift Set,/accessories,2,published,best-selling,[],[]
/accessories/gift-cards,Gift Card,Gift Card | Buy Online | The Equestrian,Shop Gift Card at The Equestrian. Quality equipment for horse and rider. Wide range of top brands available. Free shipping over $100.,"Browse our extensive range of gift card. Expertly selected for quality, durability, and performance. Whether you're competing or riding for leisure, find exactly what you need at The Equestrian.",Gift Card,/accessories,2,published,best-selling,[],[]
/accessories/tools,Knife,Knife | Buy Online | The Equestrian,Shop Knife at The Equestrian. Quality equipment for horse and rider. Wide range of top brands available. Free shipping over $100.,"Browse our extensive range of knife. Expertly selected for quality, durability, and performance. Whether you're competing or riding for leisure, find exactly what you need at The Equestrian.",Knife,/accessories,2,published,best-selling,[],[]
