url_path,h1_title,meta_title,meta_description,short_description,long_description,breadcrumb_label,parent_url,category_level,status,default_sort,faq_json,related_categories_json
/horse,Horse,Horse | The Equestrian,"Shop premium horse including horse boots, horse boots & bandages, horse boots & leg wraps, bits. Free shipping Australia-wide. Expert advice available.","Expertly selected for quality, durability, and performance. Whether you're competing or riding for leisure, find exactly what you need at The Equestrian.","<h2>Premium Horse</h2>
<p>Browse our specialized collection. All products in stock and ready to ship. Most orders dispatched within 24 hours Australia-wide.</p><h3>What Makes Great Horse?</h3>
<ul>
<li><strong>Premium Quality:</strong> Expertly crafted from the finest materials for lasting performance</li>
<li><strong>Functional Design:</strong> Thoughtfully engineered to meet the specific needs of horses and riders</li>
<li><strong>Trusted Brands:</strong> Products from manufacturers with proven track records</li>
<li><strong>Australian Ready:</strong> Suitable for our unique climate and conditions</li>
</ul>
",Horse,,1,published,best-selling,"[{""question"":""What horse do you stock?"",""answer"":""We stock a comprehensive range of horse from leading brands. All products are carefully selected for quality, durability, and performance. Browse our collection to find exactly what you need.""},{""question"":""Do you offer free shipping on horse?"",""answer"":""Yes! We offer free shipping Australia-wide on all orders. Most orders are dispatched within 24 hours, so you'll receive your horse quickly.""}]",[]
/rider,Rider,Rider | The Equestrian,"Shop premium rider including helmets, boots, gloves and safety vests. Free shipping Australia-wide. Expert advice available. Find the perfect gear for your...",Browse our extensive range of rider products.,"<h2>Essential Rider</h2>
<p>Discover our collection featuring safety-certified products from leading equestrian brands. Fast dispatch across Australia.</p><h3>What Makes Great Rider?</h3><ul><li><strong>Safety First:</strong> Certified protection that meets or exceeds industry standards</li><li><strong>Comfort:</strong> Ergonomic designs that you'll actually want to wear</li><li><strong>Quality Construction:</strong> Attention to detail that ensures longevity and reliability</li><li><strong>Professional Standards:</strong> Competition-approved gear trusted by top riders</li></ul><h3>Shop by Category</h3><p>Explore our specialized departments including <a href=""/rider/helmets"">helmets</a>, <a href=""/rider/giftware"">giftware</a>,<a href=""/rider/jewellery"">jewellery</a>, and <a href=""/rider/gloves"">gloves</a>, plus 7 more specialized categories. Each department is stocked with premium products from the world's leading brands.</p>",Rider,,1,published,best-selling,"[{""question"":""How do I choose the right rider?"",""answer"":""Consider your riding discipline, frequency, and personal preferences. Safety should always come first - look for certified products that meet current standards. Comfort is also crucial as you're more likely to use gear that feels good. Our team can help match you with the perfect rider for your needs.""},{""question"":""Are these products competition-approved?"",""answer"":""Most of our rider meet or exceed competition standards, but requirements vary by discipline and level. Check specific product descriptions for certification details, or contact us to confirm if an item is suitable for your competition needs.""}]","[{""url"":""/clothing/womens"",""title"":""Ladies' Riding Clothing"",""description"":""Complete your riding wardrobe""},{""url"":""/horse/tack"",""title"":""Horse Tack"",""description"":""Quality tack for horse and rider""}]"
/clothing,Clothing,Clothing | The Equestrian,"Shop premium clothing including breeches, jodhpurs, riding tops and jackets. Free shipping Australia-wide. Expert advice available. Find the perfect gear...",Browse our extensive range of clothing products.,"<h2>Stylish Clothing</h2>
<p>Explore our range designed for quality and performance. Trusted brands with fast Australian shipping.</p><h3>What Makes Great Clothing?</h3><ul><li><strong>Technical Fabrics:</strong> Advanced moisture-wicking and breathable materials that keep you comfortable in the saddle</li><li><strong>Perfect Fit:</strong> Designed specifically for riding with stretch panels and reinforced seams where you need them most</li><li><strong>Durability:</strong> Built to withstand daily wear, frequent washing, and the demands of equestrian life</li><li><strong>Style:</strong> Look professional in the arena and fashionable at the barn with timeless designs</li></ul><h3>Shop by Category</h3><p>Explore our specialized departments including <a href=""/clothing/womens"">womens & ladies clothing</a>, <a href=""/clothing/mens"">men's clothing</a>,<a href=""/clothing/kids"">kid's clothing</a>, and <a href=""/clothing/accessories"">clothing accessories</a>, plus 5 more specialized categories. Each department is stocked with premium products from the world's leading brands.</p>",Clothing,,1,published,best-selling,"[{""question"":""What size should I order?"",""answer"":""We recommend consulting our detailed size guide for each brand, as sizing can vary between manufacturers. Most riders find their regular size works well, but competition wear may run smaller. When in doubt, size up for comfort, especially for items you'll wear over base layers.""},{""question"":""How do I care for technical riding clothing?"",""answer"":""Wash in cold water on a gentle cycle and hang to dry to preserve technical fabrics. Avoid fabric softeners as they can reduce moisture-wicking properties. For competition wear, follow specific care instructions on the label. Proper care ensures your investment lasts for years.""}]",[]
/pet,Pet,Pet | The Equestrian,"Shop premium pet including dog collars & leads, dog toys, dog treats, treats. Free shipping Australia-wide. Expert pet advice available. Find quality products for your pet.",Expertly selected for quality and your pet's wellbeing. Find exactly what your pet needs at The Equestrian.,"<h2>Quality Pet</h2>
<p>Discover our comprehensive pet collection, carefully curated for quality and pet wellbeing. We stock only trusted brands. All products in stock and ready to ship Australia-wide.</p><h3>What Makes Great Pet?</h3>
<ul>
<li><strong>Premium Quality:</strong> Expertly selected products for your pet's comfort and happiness</li>
<li><strong>Trusted Brands:</strong> Products from manufacturers known for pet safety and quality</li>
<li><strong>Practical Design:</strong> Thoughtfully engineered for pets and their owners</li>
<li><strong>Great Value:</strong> Durable products that provide long-lasting use</li>
</ul>
<h3>Shop by Category</h3>
<p>Browse our specialized categories including <a href=""/pet/dog"">dogs</a>, <a href=""/pet/cat"">cat</a>, <a href=""/pet/bird"">bird assorted</a>, <a href=""/pet/small-animal"">small animal</a>, <a href=""/pet/poultry"">poultry</a>. Each category features products from trusted pet brands.</p>
",Pet,,1,published,best-selling,"[{""question"":""What pet do you stock?"",""answer"":""We stock a comprehensive range of pet from leading pet brands. All products are carefully selected for quality, safety, and pet wellbeing. Browse our collection to find exactly what you need.""},{""question"":""Do you offer free shipping on pet?"",""answer"":""Yes! We offer free shipping Australia-wide on all orders. Most orders are dispatched within 24 hours, so you'll receive your pet quickly.""}]",[]
/accessories,Accessories,Accessories | The Equestrian,"Shop premium accessories including the trail of painted ponies, books & magazines, books, horsewares. Free shipping Australia-wide. Expert advice available.",Browse our extensive range of accessories products.,"<h2>Premium Accessories</h2>
<p>Browse our specialized collection. All products in stock and ready to ship. Most orders dispatched within 24 hours Australia-wide.</p><h3>What Makes Great Accessories?</h3>
<ul>
<li><strong>Premium Quality:</strong> Expertly crafted from the finest materials for lasting performance</li>
<li><strong>Functional Design:</strong> Thoughtfully engineered to meet the specific needs of horses and riders</li>
<li><strong>Trusted Brands:</strong> Products from manufacturers with proven track records</li>
<li><strong>Australian Ready:</strong> Suitable for our unique climate and conditions</li>
</ul>
",Accessories,,1,published,best-selling,"[{""question"":""What accessories do you stock?"",""answer"":""We stock a comprehensive range of accessories from leading brands. All products are carefully selected for quality, durability, and performance. Browse our collection to find exactly what you need.""},{""question"":""Do you offer free shipping on accessories?"",""answer"":""Yes! We offer free shipping Australia-wide on all orders. Most orders are dispatched within 24 hours, so you'll receive your accessories quickly.""}]",[]
/clothing/womens,Womens & Ladies Clothing,Ladies Clothing | Buy Online | The Equestrian,"Shop premium womens & ladies clothing including ladies breeches, riding tights, competition shirts and show jackets. Free shipping Australia-wide. Expert...","Clothing - ladies clothing. Expertly selected for quality, durability, and performance. Whether you're competing or riding for leisure, find exactly what you need at The Equestrian.","<h2>Stylish Womens & Ladies Clothing</h2>
<p>Discover our comprehensive collection, carefully curated to meet the demands of equestrians at every level. From competition-ready gear to everyday essentials, we stock only the finest brands known for quality, durability, and performance. Each product has been expertly selected by our team of experienced professionals who understand what truly matters.</p><h3>What Makes Great Womens & Ladies Clothing?</h3><ul><li><strong>Technical Fabrics:</strong> Advanced moisture-wicking and breathable materials that keep you comfortable in the saddle</li><li><strong>Perfect Fit:</strong> Designed specifically for riding with stretch panels and reinforced seams where you need them most</li><li><strong>Durability:</strong> Built to withstand daily wear, frequent washing, and the demands of equestrian life</li><li><strong>Style:</strong> Look professional in the arena and fashionable at the barn with timeless designs</li></ul><h3>Shop by Type</h3><p>Browse our specialized categories including <a href=""/clothing/womens/breeches"">jodhpurs & breeches ladies</a>,<a href=""/clothing/womens/tights"">tights</a>, and <a href=""/clothing/womens/tops"">ladies shirt</a>. Each category features products from world-leading brands trusted by professional enthusiasts.</p>",Ladies & Women,/clothing,2,published,best-selling,"[{""question"":""What size should I order?"",""answer"":""We recommend consulting our detailed size guide for each brand, as sizing can vary between manufacturers. Most riders find their regular size works well, but competition wear may run smaller. When in doubt, size up for comfort, especially for items you'll wear over base layers.""},{""question"":""How do I care for technical riding clothing?"",""answer"":""Wash in cold water on a gentle cycle and hang to dry to preserve technical fabrics. Avoid fabric softeners as they can reduce moisture-wicking properties. For competition wear, follow specific care instructions on the label. Proper care ensures your investment lasts for years.""}]","[{""url"":""/clothing/footwear"",""title"":""Riding Footwear"",""description"":""Complete your outfit with quality boots""},{""url"":""/rider/helmets"",""title"":""Riding Helmets"",""description"":""Safety first with certified helmets""}]"
/clothing/womens/breeches,Jodhpurs & Breeches Ladies,Jodhpurs & Breeches Ladies | Premium Quality | The Equestrian,"Shop premium jodhpurs & breeches ladies including ladies breeches, riding tights, competition shirts and show jackets. Free shipping Australia-wide. Expert...","Expertly selected for quality, durability, and performance. Whether you're competing or riding for leisure, find exactly what you need at The Equestrian.","<h2>Stylish Jodhpurs & Breeches Ladies</h2>
<p>Browse our specialized collection. All products in stock and ready to ship. Most orders dispatched within 24 hours Australia-wide.</p><h3>What Makes Great Jodhpurs & Breeches Ladies?</h3><ul><li><strong>Technical Fabrics:</strong> Advanced moisture-wicking and breathable materials that keep you comfortable in the saddle</li><li><strong>Perfect Fit:</strong> Designed specifically for riding with stretch panels and reinforced seams where you need them most</li><li><strong>Durability:</strong> Built to withstand daily wear, frequent washing, and the demands of equestrian life</li><li><strong>Style:</strong> Look professional in the arena and fashionable at the barn with timeless designs</li></ul>",,/clothing/womens,3,published,best-selling,"[{""question"":""What size should I order?"",""answer"":""We recommend consulting our detailed size guide for each brand, as sizing can vary between manufacturers. Most riders find their regular size works well, but competition wear may run smaller. When in doubt, size up for comfort, especially for items you'll wear over base layers.""},{""question"":""How do I care for technical riding clothing?"",""answer"":""Wash in cold water on a gentle cycle and hang to dry to preserve technical fabrics. Avoid fabric softeners as they can reduce moisture-wicking properties. For competition wear, follow specific care instructions on the label. Proper care ensures your investment lasts for years.""}]","[{""url"":""/clothing/footwear"",""title"":""Riding Footwear"",""description"":""Complete your outfit with quality boots""},{""url"":""/rider/helmets"",""title"":""Riding Helmets"",""description"":""Safety first with certified helmets""}]"
/clothing/womens/tights,Tights,Tights | Premium Quality | The Equestrian,"Shop premium tights including ladies breeches, riding tights, competition shirts and show jackets. Free shipping Australia-wide. Expert advice available.","Expertly selected for quality, durability, and performance. Whether you're competing or riding for leisure, find exactly what you need at The Equestrian.","<h2>Stylish Tights</h2>
<p>Browse our specialized collection. All products in stock and ready to ship. Most orders dispatched within 24 hours Australia-wide.</p><h3>What Makes Great Tights?</h3><ul><li><strong>Technical Fabrics:</strong> Advanced moisture-wicking and breathable materials that keep you comfortable in the saddle</li><li><strong>Perfect Fit:</strong> Designed specifically for riding with stretch panels and reinforced seams where you need them most</li><li><strong>Durability:</strong> Built to withstand daily wear, frequent washing, and the demands of equestrian life</li><li><strong>Style:</strong> Look professional in the arena and fashionable at the barn with timeless designs</li></ul>",,/clothing/womens,3,published,best-selling,"[{""question"":""What size should I order?"",""answer"":""We recommend consulting our detailed size guide for each brand, as sizing can vary between manufacturers. Most riders find their regular size works well, but competition wear may run smaller. When in doubt, size up for comfort, especially for items you'll wear over base layers.""},{""question"":""How do I care for technical riding clothing?"",""answer"":""Wash in cold water on a gentle cycle and hang to dry to preserve technical fabrics. Avoid fabric softeners as they can reduce moisture-wicking properties. For competition wear, follow specific care instructions on the label. Proper care ensures your investment lasts for years.""}]","[{""url"":""/clothing/footwear"",""title"":""Riding Footwear"",""description"":""Complete your outfit with quality boots""},{""url"":""/rider/helmets"",""title"":""Riding Helmets"",""description"":""Safety first with certified helmets""}]"
/clothing/womens/tops,Ladies Shirt,Ladies Shirt | Premium Quality | The Equestrian,"Shop premium ladies shirt including ladies shirts, ladies tops. Free shipping Australia-wide. Expert advice available. Find the perfect gear for your needs.","Expertly selected for quality, durability, and performance. Whether you're competing or riding for leisure, find exactly what you need at The Equestrian.","<h2>Stylish Ladies Shirt</h2>
<p>Browse our specialized collection. All products in stock and ready to ship. Most orders dispatched within 24 hours Australia-wide.</p><h3>What Makes Great Ladies Shirt?</h3>
<ul>
<li><strong>Technical Fabrics:</strong> Advanced moisture-wicking and breathable materials that keep you comfortable in the saddle</li>
<li><strong>Perfect Fit:</strong> Designed specifically for riding with stretch panels and reinforced seams where you need them most</li>
<li><strong>Durability:</strong> Built to withstand the demands of daily riding and competition</li>
<li><strong>Professional Style:</strong> Classic designs that look sharp in the arena or stable yard</li>
</ul>
",,/clothing/womens,3,published,best-selling,"[{""question"":""What ladies shirt do you stock?"",""answer"":""We stock a comprehensive range of ladies shirt from leading brands. All products are carefully selected for quality, durability, and performance. Browse our collection to find exactly what you need.""},{""question"":""Do you offer free shipping on ladies shirt?"",""answer"":""Yes! We offer free shipping Australia-wide on all orders. Most orders are dispatched within 24 hours, so you'll receive your ladies shirt quickly.""}]","[{""url"":""/clothing/footwear"",""title"":""Riding Footwear"",""description"":""Complete your outfit with quality boots""},{""url"":""/rider/helmets"",""title"":""Riding Helmets"",""description"":""Safety first with certified helmets""}]"
/clothing/womens/casual,Casual Clothing Ladies,Casual Clothing Ladies | Premium Quality | The Equestrian,"Shop premium casual clothing ladies including ladies breeches, riding tights, competition shirts and show jackets. Free shipping Australia-wide. Expert...","Expertly selected for quality, durability, and performance. Whether you're competing or riding for leisure, find exactly what you need at The Equestrian.","<h2>Stylish Casual Clothing Ladies</h2>
<p>Browse our specialized collection. All products in stock and ready to ship. Most orders dispatched within 24 hours Australia-wide.</p><h3>What Makes Great Casual Clothing Ladies?</h3><ul><li><strong>Technical Fabrics:</strong> Advanced moisture-wicking and breathable materials that keep you comfortable in the saddle</li><li><strong>Perfect Fit:</strong> Designed specifically for riding with stretch panels and reinforced seams where you need them most</li><li><strong>Durability:</strong> Built to withstand daily wear, frequent washing, and the demands of equestrian life</li><li><strong>Style:</strong> Look professional in the arena and fashionable at the barn with timeless designs</li></ul>",,/clothing/womens,3,published,best-selling,"[{""question"":""What size should I order?"",""answer"":""We recommend consulting our detailed size guide for each brand, as sizing can vary between manufacturers. Most riders find their regular size works well, but competition wear may run smaller. When in doubt, size up for comfort, especially for items you'll wear over base layers.""},{""question"":""How do I care for technical riding clothing?"",""answer"":""For competition wear, follow specific care instructions on the label. Proper care ensures your investment lasts for years.""}]","[{""url"":""/clothing/footwear"",""title"":""Riding Footwear"",""description"":""Complete your outfit with quality boots""},{""url"":""/rider/helmets"",""title"":""Riding Helmets"",""description"":""Safety first with certified helmets""}]"
/clothing/womens/jeans,Womens Jeans,Womens Jeans | Premium Quality | The Equestrian,"Shop premium womens jeans including ladies breeches, riding tights, competition shirts and show jackets. Free shipping Australia-wide. Expert advice available.","Expertly selected for quality, durability, and performance. Whether you're competing or riding for leisure, find exactly what you need at The Equestrian.","<h2>Stylish Womens Jeans</h2>
<p>Browse our specialized collection. All products in stock and ready to ship. Most orders dispatched within 24 hours Australia-wide.</p><h3>What Makes Great Womens Jeans?</h3><ul><li><strong>Technical Fabrics:</strong> Advanced moisture-wicking and breathable materials that keep you comfortable in the saddle</li><li><strong>Perfect Fit:</strong> Designed specifically for riding with stretch panels and reinforced seams where you need them most</li><li><strong>Durability:</strong> Built to withstand daily wear, frequent washing, and the demands of equestrian life</li><li><strong>Style:</strong> Look professional in the arena and fashionable at the barn with timeless designs</li></ul>",,/clothing/womens,3,published,best-selling,"[{""question"":""What size should I order?"",""answer"":""We recommend consulting our detailed size guide for each brand, as sizing can vary between manufacturers. Most riders find their regular size works well, but competition wear may run smaller. When in doubt, size up for comfort, especially for items you'll wear over base layers.""},{""question"":""How do I care for technical riding clothing?"",""answer"":""Wash in cold water on a gentle cycle and hang to dry to preserve technical fabrics. Avoid fabric softeners as they can reduce moisture-wicking properties. For competition wear, follow specific care instructions on the label. Proper care ensures your investment lasts for years.""}]","[{""url"":""/clothing/footwear"",""title"":""Riding Footwear"",""description"":""Complete your outfit with quality boots""},{""url"":""/rider/helmets"",""title"":""Riding Helmets"",""description"":""Safety first with certified helmets""}]"
/clothing/womens/leggings,Leggings,Leggings | Premium Quality | The Equestrian,"Shop premium leggings including ladies breeches, riding tights, competition shirts and show jackets. Free shipping Australia-wide. Expert advice available.","Expertly selected for quality, durability, and performance. Whether you're competing or riding for leisure, find exactly what you need at The Equestrian.","<h2>Stylish Leggings</h2>
<p>Browse our specialized collection. All products in stock and ready to ship. Most orders dispatched within 24 hours Australia-wide.</p><h3>What Makes Great Leggings?</h3><ul><li><strong>Technical Fabrics:</strong> Advanced moisture-wicking and breathable materials that keep you comfortable in the saddle</li><li><strong>Perfect Fit:</strong> Designed specifically for riding with stretch panels and reinforced seams where you need them most</li><li><strong>Durability:</strong> Built to withstand daily wear, frequent washing, and the demands of equestrian life</li><li><strong>Style:</strong> Look professional in the arena and fashionable at the barn with timeless designs</li></ul>",,/clothing/womens,3,published,best-selling,"[{""question"":""What size should I order?"",""answer"":""We recommend consulting our detailed size guide for each brand, as sizing can vary between manufacturers. Most riders find their regular size works well, but competition wear may run smaller. When in doubt, size up for comfort, especially for items you'll wear over base layers.""},{""question"":""How do I care for technical riding clothing?"",""answer"":""Wash in cold water on a gentle cycle and hang to dry to preserve technical fabrics. Avoid fabric softeners as they can reduce moisture-wicking properties. For competition wear, follow specific care instructions on the label. Proper care ensures your investment lasts for years.""}]","[{""url"":""/clothing/footwear"",""title"":""Riding Footwear"",""description"":""Complete your outfit with quality boots""},{""url"":""/rider/helmets"",""title"":""Riding Helmets"",""description"":""Safety first with certified helmets""}]"
/clothing/womens/jackets,Ladies jacket,ladies jacket | Premium Quality | The Equestrian,Shop premium ladies jacket including ladies jackets. Free shipping Australia-wide. Expert advice available. Find the perfect gear for your needs.,"Expertly selected for quality, durability, and performance. Whether you're competing or riding for leisure, find exactly what you need at The Equestrian.","<h2>Stylish ladies jacket</h2>
<p>Browse our specialized collection. All products in stock and ready to ship. Most orders dispatched within 24 hours Australia-wide.</p><h3>What Makes Great ladies jacket?</h3>
<ul>
<li><strong>Technical Fabrics:</strong> Advanced moisture-wicking and breathable materials that keep you comfortable in the saddle</li>
<li><strong>Perfect Fit:</strong> Designed specifically for riding with stretch panels and reinforced seams where you need them most</li>
<li><strong>Durability:</strong> Built to withstand the demands of daily riding and competition</li>
<li><strong>Professional Style:</strong> Classic designs that look sharp in the arena or stable yard</li>
</ul>
",,/clothing/womens,3,published,best-selling,"[{""question"":""What ladies jacket do you stock?"",""answer"":""We stock a comprehensive range of ladies jacket from leading brands. All products are carefully selected for quality, durability, and performance. Browse our collection to find exactly what you need.""},{""question"":""Do you offer free shipping on ladies jacket?"",""answer"":""Yes! We offer free shipping Australia-wide on all orders. Most orders are dispatched within 24 hours, so you'll receive your ladies jacket quickly.""}]","[{""url"":""/clothing/footwear"",""title"":""Riding Footwear"",""description"":""Complete your outfit with quality boots""},{""url"":""/rider/helmets"",""title"":""Riding Helmets"",""description"":""Safety first with certified helmets""}]"
/clothing/mens,Men's Clothing,Clothing - Men's Clothing | Buy Online | The Equestrian,"Shop premium men's clothing including men's breeches, riding shirts, show jackets and polo shirts. Free shipping Australia-wide. Expert advice available.","Clothing - men's clothing. Expertly selected for quality, durability, and performance. Whether you're competing or riding for leisure, find exactly what you need at The Equestrian.","<h2>Stylish Men's Clothing</h2>
<p>Discover our comprehensive collection, carefully curated to meet the demands of equestrians at every level. From competition-ready gear to everyday essentials, we stock only the finest brands known for quality, durability, and performance. Each product has been expertly selected by our team of experienced professionals who understand what truly matters.</p><h3>What Makes Great Men's Clothing?</h3><ul><li><strong>Technical Fabrics:</strong> Advanced moisture-wicking and breathable materials that keep you comfortable in the saddle</li><li><strong>Perfect Fit:</strong> Designed specifically for riding with stretch panels and reinforced seams where you need them most</li><li><strong>Durability:</strong> Built to withstand daily wear, frequent washing, and the demands of equestrian life</li><li><strong>Style:</strong> Look professional in the arena and fashionable at the barn with timeless designs</li></ul><h3>Shop by Type</h3><p>Browse our specialized categories including <a href=""/clothing/mens/jeans"">jeans</a>,<a href=""/clothing/mens/show-shirts"">mens show shirt</a>, and <a href=""/clothing/mens/breeches"">mens breeches</a>. Each category features products from world-leading brands trusted by professional enthusiasts.</p>",,/clothing,2,published,best-selling,"[{""question"":""What size should I order?"",""answer"":""We recommend consulting our detailed size guide for each brand, as sizing can vary between manufacturers. Most riders find their regular size works well, but competition wear may run smaller. When in doubt, size up for comfort, especially for items you'll wear over base layers.""},{""question"":""How do I care for technical riding clothing?"",""answer"":""Wash in cold water on a gentle cycle and hang to dry to preserve technical fabrics. Avoid fabric softeners as they can reduce moisture-wicking properties. For competition wear, follow specific care instructions on the label. Proper care ensures your investment lasts for years.""}]",[]
/clothing/mens/jeans,Jeans,Jeans | Premium Quality | The Equestrian,"Shop premium jeans including men's breeches, riding shirts, show jackets and polo shirts. Free shipping Australia-wide. Expert advice available. Find the...","Expertly selected for quality, durability, and performance. Whether you're competing or riding for leisure, find exactly what you need at The Equestrian.","<h2>Stylish Jeans</h2>
<p>Browse our specialized collection. All products in stock and ready to ship. Most orders dispatched within 24 hours Australia-wide.</p><h3>What Makes Great Jeans?</h3><ul><li><strong>Technical Fabrics:</strong> Advanced moisture-wicking and breathable materials that keep you comfortable in the saddle</li><li><strong>Perfect Fit:</strong> Designed specifically for riding with stretch panels and reinforced seams where you need them most</li><li><strong>Durability:</strong> Built to withstand daily wear, frequent washing, and the demands of equestrian life</li><li><strong>Style:</strong> Look professional in the arena and fashionable at the barn with timeless designs</li></ul>",,/clothing/mens,3,published,best-selling,"[{""question"":""What size should I order?"",""answer"":""We recommend consulting our detailed size guide for each brand, as sizing can vary between manufacturers. Most riders find their regular size works well, but competition wear may run smaller. When in doubt, size up for comfort, especially for items you'll wear over base layers.""},{""question"":""How do I care for technical riding clothing?"",""answer"":""Wash in cold water on a gentle cycle and hang to dry to preserve technical fabrics. Avoid fabric softeners as they can reduce moisture-wicking properties. For competition wear, follow specific care instructions on the label. Proper care ensures your investment lasts for years.""}]",[]
/clothing/mens/show-shirts,Mens Show Shirt,Mens Show Shirt | Premium Quality | The Equestrian,Shop premium mens show shirt including mens show shirts. Free shipping Australia-wide. Expert advice available. Find the perfect gear for your needs.,"Expertly selected for quality, durability, and performance. Whether you're competing or riding for leisure, find exactly what you need at The Equestrian.","<h2>Professional Mens Show Shirt</h2>
<p>Browse our specialized collection. All products in stock and ready to ship. Most orders dispatched within 24 hours Australia-wide.</p><h3>What Makes Great Mens Show Shirt?</h3>
<ul>
<li><strong>Technical Fabrics:</strong> Advanced moisture-wicking and breathable materials that keep you comfortable in the saddle</li>
<li><strong>Perfect Fit:</strong> Designed specifically for riding with stretch panels and reinforced seams where you need them most</li>
<li><strong>Durability:</strong> Built to withstand the demands of daily riding and competition</li>
<li><strong>Professional Style:</strong> Classic designs that look sharp in the arena or stable yard</li>
</ul>
",,/clothing/mens,3,published,best-selling,"[{""question"":""What mens show shirt do you stock?"",""answer"":""We stock a comprehensive range of mens show shirt from leading brands. All products are carefully selected for quality, durability, and performance. Browse our collection to find exactly what you need.""},{""question"":""Do you offer free shipping on mens show shirt?"",""answer"":""Yes! We offer free shipping Australia-wide on all orders. Most orders are dispatched within 24 hours, so you'll receive your mens show shirt quickly.""}]",[]
/clothing/mens/breeches,Mens Breeches,Mens Breeches | Premium Quality | The Equestrian,"Shop premium mens breeches including men's breeches, riding shirts, show jackets and polo shirts. Free shipping Australia-wide. Expert advice available.","Expertly selected for quality, durability, and performance. Whether you're competing or riding for leisure, find exactly what you need at The Equestrian.","<h2>Stylish Mens Breeches</h2>
<p>Browse our specialized collection. All products in stock and ready to ship. Most orders dispatched within 24 hours Australia-wide.</p><h3>What Makes Great Mens Breeches?</h3><ul><li><strong>Technical Fabrics:</strong> Advanced moisture-wicking and breathable materials that keep you comfortable in the saddle</li><li><strong>Perfect Fit:</strong> Designed specifically for riding with stretch panels and reinforced seams where you need them most</li><li><strong>Durability:</strong> Built to withstand daily wear, frequent washing, and the demands of equestrian life</li><li><strong>Style:</strong> Look professional in the arena and fashionable at the barn with timeless designs</li></ul>",,/clothing/mens,3,published,best-selling,"[{""question"":""What size should I order?"",""answer"":""We recommend consulting our detailed size guide for each brand, as sizing can vary between manufacturers. Most riders find their regular size works well, but competition wear may run smaller. When in doubt, size up for comfort, especially for items you'll wear over base layers.""},{""question"":""How do I care for technical riding clothing?"",""answer"":""Wash in cold water on a gentle cycle and hang to dry to preserve technical fabrics. Avoid fabric softeners as they can reduce moisture-wicking properties. For competition wear, follow specific care instructions on the label. Proper care ensures your investment lasts for years.""}]",[]
/clothing/mens/trousers,Trousers,Trousers | Premium Quality | The Equestrian,"Shop premium trousers including men's breeches, riding shirts, show jackets and polo shirts. Free shipping Australia-wide. Expert advice available. Find...","Expertly selected for quality, durability, and performance. Whether you're competing or riding for leisure, find exactly what you need at The Equestrian.","<h2>Stylish Trousers</h2>
<p>Browse our specialized collection. All products in stock and ready to ship. Most orders dispatched within 24 hours Australia-wide.</p><h3>What Makes Great Trousers?</h3><ul><li><strong>Technical Fabrics:</strong> Advanced moisture-wicking and breathable materials that keep you comfortable in the saddle</li><li><strong>Perfect Fit:</strong> Designed specifically for riding with stretch panels and reinforced seams where you need them most</li><li><strong>Durability:</strong> Built to withstand daily wear, frequent washing, and the demands of equestrian life</li><li><strong>Style:</strong> Look professional in the arena and fashionable at the barn with timeless designs</li></ul>",,/clothing/mens,3,published,best-selling,"[{""question"":""What size should I order?"",""answer"":""We recommend consulting our detailed size guide for each brand, as sizing can vary between manufacturers. Most riders find their regular size works well, but competition wear may run smaller. When in doubt, size up for comfort, especially for items you'll wear over base layers.""},{""question"":""How do I care for technical riding clothing?"",""answer"":""Wash in cold water on a gentle cycle and hang to dry to preserve technical fabrics. Avoid fabric softeners as they can reduce moisture-wicking properties. For competition wear, follow specific care instructions on the label. Proper care ensures your investment lasts for years.""}]",[]
/clothing/mens/casual,Casual Clothing Mens,Casual Clothing Mens | Premium Quality | The Equestrian,"Shop premium casual clothing mens including men's breeches, riding shirts, show jackets and polo shirts. Free shipping Australia-wide. Expert advice available.","Expertly selected for quality, durability, and performance. Whether you're competing or riding for leisure, find exactly what you need at The Equestrian.","<h2>Stylish Casual Clothing Mens</h2>
<p>Browse our specialized collection. All products in stock and ready to ship. Most orders dispatched within 24 hours Australia-wide.</p><h3>What Makes Great Casual Clothing Mens?</h3><ul><li><strong>Technical Fabrics:</strong> Advanced moisture-wicking and breathable materials that keep you comfortable in the saddle</li><li><strong>Perfect Fit:</strong> Designed specifically for riding with stretch panels and reinforced seams where you need them most</li><li><strong>Durability:</strong> Built to withstand daily wear, frequent washing, and the demands of equestrian life</li><li><strong>Style:</strong> Look professional in the arena and fashionable at the barn with timeless designs</li></ul>",,/clothing/mens,3,published,best-selling,"[{""question"":""What size should I order?"",""answer"":""We recommend consulting our detailed size guide for each brand, as sizing can vary between manufacturers. Most riders find their regular size works well, but competition wear may run smaller. When in doubt, size up for comfort, especially for items you'll wear over base layers.""},{""question"":""How do I care for technical riding clothing?"",""answer"":""For competition wear, follow specific care instructions on the label. Proper care ensures your investment lasts for years.""}]",[]
/clothing/kids,Kid's Clothing,Clothing - Kid's Clothing | Buy Online | The Equestrian,"Shop premium kid's clothing including clothing - kid's clothing, kids, clothing childs, kids footwears. Free shipping Australia-wide. Expert advice available.","Clothing - kid's clothing. Expertly selected for quality, durability, and performance. Whether you're competing or riding for leisure, find exactly what you need at The Equestrian.","<h2>Stylish Kid's Clothing</h2>
<p>Browse our specialized collection. All products in stock and ready to ship. Most orders dispatched within 24 hours Australia-wide.</p><h3>What Makes Great Kid's Clothing?</h3>
<ul>
<li><strong>Technical Fabrics:</strong> Advanced moisture-wicking and breathable materials that keep you comfortable in the saddle</li>
<li><strong>Perfect Fit:</strong> Designed specifically for riding with stretch panels and reinforced seams where you need them most</li>
<li><strong>Durability:</strong> Built to withstand the demands of daily riding and competition</li>
<li><strong>Professional Style:</strong> Classic designs that look sharp in the arena or stable yard</li>
</ul>
",,/clothing,2,published,best-selling,"[{""question"":""What kid's clothing do you stock?"",""answer"":""We stock a comprehensive range of kid's clothing from leading brands. All products are carefully selected for quality, durability, and performance. Browse our collection to find exactly what you need.""},{""question"":""Do you offer free shipping on kid's clothing?"",""answer"":""Yes! We offer free shipping Australia-wide on all orders. Most orders are dispatched within 24 hours, so you'll receive your kid's clothing quickly.""}]",[]
/clothing/kids/footwear,Kids Footwear,Kids Footwear | Premium Quality | The Equestrian,Shop premium kids footwear including kids footwears. Free shipping Australia-wide. Expert advice available. Find the perfect gear for your needs.,"Expertly selected for quality, durability, and performance. Whether you're competing or riding for leisure, find exactly what you need at The Equestrian.","<h2>Quality Kids Footwear</h2>
<p>Browse our specialized collection. All products in stock and ready to ship. Most orders dispatched within 24 hours Australia-wide.</p><h3>What Makes Great Kids Footwear?</h3>
<ul>
<li><strong>Superior Comfort:</strong> Cushioned insoles and supportive construction for long hours in the saddle</li>
<li><strong>Premium Materials:</strong> Quality leather that molds to your foot over time</li>
<li><strong>Excellent Grip:</strong> Non-slip soles designed for safety in stirrups and on stable floors</li>
<li><strong>Lasting Durability:</strong> Reinforced stitching and quality construction for years of wear</li>
</ul>
",,/clothing/kids,3,published,best-selling,"[{""question"":""What kids footwear do you stock?"",""answer"":""We stock a comprehensive range of kids footwear from leading brands. All products are carefully selected for quality, durability, and performance. Browse our collection to find exactly what you need.""},{""question"":""Do you offer free shipping on kids footwear?"",""answer"":""Yes! We offer free shipping Australia-wide on all orders. Most orders are dispatched within 24 hours, so you'll receive your kids footwear quickly.""}]",[]
/clothing/kids/breeches,Jodhpurs & Breeches Childs,Jodhpurs & Breeches Childs | Premium Quality | The Equestrian,"Shop premium jodhpurs & breeches childs including children's breeches, jodhpurs, riding tops and show jackets. Free shipping Australia-wide. Expert advice...","Expertly selected for quality, durability, and performance. Whether you're competing or riding for leisure, find exactly what you need at The Equestrian.","<h2>Stylish Jodhpurs & Breeches Childs</h2>
<p>Browse our specialized collection. All products in stock and ready to ship. Most orders dispatched within 24 hours Australia-wide.</p><h3>What Makes Great Jodhpurs & Breeches Childs?</h3><ul><li><strong>Technical Fabrics:</strong> Advanced moisture-wicking and breathable materials that keep you comfortable in the saddle</li><li><strong>Perfect Fit:</strong> Designed specifically for riding with stretch panels and reinforced seams where you need them most</li><li><strong>Durability:</strong> Built to withstand daily wear, frequent washing, and the demands of equestrian life</li><li><strong>Style:</strong> Look professional in the arena and fashionable at the barn with timeless designs</li></ul>",,/clothing/kids,3,published,best-selling,"[{""question"":""What size should I order?"",""answer"":""We recommend consulting our detailed size guide for each brand, as sizing can vary between manufacturers. Most riders find their regular size works well, but competition wear may run smaller. When in doubt, size up for comfort, especially for items you'll wear over base layers.""},{""question"":""How do I care for technical riding clothing?"",""answer"":""Wash in cold water on a gentle cycle and hang to dry to preserve technical fabrics. Avoid fabric softeners as they can reduce moisture-wicking properties. For competition wear, follow specific care instructions on the label. Proper care ensures your investment lasts for years.""}]",[]
/clothing/kids/show-jackets,Boys Competition Jacket,Boys Competition Jacket | Premium Quality | The Equestrian,"Shop premium boys competition jacket including boys competition jackets, girls competition jackets. Free shipping Australia-wide. Expert advice available.","Expertly selected for quality, durability, and performance. Whether you're competing or riding for leisure, find exactly what you need at The Equestrian.","<h2>Professional Boys Competition Jacket</h2>
<p>Browse our specialized collection. All products in stock and ready to ship. Most orders dispatched within 24 hours Australia-wide.</p><h3>What Makes Great Boys Competition Jacket?</h3>
<ul>
<li><strong>Technical Fabrics:</strong> Advanced moisture-wicking and breathable materials that keep you comfortable in the saddle</li>
<li><strong>Perfect Fit:</strong> Designed specifically for riding with stretch panels and reinforced seams where you need them most</li>
<li><strong>Durability:</strong> Built to withstand the demands of daily riding and competition</li>
<li><strong>Professional Style:</strong> Classic designs that look sharp in the arena or stable yard</li>
</ul>
",,/clothing/kids,3,published,best-selling,"[{""question"":""What boys competition jacket do you stock?"",""answer"":""We stock a comprehensive range of boys competition jacket from leading brands. All products are carefully selected for quality, durability, and performance. Browse our collection to find exactly what you need.""},{""question"":""Do you offer free shipping on boys competition jacket?"",""answer"":""Yes! We offer free shipping Australia-wide on all orders. Most orders are dispatched within 24 hours, so you'll receive your boys competition jacket quickly.""}]",[]
/clothing/kids/tops,Girls Shirt,Girls Shirt | Premium Quality | The Equestrian,Shop premium girls shirt including girls shirts. Free shipping Australia-wide. Expert advice available. Find the perfect gear for your needs.,"Expertly selected for quality, durability, and performance. Whether you're competing or riding for leisure, find exactly what you need at The Equestrian.","<h2>Stylish Girls Shirt</h2>
<p>Browse our specialized collection. All products in stock and ready to ship. Most orders dispatched within 24 hours Australia-wide.</p><h3>What Makes Great Girls Shirt?</h3>
<ul>
<li><strong>Technical Fabrics:</strong> Advanced moisture-wicking and breathable materials that keep you comfortable in the saddle</li>
<li><strong>Perfect Fit:</strong> Designed specifically for riding with stretch panels and reinforced seams where you need them most</li>
<li><strong>Durability:</strong> Built to withstand the demands of daily riding and competition</li>
<li><strong>Professional Style:</strong> Classic designs that look sharp in the arena or stable yard</li>
</ul>
",,/clothing/kids,3,published,best-selling,"[{""question"":""What girls shirt do you stock?"",""answer"":""We stock a comprehensive range of girls shirt from leading brands. All products are carefully selected for quality, durability, and performance. Browse our collection to find exactly what you need.""},{""question"":""Do you offer free shipping on girls shirt?"",""answer"":""Yes! We offer free shipping Australia-wide on all orders. Most orders are dispatched within 24 hours, so you'll receive your girls shirt quickly.""}]",[]
/clothing/kids/show-shirts,Boys Show Shirt,Boys Show Shirt | Premium Quality | The Equestrian,Shop premium boys show shirt including boys show shirts. Free shipping Australia-wide. Expert advice available. Find the perfect gear for your needs.,"Expertly selected for quality, durability, and performance. Whether you're competing or riding for leisure, find exactly what you need at The Equestrian.","<h2>Professional Boys Show Shirt</h2>
<p>Browse our specialized collection. All products in stock and ready to ship. Most orders dispatched within 24 hours Australia-wide.</p><h3>What Makes Great Boys Show Shirt?</h3>
<ul>
<li><strong>Technical Fabrics:</strong> Advanced moisture-wicking and breathable materials that keep you comfortable in the saddle</li>
<li><strong>Perfect Fit:</strong> Designed specifically for riding with stretch panels and reinforced seams where you need them most</li>
<li><strong>Durability:</strong> Built to withstand the demands of daily riding and competition</li>
<li><strong>Professional Style:</strong> Classic designs that look sharp in the arena or stable yard</li>
</ul>
",,/clothing/kids,3,published,best-selling,"[{""question"":""What boys show shirt do you stock?"",""answer"":""We stock a comprehensive range of boys show shirt from leading brands. All products are carefully selected for quality, durability, and performance. Browse our collection to find exactly what you need.""},{""question"":""Do you offer free shipping on boys show shirt?"",""answer"":""Yes! We offer free shipping Australia-wide on all orders. Most orders are dispatched within 24 hours, so you'll receive your boys show shirt quickly.""}]",[]
/clothing/kids/casual,Casual Clothing Childs,Casual Clothing Childs | Premium Quality | The Equestrian,"Shop premium casual clothing childs including children's breeches, jodhpurs, riding tops and show jackets. Free shipping Australia-wide. Expert advice...","Expertly selected for quality, durability, and performance. Whether you're competing or riding for leisure, find exactly what you need at The Equestrian.","<h2>Stylish Casual Clothing Childs</h2>
<p>Browse our specialized collection. All products in stock and ready to ship. Most orders dispatched within 24 hours Australia-wide.</p><h3>What Makes Great Casual Clothing Childs?</h3><ul><li><strong>Technical Fabrics:</strong> Advanced moisture-wicking and breathable materials that keep you comfortable in the saddle</li><li><strong>Perfect Fit:</strong> Designed specifically for riding with stretch panels and reinforced seams where you need them most</li><li><strong>Durability:</strong> Built to withstand daily wear, frequent washing, and the demands of equestrian life</li><li><strong>Style:</strong> Look professional in the arena and fashionable at the barn with timeless designs</li></ul>",,/clothing/kids,3,published,best-selling,"[{""question"":""What size should I order?"",""answer"":""We recommend consulting our detailed size guide for each brand, as sizing can vary between manufacturers. Most riders find their regular size works well, but competition wear may run smaller. When in doubt, size up for comfort, especially for items you'll wear over base layers.""},{""question"":""How do I care for technical riding clothing?"",""answer"":""For competition wear, follow specific care instructions on the label. Proper care ensures your investment lasts for years.""}]",[]
/clothing/kids/jackets,Kids Jacket,Kids Jacket | Premium Quality | The Equestrian,Shop premium kids jacket including kids jackets. Free shipping Australia-wide. Expert advice available. Find the perfect gear for your needs.,"Expertly selected for quality, durability, and performance. Whether you're competing or riding for leisure, find exactly what you need at The Equestrian.","<h2>Quality Kids Jacket</h2>
<p>Browse our specialized collection. All products in stock and ready to ship. Most orders dispatched within 24 hours Australia-wide.</p><h3>What Makes Great Kids Jacket?</h3>
<ul>
<li><strong>Technical Fabrics:</strong> Advanced moisture-wicking and breathable materials that keep you comfortable in the saddle</li>
<li><strong>Perfect Fit:</strong> Designed specifically for riding with stretch panels and reinforced seams where you need them most</li>
<li><strong>Durability:</strong> Built to withstand the demands of daily riding and competition</li>
<li><strong>Professional Style:</strong> Classic designs that look sharp in the arena or stable yard</li>
</ul>
",,/clothing/kids,3,published,best-selling,"[{""question"":""What kids jacket do you stock?"",""answer"":""We stock a comprehensive range of kids jacket from leading brands. All products are carefully selected for quality, durability, and performance. Browse our collection to find exactly what you need.""},{""question"":""Do you offer free shipping on kids jacket?"",""answer"":""Yes! We offer free shipping Australia-wide on all orders. Most orders are dispatched within 24 hours, so you'll receive your kids jacket quickly.""}]",[]
/clothing/accessories,Clothing Accessories,Clothing - Clothing Accessories | Buy Online | The Equestrian,"Shop premium clothing accessories including breeches, jodhpurs, riding tops and jackets. Free shipping Australia-wide. Expert advice available. Find the...","Clothing - clothing accessories. Expertly selected for quality, durability, and performance. Whether you're competing or riding for leisure, find exactly what you need at The Equestrian.","<h2>Stylish Clothing Accessories</h2>
<p>Discover our comprehensive collection, carefully curated to meet the demands of equestrians at every level. From competition-ready gear to everyday essentials, we stock only the finest brands known for quality, durability, and performance. Each product has been expertly selected by our team of experienced professionals who understand what truly matters.</p><h3>What Makes Great Clothing Accessories?</h3><ul><li><strong>Technical Fabrics:</strong> Advanced moisture-wicking and breathable materials that keep you comfortable in the saddle</li><li><strong>Perfect Fit:</strong> Designed specifically for riding with stretch panels and reinforced seams where you need them most</li><li><strong>Durability:</strong> Built to withstand daily wear, frequent washing, and the demands of equestrian life</li><li><strong>Style:</strong> Look professional in the arena and fashionable at the barn with timeless designs</li></ul><h3>Shop by Type</h3><p>Browse our specialized categories including <a href=""/clothing/accessories/hats"">hats & accessories</a>,<a href=""/clothing/accessories/belts"">belts</a>, and <a href=""/clothing/accessories/socks"">socks</a>. Each category features products from world-leading brands trusted by professional enthusiasts.</p>",,/clothing,2,published,best-selling,"[{""question"":""What size should I order?"",""answer"":""We recommend consulting our detailed size guide for each brand, as sizing can vary between manufacturers. Most riders find their regular size works well, but competition wear may run smaller. When in doubt, size up for comfort, especially for items you'll wear over base layers.""},{""question"":""How do I care for technical riding clothing?"",""answer"":""Wash in cold water on a gentle cycle and hang to dry to preserve technical fabrics. Avoid fabric softeners as they can reduce moisture-wicking properties. For competition wear, follow specific care instructions on the label. Proper care ensures your investment lasts for years.""}]",[]
/clothing/accessories/hats,Hats & Accessories,Hats & Accessories | Premium Quality | The Equestrian,"Shop premium hats & accessories including breeches, jodhpurs, riding tops and jackets. Free shipping Australia-wide. Expert advice available. Find the...","Expertly selected for quality, durability, and performance. Whether you're competing or riding for leisure, find exactly what you need at The Equestrian.","<h2>Stylish Hats & Accessories</h2>
<p>Browse our specialized collection. All products in stock and ready to ship. Most orders dispatched within 24 hours Australia-wide.</p><h3>What Makes Great Hats & Accessories?</h3><ul><li><strong>Technical Fabrics:</strong> Advanced moisture-wicking and breathable materials that keep you comfortable in the saddle</li><li><strong>Perfect Fit:</strong> Designed specifically for riding with stretch panels and reinforced seams where you need them most</li><li><strong>Durability:</strong> Built to withstand daily wear, frequent washing, and the demands of equestrian life</li><li><strong>Style:</strong> Look professional in the arena and fashionable at the barn with timeless designs</li></ul>",,/clothing/accessories,3,published,best-selling,"[{""question"":""What size should I order?"",""answer"":""We recommend consulting our detailed size guide for each brand, as sizing can vary between manufacturers. Most riders find their regular size works well, but competition wear may run smaller. When in doubt, size up for comfort, especially for items you'll wear over base layers.""},{""question"":""How do I care for technical riding clothing?"",""answer"":""Wash in cold water on a gentle cycle and hang to dry to preserve technical fabrics. Avoid fabric softeners as they can reduce moisture-wicking properties. For competition wear, follow specific care instructions on the label. Proper care ensures your investment lasts for years.""}]",[]
/clothing/accessories/belts,Belts,Belts | Premium Quality | The Equestrian,"Shop premium belts including breeches, jodhpurs, riding tops and jackets. Free shipping Australia-wide. Expert advice available. Find the perfect gear for...","Expertly selected for quality, durability, and performance. Whether you're competing or riding for leisure, find exactly what you need at The Equestrian.","<h2>Stylish Belts</h2>
<p>Browse our specialized collection. All products in stock and ready to ship. Most orders dispatched within 24 hours Australia-wide.</p><h3>What Makes Great Belts?</h3><ul><li><strong>Technical Fabrics:</strong> Advanced moisture-wicking and breathable materials that keep you comfortable in the saddle</li><li><strong>Perfect Fit:</strong> Designed specifically for riding with stretch panels and reinforced seams where you need them most</li><li><strong>Durability:</strong> Built to withstand daily wear, frequent washing, and the demands of equestrian life</li><li><strong>Style:</strong> Look professional in the arena and fashionable at the barn with timeless designs</li></ul>",,/clothing/accessories,3,published,best-selling,"[{""question"":""What size should I order?"",""answer"":""We recommend consulting our detailed size guide for each brand, as sizing can vary between manufacturers. Most riders find their regular size works well, but competition wear may run smaller. When in doubt, size up for comfort, especially for items you'll wear over base layers.""},{""question"":""How do I care for technical riding clothing?"",""answer"":""Wash in cold water on a gentle cycle and hang to dry to preserve technical fabrics. Avoid fabric softeners as they can reduce moisture-wicking properties. For competition wear, follow specific care instructions on the label. Proper care ensures your investment lasts for years.""}]",[]
/clothing/accessories/socks,Socks,Socks | Premium Quality | The Equestrian,"Shop premium socks including breeches, jodhpurs, riding tops and jackets. Free shipping Australia-wide. Expert advice available. Find the perfect gear for...","Expertly selected for quality, durability, and performance. Whether you're competing or riding for leisure, find exactly what you need at The Equestrian.","<h2>Stylish Socks</h2>
<p>Browse our specialized collection. All products in stock and ready to ship. Most orders dispatched within 24 hours Australia-wide.</p><h3>What Makes Great Socks?</h3><ul><li><strong>Technical Fabrics:</strong> Advanced moisture-wicking and breathable materials that keep you comfortable in the saddle</li><li><strong>Perfect Fit:</strong> Designed specifically for riding with stretch panels and reinforced seams where you need them most</li><li><strong>Durability:</strong> Built to withstand daily wear, frequent washing, and the demands of equestrian life</li><li><strong>Style:</strong> Look professional in the arena and fashionable at the barn with timeless designs</li></ul>",,/clothing/accessories,3,published,best-selling,"[{""question"":""What size should I order?"",""answer"":""We recommend consulting our detailed size guide for each brand, as sizing can vary between manufacturers. Most riders find their regular size works well, but competition wear may run smaller. When in doubt, size up for comfort, especially for items you'll wear over base layers.""},{""question"":""How do I care for technical riding clothing?"",""answer"":""Wash in cold water on a gentle cycle and hang to dry to preserve technical fabrics. Avoid fabric softeners as they can reduce moisture-wicking properties. For competition wear, follow specific care instructions on the label. Proper care ensures your investment lasts for years.""}]",[]
/clothing/accessories/caps,Caps,Caps | Premium Quality | The Equestrian,Shop premium caps including caps. Free shipping Australia-wide. Expert advice available. Find the perfect gear for your needs.,"Expertly selected for quality, durability, and performance. Whether you're competing or riding for leisure, find exactly what you need at The Equestrian.","<h2>Stylish Caps</h2>
<p>Browse our specialized collection. All products in stock and ready to ship. Most orders dispatched within 24 hours Australia-wide.</p><h3>What Makes Great Caps?</h3>
<ul>
<li><strong>Technical Fabrics:</strong> Advanced moisture-wicking and breathable materials that keep you comfortable in the saddle</li>
<li><strong>Perfect Fit:</strong> Designed specifically for riding with stretch panels and reinforced seams where you need them most</li>
<li><strong>Durability:</strong> Built to withstand the demands of daily riding and competition</li>
<li><strong>Professional Style:</strong> Classic designs that look sharp in the arena or stable yard</li>
</ul>
",,/clothing/accessories,3,published,best-selling,"[{""question"":""What caps do you stock?"",""answer"":""We stock a comprehensive range of caps from leading brands. All products are carefully selected for quality, durability, and performance. Browse our collection to find exactly what you need.""},{""question"":""Do you offer free shipping on caps?"",""answer"":""Yes! We offer free shipping Australia-wide on all orders. Most orders are dispatched within 24 hours, so you'll receive your caps quickly.""}]",[]
/clothing/accessories/scarves,Scarf,Scarf | Premium Quality | The Equestrian,Shop premium scarf including scarfs. Free shipping Australia-wide. Expert advice available. Find the perfect gear for your needs.,"Expertly selected for quality, durability, and performance. Whether you're competing or riding for leisure, find exactly what you need at The Equestrian.","<h2>Stylish Scarf</h2>
<p>Browse our specialized collection. All products in stock and ready to ship. Most orders dispatched within 24 hours Australia-wide.</p><h3>What Makes Great Scarf?</h3>
<ul>
<li><strong>Technical Fabrics:</strong> Advanced moisture-wicking and breathable materials that keep you comfortable in the saddle</li>
<li><strong>Perfect Fit:</strong> Designed specifically for riding with stretch panels and reinforced seams where you need them most</li>
<li><strong>Durability:</strong> Built to withstand the demands of daily riding and competition</li>
<li><strong>Professional Style:</strong> Classic designs that look sharp in the arena or stable yard</li>
</ul>
",,/clothing/accessories,3,published,best-selling,"[{""question"":""What scarf do you stock?"",""answer"":""We stock a comprehensive range of scarf from leading brands. All products are carefully selected for quality, durability, and performance. Browse our collection to find exactly what you need.""},{""question"":""Do you offer free shipping on scarf?"",""answer"":""Yes! We offer free shipping Australia-wide on all orders. Most orders are dispatched within 24 hours, so you'll receive your scarf quickly.""}]",[]
/clothing/accessories/ties,Tie,tie | Premium Quality | The Equestrian,Shop premium tie including ties. Free shipping Australia-wide. Expert advice available. Find the perfect gear for your needs.,"Expertly selected for quality, durability, and performance. Whether you're competing or riding for leisure, find exactly what you need at The Equestrian.","<h2>Stylish tie</h2>
<p>Browse our specialized collection. All products in stock and ready to ship. Most orders dispatched within 24 hours Australia-wide.</p><h3>What Makes Great tie?</h3>
<ul>
<li><strong>Technical Fabrics:</strong> Advanced moisture-wicking and breathable materials that keep you comfortable in the saddle</li>
<li><strong>Perfect Fit:</strong> Designed specifically for riding with stretch panels and reinforced seams where you need them most</li>
<li><strong>Durability:</strong> Built to withstand the demands of daily riding and competition</li>
<li><strong>Professional Style:</strong> Classic designs that look sharp in the arena or stable yard</li>
</ul>
",,/clothing/accessories,3,published,best-selling,"[{""question"":""What tie do you stock?"",""answer"":""We stock a comprehensive range of tie from leading brands. All products are carefully selected for quality, durability, and performance. Browse our collection to find exactly what you need.""},{""question"":""Do you offer free shipping on tie?"",""answer"":""Yes! We offer free shipping Australia-wide on all orders. Most orders are dispatched within 24 hours, so you'll receive your tie quickly.""}]",[]
/clothing/footwear,Equestrian Footwear,FOOTWEAR: Equestrian Footwear | Buy Online | The Equestrian,"Shop premium equestrian footwear including riding boots, jodhpur boots, paddock boots and boot accessories. Free shipping Australia-wide. Expert advice...","Expertly selected for quality, durability, and performance. Whether you're competing or riding for leisure, find exactly what you need at The Equestrian.","<h2>Quality Equestrian Footwear</h2>
<p>Discover our comprehensive collection, carefully curated to meet the demands of equestrians at every level. From competition-ready gear to everyday essentials, we stock only the finest brands known for quality, durability, and performance. Each product has been expertly selected by our team of experienced professionals who understand what truly matters.</p><h3>What Makes Great Equestrian Footwear?</h3><ul><li><strong>Superior Support:</strong> Engineered heel and arch support for all-day comfort in the saddle</li><li><strong>Quality Materials:</strong> Premium leather that breaks in beautifully and lasts for years</li><li><strong>Safety Features:</strong> Proper heel height and sole grip for secure stirrup contact</li><li><strong>Professional Finish:</strong> Classic styling that looks sharp in the arena and at the barn</li></ul><h3>Shop by Type</h3><p>Browse our specialized categories including <a href=""/clothing/footwear/boots"">boots</a>,<a href=""/clothing/footwear/western"">western & roper boots</a>, and <a href=""/clothing/footwear/riding-boots"">riding boots</a>. Each category features products from world-leading brands trusted by professional enthusiasts.</p>",,/clothing,2,published,best-selling,"[{""question"":""What size should I order?"",""answer"":""We recommend consulting our detailed size guide for each brand, as sizing can vary between manufacturers. Most riders find their regular size works well, but competition wear may run smaller. When in doubt, size up for comfort, especially for items you'll wear over base layers.""},{""question"":""How do I care for technical riding clothing?"",""answer"":""Wash in cold water on a gentle cycle and hang to dry to preserve technical fabrics. Avoid fabric softeners as they can reduce moisture-wicking properties. For competition wear, follow specific care instructions on the label. Proper care ensures your investment lasts for years.""}]","[{""url"":""/clothing/womens"",""title"":""Ladies' Riding Clothing"",""description"":""Complete your riding wardrobe""},{""url"":""/rider/accessories"",""title"":""Rider Accessories"",""description"":""Essential accessories for every rider""}]"
/clothing/footwear/boots,Boots,Boots | Premium Quality | The Equestrian,"Shop premium boots including riding boots, jodhpur boots, paddock boots and boot accessories. Free shipping Australia-wide. Expert advice available. Find...","Expertly selected for quality, durability, and performance. Whether you're competing or riding for leisure, find exactly what you need at The Equestrian.","<h2>Quality Boots</h2>
<p>Browse our specialized collection. All products in stock and ready to ship. Most orders dispatched within 24 hours Australia-wide.</p><h3>What Makes Great Boots?</h3><ul><li><strong>Superior Support:</strong> Engineered heel and arch support for all-day comfort in the saddle</li><li><strong>Quality Materials:</strong> Premium leather that breaks in beautifully and lasts for years</li><li><strong>Safety Features:</strong> Proper heel height and sole grip for secure stirrup contact</li><li><strong>Professional Finish:</strong> Classic styling that looks sharp in the arena and at the barn</li></ul>",,/clothing/footwear,3,published,best-selling,"[{""question"":""What size should I order?"",""answer"":""We recommend consulting our detailed size guide for each brand, as sizing can vary between manufacturers. Most riders find their regular size works well, but competition wear may run smaller. When in doubt, size up for comfort, especially for items you'll wear over base layers.""},{""question"":""How do I care for technical riding clothing?"",""answer"":""Wash in cold water on a gentle cycle and hang to dry to preserve technical fabrics. Avoid fabric softeners as they can reduce moisture-wicking properties. For competition wear, follow specific care instructions on the label. Proper care ensures your investment lasts for years.""}]","[{""url"":""/clothing/womens"",""title"":""Ladies' Riding Clothing"",""description"":""Complete your riding wardrobe""},{""url"":""/rider/accessories"",""title"":""Rider Accessories"",""description"":""Essential accessories for every rider""}]"
/clothing/footwear/western,Western & Roper Boots,FOOTWEAR: Western & Roper Boots | Premium Quality | The Equestrian,Shop premium western & roper boots including footwear: western & roper boots. Free shipping Australia-wide. Expert advice available. Find the perfect gear for your needs.,"Expertly selected for quality, durability, and performance. Whether you're competing or riding for leisure, find exactly what you need at The Equestrian.","<h2>Stylish Western & Roper Boots</h2>
<p>Browse our specialized collection. All products in stock and ready to ship. Most orders dispatched within 24 hours Australia-wide.</p><h3>What Makes Great Western & Roper Boots?</h3>
<ul>
<li><strong>Superior Comfort:</strong> Cushioned insoles and supportive construction for long hours in the saddle</li>
<li><strong>Premium Materials:</strong> Quality leather that molds to your foot over time</li>
<li><strong>Excellent Grip:</strong> Non-slip soles designed for safety in stirrups and on stable floors</li>
<li><strong>Lasting Durability:</strong> Reinforced stitching and quality construction for years of wear</li>
</ul>
",,/clothing/footwear,3,published,best-selling,"[{""question"":""What western & roper boots do you stock?"",""answer"":""We stock a comprehensive range of western & roper boots from leading brands. All products are carefully selected for quality, durability, and performance. Browse our collection to find exactly what you need.""},{""question"":""Do you offer free shipping on western & roper boots?"",""answer"":""Yes! We offer free shipping Australia-wide on all orders. Most orders are dispatched within 24 hours, so you'll receive your western & roper boots quickly.""}]","[{""url"":""/clothing/womens"",""title"":""Ladies' Riding Clothing"",""description"":""Complete your riding wardrobe""},{""url"":""/rider/accessories"",""title"":""Rider Accessories"",""description"":""Essential accessories for every rider""}]"
/clothing/footwear/riding-boots,Riding Boots,Riding Boots | Premium Quality | The Equestrian,"Shop premium riding boots including riding boots, jodhpur boots, paddock boots and boot accessories. Free shipping Australia-wide. Expert advice available.","Expertly selected for quality, durability, and performance. Whether you're competing or riding for leisure, find exactly what you need at The Equestrian.","<h2>Quality Riding Boots</h2>
<p>Browse our specialized collection. All products in stock and ready to ship. Most orders dispatched within 24 hours Australia-wide.</p><h3>What Makes Great Riding Boots?</h3><ul><li><strong>Superior Support:</strong> Engineered heel and arch support for all-day comfort in the saddle</li><li><strong>Quality Materials:</strong> Premium leather that breaks in beautifully and lasts for years</li><li><strong>Safety Features:</strong> Proper heel height and sole grip for secure stirrup contact</li><li><strong>Professional Finish:</strong> Classic styling that looks sharp in the arena and at the barn</li></ul>",,/clothing/footwear,3,published,best-selling,"[{""question"":""What size should I order?"",""answer"":""We recommend consulting our detailed size guide for each brand, as sizing can vary between manufacturers. Most riders find their regular size works well, but competition wear may run smaller. When in doubt, size up for comfort, especially for items you'll wear over base layers.""},{""question"":""How do I care for technical riding clothing?"",""answer"":""Wash in cold water on a gentle cycle and hang to dry to preserve technical fabrics. Avoid fabric softeners as they can reduce moisture-wicking properties. For competition wear, follow specific care instructions on the label. Proper care ensures your investment lasts for years.""}]","[{""url"":""/clothing/womens"",""title"":""Ladies' Riding Clothing"",""description"":""Complete your riding wardrobe""},{""url"":""/rider/accessories"",""title"":""Rider Accessories"",""description"":""Essential accessories for every rider""}]"
/clothing/footwear/casual,Casual Footwear,FOOTWEAR: Casual Footwear | Premium Quality | The Equestrian,"Shop premium casual footwear including footwear: casual footwears, casual footwears. Free shipping Australia-wide. Expert advice available. Find the perfect gear for your needs.","Expertly selected for quality, durability, and performance. Whether you're competing or riding for leisure, find exactly what you need at The Equestrian.","<h2>Stylish Casual Footwear</h2>
<p>Browse our specialized collection. All products in stock and ready to ship. Most orders dispatched within 24 hours Australia-wide.</p><h3>What Makes Great Casual Footwear?</h3>
<ul>
<li><strong>Superior Comfort:</strong> Cushioned insoles and supportive construction for long hours in the saddle</li>
<li><strong>Premium Materials:</strong> Quality leather that molds to your foot over time</li>
<li><strong>Excellent Grip:</strong> Non-slip soles designed for safety in stirrups and on stable floors</li>
<li><strong>Lasting Durability:</strong> Reinforced stitching and quality construction for years of wear</li>
</ul>
",,/clothing/footwear,3,published,best-selling,"[{""question"":""What casual footwear do you stock?"",""answer"":""We stock a comprehensive range of casual footwear from leading brands. All products are carefully selected for quality, durability, and performance. Browse our collection to find exactly what you need.""},{""question"":""Do you offer free shipping on casual footwear?"",""answer"":""Yes! We offer free shipping Australia-wide on all orders. Most orders are dispatched within 24 hours, so you'll receive your casual footwear quickly.""}]","[{""url"":""/clothing/womens"",""title"":""Ladies' Riding Clothing"",""description"":""Complete your riding wardrobe""},{""url"":""/rider/accessories"",""title"":""Rider Accessories"",""description"":""Essential accessories for every rider""}]"
/clothing/footwear/mens,Mens Footwear,Mens Footwear | Premium Quality | The Equestrian,Shop premium mens footwear including mens footwears. Free shipping Australia-wide. Expert advice available. Find the perfect gear for your needs.,"Expertly selected for quality, durability, and performance. Whether you're competing or riding for leisure, find exactly what you need at The Equestrian.","<h2>Stylish Mens Footwear</h2>
<p>Browse our specialized collection. All products in stock and ready to ship. Most orders dispatched within 24 hours Australia-wide.</p><h3>What Makes Great Mens Footwear?</h3>
<ul>
<li><strong>Superior Comfort:</strong> Cushioned insoles and supportive construction for long hours in the saddle</li>
<li><strong>Premium Materials:</strong> Quality leather that molds to your foot over time</li>
<li><strong>Excellent Grip:</strong> Non-slip soles designed for safety in stirrups and on stable floors</li>
<li><strong>Lasting Durability:</strong> Reinforced stitching and quality construction for years of wear</li>
</ul>
",,/clothing/footwear,3,published,best-selling,"[{""question"":""What mens footwear do you stock?"",""answer"":""We stock a comprehensive range of mens footwear from leading brands. All products are carefully selected for quality, durability, and performance. Browse our collection to find exactly what you need.""},{""question"":""Do you offer free shipping on mens footwear?"",""answer"":""Yes! We offer free shipping Australia-wide on all orders. Most orders are dispatched within 24 hours, so you'll receive your mens footwear quickly.""}]","[{""url"":""/clothing/womens"",""title"":""Ladies' Riding Clothing"",""description"":""Complete your riding wardrobe""},{""url"":""/rider/accessories"",""title"":""Rider Accessories"",""description"":""Essential accessories for every rider""}]"
/clothing/footwear/womens,Womens Footwear,Womens Footwear | Premium Quality | The Equestrian,Shop premium womens footwear including womens footwears. Free shipping Australia-wide. Expert advice available. Find the perfect gear for your needs.,"Expertly selected for quality, durability, and performance. Whether you're competing or riding for leisure, find exactly what you need at The Equestrian.","<h2>Stylish Womens Footwear</h2>
<p>Browse our specialized collection. All products in stock and ready to ship. Most orders dispatched within 24 hours Australia-wide.</p><h3>What Makes Great Womens Footwear?</h3>
<ul>
<li><strong>Superior Comfort:</strong> Cushioned insoles and supportive construction for long hours in the saddle</li>
<li><strong>Premium Materials:</strong> Quality leather that molds to your foot over time</li>
<li><strong>Excellent Grip:</strong> Non-slip soles designed for safety in stirrups and on stable floors</li>
<li><strong>Lasting Durability:</strong> Reinforced stitching and quality construction for years of wear</li>
</ul>
",,/clothing/footwear,3,published,best-selling,"[{""question"":""What womens footwear do you stock?"",""answer"":""We stock a comprehensive range of womens footwear from leading brands. All products are carefully selected for quality, durability, and performance. Browse our collection to find exactly what you need.""},{""question"":""Do you offer free shipping on womens footwear?"",""answer"":""Yes! We offer free shipping Australia-wide on all orders. Most orders are dispatched within 24 hours, so you'll receive your womens footwear quickly.""}]","[{""url"":""/clothing/womens"",""title"":""Ladies' Riding Clothing"",""description"":""Complete your riding wardrobe""},{""url"":""/rider/accessories"",""title"":""Rider Accessories"",""description"":""Essential accessories for every rider""}]"
/clothing/footwear/tall-boots,Tall Boots,Tall Boots | Premium Quality | The Equestrian,"Shop premium tall boots including riding boots, jodhpur boots, paddock boots and boot accessories. Free shipping Australia-wide. Expert advice available.","Expertly selected for quality, durability, and performance. Whether you're competing or riding for leisure, find exactly what you need at The Equestrian.","<h2>Quality Tall Boots</h2>
<p>Browse our specialized collection. All products in stock and ready to ship. Most orders dispatched within 24 hours Australia-wide.</p><h3>What Makes Great Tall Boots?</h3><ul><li><strong>Superior Support:</strong> Engineered heel and arch support for all-day comfort in the saddle</li><li><strong>Quality Materials:</strong> Premium leather that breaks in beautifully and lasts for years</li><li><strong>Safety Features:</strong> Proper heel height and sole grip for secure stirrup contact</li><li><strong>Professional Finish:</strong> Classic styling that looks sharp in the arena and at the barn</li></ul>",,/clothing/footwear,3,published,best-selling,"[{""question"":""What size should I order?"",""answer"":""We recommend consulting our detailed size guide for each brand, as sizing can vary between manufacturers. Most riders find their regular size works well, but competition wear may run smaller. When in doubt, size up for comfort, especially for items you'll wear over base layers.""},{""question"":""How do I care for technical riding clothing?"",""answer"":""Wash in cold water on a gentle cycle and hang to dry to preserve technical fabrics. Avoid fabric softeners as they can reduce moisture-wicking properties. For competition wear, follow specific care instructions on the label. Proper care ensures your investment lasts for years.""}]","[{""url"":""/clothing/womens"",""title"":""Ladies' Riding Clothing"",""description"":""Complete your riding wardrobe""},{""url"":""/rider/accessories"",""title"":""Rider Accessories"",""description"":""Essential accessories for every rider""}]"
/clothing/footwear/ankle-boots,Ankle Boots,Ankle Boots | Premium Quality | The Equestrian,"Shop premium ankle boots including riding boots, jodhpur boots, paddock boots and boot accessories. Free shipping Australia-wide. Expert advice available.","Expertly selected for quality, durability, and performance. Whether you're competing or riding for leisure, find exactly what you need at The Equestrian.","<h2>Quality Ankle Boots</h2>
<p>Browse our specialized collection. All products in stock and ready to ship. Most orders dispatched within 24 hours Australia-wide.</p><h3>What Makes Great Ankle Boots?</h3><ul><li><strong>Superior Support:</strong> Engineered heel and arch support for all-day comfort in the saddle</li><li><strong>Quality Materials:</strong> Premium leather that breaks in beautifully and lasts for years</li><li><strong>Safety Features:</strong> Proper heel height and sole grip for secure stirrup contact</li><li><strong>Professional Finish:</strong> Classic styling that looks sharp in the arena and at the barn</li></ul>",,/clothing/footwear,3,published,best-selling,"[{""question"":""What size should I order?"",""answer"":""We recommend consulting our detailed size guide for each brand, as sizing can vary between manufacturers. Most riders find their regular size works well, but competition wear may run smaller. When in doubt, size up for comfort, especially for items you'll wear over base layers.""},{""question"":""How do I care for technical riding clothing?"",""answer"":""Wash in cold water on a gentle cycle and hang to dry to preserve technical fabrics. Avoid fabric softeners as they can reduce moisture-wicking properties. For competition wear, follow specific care instructions on the label. Proper care ensures your investment lasts for years.""}]","[{""url"":""/clothing/womens"",""title"":""Ladies' Riding Clothing"",""description"":""Complete your riding wardrobe""},{""url"":""/rider/accessories"",""title"":""Rider Accessories"",""description"":""Essential accessories for every rider""}]"
/clothing/footwear/accessories,Footwear Accessories,Footwear Accessories | Premium Quality | The Equestrian,"Shop premium footwear accessories including riding boots, jodhpur boots, paddock boots and boot accessories. Free shipping Australia-wide. Expert advice...","Expertly selected for quality, durability, and performance. Whether you're competing or riding for leisure, find exactly what you need at The Equestrian.","<h2>Quality Footwear Accessories</h2>
<p>Browse our specialized collection. All products in stock and ready to ship. Most orders dispatched within 24 hours Australia-wide.</p><h3>What Makes Great Footwear Accessories?</h3><ul><li><strong>Superior Support:</strong> Engineered heel and arch support for all-day comfort in the saddle</li><li><strong>Quality Materials:</strong> Premium leather that breaks in beautifully and lasts for years</li><li><strong>Safety Features:</strong> Proper heel height and sole grip for secure stirrup contact</li><li><strong>Professional Finish:</strong> Classic styling that looks sharp in the arena and at the barn</li></ul>",,/clothing/footwear,3,published,best-selling,"[{""question"":""What size should I order?"",""answer"":""We recommend consulting our detailed size guide for each brand, as sizing can vary between manufacturers. Most riders find their regular size works well, but competition wear may run smaller. When in doubt, size up for comfort, especially for items you'll wear over base layers.""},{""question"":""How do I care for technical riding clothing?"",""answer"":""Wash in cold water on a gentle cycle and hang to dry to preserve technical fabrics. Avoid fabric softeners as they can reduce moisture-wicking properties. For competition wear, follow specific care instructions on the label. Proper care ensures your investment lasts for years.""}]","[{""url"":""/clothing/womens"",""title"":""Ladies' Riding Clothing"",""description"":""Complete your riding wardrobe""},{""url"":""/rider/accessories"",""title"":""Rider Accessories"",""description"":""Essential accessories for every rider""}]"
/clothing/footwear/ugg-boots,UGG Boots,UGG Boots | Premium Quality | The Equestrian,"Shop premium ugg boots including riding boots, jodhpur boots, paddock boots and boot accessories. Free shipping Australia-wide. Expert advice available.","Expertly selected for quality, durability, and performance. Whether you're competing or riding for leisure, find exactly what you need at The Equestrian.","<h2>Quality UGG Boots</h2>
<p>Browse our specialized collection. All products in stock and ready to ship. Most orders dispatched within 24 hours Australia-wide.</p><h3>What Makes Great UGG Boots?</h3><ul><li><strong>Superior Support:</strong> Engineered heel and arch support for all-day comfort in the saddle</li><li><strong>Quality Materials:</strong> Premium leather that breaks in beautifully and lasts for years</li><li><strong>Safety Features:</strong> Proper heel height and sole grip for secure stirrup contact</li><li><strong>Professional Finish:</strong> Classic styling that looks sharp in the arena and at the barn</li></ul>",,/clothing/footwear,3,published,best-selling,"[{""question"":""What size should I order?"",""answer"":""We recommend consulting our detailed size guide for each brand, as sizing can vary between manufacturers. Most riders find their regular size works well, but competition wear may run smaller. When in doubt, size up for comfort, especially for items you'll wear over base layers.""},{""question"":""How do I care for technical riding clothing?"",""answer"":""Wash in cold water on a gentle cycle and hang to dry to preserve technical fabrics. Avoid fabric softeners as they can reduce moisture-wicking properties. For competition wear, follow specific care instructions on the label. Proper care ensures your investment lasts for years.""}]","[{""url"":""/clothing/womens"",""title"":""Ladies' Riding Clothing"",""description"":""Complete your riding wardrobe""},{""url"":""/rider/accessories"",""title"":""Rider Accessories"",""description"":""Essential accessories for every rider""}]"
/clothing/tops,Tops,Tops | Buy Online | The Equestrian,"Shop premium tops including breeches, jodhpurs, riding tops and jackets. Free shipping Australia-wide. Expert advice available. Find the perfect gear for...","Expertly selected for quality, durability, and performance. Whether you're competing or riding for leisure, find exactly what you need at The Equestrian.","<h2>Stylish Tops</h2>
<p>Discover our comprehensive collection, carefully curated to meet the demands of equestrians at every level. From competition-ready gear to everyday essentials, we stock only the finest brands known for quality, durability, and performance. Each product has been expertly selected by our team of experienced professionals who understand what truly matters.</p><h3>What Makes Great Tops?</h3><ul><li><strong>Technical Fabrics:</strong> Advanced moisture-wicking and breathable materials that keep you comfortable in the saddle</li><li><strong>Perfect Fit:</strong> Designed specifically for riding with stretch panels and reinforced seams where you need them most</li><li><strong>Durability:</strong> Built to withstand daily wear, frequent washing, and the demands of equestrian life</li><li><strong>Style:</strong> Look professional in the arena and fashionable at the barn with timeless designs</li></ul><h3>Shop by Type</h3><p>Browse our specialized categories including <a href=""/clothing/tops/shirts"">shirts</a>,<a href=""/clothing/tops/show-shirts"">show shirt</a>, and <a href=""/clothing/tops/tshirts"">t-shirt</a>. Each category features products from world-leading brands trusted by professional enthusiasts.</p>",,/clothing,2,published,best-selling,"[{""question"":""What size should I order?"",""answer"":""We recommend consulting our detailed size guide for each brand, as sizing can vary between manufacturers. Most riders find their regular size works well, but competition wear may run smaller. When in doubt, size up for comfort, especially for items you'll wear over base layers.""},{""question"":""How do I care for technical riding clothing?"",""answer"":""Wash in cold water on a gentle cycle and hang to dry to preserve technical fabrics. Avoid fabric softeners as they can reduce moisture-wicking properties. For competition wear, follow specific care instructions on the label. Proper care ensures your investment lasts for years.""}]",[]
/clothing/tops/shirts,Shirts,Shirts | Premium Quality | The Equestrian,"Shop premium shirts including breeches, jodhpurs, riding tops and jackets. Free shipping Australia-wide. Expert advice available. Find the perfect gear for...","Expertly selected for quality, durability, and performance. Whether you're competing or riding for leisure, find exactly what you need at The Equestrian.","<h2>Stylish Shirts</h2>
<p>Browse our specialized collection. All products in stock and ready to ship. Most orders dispatched within 24 hours Australia-wide.</p><h3>What Makes Great Shirts?</h3><ul><li><strong>Technical Fabrics:</strong> Advanced moisture-wicking and breathable materials that keep you comfortable in the saddle</li><li><strong>Perfect Fit:</strong> Designed specifically for riding with stretch panels and reinforced seams where you need them most</li><li><strong>Durability:</strong> Built to withstand daily wear, frequent washing, and the demands of equestrian life</li><li><strong>Style:</strong> Look professional in the arena and fashionable at the barn with timeless designs</li></ul>",,/clothing/tops,3,published,best-selling,"[{""question"":""What size should I order?"",""answer"":""We recommend consulting our detailed size guide for each brand, as sizing can vary between manufacturers. Most riders find their regular size works well, but competition wear may run smaller. When in doubt, size up for comfort, especially for items you'll wear over base layers.""},{""question"":""How do I care for technical riding clothing?"",""answer"":""Wash in cold water on a gentle cycle and hang to dry to preserve technical fabrics. Avoid fabric softeners as they can reduce moisture-wicking properties. For competition wear, follow specific care instructions on the label. Proper care ensures your investment lasts for years.""}]",[]
/clothing/tops/show-shirts,Show Shirt,Show Shirt | Premium Quality | The Equestrian,Shop premium show shirt including show shirts. Free shipping Australia-wide. Expert advice available. Find the perfect gear for your needs.,"Expertly selected for quality, durability, and performance. Whether you're competing or riding for leisure, find exactly what you need at The Equestrian.","<h2>Professional Show Shirt</h2>
<p>Browse our specialized collection. All products in stock and ready to ship. Most orders dispatched within 24 hours Australia-wide.</p><h3>What Makes Great Show Shirt?</h3>
<ul>
<li><strong>Technical Fabrics:</strong> Advanced moisture-wicking and breathable materials that keep you comfortable in the saddle</li>
<li><strong>Perfect Fit:</strong> Designed specifically for riding with stretch panels and reinforced seams where you need them most</li>
<li><strong>Durability:</strong> Built to withstand the demands of daily riding and competition</li>
<li><strong>Professional Style:</strong> Classic designs that look sharp in the arena or stable yard</li>
</ul>
",,/clothing/tops,3,published,best-selling,"[{""question"":""What show shirt do you stock?"",""answer"":""We stock a comprehensive range of show shirt from leading brands. All products are carefully selected for quality, durability, and performance. Browse our collection to find exactly what you need.""},{""question"":""Do you offer free shipping on show shirt?"",""answer"":""Yes! We offer free shipping Australia-wide on all orders. Most orders are dispatched within 24 hours, so you'll receive your show shirt quickly.""}]",[]
/clothing/tops/tshirts,T-shirt,t-shirt | Premium Quality | The Equestrian,"Shop premium t-shirt including t-shirts, tshirts. Free shipping Australia-wide. Expert advice available. Find the perfect gear for your needs.","Expertly selected for quality, durability, and performance. Whether you're competing or riding for leisure, find exactly what you need at The Equestrian.","<h2>Stylish t-shirt</h2>
<p>Browse our specialized collection. All products in stock and ready to ship. Most orders dispatched within 24 hours Australia-wide.</p><h3>What Makes Great t-shirt?</h3>
<ul>
<li><strong>Technical Fabrics:</strong> Advanced moisture-wicking and breathable materials that keep you comfortable in the saddle</li>
<li><strong>Perfect Fit:</strong> Designed specifically for riding with stretch panels and reinforced seams where you need them most</li>
<li><strong>Durability:</strong> Built to withstand the demands of daily riding and competition</li>
<li><strong>Professional Style:</strong> Classic designs that look sharp in the arena or stable yard</li>
</ul>
",,/clothing/tops,3,published,best-selling,"[{""question"":""What t-shirt do you stock?"",""answer"":""We stock a comprehensive range of t-shirt from leading brands. All products are carefully selected for quality, durability, and performance. Browse our collection to find exactly what you need.""},{""question"":""Do you offer free shipping on t-shirt?"",""answer"":""Yes! We offer free shipping Australia-wide on all orders. Most orders are dispatched within 24 hours, so you'll receive your t-shirt quickly.""}]",[]
/clothing/tops/sweaters,Sweater,Sweater | Premium Quality | The Equestrian,"Shop premium sweater including sweaters, jumpers. Free shipping Australia-wide. Expert advice available. Find the perfect gear for your needs.","Expertly selected for quality, durability, and performance. Whether you're competing or riding for leisure, find exactly what you need at The Equestrian.","<h2>Stylish Sweater</h2>
<p>Browse our specialized collection. All products in stock and ready to ship. Most orders dispatched within 24 hours Australia-wide.</p><h3>What Makes Great Sweater?</h3>
<ul>
<li><strong>Technical Fabrics:</strong> Advanced moisture-wicking and breathable materials that keep you comfortable in the saddle</li>
<li><strong>Perfect Fit:</strong> Designed specifically for riding with stretch panels and reinforced seams where you need them most</li>
<li><strong>Durability:</strong> Built to withstand the demands of daily riding and competition</li>
<li><strong>Professional Style:</strong> Classic designs that look sharp in the arena or stable yard</li>
</ul>
",,/clothing/tops,3,published,best-selling,"[{""question"":""What sweater do you stock?"",""answer"":""We stock a comprehensive range of sweater from leading brands. All products are carefully selected for quality, durability, and performance. Browse our collection to find exactly what you need.""},{""question"":""Do you offer free shipping on sweater?"",""answer"":""Yes! We offer free shipping Australia-wide on all orders. Most orders are dispatched within 24 hours, so you'll receive your sweater quickly.""}]",[]
/clothing/tops/knitwear,Knitwear,Knitwear | Premium Quality | The Equestrian,Shop premium knitwear including knitwears. Free shipping Australia-wide. Expert advice available. Find the perfect gear for your needs.,"Expertly selected for quality, durability, and performance. Whether you're competing or riding for leisure, find exactly what you need at The Equestrian.","<h2>Stylish Knitwear</h2>
<p>Browse our specialized collection. All products in stock and ready to ship. Most orders dispatched within 24 hours Australia-wide.</p><h3>What Makes Great Knitwear?</h3>
<ul>
<li><strong>Technical Fabrics:</strong> Advanced moisture-wicking and breathable materials that keep you comfortable in the saddle</li>
<li><strong>Perfect Fit:</strong> Designed specifically for riding with stretch panels and reinforced seams where you need them most</li>
<li><strong>Durability:</strong> Built to withstand the demands of daily riding and competition</li>
<li><strong>Professional Style:</strong> Classic designs that look sharp in the arena or stable yard</li>
</ul>
",,/clothing/tops,3,published,best-selling,"[{""question"":""What knitwear do you stock?"",""answer"":""We stock a comprehensive range of knitwear from leading brands. All products are carefully selected for quality, durability, and performance. Browse our collection to find exactly what you need.""},{""question"":""Do you offer free shipping on knitwear?"",""answer"":""Yes! We offer free shipping Australia-wide on all orders. Most orders are dispatched within 24 hours, so you'll receive your knitwear quickly.""}]",[]
/clothing/tops/polo-shirts,Polo Shirt,Polo Shirt | Premium Quality | The Equestrian,"Shop premium polo shirt including polo shirts, polo tops. Free shipping Australia-wide. Expert advice available. Find the perfect gear for your needs.","Expertly selected for quality, durability, and performance. Whether you're competing or riding for leisure, find exactly what you need at The Equestrian.","<h2>Stylish Polo Shirt</h2>
<p>Browse our specialized collection. All products in stock and ready to ship. Most orders dispatched within 24 hours Australia-wide.</p><h3>What Makes Great Polo Shirt?</h3>
<ul>
<li><strong>Technical Fabrics:</strong> Advanced moisture-wicking and breathable materials that keep you comfortable in the saddle</li>
<li><strong>Perfect Fit:</strong> Designed specifically for riding with stretch panels and reinforced seams where you need them most</li>
<li><strong>Durability:</strong> Built to withstand the demands of daily riding and competition</li>
<li><strong>Professional Style:</strong> Classic designs that look sharp in the arena or stable yard</li>
</ul>
",,/clothing/tops,3,published,best-selling,"[{""question"":""What polo shirt do you stock?"",""answer"":""We stock a comprehensive range of polo shirt from leading brands. All products are carefully selected for quality, durability, and performance. Browse our collection to find exactly what you need.""},{""question"":""Do you offer free shipping on polo shirt?"",""answer"":""Yes! We offer free shipping Australia-wide on all orders. Most orders are dispatched within 24 hours, so you'll receive your polo shirt quickly.""}]",[]
/clothing/tops/vests,Vest,Vest | Premium Quality | The Equestrian,Shop premium vest including vests. Free shipping Australia-wide. Expert advice available. Find the perfect gear for your needs.,"Expertly selected for quality, durability, and performance. Whether you're competing or riding for leisure, find exactly what you need at The Equestrian.","<h2>Stylish Vest</h2>
<p>Browse our specialized collection. All products in stock and ready to ship. Most orders dispatched within 24 hours Australia-wide.</p><h3>What Makes Great Vest?</h3>
<ul>
<li><strong>Technical Fabrics:</strong> Advanced moisture-wicking and breathable materials that keep you comfortable in the saddle</li>
<li><strong>Perfect Fit:</strong> Designed specifically for riding with stretch panels and reinforced seams where you need them most</li>
<li><strong>Durability:</strong> Built to withstand the demands of daily riding and competition</li>
<li><strong>Professional Style:</strong> Classic designs that look sharp in the arena or stable yard</li>
</ul>
",,/clothing/tops,3,published,best-selling,"[{""question"":""What vest do you stock?"",""answer"":""We stock a comprehensive range of vest from leading brands. All products are carefully selected for quality, durability, and performance. Browse our collection to find exactly what you need.""},{""question"":""Do you offer free shipping on vest?"",""answer"":""Yes! We offer free shipping Australia-wide on all orders. Most orders are dispatched within 24 hours, so you'll receive your vest quickly.""}]",[]
/clothing/tops/tanks,Tank,Tank | Premium Quality | The Equestrian,Shop premium tank including tanks. Free shipping Australia-wide. Expert advice available. Find the perfect gear for your needs.,"Expertly selected for quality, durability, and performance. Whether you're competing or riding for leisure, find exactly what you need at The Equestrian.","<h2>Stylish Tank</h2>
<p>Browse our specialized collection. All products in stock and ready to ship. Most orders dispatched within 24 hours Australia-wide.</p><h3>What Makes Great Tank?</h3>
<ul>
<li><strong>Technical Fabrics:</strong> Advanced moisture-wicking and breathable materials that keep you comfortable in the saddle</li>
<li><strong>Perfect Fit:</strong> Designed specifically for riding with stretch panels and reinforced seams where you need them most</li>
<li><strong>Durability:</strong> Built to withstand the demands of daily riding and competition</li>
<li><strong>Professional Style:</strong> Classic designs that look sharp in the arena or stable yard</li>
</ul>
",,/clothing/tops,3,published,best-selling,"[{""question"":""What tank do you stock?"",""answer"":""We stock a comprehensive range of tank from leading brands. All products are carefully selected for quality, durability, and performance. Browse our collection to find exactly what you need.""},{""question"":""Do you offer free shipping on tank?"",""answer"":""Yes! We offer free shipping Australia-wide on all orders. Most orders are dispatched within 24 hours, so you'll receive your tank quickly.""}]",[]
/clothing/tops/long-sleeve,Long sleeve,long sleeve | Premium Quality | The Equestrian,Shop premium long sleeve including long sleeves. Free shipping Australia-wide. Expert advice available. Find the perfect gear for your needs.,"Expertly selected for quality, durability, and performance. Whether you're competing or riding for leisure, find exactly what you need at The Equestrian.","<h2>Stylish long sleeve</h2>
<p>Browse our specialized collection. All products in stock and ready to ship. Most orders dispatched within 24 hours Australia-wide.</p><h3>What Makes Great long sleeve?</h3>
<ul>
<li><strong>Technical Fabrics:</strong> Advanced moisture-wicking and breathable materials that keep you comfortable in the saddle</li>
<li><strong>Perfect Fit:</strong> Designed specifically for riding with stretch panels and reinforced seams where you need them most</li>
<li><strong>Durability:</strong> Built to withstand the demands of daily riding and competition</li>
<li><strong>Professional Style:</strong> Classic designs that look sharp in the arena or stable yard</li>
</ul>
",,/clothing/tops,3,published,best-selling,"[{""question"":""What long sleeve do you stock?"",""answer"":""We stock a comprehensive range of long sleeve from leading brands. All products are carefully selected for quality, durability, and performance. Browse our collection to find exactly what you need.""},{""question"":""Do you offer free shipping on long sleeve?"",""answer"":""Yes! We offer free shipping Australia-wide on all orders. Most orders are dispatched within 24 hours, so you'll receive your long sleeve quickly.""}]",[]
/clothing/outerwear,Outerwear,Outerwear | Buy Online | The Equestrian,"Shop premium outerwear including breeches, jodhpurs, riding tops and jackets. Free shipping Australia-wide. Expert advice available. Find the perfect gear...","Expertly selected for quality, durability, and performance. Whether you're competing or riding for leisure, find exactly what you need at The Equestrian.","<h2>Stylish Outerwear</h2>
<p>Discover our comprehensive collection, carefully curated to meet the demands of equestrians at every level. From competition-ready gear to everyday essentials, we stock only the finest brands known for quality, durability, and performance. Each product has been expertly selected by our team of experienced professionals who understand what truly matters.</p><h3>What Makes Great Outerwear?</h3><ul><li><strong>Technical Fabrics:</strong> Advanced moisture-wicking and breathable materials that keep you comfortable in the saddle</li><li><strong>Perfect Fit:</strong> Designed specifically for riding with stretch panels and reinforced seams where you need them most</li><li><strong>Durability:</strong> Built to withstand daily wear, frequent washing, and the demands of equestrian life</li><li><strong>Style:</strong> Look professional in the arena and fashionable at the barn with timeless designs</li></ul><h3>Shop by Type</h3><p>Browse our specialized categories including <a href=""/clothing/outerwear/jackets"">casual jacket</a>,<a href=""/clothing/outerwear/show-jackets"">competition jacket</a>, and <a href=""/clothing/outerwear/oilskins"">oilskins</a>. Each category features products from world-leading brands trusted by professional enthusiasts.</p>",,/clothing,2,published,best-selling,"[{""question"":""What size should I order?"",""answer"":""We recommend consulting our detailed size guide for each brand, as sizing can vary between manufacturers. Most riders find their regular size works well, but competition wear may run smaller. When in doubt, size up for comfort, especially for items you'll wear over base layers.""},{""question"":""How do I care for technical riding clothing?"",""answer"":""Wash in cold water on a gentle cycle and hang to dry to preserve technical fabrics. Avoid fabric softeners as they can reduce moisture-wicking properties. For competition wear, follow specific care instructions on the label. Proper care ensures your investment lasts for years.""}]",[]
/clothing/outerwear/jackets,Casual Jacket,Casual Jacket | Premium Quality | The Equestrian,"Shop premium casual jacket including breeches, jodhpurs, riding tops and jackets. Free shipping Australia-wide. Expert advice available. Find the perfect...","Expertly selected for quality, durability, and performance. Whether you're competing or riding for leisure, find exactly what you need at The Equestrian.","<h2>Stylish Casual Jacket</h2>
<p>Browse our specialized collection. All products in stock and ready to ship. Most orders dispatched within 24 hours Australia-wide.</p><h3>What Makes Great Casual Jacket?</h3><ul><li><strong>Technical Fabrics:</strong> Advanced moisture-wicking and breathable materials that keep you comfortable in the saddle</li><li><strong>Perfect Fit:</strong> Designed specifically for riding with stretch panels and reinforced seams where you need them most</li><li><strong>Durability:</strong> Built to withstand daily wear, frequent washing, and the demands of equestrian life</li><li><strong>Style:</strong> Look professional in the arena and fashionable at the barn with timeless designs</li></ul>",,/clothing/outerwear,3,published,best-selling,"[{""question"":""What size should I order?"",""answer"":""We recommend consulting our detailed size guide for each brand, as sizing can vary between manufacturers. Most riders find their regular size works well, but competition wear may run smaller. When in doubt, size up for comfort, especially for items you'll wear over base layers.""},{""question"":""How do I care for technical riding clothing?"",""answer"":""Wash in cold water on a gentle cycle and hang to dry to preserve technical fabrics. Avoid fabric softeners as they can reduce moisture-wicking properties. For competition wear, follow specific care instructions on the label. Proper care ensures your investment lasts for years.""}]",[]
/clothing/outerwear/show-jackets,Competition Jacket,Competition Jacket | Premium Quality | The Equestrian,Shop premium competition jacket including competition jackets. Free shipping Australia-wide. Expert advice available. Find the perfect gear for your needs.,"Expertly selected for quality, durability, and performance. Whether you're competing or riding for leisure, find exactly what you need at The Equestrian.","<h2>Professional Competition Jacket</h2>
<p>Browse our specialized collection. All products in stock and ready to ship. Most orders dispatched within 24 hours Australia-wide.</p><h3>What Makes Great Competition Jacket?</h3>
<ul>
<li><strong>Technical Fabrics:</strong> Advanced moisture-wicking and breathable materials that keep you comfortable in the saddle</li>
<li><strong>Perfect Fit:</strong> Designed specifically for riding with stretch panels and reinforced seams where you need them most</li>
<li><strong>Durability:</strong> Built to withstand the demands of daily riding and competition</li>
<li><strong>Professional Style:</strong> Classic designs that look sharp in the arena or stable yard</li>
</ul>
",,/clothing/outerwear,3,published,best-selling,"[{""question"":""What competition jacket do you stock?"",""answer"":""We stock a comprehensive range of competition jacket from leading brands. All products are carefully selected for quality, durability, and performance. Browse our collection to find exactly what you need.""},{""question"":""Do you offer free shipping on competition jacket?"",""answer"":""Yes! We offer free shipping Australia-wide on all orders. Most orders are dispatched within 24 hours, so you'll receive your competition jacket quickly.""}]",[]
/clothing/outerwear/oilskins,Oilskins,Oilskins | Premium Quality | The Equestrian,"Shop premium oilskins including breeches, jodhpurs, riding tops and jackets. Free shipping Australia-wide. Expert advice available. Find the perfect gear...","Expertly selected for quality, durability, and performance. Whether you're competing or riding for leisure, find exactly what you need at The Equestrian.","<h2>Stylish Oilskins</h2>
<p>Browse our specialized collection. All products in stock and ready to ship. Most orders dispatched within 24 hours Australia-wide.</p><h3>What Makes Great Oilskins?</h3><ul><li><strong>Technical Fabrics:</strong> Advanced moisture-wicking and breathable materials that keep you comfortable in the saddle</li><li><strong>Perfect Fit:</strong> Designed specifically for riding with stretch panels and reinforced seams where you need them most</li><li><strong>Durability:</strong> Built to withstand daily wear, frequent washing, and the demands of equestrian life</li><li><strong>Style:</strong> Look professional in the arena and fashionable at the barn with timeless designs</li></ul>",,/clothing/outerwear,3,published,best-selling,"[{""question"":""What size should I order?"",""answer"":""We recommend consulting our detailed size guide for each brand, as sizing can vary between manufacturers. Most riders find their regular size works well, but competition wear may run smaller. When in doubt, size up for comfort, especially for items you'll wear over base layers.""},{""question"":""How do I care for technical riding clothing?"",""answer"":""Wash in cold water on a gentle cycle and hang to dry to preserve technical fabrics. Avoid fabric softeners as they can reduce moisture-wicking properties. For competition wear, follow specific care instructions on the label. Proper care ensures your investment lasts for years.""}]",[]
/clothing/outerwear/riding-jackets,Riding Jacket,Riding Jacket | Premium Quality | The Equestrian,Shop premium riding jacket including riding jackets. Free shipping Australia-wide. Expert advice available. Find the perfect gear for your needs.,"Expertly selected for quality, durability, and performance. Whether you're competing or riding for leisure, find exactly what you need at The Equestrian.","<h2>Stylish Riding Jacket</h2>
<p>Browse our specialized collection. All products in stock and ready to ship. Most orders dispatched within 24 hours Australia-wide.</p><h3>What Makes Great Riding Jacket?</h3>
<ul>
<li><strong>Technical Fabrics:</strong> Advanced moisture-wicking and breathable materials that keep you comfortable in the saddle</li>
<li><strong>Perfect Fit:</strong> Designed specifically for riding with stretch panels and reinforced seams where you need them most</li>
<li><strong>Durability:</strong> Built to withstand the demands of daily riding and competition</li>
<li><strong>Professional Style:</strong> Classic designs that look sharp in the arena or stable yard</li>
</ul>
",,/clothing/outerwear,3,published,best-selling,"[{""question"":""What riding jacket do you stock?"",""answer"":""We stock a comprehensive range of riding jacket from leading brands. All products are carefully selected for quality, durability, and performance. Browse our collection to find exactly what you need.""},{""question"":""Do you offer free shipping on riding jacket?"",""answer"":""Yes! We offer free shipping Australia-wide on all orders. Most orders are dispatched within 24 hours, so you'll receive your riding jacket quickly.""}]",[]
/clothing/sleepwear,Sleepwear,Sleepwear | Buy Online | The Equestrian,Shop premium sleepwear including sleepwears. Free shipping Australia-wide. Expert advice available. Find the perfect gear for your needs.,"Expertly selected for quality, durability, and performance. Whether you're competing or riding for leisure, find exactly what you need at The Equestrian.","<h2>Stylish Sleepwear</h2>
<p>Browse our specialized collection. All products in stock and ready to ship. Most orders dispatched within 24 hours Australia-wide.</p><h3>What Makes Great Sleepwear?</h3>
<ul>
<li><strong>Technical Fabrics:</strong> Advanced moisture-wicking and breathable materials that keep you comfortable in the saddle</li>
<li><strong>Perfect Fit:</strong> Designed specifically for riding with stretch panels and reinforced seams where you need them most</li>
<li><strong>Durability:</strong> Built to withstand the demands of daily riding and competition</li>
<li><strong>Professional Style:</strong> Classic designs that look sharp in the arena or stable yard</li>
</ul>
",,/clothing,2,published,best-selling,"[{""question"":""What sleepwear do you stock?"",""answer"":""We stock a comprehensive range of sleepwear from leading brands. All products are carefully selected for quality, durability, and performance. Browse our collection to find exactly what you need.""},{""question"":""Do you offer free shipping on sleepwear?"",""answer"":""Yes! We offer free shipping Australia-wide on all orders. Most orders are dispatched within 24 hours, so you'll receive your sleepwear quickly.""}]",[]
/clothing/activewear,Sports,Sports | Buy Online | The Equestrian,"Shop premium sports including breeches, jodhpurs, riding tops and jackets. Free shipping Australia-wide. Expert advice available. Find the perfect gear for...","Expertly selected for quality, durability, and performance. Whether you're competing or riding for leisure, find exactly what you need at The Equestrian.","<h2>Stylish Sports</h2>
<p>Discover our comprehensive collection, carefully curated to meet the demands of equestrians at every level. From competition-ready gear to everyday essentials, we stock only the finest brands known for quality, durability, and performance. Each product has been expertly selected by our team of experienced professionals who understand what truly matters.</p><h3>What Makes Great Sports?</h3><ul><li><strong>Technical Fabrics:</strong> Advanced moisture-wicking and breathable materials that keep you comfortable in the saddle</li><li><strong>Perfect Fit:</strong> Designed specifically for riding with stretch panels and reinforced seams where you need them most</li><li><strong>Durability:</strong> Built to withstand daily wear, frequent washing, and the demands of equestrian life</li><li><strong>Style:</strong> Look professional in the arena and fashionable at the barn with timeless designs</li></ul>",,/clothing,2,published,best-selling,"[{""question"":""What size should I order?"",""answer"":""We recommend consulting our detailed size guide for each brand, as sizing can vary between manufacturers. Most riders find their regular size works well, but competition wear may run smaller. When in doubt, size up for comfort, especially for items you'll wear over base layers.""},{""question"":""How do I care for technical riding clothing?"",""answer"":""Wash in cold water on a gentle cycle and hang to dry to preserve technical fabrics. Avoid fabric softeners as they can reduce moisture-wicking properties. For competition wear, follow specific care instructions on the label. Proper care ensures your investment lasts for years.""}]",[]
/clothing/bottoms/shorts,Shorts,Shorts | Premium Quality | The Equestrian,"Shop premium shorts including breeches, jodhpurs, riding tops and jackets. Free shipping Australia-wide. Expert advice available. Find the perfect gear for...","Expertly selected for quality, durability, and performance. Whether you're competing or riding for leisure, find exactly what you need at The Equestrian.","<h2>Stylish Shorts</h2>
<p>Browse our specialized collection. All products in stock and ready to ship. Most orders dispatched within 24 hours Australia-wide.</p><h3>What Makes Great Shorts?</h3><ul><li><strong>Technical Fabrics:</strong> Advanced moisture-wicking and breathable materials that keep you comfortable in the saddle</li><li><strong>Perfect Fit:</strong> Designed specifically for riding with stretch panels and reinforced seams where you need them most</li><li><strong>Durability:</strong> Built to withstand daily wear, frequent washing, and the demands of equestrian life</li><li><strong>Style:</strong> Look professional in the arena and fashionable at the barn with timeless designs</li></ul>",,/clothing/bottoms,3,published,best-selling,"[{""question"":""What size should I order?"",""answer"":""We recommend consulting our detailed size guide for each brand, as sizing can vary between manufacturers. Most riders find their regular size works well, but competition wear may run smaller. When in doubt, size up for comfort, especially for items you'll wear over base layers.""},{""question"":""How do I care for technical riding clothing?"",""answer"":""Wash in cold water on a gentle cycle and hang to dry to preserve technical fabrics. Avoid fabric softeners as they can reduce moisture-wicking properties. For competition wear, follow specific care instructions on the label. Proper care ensures your investment lasts for years.""}]",[]
/horse/boots,Horse Boots,Horse Boots | Buy Online | The Equestrian,"Shop premium horse boots including brushing boots, tendon boots, travel boots and bell boots. Free shipping Australia-wide. Expert advice available. Find...","Expertly selected for quality, durability, and performance. Whether you're competing or riding for leisure, find exactly what you need at The Equestrian.","<h2>Protective Horse Boots</h2>
<p>Discover our comprehensive collection, carefully curated to meet the demands of horses at every level. From competition-ready gear to everyday essentials, we stock only the finest brands known for quality, durability, and performance. Each product has been expertly selected by our team of equine specialists who understand what truly matters.</p><h3>What Makes Great Horse Boots?</h3><ul><li><strong>Protection & Support:</strong> Advanced impact absorption and tendon support for maximum safety during training and competition</li><li><strong>Perfect Fit:</strong> Anatomically designed to move with your horse while staying securely in place</li><li><strong>Breathable Materials:</strong> Moisture-wicking fabrics that prevent overheating and maintain comfort</li><li><strong>Easy Maintenance:</strong> Durable construction that withstands frequent washing and daily use</li></ul><h3>Shop by Type</h3><p>Browse our specialized categories including <a href=""/horse/boots/bell-boots"">bell boots</a>,<a href=""/horse/boots/tendon-boots"">tendon boots</a>, and <a href=""/horse/boots/ice-boots"">ice boots</a>. Each category features products from world-leading brands trusted by professional equestrians.</p>",,/horse,2,published,best-selling,"[{""question"":""What type of horse boots do I need for my horse?"",""answer"":""The right horse boots depend on your horse's activity level and discipline. For jumping and eventing, tendon boots offer crucial protection. For turnout, bell boots prevent overreach injuries. For therapy and recovery, consider ice boots or magnetic boots. Our team can help you choose based on your specific needs.""},{""question"":""How do I know if horse boots fit properly?"",""answer"":""Properly fitted horse boots should sit snugly without restricting movement or causing pressure points. Check that straps are secure but not too tight, and ensure the boots don't rotate during movement. If you're unsure, consult our sizing guides or contact our expert team for personalized fitting advice.""}]","[{""url"":""/horse/bandages"",""title"":""Bandages & Wraps"",""description"":""Complement your boots with quality bandages""},{""url"":""/horse/grooming"",""title"":""Grooming Supplies"",""description"":""Keep your horse looking their best""}]"
/horse/boots/bell-boots,Bell Boots,Bell Boots | Premium Quality | The Equestrian,"Shop premium bell boots including brushing boots, tendon boots, travel boots and bell boots. Free shipping Australia-wide. Expert advice available. Find...","Expertly selected for quality, durability, and performance. Whether you're competing or riding for leisure, find exactly what you need at The Equestrian.","<h2>Protective Bell Boots</h2>
<p>Browse our specialized collection. All products in stock and ready to ship. Most orders dispatched within 24 hours Australia-wide.</p><h3>What Makes Great Bell Boots?</h3><ul><li><strong>Protection & Support:</strong> Advanced impact absorption and tendon support for maximum safety during training and competition</li><li><strong>Perfect Fit:</strong> Anatomically designed to move with your horse while staying securely in place</li><li><strong>Breathable Materials:</strong> Moisture-wicking fabrics that prevent overheating and maintain comfort</li><li><strong>Easy Maintenance:</strong> Durable construction that withstands frequent washing and daily use</li></ul>",,/horse/boots,3,published,best-selling,"[{""question"":""What type of bell boots do I need for my horse?"",""answer"":""The right bell boots depend on your horse's activity level and discipline. For jumping and eventing, tendon boots offer crucial protection. For turnout, bell boots prevent overreach injuries. For therapy and recovery, consider ice boots or magnetic boots. Our team can help you choose based on your specific needs.""},{""question"":""How do I know if bell boots fit properly?"",""answer"":""Properly fitted bell boots should sit snugly without restricting movement or causing pressure points. Check that straps are secure but not too tight, and ensure the boots don't rotate during movement. If you're unsure, consult our sizing guides or contact our expert team for personalized fitting advice.""}]","[{""url"":""/horse/bandages"",""title"":""Bandages & Wraps"",""description"":""Complement your boots with quality bandages""},{""url"":""/horse/grooming"",""title"":""Grooming Supplies"",""description"":""Keep your horse looking their best""}]"
/horse/boots/tendon-boots,Tendon Boots,Tendon Boots | Premium Quality | The Equestrian,"Shop premium tendon boots including brushing boots, tendon boots, travel boots and bell boots. Free shipping Australia-wide. Expert advice available. Find...","Expertly selected for quality, durability, and performance. Whether you're competing or riding for leisure, find exactly what you need at The Equestrian.","<h2>Protective Tendon Boots</h2>
<p>Browse our specialized collection. All products in stock and ready to ship. Most orders dispatched within 24 hours Australia-wide.</p><h3>What Makes Great Tendon Boots?</h3><ul><li><strong>Protection & Support:</strong> Advanced impact absorption and tendon support for maximum safety during training and competition</li><li><strong>Perfect Fit:</strong> Anatomically designed to move with your horse while staying securely in place</li><li><strong>Breathable Materials:</strong> Moisture-wicking fabrics that prevent overheating and maintain comfort</li><li><strong>Easy Maintenance:</strong> Durable construction that withstands frequent washing and daily use</li></ul>",,/horse/boots,3,published,best-selling,"[{""question"":""What type of tendon boots do I need for my horse?"",""answer"":""The right tendon boots depend on your horse's activity level and discipline. For jumping and eventing, tendon boots offer crucial protection. For turnout, bell boots prevent overreach injuries. For therapy and recovery, consider ice boots or magnetic boots. Our team can help you choose based on your specific needs.""},{""question"":""How do I know if tendon boots fit properly?"",""answer"":""Properly fitted tendon boots should sit snugly without restricting movement or causing pressure points. Check that straps are secure but not too tight, and ensure the boots don't rotate during movement. If you're unsure, consult our sizing guides or contact our expert team for personalized fitting advice.""}]","[{""url"":""/horse/bandages"",""title"":""Bandages & Wraps"",""description"":""Complement your boots with quality bandages""},{""url"":""/horse/grooming"",""title"":""Grooming Supplies"",""description"":""Keep your horse looking their best""}]"
/horse/boots/ice-boots,Ice Boots,Ice Boots | Premium Quality | The Equestrian,"Shop premium ice boots including brushing boots, tendon boots, travel boots and bell boots. Free shipping Australia-wide. Expert advice available. Find the...","Expertly selected for quality, durability, and performance. Whether you're competing or riding for leisure, find exactly what you need at The Equestrian.","<h2>Protective Ice Boots</h2>
<p>Browse our specialized collection. All products in stock and ready to ship. Most orders dispatched within 24 hours Australia-wide.</p><h3>What Makes Great Ice Boots?</h3><ul><li><strong>Protection & Support:</strong> Advanced impact absorption and tendon support for maximum safety during training and competition</li><li><strong>Perfect Fit:</strong> Anatomically designed to move with your horse while staying securely in place</li><li><strong>Breathable Materials:</strong> Moisture-wicking fabrics that prevent overheating and maintain comfort</li><li><strong>Easy Maintenance:</strong> Durable construction that withstands frequent washing and daily use</li></ul>",,/horse/boots,3,published,best-selling,"[{""question"":""What type of ice boots do I need for my horse?"",""answer"":""The right ice boots depend on your horse's activity level and discipline. For jumping and eventing, tendon boots offer crucial protection. For turnout, bell boots prevent overreach injuries. For therapy and recovery, consider ice boots or magnetic boots. Our team can help you choose based on your specific needs.""},{""question"":""How do I know if ice boots fit properly?"",""answer"":""Properly fitted ice boots should sit snugly without restricting movement or causing pressure points. Check that straps are secure but not too tight, and ensure the boots don't rotate during movement. If you're unsure, consult our sizing guides or contact our expert team for personalized fitting advice.""}]","[{""url"":""/horse/bandages"",""title"":""Bandages & Wraps"",""description"":""Complement your boots with quality bandages""},{""url"":""/horse/grooming"",""title"":""Grooming Supplies"",""description"":""Keep your horse looking their best""}]"
/horse/boots/bandages,Bandages,Bandages | Premium Quality | The Equestrian,"Shop premium bandages including brushing boots, tendon boots, travel boots and bell boots. Free shipping Australia-wide. Expert advice available. Find the...","Expertly selected for quality, durability, and performance. Whether you're competing or riding for leisure, find exactly what you need at The Equestrian.","<h2>Protective Bandages</h2>
<p>Browse our specialized collection. All products in stock and ready to ship. Most orders dispatched within 24 hours Australia-wide.</p><h3>What Makes Great Bandages?</h3><ul><li><strong>Protection & Support:</strong> Advanced impact absorption and tendon support for maximum safety during training and competition</li><li><strong>Perfect Fit:</strong> Anatomically designed to move with your horse while staying securely in place</li><li><strong>Breathable Materials:</strong> Moisture-wicking fabrics that prevent overheating and maintain comfort</li><li><strong>Easy Maintenance:</strong> Durable construction that withstands frequent washing and daily use</li></ul>",,/horse/boots,3,published,best-selling,"[{""question"":""What type of bandages do I need for my horse?"",""answer"":""The right bandages depend on your horse's activity level and discipline. For jumping and eventing, tendon boots offer crucial protection. For turnout, bell boots prevent overreach injuries. For therapy and recovery, consider ice boots or magnetic boots. Our team can help you choose based on your specific needs.""},{""question"":""How do I know if bandages fit properly?"",""answer"":""Properly fitted bandages should sit snugly without restricting movement or causing pressure points. Check that straps are secure but not too tight, and ensure the boots don't rotate during movement. If you're unsure, consult our sizing guides or contact our expert team for personalized fitting advice.""}]","[{""url"":""/horse/bandages"",""title"":""Bandages & Wraps"",""description"":""Complement your boots with quality bandages""},{""url"":""/horse/grooming"",""title"":""Grooming Supplies"",""description"":""Keep your horse looking their best""}]"
/horse/boots/magnetic,Magnetic Boots,Magnetic Boots | Premium Quality | The Equestrian,"Shop premium magnetic boots including brushing boots, tendon boots, travel boots and bell boots. Free shipping Australia-wide. Expert advice available.","Expertly selected for quality, durability, and performance. Whether you're competing or riding for leisure, find exactly what you need at The Equestrian.","<h2>Protective Magnetic Boots</h2>
<p>Browse our specialized collection. All products in stock and ready to ship. Most orders dispatched within 24 hours Australia-wide.</p><h3>What Makes Great Magnetic Boots?</h3><ul><li><strong>Protection & Support:</strong> Advanced impact absorption and tendon support for maximum safety during training and competition</li><li><strong>Perfect Fit:</strong> Anatomically designed to move with your horse while staying securely in place</li><li><strong>Breathable Materials:</strong> Moisture-wicking fabrics that prevent overheating and maintain comfort</li><li><strong>Easy Maintenance:</strong> Durable construction that withstands frequent washing and daily use</li></ul>",,/horse/boots,3,published,best-selling,"[{""question"":""What type of magnetic boots do I need for my horse?"",""answer"":""The right magnetic boots depend on your horse's activity level and discipline. For jumping and eventing, tendon boots offer crucial protection. For turnout, bell boots prevent overreach injuries. For therapy and recovery, consider ice boots or magnetic boots. Our team can help you choose based on your specific needs.""},{""question"":""How do I know if magnetic boots fit properly?"",""answer"":""Properly fitted magnetic boots should sit snugly without restricting movement or causing pressure points. Check that straps are secure but not too tight, and ensure the boots don't rotate during movement. If you're unsure, consult our sizing guides or contact our expert team for personalized fitting advice.""}]","[{""url"":""/horse/bandages"",""title"":""Bandages & Wraps"",""description"":""Complement your boots with quality bandages""},{""url"":""/horse/grooming"",""title"":""Grooming Supplies"",""description"":""Keep your horse looking their best""}]"
/horse/boots/therapy,Therapy Boots,Therapy Boots | Premium Quality | The Equestrian,"Shop premium therapy boots including brushing boots, tendon boots, travel boots and bell boots. Free shipping Australia-wide. Expert advice available.","Expertly selected for quality, durability, and performance. Whether you're competing or riding for leisure, find exactly what you need at The Equestrian.","<h2>Protective Therapy Boots</h2>
<p>Browse our specialized collection. All products in stock and ready to ship. Most orders dispatched within 24 hours Australia-wide.</p><h3>What Makes Great Therapy Boots?</h3><ul><li><strong>Protection & Support:</strong> Advanced impact absorption and tendon support for maximum safety during training and competition</li><li><strong>Perfect Fit:</strong> Anatomically designed to move with your horse while staying securely in place</li><li><strong>Breathable Materials:</strong> Moisture-wicking fabrics that prevent overheating and maintain comfort</li><li><strong>Easy Maintenance:</strong> Durable construction that withstands frequent washing and daily use</li></ul>",,/horse/boots,3,published,best-selling,"[{""question"":""What type of therapy boots do I need for my horse?"",""answer"":""The right therapy boots depend on your horse's activity level and discipline. For jumping and eventing, tendon boots offer crucial protection. For turnout, bell boots prevent overreach injuries. For therapy and recovery, consider ice boots or magnetic boots. Our team can help you choose based on your specific needs.""},{""question"":""How do I know if therapy boots fit properly?"",""answer"":""Properly fitted therapy boots should sit snugly without restricting movement or causing pressure points. Check that straps are secure but not too tight, and ensure the boots don't rotate during movement. If you're unsure, consult our sizing guides or contact our expert team for personalized fitting advice.""}]","[{""url"":""/horse/bandages"",""title"":""Bandages & Wraps"",""description"":""Complement your boots with quality bandages""},{""url"":""/horse/grooming"",""title"":""Grooming Supplies"",""description"":""Keep your horse looking their best""}]"
/horse/boots/fetlock,Fetlock boots,Fetlock boots | Premium Quality | The Equestrian,"Shop premium fetlock boots including brushing boots, tendon boots, travel boots and bell boots. Free shipping Australia-wide. Expert advice available.","Expertly selected for quality, durability, and performance. Whether you're competing or riding for leisure, find exactly what you need at The Equestrian.","<h2>Protective Fetlock boots</h2>
<p>Browse our specialized collection. All products in stock and ready to ship. Most orders dispatched within 24 hours Australia-wide.</p><h3>What Makes Great Fetlock boots?</h3><ul><li><strong>Protection & Support:</strong> Advanced impact absorption and tendon support for maximum safety during training and competition</li><li><strong>Perfect Fit:</strong> Anatomically designed to move with your horse while staying securely in place</li><li><strong>Breathable Materials:</strong> Moisture-wicking fabrics that prevent overheating and maintain comfort</li><li><strong>Easy Maintenance:</strong> Durable construction that withstands frequent washing and daily use</li></ul>",,/horse/boots,3,published,best-selling,"[{""question"":""What type of fetlock boots do I need for my horse?"",""answer"":""The right fetlock boots depend on your horse's activity level and discipline. For jumping and eventing, tendon boots offer crucial protection. For turnout, bell boots prevent overreach injuries. For therapy and recovery, consider ice boots or magnetic boots. Our team can help you choose based on your specific needs.""},{""question"":""How do I know if fetlock boots fit properly?"",""answer"":""Properly fitted fetlock boots should sit snugly without restricting movement or causing pressure points. Check that straps are secure but not too tight, and ensure the boots don't rotate during movement. If you're unsure, consult our sizing guides or contact our expert team for personalized fitting advice.""}]","[{""url"":""/horse/bandages"",""title"":""Bandages & Wraps"",""description"":""Complement your boots with quality bandages""},{""url"":""/horse/grooming"",""title"":""Grooming Supplies"",""description"":""Keep your horse looking their best""}]"
/horse/boots/overreach,Overreach Boots,Overreach Boots | Premium Quality | The Equestrian,"Shop premium overreach boots including brushing boots, tendon boots, travel boots and bell boots. Free shipping Australia-wide. Expert advice available.","Expertly selected for quality, durability, and performance. Whether you're competing or riding for leisure, find exactly what you need at The Equestrian.","<h2>Protective Overreach Boots</h2>
<p>Browse our specialized collection. All products in stock and ready to ship. Most orders dispatched within 24 hours Australia-wide.</p><h3>What Makes Great Overreach Boots?</h3><ul><li><strong>Protection & Support:</strong> Advanced impact absorption and tendon support for maximum safety during training and competition</li><li><strong>Perfect Fit:</strong> Anatomically designed to move with your horse while staying securely in place</li><li><strong>Breathable Materials:</strong> Moisture-wicking fabrics that prevent overheating and maintain comfort</li><li><strong>Easy Maintenance:</strong> Durable construction that withstands frequent washing and daily use</li></ul>",,/horse/boots,3,published,best-selling,"[{""question"":""What type of overreach boots do I need for my horse?"",""answer"":""The right overreach boots depend on your horse's activity level and discipline. For jumping and eventing, tendon boots offer crucial protection. For turnout, bell boots prevent overreach injuries. For therapy and recovery, consider ice boots or magnetic boots. Our team can help you choose based on your specific needs.""},{""question"":""How do I know if overreach boots fit properly?"",""answer"":""Properly fitted overreach boots should sit snugly without restricting movement or causing pressure points. Check that straps are secure but not too tight, and ensure the boots don't rotate during movement. If you're unsure, consult our sizing guides or contact our expert team for personalized fitting advice.""}]","[{""url"":""/horse/bandages"",""title"":""Bandages & Wraps"",""description"":""Complement your boots with quality bandages""},{""url"":""/horse/grooming"",""title"":""Grooming Supplies"",""description"":""Keep your horse looking their best""}]"
/horse/boots/accessories,Boots - Boot Accessories,Boots - Boot Accessories | Premium Quality | The Equestrian,"Shop premium boots - boot accessories including brushing boots, tendon boots, travel boots and bell boots. Free shipping Australia-wide. Expert advice...","Expertly selected for quality, durability, and performance. Whether you're competing or riding for leisure, find exactly what you need at The Equestrian.","<h2>Protective Boots - Boot Accessories</h2>
<p>Browse our specialized collection. All products in stock and ready to ship. Most orders dispatched within 24 hours Australia-wide.</p><h3>What Makes Great Boots - Boot Accessories?</h3><ul><li><strong>Protection & Support:</strong> Advanced impact absorption and tendon support for maximum safety during training and competition</li><li><strong>Perfect Fit:</strong> Anatomically designed to move with your horse while staying securely in place</li><li><strong>Breathable Materials:</strong> Moisture-wicking fabrics that prevent overheating and maintain comfort</li><li><strong>Easy Maintenance:</strong> Durable construction that withstands frequent washing and daily use</li></ul>",,/horse/boots,3,published,best-selling,"[{""question"":""What type of boots - boot accessories do I need for my horse?"",""answer"":""The right boots - boot accessories depend on your horse's activity level and discipline. For jumping and eventing, tendon boots offer crucial protection. For turnout, bell boots prevent overreach injuries. For therapy and recovery, consider ice boots or magnetic boots. Our team can help you choose based on your specific needs.""},{""question"":""How do I know if boots - boot accessories fit properly?"",""answer"":""Properly fitted boots - boot accessories should sit snugly without restricting movement or causing pressure points. Check that straps are secure but not too tight, and ensure the boots don't rotate during movement. If you're unsure, consult our sizing guides or contact our expert team for personalized fitting advice.""}]","[{""url"":""/horse/bandages"",""title"":""Bandages & Wraps"",""description"":""Complement your boots with quality bandages""},{""url"":""/horse/grooming"",""title"":""Grooming Supplies"",""description"":""Keep your horse looking their best""}]"
/horse/boots/exercise,Exercise Boots,Exercise Boots | Premium Quality | The Equestrian,"Shop premium exercise boots including brushing boots, tendon boots, travel boots and bell boots. Free shipping Australia-wide. Expert advice available.","Expertly selected for quality, durability, and performance. Whether you're competing or riding for leisure, find exactly what you need at The Equestrian.","<h2>Protective Exercise Boots</h2>
<p>Browse our specialized collection. All products in stock and ready to ship. Most orders dispatched within 24 hours Australia-wide.</p><h3>What Makes Great Exercise Boots?</h3><ul><li><strong>Protection & Support:</strong> Advanced impact absorption and tendon support for maximum safety during training and competition</li><li><strong>Perfect Fit:</strong> Anatomically designed to move with your horse while staying securely in place</li><li><strong>Breathable Materials:</strong> Moisture-wicking fabrics that prevent overheating and maintain comfort</li><li><strong>Easy Maintenance:</strong> Durable construction that withstands frequent washing and daily use</li></ul>",,/horse/boots,3,published,best-selling,"[{""question"":""What type of exercise boots do I need for my horse?"",""answer"":""The right exercise boots depend on your horse's activity level and discipline. For jumping and eventing, tendon boots offer crucial protection. For turnout, bell boots prevent overreach injuries. For therapy and recovery, consider ice boots or magnetic boots. Our team can help you choose based on your specific needs.""},{""question"":""How do I know if exercise boots fit properly?"",""answer"":""Properly fitted exercise boots should sit snugly without restricting movement or causing pressure points. Check that straps are secure but not too tight, and ensure the boots don't rotate during movement. If you're unsure, consult our sizing guides or contact our expert team for personalized fitting advice.""}]","[{""url"":""/horse/bandages"",""title"":""Bandages & Wraps"",""description"":""Complement your boots with quality bandages""},{""url"":""/horse/grooming"",""title"":""Grooming Supplies"",""description"":""Keep your horse looking their best""}]"
/horse/boots/eventing,Eventing Boots,Eventing Boots | Premium Quality | The Equestrian,"Shop premium eventing boots including brushing boots, tendon boots, travel boots and bell boots. Free shipping Australia-wide. Expert advice available.","Expertly selected for quality, durability, and performance. Whether you're competing or riding for leisure, find exactly what you need at The Equestrian.","<h2>Protective Eventing Boots</h2>
<p>Browse our specialized collection. All products in stock and ready to ship. Most orders dispatched within 24 hours Australia-wide.</p><h3>What Makes Great Eventing Boots?</h3><ul><li><strong>Protection & Support:</strong> Advanced impact absorption and tendon support for maximum safety during training and competition</li><li><strong>Perfect Fit:</strong> Anatomically designed to move with your horse while staying securely in place</li><li><strong>Breathable Materials:</strong> Moisture-wicking fabrics that prevent overheating and maintain comfort</li><li><strong>Easy Maintenance:</strong> Durable construction that withstands frequent washing and daily use</li></ul>",,/horse/boots,3,published,best-selling,"[{""question"":""What type of eventing boots do I need for my horse?"",""answer"":""The right eventing boots depend on your horse's activity level and discipline. For jumping and eventing, tendon boots offer crucial protection. For turnout, bell boots prevent overreach injuries. For therapy and recovery, consider ice boots or magnetic boots. Our team can help you choose based on your specific needs.""},{""question"":""How do I know if eventing boots fit properly?"",""answer"":""Properly fitted eventing boots should sit snugly without restricting movement or causing pressure points. Check that straps are secure but not too tight, and ensure the boots don't rotate during movement. If you're unsure, consult our sizing guides or contact our expert team for personalized fitting advice.""}]","[{""url"":""/horse/bandages"",""title"":""Bandages & Wraps"",""description"":""Complement your boots with quality bandages""},{""url"":""/horse/grooming"",""title"":""Grooming Supplies"",""description"":""Keep your horse looking their best""}]"
/horse/boots/float,Float Boots,Float Boots | Premium Quality | The Equestrian,"Shop premium float boots including brushing boots, tendon boots, travel boots and bell boots. Free shipping Australia-wide. Expert advice available. Find...","Expertly selected for quality, durability, and performance. Whether you're competing or riding for leisure, find exactly what you need at The Equestrian.","<h2>Protective Float Boots</h2>
<p>Browse our specialized collection. All products in stock and ready to ship. Most orders dispatched within 24 hours Australia-wide.</p><h3>What Makes Great Float Boots?</h3><ul><li><strong>Protection & Support:</strong> Advanced impact absorption and tendon support for maximum safety during training and competition</li><li><strong>Perfect Fit:</strong> Anatomically designed to move with your horse while staying securely in place</li><li><strong>Breathable Materials:</strong> Moisture-wicking fabrics that prevent overheating and maintain comfort</li><li><strong>Easy Maintenance:</strong> Durable construction that withstands frequent washing and daily use</li></ul>",,/horse/boots,3,published,best-selling,"[{""question"":""What type of float boots do I need for my horse?"",""answer"":""The right float boots depend on your horse's activity level and discipline. For jumping and eventing, tendon boots offer crucial protection. For turnout, bell boots prevent overreach injuries. For therapy and recovery, consider ice boots or magnetic boots. Our team can help you choose based on your specific needs.""},{""question"":""How do I know if float boots fit properly?"",""answer"":""Properly fitted float boots should sit snugly without restricting movement or causing pressure points. Check that straps are secure but not too tight, and ensure the boots don't rotate during movement. If you're unsure, consult our sizing guides or contact our expert team for personalized fitting advice.""}]","[{""url"":""/horse/bandages"",""title"":""Bandages & Wraps"",""description"":""Complement your boots with quality bandages""},{""url"":""/horse/grooming"",""title"":""Grooming Supplies"",""description"":""Keep your horse looking their best""}]"
/horse/boots/travel,Travel Boots,Travel Boots | Premium Quality | The Equestrian,"Shop premium travel boots including brushing boots, tendon boots, travel boots and bell boots. Free shipping Australia-wide. Expert advice available. Find...","Expertly selected for quality, durability, and performance. Whether you're competing or riding for leisure, find exactly what you need at The Equestrian.","<h2>Protective Travel Boots</h2>
<p>Browse our specialized collection. All products in stock and ready to ship. Most orders dispatched within 24 hours Australia-wide.</p><h3>What Makes Great Travel Boots?</h3><ul><li><strong>Protection & Support:</strong> Advanced impact absorption and tendon support for maximum safety during training and competition</li><li><strong>Perfect Fit:</strong> Anatomically designed to move with your horse while staying securely in place</li><li><strong>Breathable Materials:</strong> Moisture-wicking fabrics that prevent overheating and maintain comfort</li><li><strong>Easy Maintenance:</strong> Durable construction that withstands frequent washing and daily use</li></ul>",,/horse/boots,3,published,best-selling,"[{""question"":""What type of travel boots do I need for my horse?"",""answer"":""The right travel boots depend on your horse's activity level and discipline. For jumping and eventing, tendon boots offer crucial protection. For turnout, bell boots prevent overreach injuries. For therapy and recovery, consider ice boots or magnetic boots. Our team can help you choose based on your specific needs.""},{""question"":""How do I know if travel boots fit properly?"",""answer"":""Properly fitted travel boots should sit snugly without restricting movement or causing pressure points. Check that straps are secure but not too tight, and ensure the boots don't rotate during movement. If you're unsure, consult our sizing guides or contact our expert team for personalized fitting advice.""}]","[{""url"":""/horse/bandages"",""title"":""Bandages & Wraps"",""description"":""Complement your boots with quality bandages""},{""url"":""/horse/grooming"",""title"":""Grooming Supplies"",""description"":""Keep your horse looking their best""}]"
/horse/boots/polos-wraps,Polos and Wraps,Polos and Wraps | Premium Quality | The Equestrian,"Shop premium polos and wraps including brushing boots, tendon boots, travel boots and bell boots. Free shipping Australia-wide. Expert advice available.","Expertly selected for quality, durability, and performance. Whether you're competing or riding for leisure, find exactly what you need at The Equestrian.","<h2>Protective Polos and Wraps</h2>
<p>Browse our specialized collection. All products in stock and ready to ship. Most orders dispatched within 24 hours Australia-wide.</p><h3>What Makes Great Polos and Wraps?</h3><ul><li><strong>Protection & Support:</strong> Advanced impact absorption and tendon support for maximum safety during training and competition</li><li><strong>Perfect Fit:</strong> Anatomically designed to move with your horse while staying securely in place</li><li><strong>Breathable Materials:</strong> Moisture-wicking fabrics that prevent overheating and maintain comfort</li><li><strong>Easy Maintenance:</strong> Durable construction that withstands frequent washing and daily use</li></ul>",,/horse/boots,3,published,best-selling,"[{""question"":""What type of polos and wraps do I need for my horse?"",""answer"":""The right polos and wraps depend on your horse's activity level and discipline. For jumping and eventing, tendon boots offer crucial protection. For turnout, bell boots prevent overreach injuries. For therapy and recovery, consider ice boots or magnetic boots. Our team can help you choose based on your specific needs.""},{""question"":""How do I know if polos and wraps fit properly?"",""answer"":""Properly fitted polos and wraps should sit snugly without restricting movement or causing pressure points. Check that straps are secure but not too tight, and ensure the boots don't rotate during movement. If you're unsure, consult our sizing guides or contact our expert team for personalized fitting advice.""}]","[{""url"":""/horse/bandages"",""title"":""Bandages & Wraps"",""description"":""Complement your boots with quality bandages""},{""url"":""/horse/grooming"",""title"":""Grooming Supplies"",""description"":""Keep your horse looking their best""}]"
/horse/boots/stable,Stable Boots,Stable Boots | Premium Quality | The Equestrian,"Shop premium stable boots including brushing boots, tendon boots, travel boots and bell boots. Free shipping Australia-wide. Expert advice available. Find...","Expertly selected for quality, durability, and performance. Whether you're competing or riding for leisure, find exactly what you need at The Equestrian.","<h2>Protective Stable Boots</h2>
<p>Browse our specialized collection. All products in stock and ready to ship. Most orders dispatched within 24 hours Australia-wide.</p><h3>What Makes Great Stable Boots?</h3><ul><li><strong>Protection & Support:</strong> Advanced impact absorption and tendon support for maximum safety during training and competition</li><li><strong>Perfect Fit:</strong> Anatomically designed to move with your horse while staying securely in place</li><li><strong>Breathable Materials:</strong> Moisture-wicking fabrics that prevent overheating and maintain comfort</li><li><strong>Easy Maintenance:</strong> Durable construction that withstands frequent washing and daily use</li></ul>",,/horse/boots,3,published,best-selling,"[{""question"":""What type of stable boots do I need for my horse?"",""answer"":""The right stable boots depend on your horse's activity level and discipline. For jumping and eventing, tendon boots offer crucial protection. For turnout, bell boots prevent overreach injuries. For therapy and recovery, consider ice boots or magnetic boots. Our team can help you choose based on your specific needs.""},{""question"":""How do I know if stable boots fit properly?"",""answer"":""Properly fitted stable boots should sit snugly without restricting movement or causing pressure points. Check that straps are secure but not too tight, and ensure the boots don't rotate during movement. If you're unsure, consult our sizing guides or contact our expert team for personalized fitting advice.""}]","[{""url"":""/horse/bandages"",""title"":""Bandages & Wraps"",""description"":""Complement your boots with quality bandages""},{""url"":""/horse/grooming"",""title"":""Grooming Supplies"",""description"":""Keep your horse looking their best""}]"
/horse/boots/jumping,Jumping Boots,Jumping Boots | Premium Quality | The Equestrian,"Shop premium jumping boots including brushing boots, tendon boots, travel boots and bell boots. Free shipping Australia-wide. Expert advice available.","Expertly selected for quality, durability, and performance. Whether you're competing or riding for leisure, find exactly what you need at The Equestrian.","<h2>Protective Jumping Boots</h2>
<p>Browse our specialized collection. All products in stock and ready to ship. Most orders dispatched within 24 hours Australia-wide.</p><h3>What Makes Great Jumping Boots?</h3><ul><li><strong>Protection & Support:</strong> Advanced impact absorption and tendon support for maximum safety during training and competition</li><li><strong>Perfect Fit:</strong> Anatomically designed to move with your horse while staying securely in place</li><li><strong>Breathable Materials:</strong> Moisture-wicking fabrics that prevent overheating and maintain comfort</li><li><strong>Easy Maintenance:</strong> Durable construction that withstands frequent washing and daily use</li></ul>",,/horse/boots,3,published,best-selling,"[{""question"":""What type of jumping boots do I need for my horse?"",""answer"":""The right jumping boots depend on your horse's activity level and discipline. For jumping and eventing, tendon boots offer crucial protection. For turnout, bell boots prevent overreach injuries. For therapy and recovery, consider ice boots or magnetic boots. Our team can help you choose based on your specific needs.""},{""question"":""How do I know if jumping boots fit properly?"",""answer"":""Properly fitted jumping boots should sit snugly without restricting movement or causing pressure points. Check that straps are secure but not too tight, and ensure the boots don't rotate during movement. If you're unsure, consult our sizing guides or contact our expert team for personalized fitting advice.""}]","[{""url"":""/horse/bandages"",""title"":""Bandages & Wraps"",""description"":""Complement your boots with quality bandages""},{""url"":""/horse/grooming"",""title"":""Grooming Supplies"",""description"":""Keep your horse looking their best""}]"
/horse/boots/fly-boots,Fly Boots,Fly Boots | Premium Quality | The Equestrian,"Shop premium fly boots including brushing boots, tendon boots, travel boots and bell boots. Free shipping Australia-wide. Expert advice available. Find the...","Expertly selected for quality, durability, and performance. Whether you're competing or riding for leisure, find exactly what you need at The Equestrian.","<h2>Protective Fly Boots</h2>
<p>Browse our specialized collection. All products in stock and ready to ship. Most orders dispatched within 24 hours Australia-wide.</p><h3>What Makes Great Fly Boots?</h3><ul><li><strong>Protection & Support:</strong> Advanced impact absorption and tendon support for maximum safety during training and competition</li><li><strong>Perfect Fit:</strong> Anatomically designed to move with your horse while staying securely in place</li><li><strong>Breathable Materials:</strong> Moisture-wicking fabrics that prevent overheating and maintain comfort</li><li><strong>Easy Maintenance:</strong> Durable construction that withstands frequent washing and daily use</li></ul>",,/horse/boots,3,published,best-selling,"[{""question"":""What type of fly boots do I need for my horse?"",""answer"":""The right fly boots depend on your horse's activity level and discipline. For jumping and eventing, tendon boots offer crucial protection. For turnout, bell boots prevent overreach injuries. For therapy and recovery, consider ice boots or magnetic boots. Our team can help you choose based on your specific needs.""},{""question"":""How do I know if fly boots fit properly?"",""answer"":""Properly fitted fly boots should sit snugly without restricting movement or causing pressure points. Check that straps are secure but not too tight, and ensure the boots don't rotate during movement. If you're unsure, consult our sizing guides or contact our expert team for personalized fitting advice.""}]","[{""url"":""/horse/bandages"",""title"":""Bandages & Wraps"",""description"":""Complement your boots with quality bandages""},{""url"":""/horse/grooming"",""title"":""Grooming Supplies"",""description"":""Keep your horse looking their best""}]"
/horse/bits,Bits,Bits | Buy Online | The Equestrian,"Shop premium bits including snaffle bits, pelham bits, weymouth bits and bit guards. Free shipping Australia-wide. Expert advice available. Find the...","Expertly selected for quality, durability, and performance. Whether you're competing or riding for leisure, find exactly what you need at The Equestrian.","<h2>Premium Bits</h2>
<p>Discover our comprehensive collection, carefully curated to meet the demands of horses at every level. From competition-ready gear to everyday essentials, we stock only the finest brands known for quality, durability, and performance. Each product has been expertly selected by our team of equine specialists who understand what truly matters.</p><h3>What Makes Great Bits?</h3><ul><li><strong>Premium Quality:</strong> Expertly crafted from the finest materials for lasting performance</li><li><strong>Functional Design:</strong> Thoughtfully engineered to meet the specific needs of horses and riders</li><li><strong>Trusted Brands:</strong> Products from manufacturers with proven track records in equestrian sports</li><li><strong>Value:</strong> Investment pieces that deliver exceptional performance over time</li></ul><h3>Shop by Type</h3><p>Browse our specialized categories including <a href=""/horse/bits/accessories"">bits - bit accessories</a>. Each category features products from world-leading brands trusted by professional equestrians.</p>",,/horse,2,published,best-selling,"[{""question"":""How do I choose the right bits?"",""answer"":""Consider your specific needs, budget, and intended use. Read product descriptions carefully and check sizing information. Our customer reviews provide valuable insights from real users. If you're unsure, our expert team is always happy to provide personalized recommendations.""},{""question"":""Do you offer free shipping on bits?"",""answer"":""Yes! We offer free shipping on all orders within Australia. Orders are typically processed within 1-2 business days. For urgent needs, express shipping options are available at checkout.""}]",[]
/horse/bits/accessories,Bits - Bit Accessories,Bits - Bit Accessories | Premium Quality | The Equestrian,"Shop premium bits - bit accessories including snaffle bits, pelham bits, weymouth bits and bit guards. Free shipping Australia-wide. Expert advice available.","Expertly selected for quality, durability, and performance. Whether you're competing or riding for leisure, find exactly what you need at The Equestrian.","<h2>Premium Bits - Bit Accessories</h2>
<p>Browse our specialized collection. All products in stock and ready to ship. Most orders dispatched within 24 hours Australia-wide.</p><h3>What Makes Great Bits - Bit Accessories?</h3><ul><li><strong>Premium Quality:</strong> Expertly crafted from the finest materials for lasting performance</li><li><strong>Functional Design:</strong> Thoughtfully engineered to meet the specific needs of horses and riders</li><li><strong>Trusted Brands:</strong> Products from manufacturers with proven track records in equestrian sports</li><li><strong>Value:</strong> Investment pieces that deliver exceptional performance over time</li></ul>",,/horse/bits,3,published,best-selling,"[{""question"":""How do I choose the right bits - bit accessories?"",""answer"":""Consider your specific needs, budget, and intended use. Read product descriptions carefully and check sizing information. Our customer reviews provide valuable insights from real users. If you're unsure, our expert team is always happy to provide personalized recommendations.""},{""question"":""Do you offer free shipping on bits - bit accessories?"",""answer"":""Yes! We offer free shipping on all orders within Australia. Orders are typically processed within 1-2 business days. For urgent needs, express shipping options are available at checkout.""}]",[]
/horse/grooming,Grooming,Grooming | Buy Online | The Equestrian,"Shop premium grooming including groomings, horse groomings, coat, hoof & groomings, show preparations. Free shipping Australia-wide. Expert advice available.","Expertly selected for quality, durability, and performance. Whether you're competing or riding for leisure, find exactly what you need at The Equestrian.","<h2>Premium Grooming</h2>
<p>Browse our specialized collection. All products in stock and ready to ship. Most orders dispatched within 24 hours Australia-wide.</p><h3>What Makes Great Grooming?</h3>
<ul>
<li><strong>Professional Quality:</strong> Tools designed for effective cleaning and coat care</li>
<li><strong>Ergonomic Design:</strong> Comfortable grips that reduce hand fatigue during grooming</li>
<li><strong>Durable Construction:</strong> Long-lasting materials that withstand daily use</li>
<li><strong>Complete Care:</strong> Everything you need for a healthy, shiny coat</li>
</ul>
",,/horse,2,published,best-selling,"[{""question"":""What grooming do you stock?"",""answer"":""We stock a comprehensive range of grooming from leading brands. All products are carefully selected for quality, durability, and performance. Browse our collection to find exactly what you need.""},{""question"":""Do you offer free shipping on grooming?"",""answer"":""Yes! We offer free shipping Australia-wide on all orders. Most orders are dispatched within 24 hours, so you'll receive your grooming quickly.""}]","[{""url"":""/horse/rugs"",""title"":""Horse Rugs"",""description"":""Keep your horse comfortable year-round""},{""url"":""/horse/stable"",""title"":""Stable Equipment"",""description"":""Complete stable management solutions""}]"
/horse/grooming/show-prep,Show Preparation,Show Preparation | Premium Quality | The Equestrian,Shop premium show preparation including show preparations. Free shipping Australia-wide. Expert advice available. Find the perfect gear for your needs.,"Expertly selected for quality, durability, and performance. Whether you're competing or riding for leisure, find exactly what you need at The Equestrian.","<h2>Professional Show Preparation</h2>
<p>Browse our specialized collection. All products in stock and ready to ship. Most orders dispatched within 24 hours Australia-wide.</p><h3>What Makes Great Show Preparation?</h3>
<ul>
<li><strong>Professional Quality:</strong> Tools designed for effective cleaning and coat care</li>
<li><strong>Ergonomic Design:</strong> Comfortable grips that reduce hand fatigue during grooming</li>
<li><strong>Durable Construction:</strong> Long-lasting materials that withstand daily use</li>
<li><strong>Complete Care:</strong> Everything you need for a healthy, shiny coat</li>
</ul>
",,/horse/grooming,3,published,best-selling,"[{""question"":""What show preparation do you stock?"",""answer"":""We stock a comprehensive range of show preparation from leading brands. All products are carefully selected for quality, durability, and performance. Browse our collection to find exactly what you need.""},{""question"":""Do you offer free shipping on show preparation?"",""answer"":""Yes! We offer free shipping Australia-wide on all orders. Most orders are dispatched within 24 hours, so you'll receive your show preparation quickly.""}]","[{""url"":""/horse/rugs"",""title"":""Horse Rugs"",""description"":""Keep your horse comfortable year-round""},{""url"":""/horse/stable"",""title"":""Stable Equipment"",""description"":""Complete stable management solutions""}]"
/horse/grooming/brushes,"Horse Grooming Combs, Brushes & Mitts","Horse Grooming Combs, Brushes & Mitts | Premium Quality | The Equestrian","Shop premium horse grooming combs, brushes & mitts including brushes, combs, hoof picks and grooming kits. Free shipping Australia-wide. Expert advice...","Expertly selected for quality, durability, and performance. Whether you're competing or riding for leisure, find exactly what you need at The Equestrian.","<h2>Complete Horse Grooming Combs, Brushes & Mitts</h2>
<p>Browse our specialized collection. All products in stock and ready to ship. Most orders dispatched within 24 hours Australia-wide.</p><h3>What Makes Great Horse Grooming Combs, Brushes & Mitts?</h3><ul><li><strong>Quality Tools:</strong> Professional-grade brushes and combs that effectively clean without damaging coat or skin</li><li><strong>Ergonomic Design:</strong> Comfortable grips that reduce hand fatigue during grooming sessions</li><li><strong>Effective Products:</strong> Shampoos and conditioners formulated specifically for equine coat and skin</li><li><strong>Complete Care:</strong> Everything needed for show preparation and daily maintenance</li></ul>",,/horse/grooming,3,published,best-selling,"[{""question"":""What grooming tools do I need for my horse?"",""answer"":""Essential tools include: curry comb (rubber or metal), body brush, dandy brush, mane comb, hoof pick, and sponges. Complete grooming kits typically include 6-8 tools. Add specialized tools like shedding blades for seasonal coat changes and sweat scrapers for after work.""},{""question"":""How often should I groom my horse?"",""answer"":""Daily grooming is ideal for bonding and health monitoring. At minimum, groom before and after riding to remove dirt and check for injuries. During Australian fly season (October-April), regular grooming with fly spray application is especially important. Increase grooming during shedding seasons.""},{""question"":""How do I maintain my grooming brushes?"",""answer"":""Wash brushes weekly with mild soap and warm water. Remove hair buildup after each use. Allow to dry completely before storing. Replace worn bristles. Natural bristle brushes last longer with proper care. Store in a dry grooming box to protect from dust and moisture.""}]","[{""url"":""/horse/rugs"",""title"":""Horse Rugs"",""description"":""Keep your horse comfortable year-round""},{""url"":""/horse/stable"",""title"":""Stable Equipment"",""description"":""Complete stable management solutions""}]"
/horse/grooming/coat-care,Coat Care,Coat Care | Premium Quality | The Equestrian,Shop premium coat care including coat cares. Free shipping Australia-wide. Expert advice available. Find the perfect gear for your needs.,"Expertly selected for quality, durability, and performance. Whether you're competing or riding for leisure, find exactly what you need at The Equestrian.","<h2>Premium Coat Care</h2>
<p>Browse our specialized collection. All products in stock and ready to ship. Most orders dispatched within 24 hours Australia-wide.</p><h3>What Makes Great Coat Care?</h3>
<ul>
<li><strong>Professional Quality:</strong> Tools designed for effective cleaning and coat care</li>
<li><strong>Ergonomic Design:</strong> Comfortable grips that reduce hand fatigue during grooming</li>
<li><strong>Durable Construction:</strong> Long-lasting materials that withstand daily use</li>
<li><strong>Complete Care:</strong> Everything you need for a healthy, shiny coat</li>
</ul>
",,/horse/grooming,3,published,best-selling,"[{""question"":""What coat care do you stock?"",""answer"":""We stock a comprehensive range of coat care from leading brands. All products are carefully selected for quality, durability, and performance. Browse our collection to find exactly what you need.""},{""question"":""Do you offer free shipping on coat care?"",""answer"":""Yes! We offer free shipping Australia-wide on all orders. Most orders are dispatched within 24 hours, so you'll receive your coat care quickly.""}]","[{""url"":""/horse/rugs"",""title"":""Horse Rugs"",""description"":""Keep your horse comfortable year-round""},{""url"":""/horse/stable"",""title"":""Stable Equipment"",""description"":""Complete stable management solutions""}]"
/horse/grooming/products,Grooming Products,Grooming Products | Premium Quality | The Equestrian,"Shop premium grooming products including brushes, combs, hoof picks and grooming kits. Free shipping Australia-wide. Expert advice available. Find the...","Grooming Expertly selected for quality, durability, and performance. Whether you're competing or riding for leisure, find exactly what you need at The Equestrian.","<h2>Complete Grooming Products</h2>
<p>Browse our specialized collection. All products in stock and ready to ship. Most orders dispatched within 24 hours Australia-wide.</p><h3>What Makes Great Grooming Products?</h3><ul><li><strong>Quality Tools:</strong> Professional-grade brushes and combs that effectively clean without damaging coat or skin</li><li><strong>Ergonomic Design:</strong> Comfortable grips that reduce hand fatigue during grooming sessions</li><li><strong>Effective Products:</strong> Shampoos and conditioners formulated specifically for equine coat and skin</li><li><strong>Complete Care:</strong> Everything needed for show preparation and daily maintenance</li></ul>",,/horse/grooming,3,published,best-selling,"[{""question"":""What grooming tools do I need for my horse?"",""answer"":""Essential tools include: curry comb (rubber or metal), body brush, dandy brush, mane comb, hoof pick, and sponges. Complete grooming kits typically include 6-8 tools. Add specialized tools like shedding blades for seasonal coat changes and sweat scrapers for after work.""},{""question"":""How often should I groom my horse?"",""answer"":""Daily grooming is ideal for bonding and health monitoring. At minimum, groom before and after riding to remove dirt and check for injuries. During Australian fly season (October-April), regular grooming with fly spray application is especially important. Increase grooming during shedding seasons.""},{""question"":""How do I maintain my grooming brushes?"",""answer"":""Wash brushes weekly with mild soap and warm water. Remove hair buildup after each use. Allow to dry completely before storing. Replace worn bristles. Natural bristle brushes last longer with proper care. Store in a dry grooming box to protect from dust and moisture.""}]","[{""url"":""/horse/rugs"",""title"":""Horse Rugs"",""description"":""Keep your horse comfortable year-round""},{""url"":""/horse/stable"",""title"":""Stable Equipment"",""description"":""Complete stable management solutions""}]"
/horse/grooming/bags,Grooming Bags and Brushes,Grooming Bags and Brushes | Premium Quality | The Equestrian,"Shop premium grooming bags and brushes including brushes, combs, hoof picks and grooming kits. Free shipping Australia-wide. Expert advice available. Find...","Expertly selected for quality, durability, and performance. Whether you're competing or riding for leisure, find exactly what you need at The Equestrian.","<h2>Complete Grooming Bags and Brushes</h2>
<p>Browse our specialized collection. All products in stock and ready to ship. Most orders dispatched within 24 hours Australia-wide.</p><h3>What Makes Great Grooming Bags and Brushes?</h3><ul><li><strong>Quality Tools:</strong> Professional-grade brushes and combs that effectively clean without damaging coat or skin</li><li><strong>Ergonomic Design:</strong> Comfortable grips that reduce hand fatigue during grooming sessions</li><li><strong>Effective Products:</strong> Shampoos and conditioners formulated specifically for equine coat and skin</li><li><strong>Complete Care:</strong> Everything needed for show preparation and daily maintenance</li></ul>",,/horse/grooming,3,published,best-selling,"[{""question"":""What grooming tools do I need for my horse?"",""answer"":""Essential tools include: curry comb (rubber or metal), body brush, dandy brush, mane comb, hoof pick, and sponges. Complete grooming kits typically include 6-8 tools. Add specialized tools like shedding blades for seasonal coat changes and sweat scrapers for after work.""},{""question"":""How often should I groom my horse?"",""answer"":""Daily grooming is ideal for bonding and health monitoring. At minimum, groom before and after riding to remove dirt and check for injuries. During Australian fly season (October-April), regular grooming with fly spray application is especially important. Increase grooming during shedding seasons.""},{""question"":""How do I maintain my grooming brushes?"",""answer"":""Wash brushes weekly with mild soap and warm water. Remove hair buildup after each use. Allow to dry completely before storing. Replace worn bristles. Natural bristle brushes last longer with proper care. Store in a dry grooming box to protect from dust and moisture.""}]","[{""url"":""/horse/rugs"",""title"":""Horse Rugs"",""description"":""Keep your horse comfortable year-round""},{""url"":""/horse/stable"",""title"":""Stable Equipment"",""description"":""Complete stable management solutions""}]"
/horse/grooming/plaiting,Plaiting,Plaiting | Premium Quality | The Equestrian,"Shop premium plaiting including plaitings, plaiting kits. Free shipping Australia-wide. Expert advice available. Find the perfect gear for your needs.","Expertly selected for quality, durability, and performance. Whether you're competing or riding for leisure, find exactly what you need at The Equestrian.","<h2>Premium Plaiting</h2>
<p>Browse our specialized collection. All products in stock and ready to ship. Most orders dispatched within 24 hours Australia-wide.</p><h3>What Makes Great Plaiting?</h3>
<ul>
<li><strong>Professional Quality:</strong> Tools designed for effective cleaning and coat care</li>
<li><strong>Ergonomic Design:</strong> Comfortable grips that reduce hand fatigue during grooming</li>
<li><strong>Durable Construction:</strong> Long-lasting materials that withstand daily use</li>
<li><strong>Complete Care:</strong> Everything you need for a healthy, shiny coat</li>
</ul>
",,/horse/grooming,3,published,best-selling,"[{""question"":""What plaiting do you stock?"",""answer"":""We stock a comprehensive range of plaiting from leading brands. All products are carefully selected for quality, durability, and performance. Browse our collection to find exactly what you need.""},{""question"":""Do you offer free shipping on plaiting?"",""answer"":""Yes! We offer free shipping Australia-wide on all orders. Most orders are dispatched within 24 hours, so you'll receive your plaiting quickly.""}]","[{""url"":""/horse/rugs"",""title"":""Horse Rugs"",""description"":""Keep your horse comfortable year-round""},{""url"":""/horse/stable"",""title"":""Stable Equipment"",""description"":""Complete stable management solutions""}]"
/horse/grooming/shampoo,Shampoo,Shampoo | Premium Quality | The Equestrian,Shop premium shampoo including shampoos. Free shipping Australia-wide. Expert advice available. Find the perfect gear for your needs.,"Expertly selected for quality, durability, and performance. Whether you're competing or riding for leisure, find exactly what you need at The Equestrian.","<h2>Premium Shampoo</h2>
<p>Browse our specialized collection. All products in stock and ready to ship. Most orders dispatched within 24 hours Australia-wide.</p><h3>What Makes Great Shampoo?</h3>
<ul>
<li><strong>Professional Quality:</strong> Tools designed for effective cleaning and coat care</li>
<li><strong>Ergonomic Design:</strong> Comfortable grips that reduce hand fatigue during grooming</li>
<li><strong>Durable Construction:</strong> Long-lasting materials that withstand daily use</li>
<li><strong>Complete Care:</strong> Everything you need for a healthy, shiny coat</li>
</ul>
",,/horse/grooming,3,published,best-selling,"[{""question"":""What shampoo do you stock?"",""answer"":""We stock a comprehensive range of shampoo from leading brands. All products are carefully selected for quality, durability, and performance. Browse our collection to find exactly what you need.""},{""question"":""Do you offer free shipping on shampoo?"",""answer"":""Yes! We offer free shipping Australia-wide on all orders. Most orders are dispatched within 24 hours, so you'll receive your shampoo quickly.""}]","[{""url"":""/horse/rugs"",""title"":""Horse Rugs"",""description"":""Keep your horse comfortable year-round""},{""url"":""/horse/stable"",""title"":""Stable Equipment"",""description"":""Complete stable management solutions""}]"
/horse/supplements,Supplements,Supplements | Buy Online | The Equestrian,"Shop premium supplements including joint supplements, digestive aids, vitamins and electrolytes. Free shipping Australia-wide. Expert advice available.","Expertly selected for quality, durability, and performance. Whether you're competing or riding for leisure, find exactly what you need at The Equestrian.","<h2>Premium Supplements</h2>
<p>Discover our comprehensive collection, carefully curated to meet the demands of horses at every level. From competition-ready gear to everyday essentials, we stock only the finest brands known for quality, durability, and performance. Each product has been expertly selected by our team of equine specialists who understand what truly matters.</p><h3>What Makes Great Supplements?</h3><ul><li><strong>Premium Quality:</strong> Expertly crafted from the finest materials for lasting performance</li><li><strong>Functional Design:</strong> Thoughtfully engineered to meet the specific needs of horses and riders</li><li><strong>Trusted Brands:</strong> Products from manufacturers with proven track records in equestrian sports</li><li><strong>Value:</strong> Investment pieces that deliver exceptional performance over time</li></ul>",,/horse,2,published,best-selling,"[{""question"":""How long before I see results from supplements?"",""answer"":""Most supplements require 4-6 weeks of consistent use before visible effects. Joint supplements may take 6-8 weeks. Digestive aids often show results within 1-2 weeks. Always follow manufacturer dosage guidelines based on your horse's weight. Consult your vet before starting any supplement program.""},{""question"":""Are these supplements competition safe?"",""answer"":""Most supplements are competition safe, but rules vary by discipline and level. Check specific product information and your competition's prohibited substances list. FEI and EA have different regulations. When in doubt, contact your governing body or consult the product manufacturer.""},{""question"":""How should I store equine supplements in Australian heat?"",""answer"":""Store in a cool, dry place away from direct sunlight. Australian summers can degrade supplements quickly. Keep containers sealed tightly. Refrigeration may be recommended for some products (check labels). Buy in quantities you'll use within 3-6 months for best freshness.""}]",[]
/horse/pads,Saddle Cloths,Saddle Cloths | Buy Online | The Equestrian,"Shop premium saddle cloths including saddle pads, numnahs, half pads and gel pads. Free shipping Australia-wide. Expert advice available. Find the perfect...","Expertly selected for quality, durability, and performance. Whether you're competing or riding for leisure, find exactly what you need at The Equestrian.","<h2>Comfortable Saddle Cloths</h2>
<p>Discover our comprehensive collection, carefully curated to meet the demands of horses at every level. From competition-ready gear to everyday essentials, we stock only the finest brands known for quality, durability, and performance. Each product has been expertly selected by our team of equine specialists who understand what truly matters.</p><h3>What Makes Great Saddle Cloths?</h3><ul><li><strong>Shock Absorption:</strong> Advanced cushioning that protects your horse's back during work</li><li><strong>Breathability:</strong> Moisture-wicking materials that prevent heat buildup and discomfort</li><li><strong>Perfect Fit:</strong> Contoured designs that stay in place without slipping</li><li><strong>Easy Care:</strong> Machine washable fabrics that maintain their shape and performance</li></ul><h3>Shop by Type</h3><p>Browse our specialized categories including <a href=""/horse/pads/wither-pads"">wither & back pads</a>,<a href=""/horse/pads/western"">western pads</a>, and <a href=""/horse/pads/gel-pads"">gel & comfort pads</a>. Each category features products from world-leading brands trusted by professional equestrians.</p>",,/horse,2,published,best-selling,"[{""question"":""How do I choose the right saddle cloths?"",""answer"":""Consider your specific needs, budget, and intended use. Read product descriptions carefully and check sizing information. Our customer reviews provide valuable insights from real users. If you're unsure, our expert team is always happy to provide personalized recommendations.""},{""question"":""Do you offer free shipping on saddle cloths?"",""answer"":""Yes! We offer free shipping on all orders within Australia. Orders are typically processed within 1-2 business days. For urgent needs, express shipping options are available at checkout.""}]",[]
/horse/pads/wither-pads,Wither & Back Pads,Wither & Back Pads | Premium Quality | The Equestrian,"Shop premium wither & back pads including saddle pads, numnahs, half pads and gel pads. Free shipping Australia-wide. Expert advice available. Find the...","Expertly selected for quality, durability, and performance. Whether you're competing or riding for leisure, find exactly what you need at The Equestrian.","<h2>Comfortable Wither & Back Pads</h2>
<p>Browse our specialized collection. All products in stock and ready to ship. Most orders dispatched within 24 hours Australia-wide.</p><h3>What Makes Great Wither & Back Pads?</h3><ul><li><strong>Shock Absorption:</strong> Advanced cushioning that protects your horse's back during work</li><li><strong>Breathability:</strong> Moisture-wicking materials that prevent heat buildup and discomfort</li><li><strong>Perfect Fit:</strong> Contoured designs that stay in place without slipping</li><li><strong>Easy Care:</strong> Machine washable fabrics that maintain their shape and performance</li></ul>",,/horse/pads,3,published,best-selling,"[{""question"":""How do I choose the right wither & back pads?"",""answer"":""Consider your specific needs, budget, and intended use. Read product descriptions carefully and check sizing information. Our customer reviews provide valuable insights from real users. If you're unsure, our expert team is always happy to provide personalized recommendations.""},{""question"":""Do you offer free shipping on wither & back pads?"",""answer"":""Yes! We offer free shipping on all orders within Australia. Orders are typically processed within 1-2 business days. For urgent needs, express shipping options are available at checkout.""}]",[]
/horse/pads/western,Western Pads,Western Pads | Premium Quality | The Equestrian,"Shop premium western pads including saddle pads, numnahs, half pads and gel pads. Free shipping Australia-wide. Expert advice available. Find the perfect...","Expertly selected for quality, durability, and performance. Whether you're competing or riding for leisure, find exactly what you need at The Equestrian.","<h2>Comfortable Western Pads</h2>
<p>Browse our specialized collection. All products in stock and ready to ship. Most orders dispatched within 24 hours Australia-wide.</p><h3>What Makes Great Western Pads?</h3><ul><li><strong>Shock Absorption:</strong> Advanced cushioning that protects your horse's back during work</li><li><strong>Breathability:</strong> Moisture-wicking materials that prevent heat buildup and discomfort</li><li><strong>Perfect Fit:</strong> Contoured designs that stay in place without slipping</li><li><strong>Easy Care:</strong> Machine washable fabrics that maintain their shape and performance</li></ul>",,/horse/pads,3,published,best-selling,"[{""question"":""How do I choose the right western pads?"",""answer"":""Consider your specific needs, budget, and intended use. Read product descriptions carefully and check sizing information. Our customer reviews provide valuable insights from real users. If you're unsure, our expert team is always happy to provide personalized recommendations.""},{""question"":""Do you offer free shipping on western pads?"",""answer"":""Yes! We offer free shipping on all orders within Australia. Orders are typically processed within 1-2 business days. For urgent needs, express shipping options are available at checkout.""}]",[]
/horse/pads/gel-pads,Gel & Comfort Pads,Gel & Comfort Pads | Premium Quality | The Equestrian,"Shop premium gel & comfort pads including saddle pads, numnahs, half pads and gel pads. Free shipping Australia-wide. Expert advice available. Find the...","Expertly selected for quality, durability, and performance. Whether you're competing or riding for leisure, find exactly what you need at The Equestrian.","<h2>Comfortable Gel & Comfort Pads</h2>
<p>Browse our specialized collection. All products in stock and ready to ship. Most orders dispatched within 24 hours Australia-wide.</p><h3>What Makes Great Gel & Comfort Pads?</h3><ul><li><strong>Shock Absorption:</strong> Advanced cushioning that protects your horse's back during work</li><li><strong>Breathability:</strong> Moisture-wicking materials that prevent heat buildup and discomfort</li><li><strong>Perfect Fit:</strong> Contoured designs that stay in place without slipping</li><li><strong>Easy Care:</strong> Machine washable fabrics that maintain their shape and performance</li></ul>",,/horse/pads,3,published,best-selling,"[{""question"":""How do I choose the right gel & comfort pads?"",""answer"":""Consider your specific needs, budget, and intended use. Read product descriptions carefully and check sizing information. Our customer reviews provide valuable insights from real users. If you're unsure, our expert team is always happy to provide personalized recommendations.""},{""question"":""Do you offer free shipping on gel & comfort pads?"",""answer"":""Yes! We offer free shipping on all orders within Australia. Orders are typically processed within 1-2 business days. For urgent needs, express shipping options are available at checkout.""}]",[]
/horse/pads/dressage,Dressage Pads,Dressage Pads | Premium Quality | The Equestrian,"Shop premium dressage pads including saddle pads, numnahs, half pads and gel pads. Free shipping Australia-wide. Expert advice available. Find the perfect...","Expertly selected for quality, durability, and performance. Whether you're competing or riding for leisure, find exactly what you need at The Equestrian.","<h2>Comfortable Dressage Pads</h2>
<p>Browse our specialized collection. All products in stock and ready to ship. Most orders dispatched within 24 hours Australia-wide.</p><h3>What Makes Great Dressage Pads?</h3><ul><li><strong>Shock Absorption:</strong> Advanced cushioning that protects your horse's back during work</li><li><strong>Breathability:</strong> Moisture-wicking materials that prevent heat buildup and discomfort</li><li><strong>Perfect Fit:</strong> Contoured designs that stay in place without slipping</li><li><strong>Easy Care:</strong> Machine washable fabrics that maintain their shape and performance</li></ul>",,/horse/pads,3,published,best-selling,"[{""question"":""How do I choose the right dressage pads?"",""answer"":""Consider your specific needs, budget, and intended use. Read product descriptions carefully and check sizing information. Our customer reviews provide valuable insights from real users. If you're unsure, our expert team is always happy to provide personalized recommendations.""},{""question"":""Do you offer free shipping on dressage pads?"",""answer"":""Yes! We offer free shipping on all orders within Australia. Orders are typically processed within 1-2 business days. For urgent needs, express shipping options are available at checkout.""}]",[]
/horse/pads/half-pads,Half Pads,Half Pads | Premium Quality | The Equestrian,"Shop premium half pads including saddle pads, numnahs, half pads and gel pads. Free shipping Australia-wide. Expert advice available. Find the perfect gear...","Expertly selected for quality, durability, and performance. Whether you're competing or riding for leisure, find exactly what you need at The Equestrian.","<h2>Comfortable Half Pads</h2>
<p>Browse our specialized collection. All products in stock and ready to ship. Most orders dispatched within 24 hours Australia-wide.</p><h3>What Makes Great Half Pads?</h3><ul><li><strong>Shock Absorption:</strong> Advanced cushioning that protects your horse's back during work</li><li><strong>Breathability:</strong> Moisture-wicking materials that prevent heat buildup and discomfort</li><li><strong>Perfect Fit:</strong> Contoured designs that stay in place without slipping</li><li><strong>Easy Care:</strong> Machine washable fabrics that maintain their shape and performance</li></ul>",,/horse/pads,3,published,best-selling,"[{""question"":""How do I choose the right half pads?"",""answer"":""Consider your specific needs, budget, and intended use. Read product descriptions carefully and check sizing information. Our customer reviews provide valuable insights from real users. If you're unsure, our expert team is always happy to provide personalized recommendations.""},{""question"":""Do you offer free shipping on half pads?"",""answer"":""Yes! We offer free shipping on all orders within Australia. Orders are typically processed within 1-2 business days. For urgent needs, express shipping options are available at checkout.""}]",[]
/horse/pads/wither-relief,Wither relief saddlepad,Wither relief saddlepad | Premium Quality | The Equestrian,Shop premium wither relief saddlepad including wither relief saddlepads. Free shipping Australia-wide. Expert advice available. Find the perfect gear for your needs.,"Expertly selected for quality, durability, and performance. Whether you're competing or riding for leisure, find exactly what you need at The Equestrian.","<h2>Premium Wither relief saddlepad</h2>
<p>Browse our specialized collection. All products in stock and ready to ship. Most orders dispatched within 24 hours Australia-wide.</p><h3>What Makes Great Wither relief saddlepad?</h3>
<ul>
<li><strong>Shock Absorption:</strong> Advanced cushioning that protects your horse's back during work</li>
<li><strong>Breathability:</strong> Moisture-wicking materials that prevent heat buildup and discomfort</li>
<li><strong>Perfect Fit:</strong> Contoured designs that complement your saddle and horse's conformation</li>
<li><strong>Easy Maintenance:</strong> Machine washable fabrics that retain their shape and performance</li>
</ul>
",,/horse/pads,3,published,best-selling,"[{""question"":""What wither relief saddlepad do you stock?"",""answer"":""We stock a comprehensive range of wither relief saddlepad from leading brands. All products are carefully selected for quality, durability, and performance. Browse our collection to find exactly what you need.""},{""question"":""Do you offer free shipping on wither relief saddlepad?"",""answer"":""Yes! We offer free shipping Australia-wide on all orders. Most orders are dispatched within 24 hours, so you'll receive your wither relief saddlepad quickly.""}]",[]
/horse/pads/jumping,Jump Pad,Jump Pad | Premium Quality | The Equestrian,Shop premium jump pad including jump pads. Free shipping Australia-wide. Expert advice available. Find the perfect gear for your needs.,"Expertly selected for quality, durability, and performance. Whether you're competing or riding for leisure, find exactly what you need at The Equestrian.","<h2>Premium Jump Pad</h2>
<p>Browse our specialized collection. All products in stock and ready to ship. Most orders dispatched within 24 hours Australia-wide.</p><h3>What Makes Great Jump Pad?</h3>
<ul>
<li><strong>Shock Absorption:</strong> Advanced cushioning that protects your horse's back during work</li>
<li><strong>Breathability:</strong> Moisture-wicking materials that prevent heat buildup and discomfort</li>
<li><strong>Perfect Fit:</strong> Contoured designs that complement your saddle and horse's conformation</li>
<li><strong>Easy Maintenance:</strong> Machine washable fabrics that retain their shape and performance</li>
</ul>
",,/horse/pads,3,published,best-selling,"[{""question"":""What jump pad do you stock?"",""answer"":""We stock a comprehensive range of jump pad from leading brands. All products are carefully selected for quality, durability, and performance. Browse our collection to find exactly what you need.""},{""question"":""Do you offer free shipping on jump pad?"",""answer"":""Yes! We offer free shipping Australia-wide on all orders. Most orders are dispatched within 24 hours, so you'll receive your jump pad quickly.""}]",[]
/horse/pads/all-purpose,All Purpose Pads,All Purpose Pads | Premium Quality | The Equestrian,"Shop premium all purpose pads including all-purpose pads, general purpose numnahs and cotton pads. Free shipping Australia-wide. Expert advice available.","Expertly selected for quality, durability, and performance. Whether you're competing or riding for leisure, find exactly what you need at The Equestrian.","<h2>Comfortable All Purpose Pads</h2>
<p>Browse our specialized collection. All products in stock and ready to ship. Most orders dispatched within 24 hours Australia-wide.</p><h3>What Makes Great All Purpose Pads?</h3><ul><li><strong>Shock Absorption:</strong> Advanced cushioning that protects your horse's back during work</li><li><strong>Breathability:</strong> Moisture-wicking materials that prevent heat buildup and discomfort</li><li><strong>Perfect Fit:</strong> Contoured designs that stay in place without slipping</li><li><strong>Easy Care:</strong> Machine washable fabrics that maintain their shape and performance</li></ul>",,/horse/pads,3,published,best-selling,"[{""question"":""How do I choose the right all purpose pads?"",""answer"":""Consider your specific needs, budget, and intended use. Read product descriptions carefully and check sizing information. Our customer reviews provide valuable insights from real users. If you're unsure, our expert team is always happy to provide personalized recommendations.""},{""question"":""Do you offer free shipping on all purpose pads?"",""answer"":""Yes! We offer free shipping on all orders within Australia. Orders are typically processed within 1-2 business days. For urgent needs, express shipping options are available at checkout.""}]",[]
/horse/halters,Headstalls,Headstalls | Buy Online | The Equestrian,"Shop premium headstalls including headstalls, halters, lead ropes and grooming halters. Free shipping Australia-wide. Expert advice available. Find the...","Expertly selected for quality, durability, and performance. Whether you're competing or riding for leisure, find exactly what you need at The Equestrian.","<h2>Essential Headstalls</h2>
<p>Discover our comprehensive collection, carefully curated to meet the demands of horses at every level. From competition-ready gear to everyday essentials, we stock only the finest brands known for quality, durability, and performance. Each product has been expertly selected by our team of equine specialists who understand what truly matters.</p><h3>What Makes Great Headstalls?</h3><ul><li><strong>Secure Fit:</strong> Adjustable designs that ensure safety without restricting movement</li><li><strong>Durable Materials:</strong> Strong webbing and hardware that withstand daily use</li><li><strong>Comfortable Design:</strong> Padded or smooth finishes that prevent rubbing and chafing</li><li><strong>Versatile Use:</strong> Suitable for grooming, leading, and turnout applications</li></ul><h3>Shop by Type</h3><p>Browse our specialized categories including <a href=""/horse/halters/leads"">leads & snap hooks</a>, and <a href=""/horse/halters/lead-ropes"">lead rope</a>. Each category features products from world-leading brands trusted by professional equestrians.</p>",,/horse,2,published,best-selling,"[{""question"":""How do I choose the right headstalls?"",""answer"":""Consider your specific needs, budget, and intended use. Read product descriptions carefully and check sizing information. Our customer reviews provide valuable insights from real users. If you're unsure, our expert team is always happy to provide personalized recommendations.""},{""question"":""Do you offer free shipping on headstalls?"",""answer"":""Yes! We offer free shipping on all orders within Australia. Orders are typically processed within 1-2 business days. For urgent needs, express shipping options are available at checkout.""}]",[]
/horse/halters/leads,Leads & Snap Hooks,Leads & Snap Hooks | Premium Quality | The Equestrian,"Shop premium leads & snap hooks including lead ropes, snap hooks, lead chains and safety releases. Free shipping Australia-wide. Expert advice available.","Expertly selected for quality, durability, and performance. Whether you're competing or riding for leisure, find exactly what you need at The Equestrian.","<h2>Essential Leads & Snap Hooks</h2>
<p>Browse our specialized collection. All products in stock and ready to ship. Most orders dispatched within 24 hours Australia-wide.</p><h3>What Makes Great Leads & Snap Hooks?</h3><ul><li><strong>Secure Fit:</strong> Adjustable designs that ensure safety without restricting movement</li><li><strong>Durable Materials:</strong> Strong webbing and hardware that withstand daily use</li><li><strong>Comfortable Design:</strong> Padded or smooth finishes that prevent rubbing and chafing</li><li><strong>Versatile Use:</strong> Suitable for grooming, leading, and turnout applications</li></ul>",,/horse/halters,3,published,best-selling,"[{""question"":""How do I choose the right leads & snap hooks?"",""answer"":""Consider your specific needs, budget, and intended use. Read product descriptions carefully and check sizing information. Our customer reviews provide valuable insights from real users. If you're unsure, our expert team is always happy to provide personalized recommendations.""},{""question"":""Do you offer free shipping on leads & snap hooks?"",""answer"":""Yes! We offer free shipping on all orders within Australia. Orders are typically processed within 1-2 business days. For urgent needs, express shipping options are available at checkout.""}]",[]
/horse/halters/lead-ropes,Lead Rope,Lead Rope | Premium Quality | The Equestrian,"Shop premium lead rope including headstalls, halters, lead ropes and grooming halters. Free shipping Australia-wide. Expert advice available. Find the...","Expertly selected for quality, durability, and performance. Whether you're competing or riding for leisure, find exactly what you need at The Equestrian.","<h2>Essential Lead Rope</h2>
<p>Browse our specialized collection. All products in stock and ready to ship. Most orders dispatched within 24 hours Australia-wide.</p><h3>What Makes Great Lead Rope?</h3><ul><li><strong>Secure Fit:</strong> Adjustable designs that ensure safety without restricting movement</li><li><strong>Durable Materials:</strong> Strong webbing and hardware that withstand daily use</li><li><strong>Comfortable Design:</strong> Padded or smooth finishes that prevent rubbing and chafing</li><li><strong>Versatile Use:</strong> Suitable for grooming, leading, and turnout applications</li></ul>",,/horse/halters,3,published,best-selling,"[{""question"":""How do I choose the right lead rope?"",""answer"":""Consider your specific needs, budget, and intended use. Read product descriptions carefully and check sizing information. Our customer reviews provide valuable insights from real users. If you're unsure, our expert team is always happy to provide personalized recommendations.""},{""question"":""Do you offer free shipping on lead rope?"",""answer"":""Yes! We offer free shipping on all orders within Australia. Orders are typically processed within 1-2 business days. For urgent needs, express shipping options are available at checkout.""}]",[]
/horse/racing,Racing & PVC,Racing & PVC | Buy Online | The Equestrian,"Shop premium racing & pvc including racing & pvcs, racings, harness racings. Free shipping Australia-wide. Expert advice available. Find the perfect gear for your needs.","Expertly selected for quality, durability, and performance. Whether you're competing or riding for leisure, find exactly what you need at The Equestrian.","<h2>Premium Racing & PVC</h2>
<p>Browse our specialized collection. All products in stock and ready to ship. Most orders dispatched within 24 hours Australia-wide.</p><h3>What Makes Great Racing & PVC?</h3>
<ul>
<li><strong>Premium Quality:</strong> Expertly crafted from the finest materials for lasting performance</li>
<li><strong>Functional Design:</strong> Thoughtfully engineered to meet the specific needs of horses and riders</li>
<li><strong>Trusted Brands:</strong> Products from manufacturers with proven track records</li>
<li><strong>Australian Ready:</strong> Suitable for our unique climate and conditions</li>
</ul>
",,/horse,2,published,best-selling,"[{""question"":""What racing & pvc do you stock?"",""answer"":""We stock a comprehensive range of racing & pvc from leading brands. All products are carefully selected for quality, durability, and performance. Browse our collection to find exactly what you need.""},{""question"":""Do you offer free shipping on racing & pvc?"",""answer"":""Yes! We offer free shipping Australia-wide on all orders. Most orders are dispatched within 24 hours, so you'll receive your racing & pvc quickly.""}]",[]
/horse/racing/harness,Harness Racing,Harness Racing | Premium Quality | The Equestrian,Shop premium harness racing including harness racings. Free shipping Australia-wide. Expert advice available. Find the perfect gear for your needs.,"Expertly selected for quality, durability, and performance. Whether you're competing or riding for leisure, find exactly what you need at The Equestrian.","<h2>Premium Harness Racing</h2>
<p>Browse our specialized collection. All products in stock and ready to ship. Most orders dispatched within 24 hours Australia-wide.</p><h3>What Makes Great Harness Racing?</h3>
<ul>
<li><strong>Premium Quality:</strong> Expertly crafted from the finest materials for lasting performance</li>
<li><strong>Functional Design:</strong> Thoughtfully engineered to meet the specific needs of horses and riders</li>
<li><strong>Trusted Brands:</strong> Products from manufacturers with proven track records</li>
<li><strong>Australian Ready:</strong> Suitable for our unique climate and conditions</li>
</ul>
",,/horse/racing,3,published,best-selling,"[{""question"":""What harness racing do you stock?"",""answer"":""We stock a comprehensive range of harness racing from leading brands. All products are carefully selected for quality, durability, and performance. Browse our collection to find exactly what you need.""},{""question"":""Do you offer free shipping on harness racing?"",""answer"":""Yes! We offer free shipping Australia-wide on all orders. Most orders are dispatched within 24 hours, so you'll receive your harness racing quickly.""}]",[]
/horse/veterinary,Health Care,Health Care | Buy Online | The Equestrian,"Shop premium health care including health cares, cares, care products, vet supplies. Free shipping Australia-wide. Expert advice available. Find the perfect gear for your needs.","Expertly selected for quality, durability, and performance. Whether you're competing or riding for leisure, find exactly what you need at The Equestrian.","<h2>Premium Health Care</h2>
<p>Browse our specialized collection. All products in stock and ready to ship. Most orders dispatched within 24 hours Australia-wide.</p><h3>What Makes Great Health Care?</h3>
<ul>
<li><strong>Premium Quality:</strong> Expertly crafted from the finest materials for lasting performance</li>
<li><strong>Functional Design:</strong> Thoughtfully engineered to meet the specific needs of horses and riders</li>
<li><strong>Trusted Brands:</strong> Products from manufacturers with proven track records</li>
<li><strong>Australian Ready:</strong> Suitable for our unique climate and conditions</li>
</ul>
",,/horse,2,published,best-selling,"[{""question"":""What health care do you stock?"",""answer"":""We stock a comprehensive range of health care from leading brands. All products are carefully selected for quality, durability, and performance. Browse our collection to find exactly what you need.""},{""question"":""Do you offer free shipping on health care?"",""answer"":""Yes! We offer free shipping Australia-wide on all orders. Most orders are dispatched within 24 hours, so you'll receive your health care quickly.""}]",[]
/horse/veterinary/first-aid,First Aid & Dressings,First Aid & Dressings | Premium Quality | The Equestrian,"Shop premium first aid & dressings including saddles, rugs, boots and tack. Free shipping Australia-wide. Expert advice available. Find the perfect gear...","Expertly selected for quality, durability, and performance. Whether you're competing or riding for leisure, find exactly what you need at The Equestrian.","<h2>Premium First Aid & Dressings</h2>
<p>Browse our specialized collection. All products in stock and ready to ship. Most orders dispatched within 24 hours Australia-wide.</p><h3>What Makes Great First Aid & Dressings?</h3><ul><li><strong>Premium Quality:</strong> Expertly crafted from the finest materials for lasting performance</li><li><strong>Functional Design:</strong> Thoughtfully engineered to meet the specific needs of horses and riders</li><li><strong>Trusted Brands:</strong> Products from manufacturers with proven track records in equestrian sports</li><li><strong>Value:</strong> Investment pieces that deliver exceptional performance over time</li></ul>",,/horse/veterinary,3,published,best-selling,"[{""question"":""How do I choose the right first aid & dressings?"",""answer"":""Consider your specific needs, budget, and intended use. Read product descriptions carefully and check sizing information. Our customer reviews provide valuable insights from real users. If you're unsure, our expert team is always happy to provide personalized recommendations.""},{""question"":""Do you offer free shipping on first aid & dressings?"",""answer"":""Yes! We offer free shipping on all orders within Australia. Orders are typically processed within 1-2 business days. For urgent needs, express shipping options are available at checkout.""}]",[]
/horse/stable,Stable Equipment,Stable Equipment | Buy Online | The Equestrian,"Shop premium stable equipment including stable equipments, stable accessories, stables, leather care & proofings. Free shipping Australia-wide. Expert advice...","Expertly selected for quality, durability, and performance. Whether you're competing or riding for leisure, find exactly what you need at The Equestrian.","<h2>Premium Stable Equipment</h2>
<p>Browse our specialized collection. All products in stock and ready to ship. Most orders dispatched within 24 hours Australia-wide.</p><h3>What Makes Great Stable Equipment?</h3>
<ul>
<li><strong>Premium Quality:</strong> Expertly crafted from the finest materials for lasting performance</li>
<li><strong>Functional Design:</strong> Thoughtfully engineered to meet the specific needs of horses</li>
<li><strong>Trusted Brands:</strong> Products from manufacturers with proven track records</li>
<li><strong>Australian Ready:</strong> Suitable for our unique climate and conditions</li>
</ul>
",,/horse,2,published,best-selling,"[{""question"":""What stable equipment do you stock?"",""answer"":""We stock a comprehensive range of stable equipment from leading brands. All products are carefully selected for quality, durability, and performance. Browse our collection to find exactly what you need.""},{""question"":""Do you offer free shipping on stable equipment?"",""answer"":""Yes! We offer free shipping Australia-wide on all orders. Most orders are dispatched within 24 hours, so you'll receive your stable equipment quickly.""}]",[]
/horse/stable/leather-care,Leather Care & Proofing,Leather Care & Proofing | Premium Quality | The Equestrian,"Shop premium leather care & proofing including leather care & proofings, leather cares, leathers, tack cleanings. Free shipping Australia-wide. Expert advice...","Expertly selected for quality, durability, and performance. Whether you're competing or riding for leisure, find exactly what you need at The Equestrian.","<h2>Premium Leather Care & Proofing</h2>
<p>Browse our specialized collection. All products in stock and ready to ship. Most orders dispatched within 24 hours Australia-wide.</p><h3>What Makes Great Leather Care & Proofing?</h3>
<ul>
<li><strong>Premium Quality:</strong> Expertly crafted from the finest materials for lasting performance</li>
<li><strong>Functional Design:</strong> Thoughtfully engineered to meet the specific needs of horses</li>
<li><strong>Trusted Brands:</strong> Products from manufacturers with proven track records</li>
<li><strong>Australian Ready:</strong> Suitable for our unique climate and conditions</li>
</ul>
",,/horse/stable,3,published,best-selling,"[{""question"":""What leather care & proofing do you stock?"",""answer"":""We stock a comprehensive range of leather care & proofing from leading brands. All products are carefully selected for quality, durability, and performance. Browse our collection to find exactly what you need.""},{""question"":""Do you offer free shipping on leather care & proofing?"",""answer"":""Yes! We offer free shipping Australia-wide on all orders. Most orders are dispatched within 24 hours, so you'll receive your leather care & proofing quickly.""}]",[]
/horse/stable/farrier,Farrier,Farrier | Premium Quality | The Equestrian,Shop premium farrier including farriers. Free shipping Australia-wide. Expert advice available. Find the perfect gear for your needs.,"Expertly selected for quality, durability, and performance. Whether you're competing or riding for leisure, find exactly what you need at The Equestrian.","<h2>Premium Farrier</h2>
<p>Browse our specialized collection. All products in stock and ready to ship. Most orders dispatched within 24 hours Australia-wide.</p><h3>What Makes Great Farrier?</h3>
<ul>
<li><strong>Premium Quality:</strong> Expertly crafted from the finest materials for lasting performance</li>
<li><strong>Functional Design:</strong> Thoughtfully engineered to meet the specific needs of horses</li>
<li><strong>Trusted Brands:</strong> Products from manufacturers with proven track records</li>
<li><strong>Australian Ready:</strong> Suitable for our unique climate and conditions</li>
</ul>
",,/horse/stable,3,published,best-selling,"[{""question"":""What farrier do you stock?"",""answer"":""We stock a comprehensive range of farrier from leading brands. All products are carefully selected for quality, durability, and performance. Browse our collection to find exactly what you need.""},{""question"":""Do you offer free shipping on farrier?"",""answer"":""Yes! We offer free shipping Australia-wide on all orders. Most orders are dispatched within 24 hours, so you'll receive your farrier quickly.""}]",[]
/horse/stable/treats,Horse Treats & Toys,Horse Treats & Toys | Premium Quality | The Equestrian,"Shop premium horse treats & toys including saddles, rugs, boots and tack. Free shipping Australia-wide. Expert advice available. Find the perfect gear for...","Expertly selected for quality, durability, and performance. Whether you're competing or riding for leisure, find exactly what you need at The Equestrian.","<h2>Premium Horse Treats & Toys</h2>
<p>Browse our specialized collection. All products in stock and ready to ship. Most orders dispatched within 24 hours Australia-wide.</p><h3>What Makes Great Horse Treats & Toys?</h3><ul><li><strong>Premium Quality:</strong> Expertly crafted from the finest materials for lasting performance</li><li><strong>Functional Design:</strong> Thoughtfully engineered to meet the specific needs of horses and riders</li><li><strong>Trusted Brands:</strong> Products from manufacturers with proven track records in equestrian sports</li><li><strong>Value:</strong> Investment pieces that deliver exceptional performance over time</li></ul>",,/horse/stable,3,published,best-selling,"[{""question"":""How do I choose the right horse treats & toys?"",""answer"":""Consider your specific needs, budget, and intended use. Read product descriptions carefully and check sizing information. Our customer reviews provide valuable insights from real users. If you're unsure, our expert team is always happy to provide personalized recommendations.""},{""question"":""Do you offer free shipping on horse treats & toys?"",""answer"":""Yes! We offer free shipping on all orders within Australia. Orders are typically processed within 1-2 business days. For urgent needs, express shipping options are available at checkout.""}]",[]
/horse/stable/diy,DIY Kit,DIY Kit | Premium Quality | The Equestrian,Shop premium diy kit including diy kits. Free shipping Australia-wide. Expert advice available. Find the perfect gear for your needs.,"Expertly selected for quality, durability, and performance. Whether you're competing or riding for leisure, find exactly what you need at The Equestrian.","<h2>Premium DIY Kit</h2>
<p>Browse our specialized collection. All products in stock and ready to ship. Most orders dispatched within 24 hours Australia-wide.</p><h3>What Makes Great DIY Kit?</h3>
<ul>
<li><strong>Premium Quality:</strong> Expertly crafted from the finest materials for lasting performance</li>
<li><strong>Functional Design:</strong> Thoughtfully engineered to meet the specific needs of horses</li>
<li><strong>Trusted Brands:</strong> Products from manufacturers with proven track records</li>
<li><strong>Australian Ready:</strong> Suitable for our unique climate and conditions</li>
</ul>
",,/horse/stable,3,published,best-selling,"[{""question"":""What diy kit do you stock?"",""answer"":""We stock a comprehensive range of diy kit from leading brands. All products are carefully selected for quality, durability, and performance. Browse our collection to find exactly what you need.""},{""question"":""Do you offer free shipping on diy kit?"",""answer"":""Yes! We offer free shipping Australia-wide on all orders. Most orders are dispatched within 24 hours, so you'll receive your diy kit quickly.""}]",[]
/horse/stable/clippers,Clippers,Clippers | Premium Quality | The Equestrian,Shop premium clippers including clippers. Free shipping Australia-wide. Expert advice available. Find the perfect gear for your needs.,"Expertly selected for quality, durability, and performance. Whether you're competing or riding for leisure, find exactly what you need at The Equestrian.","<h2>Premium Clippers</h2>
<p>Browse our specialized collection. All products in stock and ready to ship. Most orders dispatched within 24 hours Australia-wide.</p><h3>What Makes Great Clippers?</h3>
<ul>
<li><strong>Premium Quality:</strong> Expertly crafted from the finest materials for lasting performance</li>
<li><strong>Functional Design:</strong> Thoughtfully engineered to meet the specific needs of horses</li>
<li><strong>Trusted Brands:</strong> Products from manufacturers with proven track records</li>
<li><strong>Australian Ready:</strong> Suitable for our unique climate and conditions</li>
</ul>
",,/horse/stable,3,published,best-selling,"[{""question"":""What clippers do you stock?"",""answer"":""We stock a comprehensive range of clippers from leading brands. All products are carefully selected for quality, durability, and performance. Browse our collection to find exactly what you need.""},{""question"":""Do you offer free shipping on clippers?"",""answer"":""Yes! We offer free shipping Australia-wide on all orders. Most orders are dispatched within 24 hours, so you'll receive your clippers quickly.""}]",[]
/horse/stable/fly-control,Fly Control,Fly Control | Premium Quality | The Equestrian,Shop premium fly control including fly controls. Free shipping Australia-wide. Expert advice available. Find the perfect gear for your needs.,"Expertly selected for quality, durability, and performance. Whether you're competing or riding for leisure, find exactly what you need at The Equestrian.","<h2>Premium Fly Control</h2>
<p>Browse our specialized collection. All products in stock and ready to ship. Most orders dispatched within 24 hours Australia-wide.</p><h3>What Makes Great Fly Control?</h3>
<ul>
<li><strong>Effective Protection:</strong> Proven designs that keep flies and insects away</li>
<li><strong>Comfortable Fit:</strong> Soft materials that won't rub or irritate</li>
<li><strong>Durable Construction:</strong> Built to withstand outdoor conditions</li>
<li><strong>Easy Application:</strong> Simple to put on and remove for daily use</li>
</ul>
",,/horse/stable,3,published,best-selling,"[{""question"":""What fly control do you stock?"",""answer"":""We stock a comprehensive range of fly control from leading brands. All products are carefully selected for quality, durability, and performance. Browse our collection to find exactly what you need.""},{""question"":""Do you offer free shipping on fly control?"",""answer"":""Yes! We offer free shipping Australia-wide on all orders. Most orders are dispatched within 24 hours, so you'll receive your fly control quickly.""}]",[]
/horse/stable/feed-storage,Feed Bins & Hay Bags,Feed Bins & Hay Bags | Premium Quality | The Equestrian,Shop premium feed bins & hay bags including feed bins & hay bags. Free shipping Australia-wide. Expert advice available. Find the perfect gear for your needs.,"Expertly selected for quality, durability, and performance. Whether you're competing or riding for leisure, find exactly what you need at The Equestrian.","<h2>Premium Feed Bins & Hay Bags</h2>
<p>Browse our specialized collection. All products in stock and ready to ship. Most orders dispatched within 24 hours Australia-wide.</p><h3>What Makes Great Feed Bins & Hay Bags?</h3>
<ul>
<li><strong>Premium Quality:</strong> Expertly crafted from the finest materials for lasting performance</li>
<li><strong>Functional Design:</strong> Thoughtfully engineered to meet the specific needs of horses</li>
<li><strong>Trusted Brands:</strong> Products from manufacturers with proven track records</li>
<li><strong>Australian Ready:</strong> Suitable for our unique climate and conditions</li>
</ul>
",,/horse/stable,3,published,best-selling,"[{""question"":""What feed bins & hay bags do you stock?"",""answer"":""We stock a comprehensive range of feed bins & hay bags from leading brands. All products are carefully selected for quality, durability, and performance. Browse our collection to find exactly what you need.""},{""question"":""Do you offer free shipping on feed bins & hay bags?"",""answer"":""Yes! We offer free shipping Australia-wide on all orders. Most orders are dispatched within 24 hours, so you'll receive your feed bins & hay bags quickly.""}]",[]
/horse/stable/instruments,Instruments,Instruments | Premium Quality | The Equestrian,Shop premium instruments including instruments. Free shipping Australia-wide. Expert advice available. Find the perfect gear for your needs.,"Expertly selected for quality, durability, and performance. Whether you're competing or riding for leisure, find exactly what you need at The Equestrian.","<h2>Premium Instruments</h2>
<p>Browse our specialized collection. All products in stock and ready to ship. Most orders dispatched within 24 hours Australia-wide.</p><h3>What Makes Great Instruments?</h3>
<ul>
<li><strong>Premium Quality:</strong> Expertly crafted from the finest materials for lasting performance</li>
<li><strong>Functional Design:</strong> Thoughtfully engineered to meet the specific needs of horses</li>
<li><strong>Trusted Brands:</strong> Products from manufacturers with proven track records</li>
<li><strong>Australian Ready:</strong> Suitable for our unique climate and conditions</li>
</ul>
",,/horse/stable,3,published,best-selling,"[{""question"":""What instruments do you stock?"",""answer"":""We stock a comprehensive range of instruments from leading brands. All products are carefully selected for quality, durability, and performance. Browse our collection to find exactly what you need.""},{""question"":""Do you offer free shipping on instruments?"",""answer"":""Yes! We offer free shipping Australia-wide on all orders. Most orders are dispatched within 24 hours, so you'll receive your instruments quickly.""}]",[]
/horse/stable/wormers,Wormers,Wormers | Premium Quality | The Equestrian,Shop premium wormers including wormers. Free shipping Australia-wide. Expert advice available. Find the perfect gear for your needs.,"Expertly selected for quality, durability, and performance. Whether you're competing or riding for leisure, find exactly what you need at The Equestrian.","<h2>Premium Wormers</h2>
<p>Browse our specialized collection. All products in stock and ready to ship. Most orders dispatched within 24 hours Australia-wide.</p><h3>What Makes Great Wormers?</h3>
<ul>
<li><strong>Premium Quality:</strong> Expertly crafted from the finest materials for lasting performance</li>
<li><strong>Functional Design:</strong> Thoughtfully engineered to meet the specific needs of horses</li>
<li><strong>Trusted Brands:</strong> Products from manufacturers with proven track records</li>
<li><strong>Australian Ready:</strong> Suitable for our unique climate and conditions</li>
</ul>
",,/horse/stable,3,published,best-selling,"[{""question"":""What wormers do you stock?"",""answer"":""We stock a comprehensive range of wormers from leading brands. All products are carefully selected for quality, durability, and performance. Browse our collection to find exactly what you need.""},{""question"":""Do you offer free shipping on wormers?"",""answer"":""Yes! We offer free shipping Australia-wide on all orders. Most orders are dispatched within 24 hours, so you'll receive your wormers quickly.""}]",[]
/horse/stable/feeding,Feeding,Feeding | Premium Quality | The Equestrian,Shop premium feeding including feedings. Free shipping Australia-wide. Expert advice available. Find the perfect gear for your needs.,"Expertly selected for quality, durability, and performance. Whether you're competing or riding for leisure, find exactly what you need at The Equestrian.","<h2>Premium Feeding</h2>
<p>Browse our specialized collection. All products in stock and ready to ship. Most orders dispatched within 24 hours Australia-wide.</p><h3>What Makes Great Feeding?</h3>
<ul>
<li><strong>Premium Quality:</strong> Expertly crafted from the finest materials for lasting performance</li>
<li><strong>Functional Design:</strong> Thoughtfully engineered to meet the specific needs of horses</li>
<li><strong>Trusted Brands:</strong> Products from manufacturers with proven track records</li>
<li><strong>Australian Ready:</strong> Suitable for our unique climate and conditions</li>
</ul>
",,/horse/stable,3,published,best-selling,"[{""question"":""What feeding do you stock?"",""answer"":""We stock a comprehensive range of feeding from leading brands. All products are carefully selected for quality, durability, and performance. Browse our collection to find exactly what you need.""},{""question"":""Do you offer free shipping on feeding?"",""answer"":""Yes! We offer free shipping Australia-wide on all orders. Most orders are dispatched within 24 hours, so you'll receive your feeding quickly.""}]",[]
/horse/stable/paddock,Paddock Blades,Paddock Blades | Premium Quality | The Equestrian,Shop premium paddock blades including paddock blades. Free shipping Australia-wide. Expert advice available. Find the perfect gear for your needs.,"Expertly selected for quality, durability, and performance. Whether you're competing or riding for leisure, find exactly what you need at The Equestrian.","<h2>Premium Paddock Blades</h2>
<p>Browse our specialized collection. All products in stock and ready to ship. Most orders dispatched within 24 hours Australia-wide.</p><h3>What Makes Great Paddock Blades?</h3>
<ul>
<li><strong>Premium Quality:</strong> Expertly crafted from the finest materials for lasting performance</li>
<li><strong>Functional Design:</strong> Thoughtfully engineered to meet the specific needs of horses</li>
<li><strong>Trusted Brands:</strong> Products from manufacturers with proven track records</li>
<li><strong>Australian Ready:</strong> Suitable for our unique climate and conditions</li>
</ul>
",,/horse/stable,3,published,best-selling,"[{""question"":""What paddock blades do you stock?"",""answer"":""We stock a comprehensive range of paddock blades from leading brands. All products are carefully selected for quality, durability, and performance. Browse our collection to find exactly what you need.""},{""question"":""Do you offer free shipping on paddock blades?"",""answer"":""Yes! We offer free shipping Australia-wide on all orders. Most orders are dispatched within 24 hours, so you'll receive your paddock blades quickly.""}]",[]
/horse/stable/jumps,Jumps & Markers,Jumps & Markers | Premium Quality | The Equestrian,Shop premium jumps & markers including jumps & markers. Free shipping Australia-wide. Expert advice available. Find the perfect gear for your needs.,"Expertly selected for quality, durability, and performance. Whether you're competing or riding for leisure, find exactly what you need at The Equestrian.","<h2>Premium Jumps & Markers</h2>
<p>Browse our specialized collection. All products in stock and ready to ship. Most orders dispatched within 24 hours Australia-wide.</p><h3>What Makes Great Jumps & Markers?</h3>
<ul>
<li><strong>Premium Quality:</strong> Expertly crafted from the finest materials for lasting performance</li>
<li><strong>Functional Design:</strong> Thoughtfully engineered to meet the specific needs of horses</li>
<li><strong>Trusted Brands:</strong> Products from manufacturers with proven track records</li>
<li><strong>Australian Ready:</strong> Suitable for our unique climate and conditions</li>
</ul>
",,/horse/stable,3,published,best-selling,"[{""question"":""What jumps & markers do you stock?"",""answer"":""We stock a comprehensive range of jumps & markers from leading brands. All products are carefully selected for quality, durability, and performance. Browse our collection to find exactly what you need.""},{""question"":""Do you offer free shipping on jumps & markers?"",""answer"":""Yes! We offer free shipping Australia-wide on all orders. Most orders are dispatched within 24 hours, so you'll receive your jumps & markers quickly.""}]",[]
/horse/stable/hay-nets,Hay Net,Hay Net | Premium Quality | The Equestrian,Shop premium hay net including hay nets. Free shipping Australia-wide. Expert advice available. Find the perfect gear for your needs.,"Expertly selected for quality, durability, and performance. Whether you're competing or riding for leisure, find exactly what you need at The Equestrian.","<h2>Premium Hay Net</h2>
<p>Browse our specialized collection. All products in stock and ready to ship. Most orders dispatched within 24 hours Australia-wide.</p><h3>What Makes Great Hay Net?</h3>
<ul>
<li><strong>Premium Quality:</strong> Expertly crafted from the finest materials for lasting performance</li>
<li><strong>Functional Design:</strong> Thoughtfully engineered to meet the specific needs of horses</li>
<li><strong>Trusted Brands:</strong> Products from manufacturers with proven track records</li>
<li><strong>Australian Ready:</strong> Suitable for our unique climate and conditions</li>
</ul>
",,/horse/stable,3,published,best-selling,"[{""question"":""What hay net do you stock?"",""answer"":""We stock a comprehensive range of hay net from leading brands. All products are carefully selected for quality, durability, and performance. Browse our collection to find exactly what you need.""},{""question"":""Do you offer free shipping on hay net?"",""answer"":""Yes! We offer free shipping Australia-wide on all orders. Most orders are dispatched within 24 hours, so you'll receive your hay net quickly.""}]",[]
/horse/stable/feed,Horse Feed,Horse Feed | Premium Quality | The Equestrian,Shop premium horse feed including horse feeds. Free shipping Australia-wide. Expert advice available. Find the perfect gear for your needs.,"Expertly selected for quality, durability, and performance. Whether you're competing or riding for leisure, find exactly what you need at The Equestrian.","<h2>Premium Horse Feed</h2>
<p>Browse our specialized collection. All products in stock and ready to ship. Most orders dispatched within 24 hours Australia-wide.</p><h3>What Makes Great Horse Feed?</h3>
<ul>
<li><strong>Premium Quality:</strong> Expertly crafted from the finest materials for lasting performance</li>
<li><strong>Functional Design:</strong> Thoughtfully engineered to meet the specific needs of horses</li>
<li><strong>Trusted Brands:</strong> Products from manufacturers with proven track records</li>
<li><strong>Australian Ready:</strong> Suitable for our unique climate and conditions</li>
</ul>
",,/horse/stable,3,published,best-selling,"[{""question"":""What horse feed do you stock?"",""answer"":""We stock a comprehensive range of horse feed from leading brands. All products are carefully selected for quality, durability, and performance. Browse our collection to find exactly what you need.""},{""question"":""Do you offer free shipping on horse feed?"",""answer"":""Yes! We offer free shipping Australia-wide on all orders. Most orders are dispatched within 24 hours, so you'll receive your horse feed quickly.""}]",[]
/horse/stable/insect-repellent,Insect Repellent,Insect Repellent | Premium Quality | The Equestrian,Shop premium insect repellent including insect repellents. Free shipping Australia-wide. Expert advice available. Find the perfect gear for your needs.,"Expertly selected for quality, durability, and performance. Whether you're competing or riding for leisure, find exactly what you need at The Equestrian.","<h2>Premium Insect Repellent</h2>
<p>Browse our specialized collection. All products in stock and ready to ship. Most orders dispatched within 24 hours Australia-wide.</p><h3>What Makes Great Insect Repellent?</h3>
<ul>
<li><strong>Premium Quality:</strong> Expertly crafted from the finest materials for lasting performance</li>
<li><strong>Functional Design:</strong> Thoughtfully engineered to meet the specific needs of horses</li>
<li><strong>Trusted Brands:</strong> Products from manufacturers with proven track records</li>
<li><strong>Australian Ready:</strong> Suitable for our unique climate and conditions</li>
</ul>
",,/horse/stable,3,published,best-selling,"[{""question"":""What insect repellent do you stock?"",""answer"":""We stock a comprehensive range of insect repellent from leading brands. All products are carefully selected for quality, durability, and performance. Browse our collection to find exactly what you need.""},{""question"":""Do you offer free shipping on insect repellent?"",""answer"":""Yes! We offer free shipping Australia-wide on all orders. Most orders are dispatched within 24 hours, so you'll receive your insect repellent quickly.""}]",[]
/horse/stable/fly-repellent,Fly Repellant,Fly Repellant | Premium Quality | The Equestrian,Shop premium fly repellant including fly repellants. Free shipping Australia-wide. Expert advice available. Find the perfect gear for your needs.,"Expertly selected for quality, durability, and performance. Whether you're competing or riding for leisure, find exactly what you need at The Equestrian.","<h2>Premium Fly Repellant</h2>
<p>Browse our specialized collection. All products in stock and ready to ship. Most orders dispatched within 24 hours Australia-wide.</p><h3>What Makes Great Fly Repellant?</h3>
<ul>
<li><strong>Effective Protection:</strong> Proven designs that keep flies and insects away</li>
<li><strong>Comfortable Fit:</strong> Soft materials that won't rub or irritate</li>
<li><strong>Durable Construction:</strong> Built to withstand outdoor conditions</li>
<li><strong>Easy Application:</strong> Simple to put on and remove for daily use</li>
</ul>
",,/horse/stable,3,published,best-selling,"[{""question"":""What fly repellant do you stock?"",""answer"":""We stock a comprehensive range of fly repellant from leading brands. All products are carefully selected for quality, durability, and performance. Browse our collection to find exactly what you need.""},{""question"":""Do you offer free shipping on fly repellant?"",""answer"":""Yes! We offer free shipping Australia-wide on all orders. Most orders are dispatched within 24 hours, so you'll receive your fly repellant quickly.""}]",[]
/horse/stable/rug-racks,Rug Rack,Rug Rack | Premium Quality | The Equestrian,Shop premium rug rack including rug racks. Free shipping Australia-wide. Expert advice available. Find the perfect gear for your needs.,"Expertly selected for quality, durability, and performance. Whether you're competing or riding for leisure, find exactly what you need at The Equestrian.","<h2>Premium Rug Rack</h2>
<p>Browse our specialized collection. All products in stock and ready to ship. Most orders dispatched within 24 hours Australia-wide.</p><h3>What Makes Great Rug Rack?</h3>
<ul>
<li><strong>Premium Quality:</strong> Expertly crafted from the finest materials for lasting performance</li>
<li><strong>Functional Design:</strong> Thoughtfully engineered to meet the specific needs of horses</li>
<li><strong>Trusted Brands:</strong> Products from manufacturers with proven track records</li>
<li><strong>Australian Ready:</strong> Suitable for our unique climate and conditions</li>
</ul>
",,/horse/stable,3,published,best-selling,"[{""question"":""What rug rack do you stock?"",""answer"":""We stock a comprehensive range of rug rack from leading brands. All products are carefully selected for quality, durability, and performance. Browse our collection to find exactly what you need.""},{""question"":""Do you offer free shipping on rug rack?"",""answer"":""Yes! We offer free shipping Australia-wide on all orders. Most orders are dispatched within 24 hours, so you'll receive your rug rack quickly.""}]",[]
/horse/stable/wrap-bags,Wrap Bag,Wrap Bag | Premium Quality | The Equestrian,Shop premium wrap bag including wrap bags. Free shipping Australia-wide. Expert advice available. Find the perfect gear for your needs.,"Expertly selected for quality, durability, and performance. Whether you're competing or riding for leisure, find exactly what you need at The Equestrian.","<h2>Premium Wrap Bag</h2>
<p>Browse our specialized collection. All products in stock and ready to ship. Most orders dispatched within 24 hours Australia-wide.</p><h3>What Makes Great Wrap Bag?</h3>
<ul>
<li><strong>Premium Quality:</strong> Expertly crafted from the finest materials for lasting performance</li>
<li><strong>Functional Design:</strong> Thoughtfully engineered to meet the specific needs of horses</li>
<li><strong>Trusted Brands:</strong> Products from manufacturers with proven track records</li>
<li><strong>Australian Ready:</strong> Suitable for our unique climate and conditions</li>
</ul>
",,/horse/stable,3,published,best-selling,"[{""question"":""What wrap bag do you stock?"",""answer"":""We stock a comprehensive range of wrap bag from leading brands. All products are carefully selected for quality, durability, and performance. Browse our collection to find exactly what you need.""},{""question"":""Do you offer free shipping on wrap bag?"",""answer"":""Yes! We offer free shipping Australia-wide on all orders. Most orders are dispatched within 24 hours, so you'll receive your wrap bag quickly.""}]",[]
/horse/stable/storage,Storage,Storage | Premium Quality | The Equestrian,Shop premium storage including storages. Free shipping Australia-wide. Expert advice available. Find the perfect gear for your needs.,"Expertly selected for quality, durability, and performance. Whether you're competing or riding for leisure, find exactly what you need at The Equestrian.","<h2>Premium Storage</h2>
<p>Browse our specialized collection. All products in stock and ready to ship. Most orders dispatched within 24 hours Australia-wide.</p><h3>What Makes Great Storage?</h3>
<ul>
<li><strong>Premium Quality:</strong> Expertly crafted from the finest materials for lasting performance</li>
<li><strong>Functional Design:</strong> Thoughtfully engineered to meet the specific needs of horses</li>
<li><strong>Trusted Brands:</strong> Products from manufacturers with proven track records</li>
<li><strong>Australian Ready:</strong> Suitable for our unique climate and conditions</li>
</ul>
",,/horse/stable,3,published,best-selling,"[{""question"":""What storage do you stock?"",""answer"":""We stock a comprehensive range of storage from leading brands. All products are carefully selected for quality, durability, and performance. Browse our collection to find exactly what you need.""},{""question"":""Do you offer free shipping on storage?"",""answer"":""Yes! We offer free shipping Australia-wide on all orders. Most orders are dispatched within 24 hours, so you'll receive your storage quickly.""}]",[]
/horse/stable/bags,Stable Bag,stable Bag | Premium Quality | The Equestrian,Shop premium stable bag including stable bags. Free shipping Australia-wide. Expert advice available. Find the perfect gear for your needs.,"Expertly selected for quality, durability, and performance. Whether you're competing or riding for leisure, find exactly what you need at The Equestrian.","<h2>Premium stable Bag</h2>
<p>Browse our specialized collection. All products in stock and ready to ship. Most orders dispatched within 24 hours Australia-wide.</p><h3>What Makes Great stable Bag?</h3>
<ul>
<li><strong>Premium Quality:</strong> Expertly crafted from the finest materials for lasting performance</li>
<li><strong>Functional Design:</strong> Thoughtfully engineered to meet the specific needs of horses and riders</li>
<li><strong>Trusted Brands:</strong> Products from manufacturers with proven track records</li>
<li><strong>Australian Ready:</strong> Suitable for our unique climate and conditions</li>
</ul>
",,/horse/stable,3,published,best-selling,"[{""question"":""What stable bag do you stock?"",""answer"":""We stock a comprehensive range of stable bag from leading brands. All products are carefully selected for quality, durability, and performance. Browse our collection to find exactly what you need.""},{""question"":""Do you offer free shipping on stable bag?"",""answer"":""Yes! We offer free shipping Australia-wide on all orders. Most orders are dispatched within 24 hours, so you'll receive your stable bag quickly.""}]",[]
/horse/stable/hoof-care,Hoof Care,Hoof Care | Premium Quality | The Equestrian,Shop premium hoof care including hoof cares. Free shipping Australia-wide. Expert advice available. Find the perfect gear for your needs.,"Expertly selected for quality, durability, and performance. Whether you're competing or riding for leisure, find exactly what you need at The Equestrian.","<h2>Premium Hoof Care</h2>
<p>Browse our specialized collection. All products in stock and ready to ship. Most orders dispatched within 24 hours Australia-wide.</p><h3>What Makes Great Hoof Care?</h3>
<ul>
<li><strong>Premium Quality:</strong> Expertly crafted from the finest materials for lasting performance</li>
<li><strong>Functional Design:</strong> Thoughtfully engineered to meet the specific needs of horses</li>
<li><strong>Trusted Brands:</strong> Products from manufacturers with proven track records</li>
<li><strong>Australian Ready:</strong> Suitable for our unique climate and conditions</li>
</ul>
",,/horse/stable,3,published,best-selling,"[{""question"":""What hoof care do you stock?"",""answer"":""We stock a comprehensive range of hoof care from leading brands. All products are carefully selected for quality, durability, and performance. Browse our collection to find exactly what you need.""},{""question"":""Do you offer free shipping on hoof care?"",""answer"":""Yes! We offer free shipping Australia-wide on all orders. Most orders are dispatched within 24 hours, so you'll receive your hoof care quickly.""}]",[]
/horse/stable/tail-bags,Tailbag,Tailbag | Premium Quality | The Equestrian,Shop premium tailbag including tailbags. Free shipping Australia-wide. Expert advice available. Find the perfect gear for your needs.,"Expertly selected for quality, durability, and performance. Whether you're competing or riding for leisure, find exactly what you need at The Equestrian.","<h2>Premium Tailbag</h2>
<p>Browse our specialized collection. All products in stock and ready to ship. Most orders dispatched within 24 hours Australia-wide.</p><h3>What Makes Great Tailbag?</h3>
<ul>
<li><strong>Premium Quality:</strong> Expertly crafted from the finest materials for lasting performance</li>
<li><strong>Functional Design:</strong> Thoughtfully engineered to meet the specific needs of horses</li>
<li><strong>Trusted Brands:</strong> Products from manufacturers with proven track records</li>
<li><strong>Australian Ready:</strong> Suitable for our unique climate and conditions</li>
</ul>
",,/horse/stable,3,published,best-selling,"[{""question"":""What tailbag do you stock?"",""answer"":""We stock a comprehensive range of tailbag from leading brands. All products are carefully selected for quality, durability, and performance. Browse our collection to find exactly what you need.""},{""question"":""Do you offer free shipping on tailbag?"",""answer"":""Yes! We offer free shipping Australia-wide on all orders. Most orders are dispatched within 24 hours, so you'll receive your tailbag quickly.""}]",[]
/horse/training,Training and Lunging,Training and Lunging | Buy Online | The Equestrian,"Shop premium training and lunging including training and lungings, lungeing & schoolings, lunge lines, lunge rollers. Free shipping Australia-wide. Expert ad...","Expertly selected for quality, durability, and performance. Whether you're competing or riding for leisure, find exactly what you need at The Equestrian.","<h2>Professional Training and Lunging</h2>
<p>Browse our specialized collection. All products in stock and ready to ship. Most orders dispatched within 24 hours Australia-wide.</p><h3>What Makes Great Training and Lunging?</h3>
<ul>
<li><strong>Professional Grade:</strong> Equipment trusted by trainers and coaches</li>
<li><strong>Safety First:</strong> Designed with both horse and handler safety in mind</li>
<li><strong>Durable Materials:</strong> Built to withstand intensive training sessions</li>
<li><strong>Effective Results:</strong> Tools that help develop skills and improve performance</li>
</ul>
",,/horse,2,published,best-selling,"[{""question"":""What training and lunging do you stock?"",""answer"":""We stock a comprehensive range of training and lunging from leading brands. All products are carefully selected for quality, durability, and performance. Browse our collection to find exactly what you need.""},{""question"":""Do you offer free shipping on training and lunging?"",""answer"":""Yes! We offer free shipping Australia-wide on all orders. Most orders are dispatched within 24 hours, so you'll receive your training and lunging quickly.""}]",[]
/horse/training/lungeing,Lungeing & Schooling,Lungeing & Schooling | Premium Quality | The Equestrian,Shop premium lungeing & schooling including lungeing & schoolings. Free shipping Australia-wide. Expert advice available. Find the perfect gear for your needs.,"Expertly selected for quality, durability, and performance. Whether you're competing or riding for leisure, find exactly what you need at The Equestrian.","<h2>Professional Lungeing & Schooling</h2>
<p>Browse our specialized collection. All products in stock and ready to ship. Most orders dispatched within 24 hours Australia-wide.</p><h3>What Makes Great Lungeing & Schooling?</h3>
<ul>
<li><strong>Professional Grade:</strong> Equipment trusted by trainers and coaches</li>
<li><strong>Safety First:</strong> Designed with both horse and handler safety in mind</li>
<li><strong>Durable Materials:</strong> Built to withstand intensive training sessions</li>
<li><strong>Effective Results:</strong> Tools that help develop skills and improve performance</li>
</ul>
",,/horse/training,3,published,best-selling,"[{""question"":""What lungeing & schooling do you stock?"",""answer"":""We stock a comprehensive range of lungeing & schooling from leading brands. All products are carefully selected for quality, durability, and performance. Browse our collection to find exactly what you need.""},{""question"":""Do you offer free shipping on lungeing & schooling?"",""answer"":""Yes! We offer free shipping Australia-wide on all orders. Most orders are dispatched within 24 hours, so you'll receive your lungeing & schooling quickly.""}]",[]
/horse/training/lunge-equipment,Lunge Line,Lunge Line | Premium Quality | The Equestrian,"Shop premium lunge line including lunge lines, lunge rollers. Free shipping Australia-wide. Expert advice available. Find the perfect gear for your needs.","Expertly selected for quality, durability, and performance. Whether you're competing or riding for leisure, find exactly what you need at The Equestrian.","<h2>Premium Lunge Line</h2>
<p>Browse our specialized collection. All products in stock and ready to ship. Most orders dispatched within 24 hours Australia-wide.</p><h3>What Makes Great Lunge Line?</h3>
<ul>
<li><strong>Professional Grade:</strong> Equipment trusted by trainers and coaches</li>
<li><strong>Safety First:</strong> Designed with both horse and handler safety in mind</li>
<li><strong>Durable Materials:</strong> Built to withstand intensive training sessions</li>
<li><strong>Effective Results:</strong> Tools that help develop skills and improve performance</li>
</ul>
",,/horse/training,3,published,best-selling,"[{""question"":""What lunge line do you stock?"",""answer"":""We stock a comprehensive range of lunge line from leading brands. All products are carefully selected for quality, durability, and performance. Browse our collection to find exactly what you need.""},{""question"":""Do you offer free shipping on lunge line?"",""answer"":""Yes! We offer free shipping Australia-wide on all orders. Most orders are dispatched within 24 hours, so you'll receive your lunge line quickly.""}]",[]
/horse/training/ropes,Rope,Rope | Premium Quality | The Equestrian,Shop premium rope including ropes. Free shipping Australia-wide. Expert advice available. Find the perfect gear for your needs.,"Expertly selected for quality, durability, and performance. Whether you're competing or riding for leisure, find exactly what you need at The Equestrian.","<h2>Premium Rope</h2>
<p>Browse our specialized collection. All products in stock and ready to ship. Most orders dispatched within 24 hours Australia-wide.</p><h3>What Makes Great Rope?</h3>
<ul>
<li><strong>Professional Grade:</strong> Equipment trusted by trainers and coaches</li>
<li><strong>Safety First:</strong> Designed with both horse and handler safety in mind</li>
<li><strong>Durable Materials:</strong> Built to withstand intensive training sessions</li>
<li><strong>Effective Results:</strong> Tools that help develop skills and improve performance</li>
</ul>
",,/horse/training,3,published,best-selling,"[{""question"":""What rope do you stock?"",""answer"":""We stock a comprehensive range of rope from leading brands. All products are carefully selected for quality, durability, and performance. Browse our collection to find exactly what you need.""},{""question"":""Do you offer free shipping on rope?"",""answer"":""Yes! We offer free shipping Australia-wide on all orders. Most orders are dispatched within 24 hours, so you'll receive your rope quickly.""}]",[]
/horse/stock-western,Stock & Western,Stock & Western | Buy Online | The Equestrian,Shop premium stock & western including stock & westerns. Free shipping Australia-wide. Expert advice available. Find the perfect gear for your needs.,"Expertly selected for quality, durability, and performance. Whether you're competing or riding for leisure, find exactly what you need at The Equestrian.","<h2>Premium Stock & Western</h2>
<p>Browse our specialized collection. All products in stock and ready to ship. Most orders dispatched within 24 hours Australia-wide.</p><h3>What Makes Great Stock & Western?</h3>
<ul>
<li><strong>Premium Quality:</strong> Expertly crafted from the finest materials for lasting performance</li>
<li><strong>Functional Design:</strong> Thoughtfully engineered to meet the specific needs of horses and riders</li>
<li><strong>Trusted Brands:</strong> Products from manufacturers with proven track records</li>
<li><strong>Australian Ready:</strong> Suitable for our unique climate and conditions</li>
</ul>
",,/horse,2,published,best-selling,"[{""question"":""What stock & western do you stock?"",""answer"":""We stock a comprehensive range of stock & western from leading brands. All products are carefully selected for quality, durability, and performance. Browse our collection to find exactly what you need.""},{""question"":""Do you offer free shipping on stock & western?"",""answer"":""Yes! We offer free shipping Australia-wide on all orders. Most orders are dispatched within 24 hours, so you'll receive your stock & western quickly.""}]",[]
/horse/rugs,Horse Rugs,Horse Rugs | Buy Online | The Equestrian,"Shop premium horse rugs including turnout rugs, stable rugs, summer sheets and coolers. Free shipping Australia-wide. Expert advice available. Find the...","Expertly selected for quality, durability, and performance. Whether you're competing or riding for leisure, find exactly what you need at The Equestrian.","<h2>Quality Horse Rugs</h2>
<p>Discover our comprehensive collection, carefully curated to meet the demands of horses at every level. From competition-ready gear to everyday essentials, we stock only the finest brands known for quality, durability, and performance. Each product has been expertly selected by our team of equine specialists who understand what truly matters.</p><h3>What Makes Great Horse Rugs?</h3><ul><li><strong>Weather Protection:</strong> Waterproof and breathable fabrics that keep your horse comfortable in all conditions</li><li><strong>Proper Fit:</strong> Tailored designs that prevent rubbing and allow natural movement</li><li><strong>Temperature Regulation:</strong> Appropriate weight and insulation for seasonal needs</li><li><strong>Durability:</strong> Reinforced stress points and quality materials that last season after season</li></ul><h3>Shop by Type</h3><p>Browse our specialized categories including <a href=""/horse/rugs/summer"">summer rugs</a>,<a href=""/horse/rugs/winter"">winter rugs</a>, and <a href=""/horse/rugs/accessories"">rug accessories</a>. Each category features products from world-leading brands trusted by professional equestrians.</p>",,/horse,2,published,best-selling,"[{""question"":""What weight rug does my horse need?"",""answer"":""Rug weight depends on your horse's coat, body condition, and local climate. Clipped horses typically need heavier rugs (200-400g) in winter, while unclipped horses may only need lightweight options (0-100g). Consider your horse's individual needs - some run hot, others cold. We're happy to help you choose the right weight.""},{""question"":""How do I measure my horse for a rug?"",""answer"":""Measure from the center of your horse's chest to the point of the buttock in a straight line. This gives you the rug size in inches or centimeters. For best fit, also consider your horse's build - some brands run larger or smaller. Check individual product sizing charts and don't hesitate to contact us for guidance.""}]","[{""url"":""/horse/boots"",""title"":""Horse Boots"",""description"":""Complete protection for your horse""},{""url"":""/horse/stable"",""title"":""Stable Equipment"",""description"":""Everything for your stable""}]"
/horse/rugs/summer,Summer Rugs,"RUGS: Summer Rugs, Neck Rugs & Hoods | Premium Quality | The Equestrian","Shop premium summer rugs including rugs: summer rugs, neck rugs & hoods. Free shipping Australia-wide. Expert advice available. Find the perfect gear for your needs.","Neck rugs & hoods. Expertly selected for quality, durability, and performance. Whether you're competing or riding for leisure, find exactly what you need at The Equestrian.","<h2>Premium Summer Rugs</h2>
<p>Browse our specialized collection. All products in stock and ready to ship. Most orders dispatched within 24 hours Australia-wide.</p><h3>What Makes Great Summer Rugs?</h3>
<ul>
<li><strong>UV Protection:</strong> Advanced fabrics that shield your horse from harmful sun rays</li>
<li><strong>Fly Protection:</strong> Fine mesh construction that keeps insects away while allowing airflow</li>
<li><strong>Breathable Design:</strong> Lightweight materials that prevent overheating in warm weather</li>
<li><strong>Perfect Fit:</strong> Tailored cuts with adjustable straps for comfort and security</li>
</ul>
",,/horse/rugs,3,published,best-selling,"[{""question"":""What summer rugs do you stock?"",""answer"":""We stock a comprehensive range of summer rugs from leading brands. All products are carefully selected for quality, durability, and performance. Browse our collection to find exactly what you need.""},{""question"":""Do you offer free shipping on summer rugs?"",""answer"":""Yes! We offer free shipping Australia-wide on all orders. Most orders are dispatched within 24 hours, so you'll receive your summer rugs quickly.""}]","[{""url"":""/horse/boots"",""title"":""Horse Boots"",""description"":""Complete protection for your horse""},{""url"":""/horse/stable"",""title"":""Stable Equipment"",""description"":""Everything for your stable""}]"
/horse/rugs/winter,Winter Rugs,"RUGS: Winter Rugs, Neck Rugs & Hoods | Premium Quality | The Equestrian","Shop premium winter rugs including heavyweight turnout rugs, stable rugs, under rugs and combo rugs. Free shipping Australia-wide. Expert advice available.","Neck rugs & hoods. Expertly selected for quality, durability, and performance. Whether you're competing or riding for leisure, find exactly what you need at The Equestrian.","<h2>Quality Winter Rugs</h2>
<p>Browse our specialized collection. All products in stock and ready to ship. Most orders dispatched within 24 hours Australia-wide.</p><h3>What Makes Great Winter Rugs?</h3><ul><li><strong>Weather Protection:</strong> Waterproof and breathable fabrics that keep your horse comfortable in all conditions</li><li><strong>Proper Fit:</strong> Tailored designs that prevent rubbing and allow natural movement</li><li><strong>Temperature Regulation:</strong> Appropriate weight and insulation for seasonal needs</li><li><strong>Durability:</strong> Reinforced stress points and quality materials that last season after season</li></ul>",,/horse/rugs,3,published,best-selling,"[{""question"":""What weight rug does my horse need?"",""answer"":""Rug weight depends on your horse's coat, body condition, and local climate. Clipped horses typically need heavier rugs (200-400g) in winter, while unclipped horses may only need lightweight options (0-100g). Consider your horse's individual needs - some run hot, others cold. We're happy to help you choose the right weight.""},{""question"":""How do I measure my horse for a rug?"",""answer"":""Measure from the center of your horse's chest to the point of the buttock in a straight line. This gives you the rug size in inches or centimeters. For best fit, also consider your horse's build - some brands run larger or smaller. Check individual product sizing charts and don't hesitate to contact us for guidance.""}]","[{""url"":""/horse/boots"",""title"":""Horse Boots"",""description"":""Complete protection for your horse""},{""url"":""/horse/stable"",""title"":""Stable Equipment"",""description"":""Everything for your stable""}]"
/horse/rugs/accessories,Rug Accessories,RUGS: Rug Accessories | Premium Quality | The Equestrian,"Shop premium rug accessories including turnout rugs, stable rugs, summer sheets and coolers. Free shipping Australia-wide. Expert advice available. Find...","Expertly selected for quality, durability, and performance. Whether you're competing or riding for leisure, find exactly what you need at The Equestrian.","<h2>Quality Rug Accessories</h2>
<p>Browse our specialized collection. All products in stock and ready to ship. Most orders dispatched within 24 hours Australia-wide.</p><h3>What Makes Great Rug Accessories?</h3><ul><li><strong>Weather Protection:</strong> Waterproof and breathable fabrics that keep your horse comfortable in all conditions</li><li><strong>Proper Fit:</strong> Tailored designs that prevent rubbing and allow natural movement</li><li><strong>Temperature Regulation:</strong> Appropriate weight and insulation for seasonal needs</li><li><strong>Durability:</strong> Reinforced stress points and quality materials that last season after season</li></ul>",,/horse/rugs,3,published,best-selling,"[{""question"":""What weight rug does my horse need?"",""answer"":""Rug weight depends on your horse's coat, body condition, and local climate. Clipped horses typically need heavier rugs (200-400g) in winter, while unclipped horses may only need lightweight options (0-100g). Consider your horse's individual needs - some run hot, others cold. We're happy to help you choose the right weight.""},{""question"":""How do I measure my horse for a rug?"",""answer"":""Measure from the center of your horse's chest to the point of the buttock in a straight line. This gives you the rug size in inches or centimeters. For best fit, also consider your horse's build - some brands run larger or smaller. Check individual product sizing charts and don't hesitate to contact us for guidance.""}]","[{""url"":""/horse/boots"",""title"":""Horse Boots"",""description"":""Complete protection for your horse""},{""url"":""/horse/stable"",""title"":""Stable Equipment"",""description"":""Everything for your stable""}]"
/horse/rugs/hoods,Hood,Hood | Premium Quality | The Equestrian,Shop premium hood including hoods. Free shipping Australia-wide. Expert advice available. Find the perfect gear for your needs.,"Expertly selected for quality, durability, and performance. Whether you're competing or riding for leisure, find exactly what you need at The Equestrian.","<h2>Premium Hood</h2>
<p>Browse our specialized collection. All products in stock and ready to ship. Most orders dispatched within 24 hours Australia-wide.</p><h3>What Makes Great Hood?</h3>
<ul>
<li><strong>Weather Protection:</strong> Durable materials that shield your horse from the elements</li>
<li><strong>Perfect Fit:</strong> Anatomically designed with adjustable straps for comfort</li>
<li><strong>Quality Construction:</strong> Reinforced stitching and premium fabrics for lasting performance</li>
<li><strong>Easy Care:</strong> Machine washable designs that maintain their quality wash after wash</li>
</ul>
",,/horse/rugs,3,published,best-selling,"[{""question"":""What hood do you stock?"",""answer"":""We stock a comprehensive range of hood from leading brands. All products are carefully selected for quality, durability, and performance. Browse our collection to find exactly what you need.""},{""question"":""Do you offer free shipping on hood?"",""answer"":""Yes! We offer free shipping Australia-wide on all orders. Most orders are dispatched within 24 hours, so you'll receive your hood quickly.""}]","[{""url"":""/horse/boots"",""title"":""Horse Boots"",""description"":""Complete protection for your horse""},{""url"":""/horse/stable"",""title"":""Stable Equipment"",""description"":""Everything for your stable""}]"
/horse/rugs/tail-protectors,Tail Protector,Tail Protector | Premium Quality | The Equestrian,Shop premium tail protector including tail protectors. Free shipping Australia-wide. Expert advice available. Find the perfect gear for your needs.,"Expertly selected for quality, durability, and performance. Whether you're competing or riding for leisure, find exactly what you need at The Equestrian.","<h2>Premium Tail Protector</h2>
<p>Browse our specialized collection. All products in stock and ready to ship. Most orders dispatched within 24 hours Australia-wide.</p><h3>What Makes Great Tail Protector?</h3>
<ul>
<li><strong>Weather Protection:</strong> Durable materials that shield your horse from the elements</li>
<li><strong>Perfect Fit:</strong> Anatomically designed with adjustable straps for comfort</li>
<li><strong>Quality Construction:</strong> Reinforced stitching and premium fabrics for lasting performance</li>
<li><strong>Easy Care:</strong> Machine washable designs that maintain their quality wash after wash</li>
</ul>
",,/horse/rugs,3,published,best-selling,"[{""question"":""What tail protector do you stock?"",""answer"":""We stock a comprehensive range of tail protector from leading brands. All products are carefully selected for quality, durability, and performance. Browse our collection to find exactly what you need.""},{""question"":""Do you offer free shipping on tail protector?"",""answer"":""Yes! We offer free shipping Australia-wide on all orders. Most orders are dispatched within 24 hours, so you'll receive your tail protector quickly.""}]","[{""url"":""/horse/boots"",""title"":""Horse Boots"",""description"":""Complete protection for your horse""},{""url"":""/horse/stable"",""title"":""Stable Equipment"",""description"":""Everything for your stable""}]"
/horse/rugs/cotton,Cotton Rugs,Cotton Rugs | Premium Quality | The Equestrian,"Shop premium cotton rugs including turnout rugs, stable rugs, summer sheets and coolers. Free shipping Australia-wide. Expert advice available. Find the...","Expertly selected for quality, durability, and performance. Whether you're competing or riding for leisure, find exactly what you need at The Equestrian.","<h2>Quality Cotton Rugs</h2>
<p>Browse our specialized collection. All products in stock and ready to ship. Most orders dispatched within 24 hours Australia-wide.</p><h3>What Makes Great Cotton Rugs?</h3><ul><li><strong>Weather Protection:</strong> Waterproof and breathable fabrics that keep your horse comfortable in all conditions</li><li><strong>Proper Fit:</strong> Tailored designs that prevent rubbing and allow natural movement</li><li><strong>Temperature Regulation:</strong> Appropriate weight and insulation for seasonal needs</li><li><strong>Durability:</strong> Reinforced stress points and quality materials that last season after season</li></ul>",,/horse/rugs,3,published,best-selling,"[{""question"":""What weight rug does my horse need?"",""answer"":""Rug weight depends on your horse's coat, body condition, and local climate. Clipped horses typically need heavier rugs (200-400g) in winter, while unclipped horses may only need lightweight options (0-100g). Consider your horse's individual needs - some run hot, others cold. We're happy to help you choose the right weight.""},{""question"":""How do I measure my horse for a rug?"",""answer"":""Measure from the center of your horse's chest to the point of the buttock in a straight line. This gives you the rug size in inches or centimeters. For best fit, also consider your horse's build - some brands run larger or smaller. Check individual product sizing charts and don't hesitate to contact us for guidance.""}]","[{""url"":""/horse/boots"",""title"":""Horse Boots"",""description"":""Complete protection for your horse""},{""url"":""/horse/stable"",""title"":""Stable Equipment"",""description"":""Everything for your stable""}]"
/horse/rugs/mesh,Mesh Rug,Mesh Rug | Premium Quality | The Equestrian,Shop premium mesh rug including mesh rugs. Free shipping Australia-wide. Expert advice available. Find the perfect gear for your needs.,"Expertly selected for quality, durability, and performance. Whether you're competing or riding for leisure, find exactly what you need at The Equestrian.","<h2>Premium Mesh Rug</h2>
<p>Browse our specialized collection. All products in stock and ready to ship. Most orders dispatched within 24 hours Australia-wide.</p><h3>What Makes Great Mesh Rug?</h3>
<ul>
<li><strong>Weather Protection:</strong> Durable materials that shield your horse from the elements</li>
<li><strong>Perfect Fit:</strong> Anatomically designed with adjustable straps for comfort</li>
<li><strong>Quality Construction:</strong> Reinforced stitching and premium fabrics for lasting performance</li>
<li><strong>Easy Care:</strong> Machine washable designs that maintain their quality wash after wash</li>
</ul>
",,/horse/rugs,3,published,best-selling,"[{""question"":""What mesh rug do you stock?"",""answer"":""We stock a comprehensive range of mesh rug from leading brands. All products are carefully selected for quality, durability, and performance. Browse our collection to find exactly what you need.""},{""question"":""Do you offer free shipping on mesh rug?"",""answer"":""Yes! We offer free shipping Australia-wide on all orders. Most orders are dispatched within 24 hours, so you'll receive your mesh rug quickly.""}]","[{""url"":""/horse/boots"",""title"":""Horse Boots"",""description"":""Complete protection for your horse""},{""url"":""/horse/stable"",""title"":""Stable Equipment"",""description"":""Everything for your stable""}]"
/horse/rugs/flag,Flag Rug,Flag Rug | Premium Quality | The Equestrian,Shop premium flag rug including flag rugs. Free shipping Australia-wide. Expert advice available. Find the perfect gear for your needs.,"Expertly selected for quality, durability, and performance. Whether you're competing or riding for leisure, find exactly what you need at The Equestrian.","<h2>Premium Flag Rug</h2>
<p>Browse our specialized collection. All products in stock and ready to ship. Most orders dispatched within 24 hours Australia-wide.</p><h3>What Makes Great Flag Rug?</h3>
<ul>
<li><strong>Weather Protection:</strong> Durable materials that shield your horse from the elements</li>
<li><strong>Perfect Fit:</strong> Anatomically designed with adjustable straps for comfort</li>
<li><strong>Quality Construction:</strong> Reinforced stitching and premium fabrics for lasting performance</li>
<li><strong>Easy Care:</strong> Machine washable designs that maintain their quality wash after wash</li>
</ul>
",,/horse/rugs,3,published,best-selling,"[{""question"":""What flag rug do you stock?"",""answer"":""We stock a comprehensive range of flag rug from leading brands. All products are carefully selected for quality, durability, and performance. Browse our collection to find exactly what you need.""},{""question"":""Do you offer free shipping on flag rug?"",""answer"":""Yes! We offer free shipping Australia-wide on all orders. Most orders are dispatched within 24 hours, so you'll receive your flag rug quickly.""}]","[{""url"":""/horse/boots"",""title"":""Horse Boots"",""description"":""Complete protection for your horse""},{""url"":""/horse/stable"",""title"":""Stable Equipment"",""description"":""Everything for your stable""}]"
/horse/rugs/travel,Travel,Travel | Premium Quality | The Equestrian,Shop premium travel including travels. Free shipping Australia-wide. Expert advice available. Find the perfect gear for your needs.,"Expertly selected for quality, durability, and performance. Whether you're competing or riding for leisure, find exactly what you need at The Equestrian.","<h2>Premium Travel</h2>
<p>Browse our specialized collection. All products in stock and ready to ship. Most orders dispatched within 24 hours Australia-wide.</p><h3>What Makes Great Travel?</h3>
<ul>
<li><strong>Weather Protection:</strong> Durable materials that shield your horse from the elements</li>
<li><strong>Perfect Fit:</strong> Anatomically designed with adjustable straps for comfort</li>
<li><strong>Quality Construction:</strong> Reinforced stitching and premium fabrics for lasting performance</li>
<li><strong>Easy Care:</strong> Machine washable designs that maintain their quality wash after wash</li>
</ul>
",,/horse/rugs,3,published,best-selling,"[{""question"":""What travel do you stock?"",""answer"":""We stock a comprehensive range of travel from leading brands. All products are carefully selected for quality, durability, and performance. Browse our collection to find exactly what you need.""},{""question"":""Do you offer free shipping on travel?"",""answer"":""Yes! We offer free shipping Australia-wide on all orders. Most orders are dispatched within 24 hours, so you'll receive your travel quickly.""}]","[{""url"":""/horse/boots"",""title"":""Horse Boots"",""description"":""Complete protection for your horse""},{""url"":""/horse/stable"",""title"":""Stable Equipment"",""description"":""Everything for your stable""}]"
/horse/rugs/rain,Rain Rugs,Rain Rugs | Premium Quality | The Equestrian,"Shop premium rain rugs including turnout rugs, stable rugs, summer sheets and coolers. Free shipping Australia-wide. Expert advice available. Find the...","Expertly selected for quality, durability, and performance. Whether you're competing or riding for leisure, find exactly what you need at The Equestrian.","<h2>Quality Rain Rugs</h2>
<p>Browse our specialized collection. All products in stock and ready to ship. Most orders dispatched within 24 hours Australia-wide.</p><h3>What Makes Great Rain Rugs?</h3><ul><li><strong>Weather Protection:</strong> Waterproof and breathable fabrics that keep your horse comfortable in all conditions</li><li><strong>Proper Fit:</strong> Tailored designs that prevent rubbing and allow natural movement</li><li><strong>Temperature Regulation:</strong> Appropriate weight and insulation for seasonal needs</li><li><strong>Durability:</strong> Reinforced stress points and quality materials that last season after season</li></ul>",,/horse/rugs,3,published,best-selling,"[{""question"":""What weight rug does my horse need?"",""answer"":""Rug weight depends on your horse's coat, body condition, and local climate. Clipped horses typically need heavier rugs (200-400g) in winter, while unclipped horses may only need lightweight options (0-100g). Consider your horse's individual needs - some run hot, others cold. We're happy to help you choose the right weight.""},{""question"":""How do I measure my horse for a rug?"",""answer"":""Measure from the center of your horse's chest to the point of the buttock in a straight line. This gives you the rug size in inches or centimeters. For best fit, also consider your horse's build - some brands run larger or smaller. Check individual product sizing charts and don't hesitate to contact us for guidance.""}]","[{""url"":""/horse/boots"",""title"":""Horse Boots"",""description"":""Complete protection for your horse""},{""url"":""/horse/stable"",""title"":""Stable Equipment"",""description"":""Everything for your stable""}]"
/horse/rugs/riding,Riding rug,riding rug | Premium Quality | The Equestrian,Shop premium riding rug including riding rugs. Free shipping Australia-wide. Expert advice available. Find the perfect gear for your needs.,"Expertly selected for quality, durability, and performance. Whether you're competing or riding for leisure, find exactly what you need at The Equestrian.","<h2>Premium riding rug</h2>
<p>Browse our specialized collection. All products in stock and ready to ship. Most orders dispatched within 24 hours Australia-wide.</p><h3>What Makes Great riding rug?</h3>
<ul>
<li><strong>Weather Protection:</strong> Durable materials that shield your horse from the elements</li>
<li><strong>Perfect Fit:</strong> Anatomically designed with adjustable straps for comfort</li>
<li><strong>Quality Construction:</strong> Reinforced stitching and premium fabrics for lasting performance</li>
<li><strong>Easy Care:</strong> Machine washable designs that maintain their quality wash after wash</li>
</ul>
",,/horse/rugs,3,published,best-selling,"[{""question"":""What riding rug do you stock?"",""answer"":""We stock a comprehensive range of riding rug from leading brands. All products are carefully selected for quality, durability, and performance. Browse our collection to find exactly what you need.""},{""question"":""Do you offer free shipping on riding rug?"",""answer"":""Yes! We offer free shipping Australia-wide on all orders. Most orders are dispatched within 24 hours, so you'll receive your riding rug quickly.""}]","[{""url"":""/horse/boots"",""title"":""Horse Boots"",""description"":""Complete protection for your horse""},{""url"":""/horse/stable"",""title"":""Stable Equipment"",""description"":""Everything for your stable""}]"
/horse/tack,Strapping,Strapping | Buy Online | The Equestrian,"Shop premium strapping including bridles, reins, girths and stirrups. Free shipping Australia-wide. Expert advice available. Find the perfect gear for your...","Expertly selected for quality, durability, and performance. Whether you're competing or riding for leisure, find exactly what you need at The Equestrian.","<h2>Premium Strapping</h2>
<p>Discover our comprehensive collection, carefully curated to meet the demands of horses at every level. From competition-ready gear to everyday essentials, we stock only the finest brands known for quality, durability, and performance. Each product has been expertly selected by our team of equine specialists who understand what truly matters.</p><h3>What Makes Great Strapping?</h3><ul><li><strong>Premium Quality:</strong> Expertly crafted from the finest materials for lasting performance</li><li><strong>Functional Design:</strong> Thoughtfully engineered to meet the specific needs of horses and riders</li><li><strong>Trusted Brands:</strong> Products from manufacturers with proven track records in equestrian sports</li><li><strong>Value:</strong> Investment pieces that deliver exceptional performance over time</li></ul><h3>Shop by Type</h3><p>Browse our specialized categories including <a href=""/horse/tack/girths"">strapping - girths</a>,<a href=""/horse/tack/stirrup-irons"">stirrup irons</a>, and <a href=""/horse/tack/number-holders"">number holders</a>. Each category features products from world-leading brands trusted by professional equestrians.</p>",,/horse,2,published,best-selling,"[{""question"":""How do I choose the right strapping?"",""answer"":""Consider your specific needs, budget, and intended use. Read product descriptions carefully and check sizing information. Our customer reviews provide valuable insights from real users. If you're unsure, our expert team is always happy to provide personalized recommendations.""},{""question"":""Do you offer free shipping on strapping?"",""answer"":""Yes! We offer free shipping on all orders within Australia. Orders are typically processed within 1-2 business days. For urgent needs, express shipping options are available at checkout.""}]",[]
/horse/tack/girths,Strapping - Girths,Strapping - Girths | Premium Quality | The Equestrian,"Shop premium strapping - girths including bridles, reins, girths and stirrups. Free shipping Australia-wide. Expert advice available. Find the perfect gear...","Expertly selected for quality, durability, and performance. Whether you're competing or riding for leisure, find exactly what you need at The Equestrian.","<h2>Premium Strapping - Girths</h2>
<p>Browse our specialized collection. All products in stock and ready to ship. Most orders dispatched within 24 hours Australia-wide.</p><h3>What Makes Great Strapping - Girths?</h3><ul><li><strong>Premium Quality:</strong> Expertly crafted from the finest materials for lasting performance</li><li><strong>Functional Design:</strong> Thoughtfully engineered to meet the specific needs of horses and riders</li><li><strong>Trusted Brands:</strong> Products from manufacturers with proven track records in equestrian sports</li><li><strong>Value:</strong> Investment pieces that deliver exceptional performance over time</li></ul>",,/horse/tack,3,published,best-selling,"[{""question"":""How do I choose the right strapping - girths?"",""answer"":""Consider your specific needs, budget, and intended use. Read product descriptions carefully and check sizing information. Our customer reviews provide valuable insights from real users. If you're unsure, our expert team is always happy to provide personalized recommendations.""},{""question"":""Do you offer free shipping on strapping - girths?"",""answer"":""Yes! We offer free shipping on all orders within Australia. Orders are typically processed within 1-2 business days. For urgent needs, express shipping options are available at checkout.""}]",[]
/horse/tack/stirrup-irons,Stirrup Irons,Stirrup Irons | Premium Quality | The Equestrian,"Shop premium stirrup irons including bridles, reins, girths and stirrups. Free shipping Australia-wide. Expert advice available. Find the perfect gear for...","Expertly selected for quality, durability, and performance. Whether you're competing or riding for leisure, find exactly what you need at The Equestrian.","<h2>Premium Stirrup Irons</h2>
<p>Browse our specialized collection. All products in stock and ready to ship. Most orders dispatched within 24 hours Australia-wide.</p><h3>What Makes Great Stirrup Irons?</h3><ul><li><strong>Premium Quality:</strong> Expertly crafted from the finest materials for lasting performance</li><li><strong>Functional Design:</strong> Thoughtfully engineered to meet the specific needs of horses and riders</li><li><strong>Trusted Brands:</strong> Products from manufacturers with proven track records in equestrian sports</li><li><strong>Value:</strong> Investment pieces that deliver exceptional performance over time</li></ul>",,/horse/tack,3,published,best-selling,"[{""question"":""How do I choose the right stirrup irons?"",""answer"":""Consider your specific needs, budget, and intended use. Read product descriptions carefully and check sizing information. Our customer reviews provide valuable insights from real users. If you're unsure, our expert team is always happy to provide personalized recommendations.""},{""question"":""Do you offer free shipping on stirrup irons?"",""answer"":""Yes! We offer free shipping on all orders within Australia. Orders are typically processed within 1-2 business days. For urgent needs, express shipping options are available at checkout.""}]",[]
/horse/tack/number-holders,Number Holders,Number Holders | Premium Quality | The Equestrian,"Shop premium number holders including bridles, reins, girths and stirrups. Free shipping Australia-wide. Expert advice available. Find the perfect gear for...","Expertly selected for quality, durability, and performance. Whether you're competing or riding for leisure, find exactly what you need at The Equestrian.","<h2>Premium Number Holders</h2>
<p>Browse our specialized collection. All products in stock and ready to ship. Most orders dispatched within 24 hours Australia-wide.</p><h3>What Makes Great Number Holders?</h3><ul><li><strong>Premium Quality:</strong> Expertly crafted from the finest materials for lasting performance</li><li><strong>Functional Design:</strong> Thoughtfully engineered to meet the specific needs of horses and riders</li><li><strong>Trusted Brands:</strong> Products from manufacturers with proven track records in equestrian sports</li><li><strong>Value:</strong> Investment pieces that deliver exceptional performance over time</li></ul>",,/horse/tack,3,published,best-selling,"[{""question"":""How do I choose the right number holders?"",""answer"":""Consider your specific needs, budget, and intended use. Read product descriptions carefully and check sizing information. Our customer reviews provide valuable insights from real users. If you're unsure, our expert team is always happy to provide personalized recommendations.""},{""question"":""Do you offer free shipping on number holders?"",""answer"":""Yes! We offer free shipping on all orders within Australia. Orders are typically processed within 1-2 business days. For urgent needs, express shipping options are available at checkout.""}]",[]
/horse/tack/stirrup-leathers,Stirrup Leathers,Stirrup Leathers | Premium Quality | The Equestrian,"Shop premium stirrup leathers including bridles, reins, girths and stirrups. Free shipping Australia-wide. Expert advice available. Find the perfect gear...","Expertly selected for quality, durability, and performance. Whether you're competing or riding for leisure, find exactly what you need at The Equestrian.","<h2>Premium Stirrup Leathers</h2>
<p>Browse our specialized collection. All products in stock and ready to ship. Most orders dispatched within 24 hours Australia-wide.</p><h3>What Makes Great Stirrup Leathers?</h3><ul><li><strong>Premium Quality:</strong> Expertly crafted from the finest materials for lasting performance</li><li><strong>Functional Design:</strong> Thoughtfully engineered to meet the specific needs of horses and riders</li><li><strong>Trusted Brands:</strong> Products from manufacturers with proven track records in equestrian sports</li><li><strong>Value:</strong> Investment pieces that deliver exceptional performance over time</li></ul>",,/horse/tack,3,published,best-selling,"[{""question"":""How do I choose the right stirrup leathers?"",""answer"":""Consider your specific needs, budget, and intended use. Read product descriptions carefully and check sizing information. Our customer reviews provide valuable insights from real users. If you're unsure, our expert team is always happy to provide personalized recommendations.""},{""question"":""Do you offer free shipping on stirrup leathers?"",""answer"":""Yes! We offer free shipping on all orders within Australia. Orders are typically processed within 1-2 business days. For urgent needs, express shipping options are available at checkout.""}]",[]
/horse/tack/bridles,Browbands,Browbands | Premium Quality | The Equestrian,"Shop premium browbands including bridles, reins, girths and stirrups. Free shipping Australia-wide. Expert advice available. Find the perfect gear for your...","Expertly selected for quality, durability, and performance. Whether you're competing or riding for leisure, find exactly what you need at The Equestrian.","<h2>Premium Browbands</h2>
<p>Browse our specialized collection. All products in stock and ready to ship. Most orders dispatched within 24 hours Australia-wide.</p><h3>What Makes Great Browbands?</h3><ul><li><strong>Premium Quality:</strong> Expertly crafted from the finest materials for lasting performance</li><li><strong>Functional Design:</strong> Thoughtfully engineered to meet the specific needs of horses and riders</li><li><strong>Trusted Brands:</strong> Products from manufacturers with proven track records in equestrian sports</li><li><strong>Value:</strong> Investment pieces that deliver exceptional performance over time</li></ul>",,/horse/tack,3,published,best-selling,"[{""question"":""How do I choose the right browbands?"",""answer"":""Consider your specific needs, budget, and intended use. Read product descriptions carefully and check sizing information. Our customer reviews provide valuable insights from real users. If you're unsure, our expert team is always happy to provide personalized recommendations.""},{""question"":""Do you offer free shipping on browbands?"",""answer"":""Yes! We offer free shipping on all orders within Australia. Orders are typically processed within 1-2 business days. For urgent needs, express shipping options are available at checkout.""}]",[]
/horse/tack/reins,Reins,Reins | Premium Quality | The Equestrian,"Shop premium reins including bridles, reins, girths and stirrups. Free shipping Australia-wide. Expert advice available. Find the perfect gear for your needs.","Expertly selected for quality, durability, and performance. Whether you're competing or riding for leisure, find exactly what you need at The Equestrian.","<h2>Premium Reins</h2>
<p>Browse our specialized collection. All products in stock and ready to ship. Most orders dispatched within 24 hours Australia-wide.</p><h3>What Makes Great Reins?</h3><ul><li><strong>Premium Quality:</strong> Expertly crafted from the finest materials for lasting performance</li><li><strong>Functional Design:</strong> Thoughtfully engineered to meet the specific needs of horses and riders</li><li><strong>Trusted Brands:</strong> Products from manufacturers with proven track records in equestrian sports</li><li><strong>Value:</strong> Investment pieces that deliver exceptional performance over time</li></ul>",,/horse/tack,3,published,best-selling,"[{""question"":""How do I choose the right reins?"",""answer"":""Consider your specific needs, budget, and intended use. Read product descriptions carefully and check sizing information. Our customer reviews provide valuable insights from real users. If you're unsure, our expert team is always happy to provide personalized recommendations.""},{""question"":""Do you offer free shipping on reins?"",""answer"":""Yes! We offer free shipping on all orders within Australia. Orders are typically processed within 1-2 business days. For urgent needs, express shipping options are available at checkout.""}]",[]
/horse/tack/nosebands,Nosebands & Browbands,Nosebands & Browbands | Premium Quality | The Equestrian,"Shop premium nosebands & browbands including bridles, reins, girths and stirrups. Free shipping Australia-wide. Expert advice available. Find the perfect...","Expertly selected for quality, durability, and performance. Whether you're competing or riding for leisure, find exactly what you need at The Equestrian.","<h2>Premium Nosebands & Browbands</h2>
<p>Browse our specialized collection. All products in stock and ready to ship. Most orders dispatched within 24 hours Australia-wide.</p><h3>What Makes Great Nosebands & Browbands?</h3><ul><li><strong>Premium Quality:</strong> Expertly crafted from the finest materials for lasting performance</li><li><strong>Functional Design:</strong> Thoughtfully engineered to meet the specific needs of horses and riders</li><li><strong>Trusted Brands:</strong> Products from manufacturers with proven track records in equestrian sports</li><li><strong>Value:</strong> Investment pieces that deliver exceptional performance over time</li></ul>",,/horse/tack,3,published,best-selling,"[{""question"":""How do I choose the right nosebands & browbands?"",""answer"":""Consider your specific needs, budget, and intended use. Read product descriptions carefully and check sizing information. Our customer reviews provide valuable insights from real users. If you're unsure, our expert team is always happy to provide personalized recommendations.""},{""question"":""Do you offer free shipping on nosebands & browbands?"",""answer"":""Yes! We offer free shipping on all orders within Australia. Orders are typically processed within 1-2 business days. For urgent needs, express shipping options are available at checkout.""}]",[]
/horse/tack/breastplates,Breastplates & Martingales,Breastplates & Martingales | Premium Quality | The Equestrian,"Shop premium breastplates & martingales including bridles, reins, girths and stirrups. Free shipping Australia-wide. Expert advice available. Find the...","Expertly selected for quality, durability, and performance. Whether you're competing or riding for leisure, find exactly what you need at The Equestrian.","<h2>Premium Breastplates & Martingales</h2>
<p>Browse our specialized collection. All products in stock and ready to ship. Most orders dispatched within 24 hours Australia-wide.</p><h3>What Makes Great Breastplates & Martingales?</h3><ul><li><strong>Premium Quality:</strong> Expertly crafted from the finest materials for lasting performance</li><li><strong>Functional Design:</strong> Thoughtfully engineered to meet the specific needs of horses and riders</li><li><strong>Trusted Brands:</strong> Products from manufacturers with proven track records in equestrian sports</li><li><strong>Value:</strong> Investment pieces that deliver exceptional performance over time</li></ul>",,/horse/tack,3,published,best-selling,"[{""question"":""How do I choose the right breastplates & martingales?"",""answer"":""Consider your specific needs, budget, and intended use. Read product descriptions carefully and check sizing information. Our customer reviews provide valuable insights from real users. If you're unsure, our expert team is always happy to provide personalized recommendations.""},{""question"":""Do you offer free shipping on breastplates & martingales?"",""answer"":""Yes! We offer free shipping on all orders within Australia. Orders are typically processed within 1-2 business days. For urgent needs, express shipping options are available at checkout.""}]",[]
/horse/tack/martingales,Strapping - Martingales,Strapping - Martingales | Premium Quality | The Equestrian,"Shop premium strapping - martingales including bridles, reins, girths and stirrups. Free shipping Australia-wide. Expert advice available. Find the perfect...","Expertly selected for quality, durability, and performance. Whether you're competing or riding for leisure, find exactly what you need at The Equestrian.","<h2>Premium Strapping - Martingales</h2>
<p>Browse our specialized collection. All products in stock and ready to ship. Most orders dispatched within 24 hours Australia-wide.</p><h3>What Makes Great Strapping - Martingales?</h3><ul><li><strong>Premium Quality:</strong> Expertly crafted from the finest materials for lasting performance</li><li><strong>Functional Design:</strong> Thoughtfully engineered to meet the specific needs of horses and riders</li><li><strong>Trusted Brands:</strong> Products from manufacturers with proven track records in equestrian sports</li><li><strong>Value:</strong> Investment pieces that deliver exceptional performance over time</li></ul>",,/horse/tack,3,published,best-selling,"[{""question"":""How do I choose the right strapping - martingales?"",""answer"":""Consider your specific needs, budget, and intended use. Read product descriptions carefully and check sizing information. Our customer reviews provide valuable insights from real users. If you're unsure, our expert team is always happy to provide personalized recommendations.""},{""question"":""Do you offer free shipping on strapping - martingales?"",""answer"":""Yes! We offer free shipping on all orders within Australia. Orders are typically processed within 1-2 business days. For urgent needs, express shipping options are available at checkout.""}]",[]
/horse/tack/stirrups,Stirrups and leathers,Stirrups and leathers | Premium Quality | The Equestrian,"Shop premium stirrups and leathers including bridles, reins, girths and stirrups. Free shipping Australia-wide. Expert advice available. Find the perfect...","Expertly selected for quality, durability, and performance. Whether you're competing or riding for leisure, find exactly what you need at The Equestrian.","<h2>Premium Stirrups and leathers</h2>
<p>Browse our specialized collection. All products in stock and ready to ship. Most orders dispatched within 24 hours Australia-wide.</p><h3>What Makes Great Stirrups and leathers?</h3><ul><li><strong>Premium Quality:</strong> Expertly crafted from the finest materials for lasting performance</li><li><strong>Functional Design:</strong> Thoughtfully engineered to meet the specific needs of horses and riders</li><li><strong>Trusted Brands:</strong> Products from manufacturers with proven track records in equestrian sports</li><li><strong>Value:</strong> Investment pieces that deliver exceptional performance over time</li></ul>",,/horse/tack,3,published,best-selling,"[{""question"":""How do I choose the right stirrups and leathers?"",""answer"":""Consider your specific needs, budget, and intended use. Read product descriptions carefully and check sizing information. Our customer reviews provide valuable insights from real users. If you're unsure, our expert team is always happy to provide personalized recommendations.""},{""question"":""Do you offer free shipping on stirrups and leathers?"",""answer"":""Yes! We offer free shipping on all orders within Australia. Orders are typically processed within 1-2 business days. For urgent needs, express shipping options are available at checkout.""}]",[]
/horse/tack/accessories,Tack Accessories,Strapping - Strapping Accessories | Premium Quality | The Equestrian,Shop premium tack accessories including strapping - strapping accessories. Free shipping Australia-wide. Expert advice available. Find the perfect gear for your needs.,"Strapping - strapping accessories. Expertly selected for quality, durability, and performance. Whether you're competing or riding for leisure, find exactly what you need at The Equestrian.","<h2>Premium Tack Accessories</h2>
<p>Browse our specialized collection. All products in stock and ready to ship. Most orders dispatched within 24 hours Australia-wide.</p><h3>What Makes Great Tack Accessories?</h3>
<ul>
<li><strong>Premium Quality:</strong> Expertly crafted from the finest materials for lasting performance</li>
<li><strong>Functional Design:</strong> Thoughtfully engineered to meet the specific needs of horses and riders</li>
<li><strong>Trusted Brands:</strong> Products from manufacturers with proven track records</li>
<li><strong>Australian Ready:</strong> Suitable for our unique climate and conditions</li>
</ul>
",,/horse/tack,3,published,best-selling,"[{""question"":""What tack accessories do you stock?"",""answer"":""We stock a comprehensive range of tack accessories from leading brands. All products are carefully selected for quality, durability, and performance. Browse our collection to find exactly what you need.""},{""question"":""Do you offer free shipping on tack accessories?"",""answer"":""Yes! We offer free shipping Australia-wide on all orders. Most orders are dispatched within 24 hours, so you'll receive your tack accessories quickly.""}]",[]
/horse/saddles,Saddles,Saddles | Buy Online | The Equestrian,"Shop premium saddles including dressage saddles, jumping saddles, all-purpose saddles and endurance saddles. Free shipping Australia-wide. Expert advice...","Expertly selected for quality, durability, and performance. Whether you're competing or riding for leisure, find exactly what you need at The Equestrian.","<h2>Professional Saddles</h2>
<p>Discover our comprehensive collection, carefully curated to meet the demands of horses at every level. From competition-ready gear to everyday essentials, we stock only the finest brands known for quality, durability, and performance. Each product has been expertly selected by our team of equine specialists who understand what truly matters.</p><h3>What Makes Great Saddles?</h3><ul><li><strong>Precision Fit:</strong> Expertly crafted to distribute weight evenly and ensure horse comfort</li><li><strong>Quality Leather:</strong> Premium materials that mold to your shape and improve with age</li><li><strong>Discipline-Specific Design:</strong> Engineered for optimal performance in your chosen riding style</li><li><strong>Long-Term Investment:</strong> Professional-grade construction that maintains value over years of use</li></ul><h3>Shop by Type</h3><p>Browse our specialized categories including <a href=""/horse/saddles/dressage"">dressage saddles</a>,<a href=""/horse/saddles/accessories"">saddle accessories & gullets</a>, and <a href=""/horse/saddles/all-purpose"">all purpose saddles</a>. Each category features products from world-leading brands trusted by professional equestrians.</p>",,/horse,2,published,best-selling,"[{""question"":""How do I know what saddle size I need?"",""answer"":""Saddle seat size (typically 15\""-18\"" for adults) is measured from the pommel to the cantle. Sit in the saddle - you should have about 4 fingers width behind you and 2-3 fingers in front. Tree width (narrow, medium, wide) must fit your horse. Professional saddle fitting is highly recommended.""},{""question"":""What's the difference between dressage and jumping saddles?"",""answer"":""Dressage saddles have a deep seat and straight flaps to support a long leg position. Jumping saddles have forward-cut flaps and knee rolls to support a shorter stirrup and forward position. All-purpose saddles offer a compromise suitable for general riding and light competition.""},{""question"":""Do you offer saddle fitting services?"",""answer"":""We recommend working with a qualified saddle fitter in your area. Many of our saddles have adjustable trees or come with multiple gullet sizes. Contact us for saddle fitter recommendations in your region and guidance on measuring your horse.""}]",[]
/horse/saddles/dressage,Dressage Saddles,SADDLES: Dressage Saddles | Premium Quality | The Equestrian,"Shop premium dressage saddles including dressage saddles, deep seat saddles and extended leg saddles. Free shipping Australia-wide. Expert advice available.","Expertly selected for quality, durability, and performance. Whether you're competing or riding for leisure, find exactly what you need at The Equestrian.","<h2>Professional Dressage Saddles</h2>
<p>Browse our specialized collection. All products in stock and ready to ship. Most orders dispatched within 24 hours Australia-wide.</p><h3>What Makes Great Dressage Saddles?</h3><ul><li><strong>Precision Fit:</strong> Expertly crafted to distribute weight evenly and ensure horse comfort</li><li><strong>Quality Leather:</strong> Premium materials that mold to your shape and improve with age</li><li><strong>Discipline-Specific Design:</strong> Engineered for optimal performance in your chosen riding style</li><li><strong>Long-Term Investment:</strong> Professional-grade construction that maintains value over years of use</li></ul>",,/horse/saddles,3,published,best-selling,"[{""question"":""How do I know what saddle size I need?"",""answer"":""Saddle seat size (typically 15\""-18\"" for adults) is measured from the pommel to the cantle. Sit in the saddle - you should have about 4 fingers width behind you and 2-3 fingers in front. Tree width (narrow, medium, wide) must fit your horse. Professional saddle fitting is highly recommended.""},{""question"":""What's the difference between dressage and jumping saddles?"",""answer"":""Dressage saddles have a deep seat and straight flaps to support a long leg position. Jumping saddles have forward-cut flaps and knee rolls to support a shorter stirrup and forward position. All-purpose saddles offer a compromise suitable for general riding and light competition.""},{""question"":""Do you offer saddle fitting services?"",""answer"":""We recommend working with a qualified saddle fitter in your area. Many of our saddles have adjustable trees or come with multiple gullet sizes. Contact us for saddle fitter recommendations in your region and guidance on measuring your horse.""}]",[]
/horse/saddles/accessories,Saddle Accessories & Gullets,SADDLES: Saddle Accessories & Gullets | Premium Quality | The Equestrian,"Shop premium saddle accessories & gullets including dressage saddles, jumping saddles, all-purpose saddles and endurance saddles. Free shipping...","Expertly selected for quality, durability, and performance. Whether you're competing or riding for leisure, find exactly what you need at The Equestrian.","<h2>Professional Saddle Accessories & Gullets</h2>
<p>Browse our specialized collection. All products in stock and ready to ship. Most orders dispatched within 24 hours Australia-wide.</p><h3>What Makes Great Saddle Accessories & Gullets?</h3><ul><li><strong>Precision Fit:</strong> Expertly crafted to distribute weight evenly and ensure horse comfort</li><li><strong>Quality Leather:</strong> Premium materials that mold to your shape and improve with age</li><li><strong>Discipline-Specific Design:</strong> Engineered for optimal performance in your chosen riding style</li><li><strong>Long-Term Investment:</strong> Professional-grade construction that maintains value over years of use</li></ul>",,/horse/saddles,3,published,best-selling,"[{""question"":""How do I know what saddle size I need?"",""answer"":""Saddle seat size (typically 15\""-18\"" for adults) is measured from the pommel to the cantle. Sit in the saddle - you should have about 4 fingers width behind you and 2-3 fingers in front. Tree width (narrow, medium, wide) must fit your horse. Professional saddle fitting is highly recommended.""},{""question"":""What's the difference between dressage and jumping saddles?"",""answer"":""Dressage saddles have a deep seat and straight flaps to support a long leg position. Jumping saddles have forward-cut flaps and knee rolls to support a shorter stirrup and forward position. All-purpose saddles offer a compromise suitable for general riding and light competition.""},{""question"":""Do you offer saddle fitting services?"",""answer"":""We recommend working with a qualified saddle fitter in your area. Many of our saddles have adjustable trees or come with multiple gullet sizes. Contact us for saddle fitter recommendations in your region and guidance on measuring your horse.""}]",[]
/horse/saddles/all-purpose,All Purpose Saddles,SADDLES: All Purpose Saddles | Premium Quality | The Equestrian,"Shop premium all purpose saddles including saddles: all purpose saddles, all purposes. Free shipping Australia-wide. Expert advice available. Find the perfect gear for your needs.","Expertly selected for quality, durability, and performance. Whether you're competing or riding for leisure, find exactly what you need at The Equestrian.","<h2>Premium All Purpose Saddles</h2>
<p>Browse our specialized collection. All products in stock and ready to ship. Most orders dispatched within 24 hours Australia-wide.</p><h3>What Makes Great All Purpose Saddles?</h3>
<ul>
<li><strong>Precision Engineering:</strong> Expertly crafted trees and panels for optimal weight distribution</li>
<li><strong>Superior Comfort:</strong> Premium leather and padding that molds to both horse and rider</li>
<li><strong>Perfect Balance:</strong> Designed to enhance your position and communication with your horse</li>
<li><strong>Lasting Quality:</strong> Traditional craftsmanship combined with modern materials for durability</li>
</ul>
",,/horse/saddles,3,published,best-selling,"[{""question"":""What all purpose saddles do you stock?"",""answer"":""We stock a comprehensive range of all purpose saddles from leading brands. All products are carefully selected for quality, durability, and performance. Browse our collection to find exactly what you need.""},{""question"":""Do you offer free shipping on all purpose saddles?"",""answer"":""Yes! We offer free shipping Australia-wide on all orders. Most orders are dispatched within 24 hours, so you'll receive your all purpose saddles quickly.""}]",[]
/horse/saddles/jumping,Jumping Saddles,SADDLES: Jumping Saddles | Premium Quality | The Equestrian,"Shop premium jumping saddles including saddles: jumping saddles, jump saddles. Free shipping Australia-wide. Expert advice available. Find the perfect gear for your needs.","Expertly selected for quality, durability, and performance. Whether you're competing or riding for leisure, find exactly what you need at The Equestrian.","<h2>Premium Jumping Saddles</h2>
<p>Browse our specialized collection. All products in stock and ready to ship. Most orders dispatched within 24 hours Australia-wide.</p><h3>What Makes Great Jumping Saddles?</h3>
<ul>
<li><strong>Precision Engineering:</strong> Expertly crafted trees and panels for optimal weight distribution</li>
<li><strong>Superior Comfort:</strong> Premium leather and padding that molds to both horse and rider</li>
<li><strong>Perfect Balance:</strong> Designed to enhance your position and communication with your horse</li>
<li><strong>Lasting Quality:</strong> Traditional craftsmanship combined with modern materials for durability</li>
</ul>
",,/horse/saddles,3,published,best-selling,"[{""question"":""What jumping saddles do you stock?"",""answer"":""We stock a comprehensive range of jumping saddles from leading brands. All products are carefully selected for quality, durability, and performance. Browse our collection to find exactly what you need.""},{""question"":""Do you offer free shipping on jumping saddles?"",""answer"":""Yes! We offer free shipping Australia-wide on all orders. Most orders are dispatched within 24 hours, so you'll receive your jumping saddles quickly.""}]",[]
/horse/saddles/stock-western,Stock & Western Saddles,SADDLES: Stock & Western Saddles | Premium Quality | The Equestrian,Shop premium stock & western saddles including saddles: stock & western saddles. Free shipping Australia-wide. Expert advice available. Find the perfect gear for your needs.,"Expertly selected for quality, durability, and performance. Whether you're competing or riding for leisure, find exactly what you need at The Equestrian.","<h2>Premium Stock & Western Saddles</h2>
<p>Browse our specialized collection. All products in stock and ready to ship. Most orders dispatched within 24 hours Australia-wide.</p><h3>What Makes Great Stock & Western Saddles?</h3>
<ul>
<li><strong>Precision Engineering:</strong> Expertly crafted trees and panels for optimal weight distribution</li>
<li><strong>Superior Comfort:</strong> Premium leather and padding that molds to both horse and rider</li>
<li><strong>Perfect Balance:</strong> Designed to enhance your position and communication with your horse</li>
<li><strong>Lasting Quality:</strong> Traditional craftsmanship combined with modern materials for durability</li>
</ul>
",,/horse/saddles,3,published,best-selling,"[{""question"":""What stock & western saddles do you stock?"",""answer"":""We stock a comprehensive range of stock & western saddles from leading brands. All products are carefully selected for quality, durability, and performance. Browse our collection to find exactly what you need.""},{""question"":""Do you offer free shipping on stock & western saddles?"",""answer"":""Yes! We offer free shipping Australia-wide on all orders. Most orders are dispatched within 24 hours, so you'll receive your stock & western saddles quickly.""}]",[]
/horse/bonnets,Flyveils & Bonnets,Flyveils & Bonnets | Buy Online | The Equestrian,"Shop premium flyveils & bonnets including saddles, rugs, boots and tack. Free shipping Australia-wide. Expert advice available. Find the perfect gear for...","Expertly selected for quality, durability, and performance. Whether you're competing or riding for leisure, find exactly what you need at The Equestrian.","<h2>Premium Flyveils & Bonnets</h2>
<p>Discover our comprehensive collection, carefully curated to meet the demands of horses at every level. From competition-ready gear to everyday essentials, we stock only the finest brands known for quality, durability, and performance. Each product has been expertly selected by our team of equine specialists who understand what truly matters.</p><h3>What Makes Great Flyveils & Bonnets?</h3><ul><li><strong>Premium Quality:</strong> Expertly crafted from the finest materials for lasting performance</li><li><strong>Functional Design:</strong> Thoughtfully engineered to meet the specific needs of horses and riders</li><li><strong>Trusted Brands:</strong> Products from manufacturers with proven track records in equestrian sports</li><li><strong>Value:</strong> Investment pieces that deliver exceptional performance over time</li></ul><h3>Shop by Type</h3><p>Browse our specialized categories including <a href=""/horse/bonnets/fly-masks"">fly mask</a>. Each category features products from world-leading brands trusted by professional equestrians.</p>",,/horse,2,published,best-selling,"[{""question"":""How do I choose the right flyveils & bonnets?"",""answer"":""Consider your specific needs, budget, and intended use. Read product descriptions carefully and check sizing information. Our customer reviews provide valuable insights from real users. If you're unsure, our expert team is always happy to provide personalized recommendations.""},{""question"":""Do you offer free shipping on flyveils & bonnets?"",""answer"":""Yes! We offer free shipping on all orders within Australia. Orders are typically processed within 1-2 business days. For urgent needs, express shipping options are available at checkout.""}]",[]
/horse/bonnets/fly-masks,Fly Mask,Fly Mask | Premium Quality | The Equestrian,Shop premium fly mask including fly masks. Free shipping Australia-wide. Expert advice available. Find the perfect gear for your needs.,"Expertly selected for quality, durability, and performance. Whether you're competing or riding for leisure, find exactly what you need at The Equestrian.","<h2>Premium Fly Mask</h2>
<p>Browse our specialized collection. All products in stock and ready to ship. Most orders dispatched within 24 hours Australia-wide.</p><h3>What Makes Great Fly Mask?</h3>
<ul>
<li><strong>Premium Quality:</strong> Expertly crafted from the finest materials for lasting performance</li>
<li><strong>Functional Design:</strong> Thoughtfully engineered to meet the specific needs of horses and riders</li>
<li><strong>Trusted Brands:</strong> Products from manufacturers with proven track records</li>
<li><strong>Australian Ready:</strong> Suitable for our unique climate and conditions</li>
</ul>
",,/horse/bonnets,3,published,best-selling,"[{""question"":""What fly mask do you stock?"",""answer"":""We stock a comprehensive range of fly mask from leading brands. All products are carefully selected for quality, durability, and performance. Browse our collection to find exactly what you need.""},{""question"":""Do you offer free shipping on fly mask?"",""answer"":""Yes! We offer free shipping Australia-wide on all orders. Most orders are dispatched within 24 hours, so you'll receive your fly mask quickly.""}]",[]
/rider/helmets,Helmets,Helmets | Buy Online | The Equestrian,"Shop premium helmets including riding helmets, skull caps, ventilated helmets and competition helmets. Free shipping Australia-wide. Expert advice available.","Expertly selected for quality, durability, and performance. Whether you're competing or riding for leisure, find exactly what you need at The Equestrian.","<h2>Safety-Certified Helmets</h2>
<p>Discover our comprehensive collection, carefully curated to meet the demands of riders at every level. From competition-ready gear to everyday essentials, we stock only the finest brands known for quality, durability, and performance. Each product has been expertly selected by our team of experienced professionals who understand what truly matters.</p><h3>What Makes Great Helmets?</h3><ul><li><strong>Safety Certified:</strong> Meets or exceeds current safety standards for equestrian helmets</li><li><strong>Comfortable Fit:</strong> Adjustable sizing systems and ventilation for all-day wear</li><li><strong>Lightweight Design:</strong> Advanced materials that provide protection without excess weight</li><li><strong>Modern Styling:</strong> Sleek profiles that look good while keeping you safe</li></ul><h3>Shop by Type</h3><p>Browse our specialized categories including <a href=""/rider/helmets/accessories"">bicycle helmet brim visor</a>. Each category features products from world-leading brands trusted by professional riders.</p>",,/rider,2,published,best-selling,"[{""question"":""How do I know which helmet size to order?"",""answer"":""Measure your head circumference just above your eyebrows with a soft tape measure. Most helmets are sized in cm (52-62cm range). Check the specific brand's size chart as sizing can vary. A properly fitted helmet should feel snug but not tight, and shouldn't move when you shake your head.""},{""question"":""Do these helmets meet Australian safety standards?"",""answer"":""Yes, all our helmets meet or exceed AS/NZS 3838 Australian safety standards. Many also carry additional certifications like VG1, PAS015, or ASTM. Helmets are required for competition and strongly recommended for all riding activities. Replace your helmet after any impact or every 5 years.""},{""question"":""Can I return a helmet if it doesn't fit?"",""answer"":""Yes, we offer hassle-free returns on unworn helmets with original tags and packaging within 30 days. Free return shipping Australia-wide. Proper fit is crucial for safety, so we want you to get it right.""}]","[{""url"":""/clothing/womens"",""title"":""Ladies' Riding Clothing"",""description"":""Complete your riding wardrobe""},{""url"":""/horse/tack"",""title"":""Horse Tack"",""description"":""Quality tack for horse and rider""}]"
/rider/helmets/accessories,Bicycle Helmet Brim Visor,Bicycle Helmet Brim Visor | Premium Quality | The Equestrian,"Shop premium bicycle helmet brim visor including bicycle helmet brim visors, helmet brims. Free shipping Australia-wide. Expert advice available. Find the perfect gear for your needs.","Expertly selected for quality, durability, and performance. Whether you're competing or riding for leisure, find exactly what you need at The Equestrian.","<h2>Protective Bicycle Helmet Brim Visor</h2>
<p>Browse our specialized collection. All products in stock and ready to ship. Most orders dispatched within 24 hours Australia-wide.</p><h3>What Makes Great Bicycle Helmet Brim Visor?</h3>
<ul>
<li><strong>Safety Certified:</strong> Meets or exceeds Australian and international safety standards</li>
<li><strong>Advanced Protection:</strong> Multi-impact foam and reinforced shells for maximum safety</li>
<li><strong>Comfortable Fit:</strong> Adjustable sizing systems and ventilation for all-day wear</li>
<li><strong>Stylish Design:</strong> Modern aesthetics that look great in and out of the arena</li>
</ul>
",,/rider/helmets,3,published,best-selling,"[{""question"":""What bicycle helmet brim visor do you stock?"",""answer"":""We stock a comprehensive range of bicycle helmet brim visor from leading brands. All products are carefully selected for quality, durability, and performance. Browse our collection to find exactly what you need.""},{""question"":""Do you offer free shipping on bicycle helmet brim visor?"",""answer"":""Yes! We offer free shipping Australia-wide on all orders. Most orders are dispatched within 24 hours, so you'll receive your bicycle helmet brim visor quickly.""}]","[{""url"":""/clothing/womens"",""title"":""Ladies' Riding Clothing"",""description"":""Complete your riding wardrobe""},{""url"":""/horse/tack"",""title"":""Horse Tack"",""description"":""Quality tack for horse and rider""}]"
/rider/giftware,Giftware,Giftware | Buy Online | The Equestrian,Shop premium giftware including giftwares. Free shipping Australia-wide. Expert advice available. Find the perfect gear for your needs.,"Expertly selected for quality, durability, and performance. Whether you're competing or riding for leisure, find exactly what you need at The Equestrian.","<h2>Premium Giftware</h2>
<p>Browse our specialized collection. All products in stock and ready to ship. Most orders dispatched within 24 hours Australia-wide.</p><h3>What Makes Great Giftware?</h3>
<ul>
<li><strong>Technical Fabrics:</strong> Advanced moisture-wicking and breathable materials that keep you comfortable in the saddle</li>
<li><strong>Perfect Fit:</strong> Designed specifically for riding with stretch panels and reinforced seams where you need them most</li>
<li><strong>Durability:</strong> Built to withstand the demands of daily riding and competition</li>
<li><strong>Professional Style:</strong> Classic designs that look sharp in the arena or stable yard</li>
</ul>
",,/rider,2,published,best-selling,"[{""question"":""What giftware do you stock?"",""answer"":""We stock a comprehensive range of giftware from leading brands. All products are carefully selected for quality, durability, and performance. Browse our collection to find exactly what you need.""},{""question"":""Do you offer free shipping on giftware?"",""answer"":""Yes! We offer free shipping Australia-wide on all orders. Most orders are dispatched within 24 hours, so you'll receive your giftware quickly.""}]","[{""url"":""/clothing/womens"",""title"":""Ladies' Riding Clothing"",""description"":""Complete your riding wardrobe""},{""url"":""/horse/tack"",""title"":""Horse Tack"",""description"":""Quality tack for horse and rider""}]"
/rider/jewellery,Jewellery,Jewellery | Buy Online | The Equestrian,"Shop premium jewellery including jewellerys, belts & bracelets, bracelets, bangles. Free shipping Australia-wide. Expert advice available. Find the perfect gear for your needs.","Expertly selected for quality, durability, and performance. Whether you're competing or riding for leisure, find exactly what you need at The Equestrian.","<h2>Premium Jewellery</h2>
<p>Browse our specialized collection. All products in stock and ready to ship. Most orders dispatched within 24 hours Australia-wide.</p><h3>What Makes Great Jewellery?</h3>
<ul>
<li><strong>Technical Fabrics:</strong> Advanced moisture-wicking and breathable materials that keep you comfortable in the saddle</li>
<li><strong>Perfect Fit:</strong> Designed specifically for riding with stretch panels and reinforced seams where you need them most</li>
<li><strong>Durability:</strong> Built to withstand the demands of daily riding and competition</li>
<li><strong>Professional Style:</strong> Classic designs that look sharp in the arena or stable yard</li>
</ul>
",,/rider,2,published,best-selling,"[{""question"":""What jewellery do you stock?"",""answer"":""We stock a comprehensive range of jewellery from leading brands. All products are carefully selected for quality, durability, and performance. Browse our collection to find exactly what you need.""},{""question"":""Do you offer free shipping on jewellery?"",""answer"":""Yes! We offer free shipping Australia-wide on all orders. Most orders are dispatched within 24 hours, so you'll receive your jewellery quickly.""}]","[{""url"":""/clothing/womens"",""title"":""Ladies' Riding Clothing"",""description"":""Complete your riding wardrobe""},{""url"":""/horse/tack"",""title"":""Horse Tack"",""description"":""Quality tack for horse and rider""}]"
/rider/jewellery/bracelets,Bracelet,Bracelet | Premium Quality | The Equestrian,"Shop premium bracelet including bracelets, bangles. Free shipping Australia-wide. Expert advice available. Find the perfect gear for your needs.","Expertly selected for quality, durability, and performance. Whether you're competing or riding for leisure, find exactly what you need at The Equestrian.","<h2>Premium Bracelet</h2>
<p>Browse our specialized collection. All products in stock and ready to ship. Most orders dispatched within 24 hours Australia-wide.</p><h3>What Makes Great Bracelet?</h3>
<ul>
<li><strong>Technical Fabrics:</strong> Advanced moisture-wicking and breathable materials that keep you comfortable in the saddle</li>
<li><strong>Perfect Fit:</strong> Designed specifically for riding with stretch panels and reinforced seams where you need them most</li>
<li><strong>Durability:</strong> Built to withstand the demands of daily riding and competition</li>
<li><strong>Professional Style:</strong> Classic designs that look sharp in the arena or stable yard</li>
</ul>
",,/rider/jewellery,3,published,best-selling,"[{""question"":""What bracelet do you stock?"",""answer"":""We stock a comprehensive range of bracelet from leading brands. All products are carefully selected for quality, durability, and performance. Browse our collection to find exactly what you need.""},{""question"":""Do you offer free shipping on bracelet?"",""answer"":""Yes! We offer free shipping Australia-wide on all orders. Most orders are dispatched within 24 hours, so you'll receive your bracelet quickly.""}]","[{""url"":""/clothing/womens"",""title"":""Ladies' Riding Clothing"",""description"":""Complete your riding wardrobe""},{""url"":""/horse/tack"",""title"":""Horse Tack"",""description"":""Quality tack for horse and rider""}]"
/rider/jewellery/necklaces,Necklace,Necklace | Premium Quality | The Equestrian,"Shop premium necklace including necklaces, pearl necklaces. Free shipping Australia-wide. Expert advice available. Find the perfect gear for your needs.","Expertly selected for quality, durability, and performance. Whether you're competing or riding for leisure, find exactly what you need at The Equestrian.","<h2>Premium Necklace</h2>
<p>Browse our specialized collection. All products in stock and ready to ship. Most orders dispatched within 24 hours Australia-wide.</p><h3>What Makes Great Necklace?</h3>
<ul>
<li><strong>Technical Fabrics:</strong> Advanced moisture-wicking and breathable materials that keep you comfortable in the saddle</li>
<li><strong>Perfect Fit:</strong> Designed specifically for riding with stretch panels and reinforced seams where you need them most</li>
<li><strong>Durability:</strong> Built to withstand the demands of daily riding and competition</li>
<li><strong>Professional Style:</strong> Classic designs that look sharp in the arena or stable yard</li>
</ul>
",,/rider/jewellery,3,published,best-selling,"[{""question"":""What necklace do you stock?"",""answer"":""We stock a comprehensive range of necklace from leading brands. All products are carefully selected for quality, durability, and performance. Browse our collection to find exactly what you need.""},{""question"":""Do you offer free shipping on necklace?"",""answer"":""Yes! We offer free shipping Australia-wide on all orders. Most orders are dispatched within 24 hours, so you'll receive your necklace quickly.""}]","[{""url"":""/clothing/womens"",""title"":""Ladies' Riding Clothing"",""description"":""Complete your riding wardrobe""},{""url"":""/horse/tack"",""title"":""Horse Tack"",""description"":""Quality tack for horse and rider""}]"
/rider/jewellery/earrings,Earrings,Earrings | Premium Quality | The Equestrian,"Shop premium earrings including helmets, boots, gloves and safety vests. Free shipping Australia-wide. Expert advice available. Find the perfect gear for...","Expertly selected for quality, durability, and performance. Whether you're competing or riding for leisure, find exactly what you need at The Equestrian.","<h2>Essential Earrings</h2>
<p>Browse our specialized collection. All products in stock and ready to ship. Most orders dispatched within 24 hours Australia-wide.</p><h3>What Makes Great Earrings?</h3><ul><li><strong>Safety First:</strong> Certified protection that meets or exceeds industry standards</li><li><strong>Comfort:</strong> Ergonomic designs that you'll actually want to wear</li><li><strong>Quality Construction:</strong> Attention to detail that ensures longevity and reliability</li><li><strong>Professional Standards:</strong> Competition-approved gear trusted by top riders</li></ul>",,/rider/jewellery,3,published,best-selling,"[{""question"":""How do I choose the right earrings?"",""answer"":""Consider your riding discipline, frequency, and personal preferences. Safety should always come first - look for certified products that meet current standards. Comfort is also crucial as you're more likely to use gear that feels good. Our team can help match you with the perfect earrings for your needs.""},{""question"":""Are these products competition-approved?"",""answer"":""Most of our earrings meet or exceed competition standards, but requirements vary by discipline and level. Check specific product descriptions for certification details, or contact us to confirm if an item is suitable for your competition needs.""}]","[{""url"":""/clothing/womens"",""title"":""Ladies' Riding Clothing"",""description"":""Complete your riding wardrobe""},{""url"":""/horse/tack"",""title"":""Horse Tack"",""description"":""Quality tack for horse and rider""}]"
/rider/jewellery/pendants,Pendants,Pendants | Premium Quality | The Equestrian,"Shop premium pendants including helmets, boots, gloves and safety vests. Free shipping Australia-wide. Expert advice available. Find the perfect gear for...","Expertly selected for quality, durability, and performance. Whether you're competing or riding for leisure, find exactly what you need at The Equestrian.","<h2>Essential Pendants</h2>
<p>Browse our specialized collection. All products in stock and ready to ship. Most orders dispatched within 24 hours Australia-wide.</p><h3>What Makes Great Pendants?</h3><ul><li><strong>Safety First:</strong> Certified protection that meets or exceeds industry standards</li><li><strong>Comfort:</strong> Ergonomic designs that you'll actually want to wear</li><li><strong>Quality Construction:</strong> Attention to detail that ensures longevity and reliability</li><li><strong>Professional Standards:</strong> Competition-approved gear trusted by top riders</li></ul>",,/rider/jewellery,3,published,best-selling,"[{""question"":""How do I choose the right pendants?"",""answer"":""Consider your riding discipline, frequency, and personal preferences. Safety should always come first - look for certified products that meet current standards. Comfort is also crucial as you're more likely to use gear that feels good. Our team can help match you with the perfect pendants for your needs.""},{""question"":""Are these products competition-approved?"",""answer"":""Most of our pendants meet or exceed competition standards, but requirements vary by discipline and level. Check specific product descriptions for certification details, or contact us to confirm if an item is suitable for your competition needs.""}]","[{""url"":""/clothing/womens"",""title"":""Ladies' Riding Clothing"",""description"":""Complete your riding wardrobe""},{""url"":""/horse/tack"",""title"":""Horse Tack"",""description"":""Quality tack for horse and rider""}]"
/rider/jewellery/rings,Rings,Rings | Premium Quality | The Equestrian,"Shop premium rings including helmets, boots, gloves and safety vests. Free shipping Australia-wide. Expert advice available. Find the perfect gear for your...","Expertly selected for quality, durability, and performance. Whether you're competing or riding for leisure, find exactly what you need at The Equestrian.","<h2>Essential Rings</h2>
<p>Browse our specialized collection. All products in stock and ready to ship. Most orders dispatched within 24 hours Australia-wide.</p><h3>What Makes Great Rings?</h3><ul><li><strong>Safety First:</strong> Certified protection that meets or exceeds industry standards</li><li><strong>Comfort:</strong> Ergonomic designs that you'll actually want to wear</li><li><strong>Quality Construction:</strong> Attention to detail that ensures longevity and reliability</li><li><strong>Professional Standards:</strong> Competition-approved gear trusted by top riders</li></ul>",,/rider/jewellery,3,published,best-selling,"[{""question"":""How do I choose the right rings?"",""answer"":""Consider your riding discipline, frequency, and personal preferences. Safety should always come first - look for certified products that meet current standards. Comfort is also crucial as you're more likely to use gear that feels good. Our team can help match you with the perfect rings for your needs.""},{""question"":""Are these products competition-approved?"",""answer"":""Most of our rings meet or exceed competition standards, but requirements vary by discipline and level. Check specific product descriptions for certification details, or contact us to confirm if an item is suitable for your competition needs.""}]","[{""url"":""/clothing/womens"",""title"":""Ladies' Riding Clothing"",""description"":""Complete your riding wardrobe""},{""url"":""/horse/tack"",""title"":""Horse Tack"",""description"":""Quality tack for horse and rider""}]"
/rider/jewellery/lockets,Locket,Locket | Premium Quality | The Equestrian,Shop premium locket including lockets. Free shipping Australia-wide. Expert advice available. Find the perfect gear for your needs.,"Expertly selected for quality, durability, and performance. Whether you're competing or riding for leisure, find exactly what you need at The Equestrian.","<h2>Premium Locket</h2>
<p>Browse our specialized collection. All products in stock and ready to ship. Most orders dispatched within 24 hours Australia-wide.</p><h3>What Makes Great Locket?</h3>
<ul>
<li><strong>Technical Fabrics:</strong> Advanced moisture-wicking and breathable materials that keep you comfortable in the saddle</li>
<li><strong>Perfect Fit:</strong> Designed specifically for riding with stretch panels and reinforced seams where you need them most</li>
<li><strong>Durability:</strong> Built to withstand the demands of daily riding and competition</li>
<li><strong>Professional Style:</strong> Classic designs that look sharp in the arena or stable yard</li>
</ul>
",,/rider/jewellery,3,published,best-selling,"[{""question"":""What locket do you stock?"",""answer"":""We stock a comprehensive range of locket from leading brands. All products are carefully selected for quality, durability, and performance. Browse our collection to find exactly what you need.""},{""question"":""Do you offer free shipping on locket?"",""answer"":""Yes! We offer free shipping Australia-wide on all orders. Most orders are dispatched within 24 hours, so you'll receive your locket quickly.""}]","[{""url"":""/clothing/womens"",""title"":""Ladies' Riding Clothing"",""description"":""Complete your riding wardrobe""},{""url"":""/horse/tack"",""title"":""Horse Tack"",""description"":""Quality tack for horse and rider""}]"
/rider/jewellery/charms,Charm Bead,Charm Bead | Premium Quality | The Equestrian,"Shop premium charm bead including charm beads, beads. Free shipping Australia-wide. Expert advice available. Find the perfect gear for your needs.","Expertly selected for quality, durability, and performance. Whether you're competing or riding for leisure, find exactly what you need at The Equestrian.","<h2>Premium Charm Bead</h2>
<p>Browse our specialized collection. All products in stock and ready to ship. Most orders dispatched within 24 hours Australia-wide.</p><h3>What Makes Great Charm Bead?</h3>
<ul>
<li><strong>Technical Fabrics:</strong> Advanced moisture-wicking and breathable materials that keep you comfortable in the saddle</li>
<li><strong>Perfect Fit:</strong> Designed specifically for riding with stretch panels and reinforced seams where you need them most</li>
<li><strong>Durability:</strong> Built to withstand the demands of daily riding and competition</li>
<li><strong>Professional Style:</strong> Classic designs that look sharp in the arena or stable yard</li>
</ul>
",,/rider/jewellery,3,published,best-selling,"[{""question"":""What charm bead do you stock?"",""answer"":""We stock a comprehensive range of charm bead from leading brands. All products are carefully selected for quality, durability, and performance. Browse our collection to find exactly what you need.""},{""question"":""Do you offer free shipping on charm bead?"",""answer"":""Yes! We offer free shipping Australia-wide on all orders. Most orders are dispatched within 24 hours, so you'll receive your charm bead quickly.""}]","[{""url"":""/clothing/womens"",""title"":""Ladies' Riding Clothing"",""description"":""Complete your riding wardrobe""},{""url"":""/horse/tack"",""title"":""Horse Tack"",""description"":""Quality tack for horse and rider""}]"
/rider/jewellery/cuffs,Cuff,Cuff | Premium Quality | The Equestrian,Shop premium cuff including cuffs. Free shipping Australia-wide. Expert advice available. Find the perfect gear for your needs.,"Expertly selected for quality, durability, and performance. Whether you're competing or riding for leisure, find exactly what you need at The Equestrian.","<h2>Premium Cuff</h2>
<p>Browse our specialized collection. All products in stock and ready to ship. Most orders dispatched within 24 hours Australia-wide.</p><h3>What Makes Great Cuff?</h3>
<ul>
<li><strong>Technical Fabrics:</strong> Advanced moisture-wicking and breathable materials that keep you comfortable in the saddle</li>
<li><strong>Perfect Fit:</strong> Designed specifically for riding with stretch panels and reinforced seams where you need them most</li>
<li><strong>Durability:</strong> Built to withstand the demands of daily riding and competition</li>
<li><strong>Professional Style:</strong> Classic designs that look sharp in the arena or stable yard</li>
</ul>
",,/rider/jewellery,3,published,best-selling,"[{""question"":""What cuff do you stock?"",""answer"":""We stock a comprehensive range of cuff from leading brands. All products are carefully selected for quality, durability, and performance. Browse our collection to find exactly what you need.""},{""question"":""Do you offer free shipping on cuff?"",""answer"":""Yes! We offer free shipping Australia-wide on all orders. Most orders are dispatched within 24 hours, so you'll receive your cuff quickly.""}]","[{""url"":""/clothing/womens"",""title"":""Ladies' Riding Clothing"",""description"":""Complete your riding wardrobe""},{""url"":""/horse/tack"",""title"":""Horse Tack"",""description"":""Quality tack for horse and rider""}]"
/rider/gloves,Gloves,Gloves | Buy Online | The Equestrian,"Shop premium gloves including riding gloves, winter gloves, competition gloves and grip gloves. Free shipping Australia-wide. Expert advice available.","Expertly selected for quality, durability, and performance. Whether you're competing or riding for leisure, find exactly what you need at The Equestrian.","<h2>Essential Gloves</h2>
<p>Discover our comprehensive collection, carefully curated to meet the demands of riders at every level. From competition-ready gear to everyday essentials, we stock only the finest brands known for quality, durability, and performance. Each product has been expertly selected by our team of experienced professionals who understand what truly matters.</p><h3>What Makes Great Gloves?</h3><ul><li><strong>Safety First:</strong> Certified protection that meets or exceeds industry standards</li><li><strong>Comfort:</strong> Ergonomic designs that you'll actually want to wear</li><li><strong>Quality Construction:</strong> Attention to detail that ensures longevity and reliability</li><li><strong>Professional Standards:</strong> Competition-approved gear trusted by top riders</li></ul>",,/rider,2,published,best-selling,"[{""question"":""What size riding gloves should I order?"",""answer"":""Measure hand circumference at the widest point (across knuckles, excluding thumb). Most brands use standard sizing (XS-XL). Gloves should fit snugly without restricting movement. Too loose and you'll lose grip; too tight and they'll be uncomfortable. Check brand-specific size charts.""},{""question"":""What's the difference between summer and winter riding gloves?"",""answer"":""Summer gloves feature lightweight, breathable materials with mesh panels for ventilation. Winter gloves have insulation (Thinsulate or fleece lining) while maintaining grip and flexibility. Australian riders often need both types given our climate variations.""},{""question"":""How do I care for my riding gloves?"",""answer"":""Most synthetic gloves are machine washable (cold water, gentle cycle). Leather gloves should be hand washed with saddle soap. Air dry only - never use heat. Proper care extends glove life to 1-2 years with regular use. Replace when grip material wears or seams split.""}]","[{""url"":""/clothing/womens"",""title"":""Ladies' Riding Clothing"",""description"":""Complete your riding wardrobe""},{""url"":""/horse/tack"",""title"":""Horse Tack"",""description"":""Quality tack for horse and rider""}]"
/rider/eyewear,Glasses & Goggles,Glasses & Goggles | Buy Online | The Equestrian,"Shop premium glasses & goggles including helmets, boots, gloves and safety vests. Free shipping Australia-wide. Expert advice available. Find the perfect...","Expertly selected for quality, durability, and performance. Whether you're competing or riding for leisure, find exactly what you need at The Equestrian.","<h2>Essential Glasses & Goggles</h2>
<p>Discover our comprehensive collection, carefully curated to meet the demands of riders at every level. From competition-ready gear to everyday essentials, we stock only the finest brands known for quality, durability, and performance. Each product has been expertly selected by our team of experienced professionals who understand what truly matters.</p><h3>What Makes Great Glasses & Goggles?</h3><ul><li><strong>Safety First:</strong> Certified protection that meets or exceeds industry standards</li><li><strong>Comfort:</strong> Ergonomic designs that you'll actually want to wear</li><li><strong>Quality Construction:</strong> Attention to detail that ensures longevity and reliability</li><li><strong>Professional Standards:</strong> Competition-approved gear trusted by top riders</li></ul>",,/rider,2,published,best-selling,"[{""question"":""How do I choose the right glasses & goggles?"",""answer"":""Consider your riding discipline, frequency, and personal preferences. Safety should always come first - look for certified products that meet current standards. Comfort is also crucial as you're more likely to use gear that feels good. Our team can help match you with the perfect glasses & goggles for your needs.""},{""question"":""Are these products competition-approved?"",""answer"":""Most of our glasses & goggles meet or exceed competition standards, but requirements vary by discipline and level. Check specific product descriptions for certification details, or contact us to confirm if an item is suitable for your competition needs.""}]","[{""url"":""/clothing/womens"",""title"":""Ladies' Riding Clothing"",""description"":""Complete your riding wardrobe""},{""url"":""/horse/tack"",""title"":""Horse Tack"",""description"":""Quality tack for horse and rider""}]"
/rider/spurs,Spurs & Straps,Spurs & Straps | Buy Online | The Equestrian,"Shop premium spurs & straps including dressage spurs, jumping spurs, spur straps and rowel spurs. Free shipping Australia-wide. Expert advice available.","Expertly selected for quality, durability, and performance. Whether you're competing or riding for leisure, find exactly what you need at The Equestrian.","<h2>Essential Spurs & Straps</h2>
<p>Discover our comprehensive collection, carefully curated to meet the demands of riders at every level. From competition-ready gear to everyday essentials, we stock only the finest brands known for quality, durability, and performance. Each product has been expertly selected by our team of experienced professionals who understand what truly matters.</p><h3>What Makes Great Spurs & Straps?</h3><ul><li><strong>Safety First:</strong> Certified protection that meets or exceeds industry standards</li><li><strong>Comfort:</strong> Ergonomic designs that you'll actually want to wear</li><li><strong>Quality Construction:</strong> Attention to detail that ensures longevity and reliability</li><li><strong>Professional Standards:</strong> Competition-approved gear trusted by top riders</li></ul><h3>Shop by Type</h3><p>Browse our specialized categories including <a href=""/rider/spurs/accessories"">spurs accessories</a>. Each category features products from world-leading brands trusted by professional riders.</p>",,/rider,2,published,best-selling,"[{""question"":""How do I choose the right spurs & straps?"",""answer"":""Consider your riding discipline, frequency, and personal preferences. Safety should always come first - look for certified products that meet current standards. Comfort is also crucial as you're more likely to use gear that feels good. Our team can help match you with the perfect spurs & straps for your needs.""},{""question"":""Are these products competition-approved?"",""answer"":""Most of our spurs & straps meet or exceed competition standards, but requirements vary by discipline and level. Check specific product descriptions for certification details, or contact us to confirm if an item is suitable for your competition needs.""}]","[{""url"":""/clothing/womens"",""title"":""Ladies' Riding Clothing"",""description"":""Complete your riding wardrobe""},{""url"":""/horse/tack"",""title"":""Horse Tack"",""description"":""Quality tack for horse and rider""}]"
/rider/spurs/accessories,Spurs Accessories,Spurs & Straps - Spurs Accessories | Premium Quality | The Equestrian,Shop premium spurs accessories including spurs & straps - spurs accessories. Free shipping Australia-wide. Expert advice available. Find the perfect gear for your needs.,"Spurs & straps - spurs accessories. Expertly selected for quality, durability, and performance. Whether you're competing or riding for leisure, find exactly what you need at The Equestrian.","<h2>Premium Spurs Accessories</h2>
<p>Browse our specialized collection. All products in stock and ready to ship. Most orders dispatched within 24 hours Australia-wide.</p><h3>What Makes Great Spurs Accessories?</h3>
<ul>
<li><strong>Technical Fabrics:</strong> Advanced moisture-wicking and breathable materials that keep you comfortable in the saddle</li>
<li><strong>Perfect Fit:</strong> Designed specifically for riding with stretch panels and reinforced seams where you need them most</li>
<li><strong>Durability:</strong> Built to withstand the demands of daily riding and competition</li>
<li><strong>Professional Style:</strong> Classic designs that look sharp in the arena or stable yard</li>
</ul>
",,/rider/spurs,3,published,best-selling,"[{""question"":""What spurs accessories do you stock?"",""answer"":""We stock a comprehensive range of spurs accessories from leading brands. All products are carefully selected for quality, durability, and performance. Browse our collection to find exactly what you need.""},{""question"":""Do you offer free shipping on spurs accessories?"",""answer"":""Yes! We offer free shipping Australia-wide on all orders. Most orders are dispatched within 24 hours, so you'll receive your spurs accessories quickly.""}]","[{""url"":""/clothing/womens"",""title"":""Ladies' Riding Clothing"",""description"":""Complete your riding wardrobe""},{""url"":""/horse/tack"",""title"":""Horse Tack"",""description"":""Quality tack for horse and rider""}]"
/rider/luggage,Luggage,Luggage | Buy Online | The Equestrian,"Shop premium luggage including luggages, accessories - luggage, wallets & handbags, wallets. Free shipping Australia-wide. Expert advice available. Find the perfect gear for your needs.","Expertly selected for quality, durability, and performance. Whether you're competing or riding for leisure, find exactly what you need at The Equestrian.","<h2>Premium Luggage</h2>
<p>Browse our specialized collection. All products in stock and ready to ship. Most orders dispatched within 24 hours Australia-wide.</p><h3>What Makes Great Luggage?</h3>
<ul>
<li><strong>Spacious Design:</strong> Thoughtfully organized compartments for all your gear</li>
<li><strong>Durable Construction:</strong> Heavy-duty materials and reinforced stitching</li>
<li><strong>Easy Transport:</strong> Comfortable handles and straps for convenient carrying</li>
<li><strong>Weather Resistant:</strong> Water-resistant fabrics to protect your belongings</li>
</ul>
",,/rider,2,published,best-selling,"[{""question"":""What luggage do you stock?"",""answer"":""We stock a comprehensive range of luggage from leading brands. All products are carefully selected for quality, durability, and performance. Browse our collection to find exactly what you need.""},{""question"":""Do you offer free shipping on luggage?"",""answer"":""Yes! We offer free shipping Australia-wide on all orders. Most orders are dispatched within 24 hours, so you'll receive your luggage quickly.""}]","[{""url"":""/clothing/womens"",""title"":""Ladies' Riding Clothing"",""description"":""Complete your riding wardrobe""},{""url"":""/horse/tack"",""title"":""Horse Tack"",""description"":""Quality tack for horse and rider""}]"
/rider/luggage/wallets,Wallets & Handbags,Wallets & Handbags | Premium Quality | The Equestrian,"Shop premium wallets & handbags including gear bags, helmet bags, boot bags and garment bags. Free shipping Australia-wide. Expert advice available. Find...","Expertly selected for quality, durability, and performance. Whether you're competing or riding for leisure, find exactly what you need at The Equestrian.","<h2>Durable Wallets & Handbags</h2>
<p>Browse our specialized collection. All products in stock and ready to ship. Most orders dispatched within 24 hours Australia-wide.</p><h3>What Makes Great Wallets & Handbags?</h3><ul><li><strong>Organized Storage:</strong> Multiple compartments designed specifically for equestrian gear</li><li><strong>Durable Construction:</strong> Heavy-duty materials that withstand travel and daily use</li><li><strong>Easy Transport:</strong> Comfortable handles and straps for convenient carrying</li><li><strong>Professional Look:</strong> Stylish designs that transition from barn to competition</li></ul>",,/rider/luggage,3,published,best-selling,"[{""question"":""How do I choose the right wallets & handbags?"",""answer"":""Consider your riding discipline, frequency, and personal preferences. Safety should always come first - look for certified products that meet current standards. Comfort is also crucial as you're more likely to use gear that feels good. Our team can help match you with the perfect wallets & handbags for your needs.""},{""question"":""Are these products competition-approved?"",""answer"":""Most of our wallets & handbags meet or exceed competition standards, but requirements vary by discipline and level. Check specific product descriptions for certification details, or contact us to confirm if an item is suitable for your competition needs.""}]","[{""url"":""/clothing/womens"",""title"":""Ladies' Riding Clothing"",""description"":""Complete your riding wardrobe""},{""url"":""/horse/tack"",""title"":""Horse Tack"",""description"":""Quality tack for horse and rider""}]"
/rider/luggage/bags,Bag,Bag | Premium Quality | The Equestrian,"Shop premium bag including gear bags, helmet bags, boot bags and garment bags. Free shipping Australia-wide. Expert advice available. Find the perfect gear...","Expertly selected for quality, durability, and performance. Whether you're competing or riding for leisure, find exactly what you need at The Equestrian.","<h2>Durable Bag</h2>
<p>Browse our specialized collection. All products in stock and ready to ship. Most orders dispatched within 24 hours Australia-wide.</p><h3>What Makes Great Bag?</h3><ul><li><strong>Organized Storage:</strong> Multiple compartments designed specifically for equestrian gear</li><li><strong>Durable Construction:</strong> Heavy-duty materials that withstand travel and daily use</li><li><strong>Easy Transport:</strong> Comfortable handles and straps for convenient carrying</li><li><strong>Professional Look:</strong> Stylish designs that transition from barn to competition</li></ul>",,/rider/luggage,3,published,best-selling,"[{""question"":""How do I choose the right bag?"",""answer"":""Consider your riding discipline, frequency, and personal preferences. Safety should always come first - look for certified products that meet current standards. Comfort is also crucial as you're more likely to use gear that feels good. Our team can help match you with the perfect bag for your needs.""},{""question"":""Are these products competition-approved?"",""answer"":""Most of our bag meet or exceed competition standards, but requirements vary by discipline and level. Check specific product descriptions for certification details, or contact us to confirm if an item is suitable for your competition needs.""}]","[{""url"":""/clothing/womens"",""title"":""Ladies' Riding Clothing"",""description"":""Complete your riding wardrobe""},{""url"":""/horse/tack"",""title"":""Horse Tack"",""description"":""Quality tack for horse and rider""}]"
/rider/luggage/handbags,Handbag,Handbag | Premium Quality | The Equestrian,"Shop premium handbag including riding handbags, equestrian totes and crossbody bags. Free shipping Australia-wide. Expert advice available. Find the...","Expertly selected for quality, durability, and performance. Whether you're competing or riding for leisure, find exactly what you need at The Equestrian.","<h2>Durable Handbag</h2>
<p>Browse our specialized collection. All products in stock and ready to ship. Most orders dispatched within 24 hours Australia-wide.</p><h3>What Makes Great Handbag?</h3><ul><li><strong>Organized Storage:</strong> Multiple compartments designed specifically for equestrian gear</li><li><strong>Durable Construction:</strong> Heavy-duty materials that withstand travel and daily use</li><li><strong>Easy Transport:</strong> Comfortable handles and straps for convenient carrying</li><li><strong>Professional Look:</strong> Stylish designs that transition from barn to competition</li></ul>",,/rider/luggage,3,published,best-selling,"[{""question"":""How do I choose the right handbag?"",""answer"":""Consider your riding discipline, frequency, and personal preferences. Safety should always come first - look for certified products that meet current standards. Comfort is also crucial as you're more likely to use gear that feels good. Our team can help match you with the perfect handbag for your needs.""},{""question"":""Are these products competition-approved?"",""answer"":""Most of our handbag meet or exceed competition standards, but requirements vary by discipline and level. Check specific product descriptions for certification details, or contact us to confirm if an item is suitable for your competition needs.""}]","[{""url"":""/clothing/womens"",""title"":""Ladies' Riding Clothing"",""description"":""Complete your riding wardrobe""},{""url"":""/horse/tack"",""title"":""Horse Tack"",""description"":""Quality tack for horse and rider""}]"
/rider/accessories,Rider Accessories,Rider Accessories | Buy Online | The Equestrian,"Shop premium rider accessories including helmets, boots, gloves and safety vests. Free shipping Australia-wide. Expert advice available. Find the perfect...","Expertly selected for quality, durability, and performance. Whether you're competing or riding for leisure, find exactly what you need at The Equestrian.","<h2>Essential Rider Accessories</h2>
<p>Discover our comprehensive collection, carefully curated to meet the demands of riders at every level. From competition-ready gear to everyday essentials, we stock only the finest brands known for quality, durability, and performance. Each product has been expertly selected by our team of experienced professionals who understand what truly matters.</p><h3>What Makes Great Rider Accessories?</h3><ul><li><strong>Safety First:</strong> Certified protection that meets or exceeds industry standards</li><li><strong>Comfort:</strong> Ergonomic designs that you'll actually want to wear</li><li><strong>Quality Construction:</strong> Attention to detail that ensures longevity and reliability</li><li><strong>Professional Standards:</strong> Competition-approved gear trusted by top riders</li></ul><h3>Shop by Type</h3><p>Browse our specialized categories including <a href=""/rider/accessories/hair"">stocks & hair accessories</a>,<a href=""/rider/accessories/keychains"">key chain clip</a>, and <a href=""/rider/accessories/studs"">studs</a>. Each category features products from world-leading brands trusted by professional riders.</p>",,/rider,2,published,best-selling,"[{""question"":""How do I choose the right rider accessories?"",""answer"":""Consider your riding discipline, frequency, and personal preferences. Safety should always come first - look for certified products that meet current standards. Comfort is also crucial as you're more likely to use gear that feels good. Our team can help match you with the perfect rider accessories for your needs.""},{""question"":""Are these products competition-approved?"",""answer"":""Most of our rider accessories meet or exceed competition standards, but requirements vary by discipline and level. Check specific product descriptions for certification details, or contact us to confirm if an item is suitable for your competition needs.""}]","[{""url"":""/clothing/womens"",""title"":""Ladies' Riding Clothing"",""description"":""Complete your riding wardrobe""},{""url"":""/horse/tack"",""title"":""Horse Tack"",""description"":""Quality tack for horse and rider""}]"
/rider/accessories/hair,Stocks & Hair Accessories,Stocks & Hair Accessories | Premium Quality | The Equestrian,"Shop premium stocks & hair accessories including helmets, boots, gloves and safety vests. Free shipping Australia-wide. Expert advice available. Find the...","Expertly selected for quality, durability, and performance. Whether you're competing or riding for leisure, find exactly what you need at The Equestrian.","<h2>Essential Stocks & Hair Accessories</h2>
<p>Browse our specialized collection. All products in stock and ready to ship. Most orders dispatched within 24 hours Australia-wide.</p><h3>What Makes Great Stocks & Hair Accessories?</h3><ul><li><strong>Safety First:</strong> Certified protection that meets or exceeds industry standards</li><li><strong>Comfort:</strong> Ergonomic designs that you'll actually want to wear</li><li><strong>Quality Construction:</strong> Attention to detail that ensures longevity and reliability</li><li><strong>Professional Standards:</strong> Competition-approved gear trusted by top riders</li></ul>",,/rider/accessories,3,published,best-selling,"[{""question"":""How do I choose the right stocks & hair accessories?"",""answer"":""Consider your riding discipline, frequency, and personal preferences. Safety should always come first - look for certified products that meet current standards. Comfort is also crucial as you're more likely to use gear that feels good. Our team can help match you with the perfect stocks & hair accessories for your needs.""},{""question"":""Are these products competition-approved?"",""answer"":""Most of our stocks & hair accessories meet or exceed competition standards, but requirements vary by discipline and level. Check specific product descriptions for certification details, or contact us to confirm if an item is suitable for your competition needs.""}]","[{""url"":""/clothing/womens"",""title"":""Ladies' Riding Clothing"",""description"":""Complete your riding wardrobe""},{""url"":""/horse/tack"",""title"":""Horse Tack"",""description"":""Quality tack for horse and rider""}]"
/rider/accessories/keychains,Key Chain Clip,Key Chain Clip | Premium Quality | The Equestrian,"Shop premium key chain clip including key chain clips, keyrings, fobs, key chain rings. Free shipping Australia-wide. Expert advice available. Find the perfect gear for your needs.","Expertly selected for quality, durability, and performance. Whether you're competing or riding for leisure, find exactly what you need at The Equestrian.","<h2>Premium Key Chain Clip</h2>
<p>Browse our specialized collection. All products in stock and ready to ship. Most orders dispatched within 24 hours Australia-wide.</p><h3>What Makes Great Key Chain Clip?</h3>
<ul>
<li><strong>Technical Fabrics:</strong> Advanced moisture-wicking and breathable materials that keep you comfortable in the saddle</li>
<li><strong>Perfect Fit:</strong> Designed specifically for riding with stretch panels and reinforced seams where you need them most</li>
<li><strong>Durability:</strong> Built to withstand the demands of daily riding and competition</li>
<li><strong>Professional Style:</strong> Classic designs that look sharp in the arena or stable yard</li>
</ul>
",,/rider/accessories,3,published,best-selling,"[{""question"":""What key chain clip do you stock?"",""answer"":""We stock a comprehensive range of key chain clip from leading brands. All products are carefully selected for quality, durability, and performance. Browse our collection to find exactly what you need.""},{""question"":""Do you offer free shipping on key chain clip?"",""answer"":""Yes! We offer free shipping Australia-wide on all orders. Most orders are dispatched within 24 hours, so you'll receive your key chain clip quickly.""}]","[{""url"":""/clothing/womens"",""title"":""Ladies' Riding Clothing"",""description"":""Complete your riding wardrobe""},{""url"":""/horse/tack"",""title"":""Horse Tack"",""description"":""Quality tack for horse and rider""}]"
/rider/accessories/studs,Studs,Studs | Premium Quality | The Equestrian,"Shop premium studs including helmets, boots, gloves and safety vests. Free shipping Australia-wide. Expert advice available. Find the perfect gear for your...","Expertly selected for quality, durability, and performance. Whether you're competing or riding for leisure, find exactly what you need at The Equestrian.","<h2>Essential Studs</h2>
<p>Browse our specialized collection. All products in stock and ready to ship. Most orders dispatched within 24 hours Australia-wide.</p><h3>What Makes Great Studs?</h3><ul><li><strong>Safety First:</strong> Certified protection that meets or exceeds industry standards</li><li><strong>Comfort:</strong> Ergonomic designs that you'll actually want to wear</li><li><strong>Quality Construction:</strong> Attention to detail that ensures longevity and reliability</li><li><strong>Professional Standards:</strong> Competition-approved gear trusted by top riders</li></ul>",,/rider/accessories,3,published,best-selling,"[{""question"":""How do I choose the right studs?"",""answer"":""Consider your riding discipline, frequency, and personal preferences. Safety should always come first - look for certified products that meet current standards. Comfort is also crucial as you're more likely to use gear that feels good. Our team can help match you with the perfect studs for your needs.""},{""question"":""Are these products competition-approved?"",""answer"":""Most of our studs meet or exceed competition standards, but requirements vary by discipline and level. Check specific product descriptions for certification details, or contact us to confirm if an item is suitable for your competition needs.""}]","[{""url"":""/clothing/womens"",""title"":""Ladies' Riding Clothing"",""description"":""Complete your riding wardrobe""},{""url"":""/horse/tack"",""title"":""Horse Tack"",""description"":""Quality tack for horse and rider""}]"
/rider/accessories/hatbands,Hatband,Hatband | Premium Quality | The Equestrian,Shop premium hatband including hatbands. Free shipping Australia-wide. Expert advice available. Find the perfect gear for your needs.,"Expertly selected for quality, durability, and performance. Whether you're competing or riding for leisure, find exactly what you need at The Equestrian.","<h2>Premium Hatband</h2>
<p>Browse our specialized collection. All products in stock and ready to ship. Most orders dispatched within 24 hours Australia-wide.</p><h3>What Makes Great Hatband?</h3>
<ul>
<li><strong>Technical Fabrics:</strong> Advanced moisture-wicking and breathable materials that keep you comfortable in the saddle</li>
<li><strong>Perfect Fit:</strong> Designed specifically for riding with stretch panels and reinforced seams where you need them most</li>
<li><strong>Durability:</strong> Built to withstand the demands of daily riding and competition</li>
<li><strong>Professional Style:</strong> Classic designs that look sharp in the arena or stable yard</li>
</ul>
",,/rider/accessories,3,published,best-selling,"[{""question"":""What hatband do you stock?"",""answer"":""We stock a comprehensive range of hatband from leading brands. All products are carefully selected for quality, durability, and performance. Browse our collection to find exactly what you need.""},{""question"":""Do you offer free shipping on hatband?"",""answer"":""Yes! We offer free shipping Australia-wide on all orders. Most orders are dispatched within 24 hours, so you'll receive your hatband quickly.""}]","[{""url"":""/clothing/womens"",""title"":""Ladies' Riding Clothing"",""description"":""Complete your riding wardrobe""},{""url"":""/horse/tack"",""title"":""Horse Tack"",""description"":""Quality tack for horse and rider""}]"
/rider/accessories/hats,Hats & Caps,Hats & Caps | Premium Quality | The Equestrian,"Shop premium hats & caps including helmets, boots, gloves and safety vests. Free shipping Australia-wide. Expert advice available. Find the perfect gear...","Expertly selected for quality, durability, and performance. Whether you're competing or riding for leisure, find exactly what you need at The Equestrian.","<h2>Essential Hats & Caps</h2>
<p>Browse our specialized collection. All products in stock and ready to ship. Most orders dispatched within 24 hours Australia-wide.</p><h3>What Makes Great Hats & Caps?</h3><ul><li><strong>Safety First:</strong> Certified protection that meets or exceeds industry standards</li><li><strong>Comfort:</strong> Ergonomic designs that you'll actually want to wear</li><li><strong>Quality Construction:</strong> Attention to detail that ensures longevity and reliability</li><li><strong>Professional Standards:</strong> Competition-approved gear trusted by top riders</li></ul>",,/rider/accessories,3,published,best-selling,"[{""question"":""How do I choose the right hats & caps?"",""answer"":""Consider your riding discipline, frequency, and personal preferences. Safety should always come first - look for certified products that meet current standards. Comfort is also crucial as you're more likely to use gear that feels good. Our team can help match you with the perfect hats & caps for your needs.""},{""question"":""Are these products competition-approved?"",""answer"":""Most of our hats & caps meet or exceed competition standards, but requirements vary by discipline and level. Check specific product descriptions for certification details, or contact us to confirm if an item is suitable for your competition needs.""}]","[{""url"":""/clothing/womens"",""title"":""Ladies' Riding Clothing"",""description"":""Complete your riding wardrobe""},{""url"":""/horse/tack"",""title"":""Horse Tack"",""description"":""Quality tack for horse and rider""}]"
/rider/accessories/whips,Stockwhip,Stockwhip | Premium Quality | The Equestrian,Shop premium stockwhip including stockwhips. Free shipping Australia-wide. Expert advice available. Find the perfect gear for your needs.,"Expertly selected for quality, durability, and performance. Whether you're competing or riding for leisure, find exactly what you need at The Equestrian.","<h2>Premium Stockwhip</h2>
<p>Browse our specialized collection. All products in stock and ready to ship. Most orders dispatched within 24 hours Australia-wide.</p><h3>What Makes Great Stockwhip?</h3>
<ul>
<li><strong>Technical Fabrics:</strong> Advanced moisture-wicking and breathable materials that keep you comfortable in the saddle</li>
<li><strong>Perfect Fit:</strong> Designed specifically for riding with stretch panels and reinforced seams where you need them most</li>
<li><strong>Durability:</strong> Built to withstand the demands of daily riding and competition</li>
<li><strong>Professional Style:</strong> Classic designs that look sharp in the arena or stable yard</li>
</ul>
",,/rider/accessories,3,published,best-selling,"[{""question"":""What stockwhip do you stock?"",""answer"":""We stock a comprehensive range of stockwhip from leading brands. All products are carefully selected for quality, durability, and performance. Browse our collection to find exactly what you need.""},{""question"":""Do you offer free shipping on stockwhip?"",""answer"":""Yes! We offer free shipping Australia-wide on all orders. Most orders are dispatched within 24 hours, so you'll receive your stockwhip quickly.""}]","[{""url"":""/clothing/womens"",""title"":""Ladies' Riding Clothing"",""description"":""Complete your riding wardrobe""},{""url"":""/horse/tack"",""title"":""Horse Tack"",""description"":""Quality tack for horse and rider""}]"
/rider/accessories/stocks,Stock,stock | Premium Quality | The Equestrian,Shop premium stock including stocks. Free shipping Australia-wide. Expert advice available. Find the perfect gear for your needs.,"Expertly selected for quality, durability, and performance. Whether you're competing or riding for leisure, find exactly what you need at The Equestrian.","<h2>Premium stock</h2>
<p>Browse our specialized collection. All products in stock and ready to ship. Most orders dispatched within 24 hours Australia-wide.</p><h3>What Makes Great stock?</h3>
<ul>
<li><strong>Technical Fabrics:</strong> Advanced moisture-wicking and breathable materials that keep you comfortable in the saddle</li>
<li><strong>Perfect Fit:</strong> Designed specifically for riding with stretch panels and reinforced seams where you need them most</li>
<li><strong>Durability:</strong> Built to withstand the demands of daily riding and competition</li>
<li><strong>Professional Style:</strong> Classic designs that look sharp in the arena or stable yard</li>
</ul>
",,/rider/accessories,3,published,best-selling,"[{""question"":""What stock do you stock?"",""answer"":""We stock a comprehensive range of stock from leading brands. All products are carefully selected for quality, durability, and performance. Browse our collection to find exactly what you need.""},{""question"":""Do you offer free shipping on stock?"",""answer"":""Yes! We offer free shipping Australia-wide on all orders. Most orders are dispatched within 24 hours, so you'll receive your stock quickly.""}]","[{""url"":""/clothing/womens"",""title"":""Ladies' Riding Clothing"",""description"":""Complete your riding wardrobe""},{""url"":""/horse/tack"",""title"":""Horse Tack"",""description"":""Quality tack for horse and rider""}]"
/rider/accessories/headbands,Head Band,Head Band | Premium Quality | The Equestrian,Shop premium head band including head bands. Free shipping Australia-wide. Expert advice available. Find the perfect gear for your needs.,"Expertly selected for quality, durability, and performance. Whether you're competing or riding for leisure, find exactly what you need at The Equestrian.","<h2>Premium Head Band</h2>
<p>Browse our specialized collection. All products in stock and ready to ship. Most orders dispatched within 24 hours Australia-wide.</p><h3>What Makes Great Head Band?</h3>
<ul>
<li><strong>Technical Fabrics:</strong> Advanced moisture-wicking and breathable materials that keep you comfortable in the saddle</li>
<li><strong>Perfect Fit:</strong> Designed specifically for riding with stretch panels and reinforced seams where you need them most</li>
<li><strong>Durability:</strong> Built to withstand the demands of daily riding and competition</li>
<li><strong>Professional Style:</strong> Classic designs that look sharp in the arena or stable yard</li>
</ul>
",,/rider/accessories,3,published,best-selling,"[{""question"":""What head band do you stock?"",""answer"":""We stock a comprehensive range of head band from leading brands. All products are carefully selected for quality, durability, and performance. Browse our collection to find exactly what you need.""},{""question"":""Do you offer free shipping on head band?"",""answer"":""Yes! We offer free shipping Australia-wide on all orders. Most orders are dispatched within 24 hours, so you'll receive your head band quickly.""}]","[{""url"":""/clothing/womens"",""title"":""Ladies' Riding Clothing"",""description"":""Complete your riding wardrobe""},{""url"":""/horse/tack"",""title"":""Horse Tack"",""description"":""Quality tack for horse and rider""}]"
/rider/whips,Whips,Whips | Buy Online | The Equestrian,"Shop premium whips including helmets, boots, gloves and safety vests. Free shipping Australia-wide. Expert advice available. Find the perfect gear for your...","Expertly selected for quality, durability, and performance. Whether you're competing or riding for leisure, find exactly what you need at The Equestrian.","<h2>Essential Whips</h2>
<p>Discover our comprehensive collection, carefully curated to meet the demands of riders at every level. From competition-ready gear to everyday essentials, we stock only the finest brands known for quality, durability, and performance. Each product has been expertly selected by our team of experienced professionals who understand what truly matters.</p><h3>What Makes Great Whips?</h3><ul><li><strong>Safety First:</strong> Certified protection that meets or exceeds industry standards</li><li><strong>Comfort:</strong> Ergonomic designs that you'll actually want to wear</li><li><strong>Quality Construction:</strong> Attention to detail that ensures longevity and reliability</li><li><strong>Professional Standards:</strong> Competition-approved gear trusted by top riders</li></ul>",,/rider,2,published,best-selling,"[{""question"":""How do I choose the right whips?"",""answer"":""Consider your riding discipline, frequency, and personal preferences. Safety should always come first - look for certified products that meet current standards. Comfort is also crucial as you're more likely to use gear that feels good. Our team can help match you with the perfect whips for your needs.""},{""question"":""Are these products competition-approved?"",""answer"":""Most of our whips meet or exceed competition standards, but requirements vary by discipline and level. Check specific product descriptions for certification details, or contact us to confirm if an item is suitable for your competition needs.""}]","[{""url"":""/clothing/womens"",""title"":""Ladies' Riding Clothing"",""description"":""Complete your riding wardrobe""},{""url"":""/horse/tack"",""title"":""Horse Tack"",""description"":""Quality tack for horse and rider""}]"
/rider/chaps,Chapettes & Gaiters,Chapettes & Gaiters | Buy Online | The Equestrian,"Shop premium chapettes & gaiters including helmets, boots, gloves and safety vests. Free shipping Australia-wide. Expert advice available. Find the perfect...","Expertly selected for quality, durability, and performance. Whether you're competing or riding for leisure, find exactly what you need at The Equestrian.","<h2>Essential Chapettes & Gaiters</h2>
<p>Discover our comprehensive collection, carefully curated to meet the demands of riders at every level. From competition-ready gear to everyday essentials, we stock only the finest brands known for quality, durability, and performance. Each product has been expertly selected by our team of experienced professionals who understand what truly matters.</p><h3>What Makes Great Chapettes & Gaiters?</h3><ul><li><strong>Safety First:</strong> Certified protection that meets or exceeds industry standards</li><li><strong>Comfort:</strong> Ergonomic designs that you'll actually want to wear</li><li><strong>Quality Construction:</strong> Attention to detail that ensures longevity and reliability</li><li><strong>Professional Standards:</strong> Competition-approved gear trusted by top riders</li></ul>",,/rider,2,published,best-selling,"[{""question"":""How do I choose the right chapettes & gaiters?"",""answer"":""Consider your riding discipline, frequency, and personal preferences. Safety should always come first - look for certified products that meet current standards. Comfort is also crucial as you're more likely to use gear that feels good. Our team can help match you with the perfect chapettes & gaiters for your needs.""},{""question"":""Are these products competition-approved?"",""answer"":""Most of our chapettes & gaiters meet or exceed competition standards, but requirements vary by discipline and level. Check specific product descriptions for certification details, or contact us to confirm if an item is suitable for your competition needs.""}]","[{""url"":""/clothing/womens"",""title"":""Ladies' Riding Clothing"",""description"":""Complete your riding wardrobe""},{""url"":""/horse/tack"",""title"":""Horse Tack"",""description"":""Quality tack for horse and rider""}]"
/rider/body-protectors,Body Protectors,Body Protectors | Buy Online | The Equestrian,"Shop premium body protectors including helmets, boots, gloves and safety vests. Free shipping Australia-wide. Expert advice available. Find the perfect...","Expertly selected for quality, durability, and performance. Whether you're competing or riding for leisure, find exactly what you need at The Equestrian.","<h2>Essential Body Protectors</h2>
<p>Discover our comprehensive collection, carefully curated to meet the demands of riders at every level. From competition-ready gear to everyday essentials, we stock only the finest brands known for quality, durability, and performance. Each product has been expertly selected by our team of experienced professionals who understand what truly matters.</p><h3>What Makes Great Body Protectors?</h3><ul><li><strong>Safety First:</strong> Certified protection that meets or exceeds industry standards</li><li><strong>Comfort:</strong> Ergonomic designs that you'll actually want to wear</li><li><strong>Quality Construction:</strong> Attention to detail that ensures longevity and reliability</li><li><strong>Professional Standards:</strong> Competition-approved gear trusted by top riders</li></ul>",,/rider,2,published,best-selling,"[{""question"":""How do I choose the right body protectors?"",""answer"":""Consider your riding discipline, frequency, and personal preferences. Safety should always come first - look for certified products that meet current standards. Comfort is also crucial as you're more likely to use gear that feels good. Our team can help match you with the perfect body protectors for your needs.""},{""question"":""Are these products competition-approved?"",""answer"":""Most of our body protectors meet or exceed competition standards, but requirements vary by discipline and level. Check specific product descriptions for certification details, or contact us to confirm if an item is suitable for your competition needs.""}]","[{""url"":""/clothing/womens"",""title"":""Ladies' Riding Clothing"",""description"":""Complete your riding wardrobe""},{""url"":""/horse/tack"",""title"":""Horse Tack"",""description"":""Quality tack for horse and rider""}]"
/pet/dog,Dogs,Dogs | Buy Online | The Equestrian,"Shop premium dogs including dogs, dog collars & leads, dog toys, dog treats. Free shipping Australia-wide. Expert pet advice available. Find quality products for your pet.","Expertly selected for quality, durability, and performance. Whether you're training, walking, or caring for your dog, find exactly what you need at The Equestrian.","<h2>Quality Dogs</h2>
<p>Discover our comprehensive collection of dogs, carefully curated to meet the needs of dog owners and their four-legged friends. From training essentials to everyday care, we stock only trusted brands known for quality, safety, and durability. All products in stock and ready to ship Australia-wide.</p><h3>What Makes Great Dogs?</h3>
<ul>
<li><strong>Premium Quality:</strong> Expertly selected products for your dog's comfort and happiness</li>
<li><strong>Trusted Brands:</strong> Products from manufacturers known for pet safety and quality</li>
<li><strong>Practical Design:</strong> Thoughtfully engineered for both pets and owners</li>
<li><strong>Great Value:</strong> Durable products that provide long-lasting use</li>
</ul>
<h3>Shop by Category</h3>
<p>Browse our specialized categories including <a href=""/pet/dog/collars-and-leads"">dog collars & leads</a>, <a href=""/pet/dog/toys"">dog toys</a>, <a href=""/pet/dog/treats"">dog treats</a>, <a href=""/pet/dog/grooming"">dog grooming & coat care</a>, <a href=""/pet/dog/accessories"">dog accessories</a>. Each category features products from trusted pet brands.</p>
",,/pet,2,published,best-selling,"[{""question"":""What dogs do you stock?"",""answer"":""We stock a comprehensive range of dogs from leading pet brands. All products are carefully selected for quality, safety, and dog wellbeing. Browse our collection to find exactly what you need.""},{""question"":""Do you offer free shipping on dogs?"",""answer"":""Yes! We offer free shipping Australia-wide on all orders. Most orders are dispatched within 24 hours, so you'll receive your dogs quickly.""}]",[]
/pet/dog/collars-and-leads,Dog Collars & Leads,Dog Collars & Leads | Premium Quality | The Equestrian,Shop premium dog collars & leads including dog collars & leads. Free shipping Australia-wide. Expert pet advice available. Find quality products for your pet.,"Expertly selected for quality, durability, and performance. Whether you're training, walking, or caring for your dog, find exactly what you need at The Equestrian.","<h2>Quality Dog Collars & Leads</h2>
<p>Discover our comprehensive collection of dog collars & leads, carefully curated to meet the needs of dog owners and their four-legged friends. From training essentials to everyday care, we stock only trusted brands known for quality, safety, and durability. All products in stock and ready to ship Australia-wide.</p><h3>What Makes Great Dog Collars & Leads?</h3>
<ul>
<li><strong>Durable Construction:</strong> Built to withstand daily walks and outdoor adventures</li>
<li><strong>Comfortable Fit:</strong> Soft materials that won't irritate your dog's skin</li>
<li><strong>Safety Features:</strong> Secure buckles and reinforced stitching for peace of mind</li>
<li><strong>Easy to Clean:</strong> Materials that are simple to wash and maintain</li>
</ul>
",,/pet/dog,3,published,best-selling,"[{""question"":""What dog collars & leads do you stock?"",""answer"":""We stock a comprehensive range of dog collars & leads from leading pet brands. All products are carefully selected for quality, safety, and dog wellbeing. Browse our collection to find exactly what you need.""},{""question"":""Do you offer free shipping on dog collars & leads?"",""answer"":""Yes! We offer free shipping Australia-wide on all orders. Most orders are dispatched within 24 hours, so you'll receive your dog collars & leads quickly.""}]",[]
/pet/dog/toys,Dog Toys,Dog Toys | Premium Quality | The Equestrian,Shop premium dog toys including dog toys. Free shipping Australia-wide. Expert pet advice available. Find quality products for your pet.,"Expertly selected for quality, durability, and performance. Whether you're training, walking, or caring for your dog, find exactly what you need at The Equestrian.","<h2>Quality Dog Toys</h2>
<p>Discover our comprehensive collection of dog toys, carefully curated to meet the needs of dog owners and their four-legged friends. From training essentials to everyday care, we stock only trusted brands known for quality, safety, and durability. All products in stock and ready to ship Australia-wide.</p><h3>What Makes Great Dog Toys?</h3>
<ul>
<li><strong>Engaging Design:</strong> Interactive features that keep your dog entertained and mentally stimulated</li>
<li><strong>Safe Materials:</strong> Non-toxic, pet-safe construction for worry-free play</li>
<li><strong>Durable Quality:</strong> Built to withstand enthusiastic chewing and play sessions</li>
<li><strong>Size Options:</strong> Appropriate choices for different breeds and play styles</li>
</ul>
",,/pet/dog,3,published,best-selling,"[{""question"":""What dog toys do you stock?"",""answer"":""We stock a comprehensive range of dog toys from leading pet brands. All products are carefully selected for quality, safety, and dog wellbeing. Browse our collection to find exactly what you need.""},{""question"":""Do you offer free shipping on dog toys?"",""answer"":""Yes! We offer free shipping Australia-wide on all orders. Most orders are dispatched within 24 hours, so you'll receive your dog toys quickly.""}]",[]
/pet/dog/treats,Dog Treats,Dog Treats | Premium Quality | The Equestrian,"Shop premium dog treats including dog treats, treats. Free shipping Australia-wide. Expert pet advice available. Find quality products for your pet.","Expertly selected for quality, durability, and performance. Whether you're training, walking, or caring for your dog, find exactly what you need at The Equestrian.","<h2>Quality Dog Treats</h2>
<p>Discover our comprehensive collection of dog treats, carefully curated to meet the needs of dog owners and their four-legged friends. From training essentials to everyday care, we stock only trusted brands known for quality, safety, and durability. All products in stock and ready to ship Australia-wide.</p><h3>What Makes Great Dog Treats?</h3>
<ul>
<li><strong>Natural Ingredients:</strong> Quality nutrition without artificial additives or fillers</li>
<li><strong>Tasty Flavors:</strong> Delicious options your dog will love as rewards or snacks</li>
<li><strong>Health Benefits:</strong> Supports dental health, digestion, and overall wellbeing</li>
<li><strong>Australian Made:</strong> Many locally sourced and produced options available</li>
</ul>
",,/pet/dog,3,published,best-selling,"[{""question"":""What dog treats do you stock?"",""answer"":""We stock a comprehensive range of dog treats from leading pet brands. All products are carefully selected for quality, safety, and dog wellbeing. Browse our collection to find exactly what you need.""},{""question"":""Do you offer free shipping on dog treats?"",""answer"":""Yes! We offer free shipping Australia-wide on all orders. Most orders are dispatched within 24 hours, so you'll receive your dog treats quickly.""}]",[]
/pet/dog/grooming,Dog Grooming & Coat Care,Dog Grooming & Coat Care | Premium Quality | The Equestrian,Shop premium dog grooming & coat care including dog grooming & coat care. Free shipping Australia-wide. Expert pet advice available. Find quality products for your pet.,"Expertly selected for quality, durability, and performance. Whether you're training, walking, or caring for your dog, find exactly what you need at The Equestrian.","<h2>Quality Dog Grooming & Coat Care</h2>
<p>Discover our comprehensive collection of dog grooming & coat care, carefully curated to meet the needs of dog owners and their four-legged friends. From training essentials to everyday care, we stock only trusted brands known for quality, safety, and durability. All products in stock and ready to ship Australia-wide.</p><h3>What Makes Great Dog Grooming & Coat Care?</h3>
<ul>
<li><strong>Professional Quality:</strong> Tools and products trusted by groomers and pet owners</li>
<li><strong>Gentle Formulas:</strong> Safe for your dog's skin and coat</li>
<li><strong>Easy to Use:</strong> Designed for effective results at home</li>
<li><strong>Complete Care:</strong> Everything needed for a healthy, shiny coat</li>
</ul>
",,/pet/dog,3,published,best-selling,"[{""question"":""What dog grooming & coat care do you stock?"",""answer"":""We stock a comprehensive range of dog grooming & coat care from leading pet brands. All products are carefully selected for quality, safety, and dog wellbeing. Browse our collection to find exactly what you need.""},{""question"":""Do you offer free shipping on dog grooming & coat care?"",""answer"":""Yes! We offer free shipping Australia-wide on all orders. Most orders are dispatched within 24 hours, so you'll receive your dog grooming & coat care quickly.""}]",[]
/pet/dog/accessories,Dog Accessories,Dog Accessories | Premium Quality | The Equestrian,Shop premium dog accessories including dog accessories. Free shipping Australia-wide. Expert pet advice available. Find quality products for your pet.,"Expertly selected for quality, durability, and performance. Whether you're training, walking, or caring for your dog, find exactly what you need at The Equestrian.","<h2>Quality Dog Accessories</h2>
<p>Discover our comprehensive collection of dog accessories, carefully curated to meet the needs of dog owners and their four-legged friends. From training essentials to everyday care, we stock only trusted brands known for quality, safety, and durability. All products in stock and ready to ship Australia-wide.</p><h3>What Makes Great Dog Accessories?</h3>
<ul>
<li><strong>Premium Quality:</strong> Expertly selected products for your dog's comfort and happiness</li>
<li><strong>Trusted Brands:</strong> Products from manufacturers known for pet safety and quality</li>
<li><strong>Practical Design:</strong> Thoughtfully engineered for both pets and owners</li>
<li><strong>Great Value:</strong> Durable products that provide long-lasting use</li>
</ul>
",,/pet/dog,3,published,best-selling,"[{""question"":""What dog accessories do you stock?"",""answer"":""We stock a comprehensive range of dog accessories from leading pet brands. All products are carefully selected for quality, safety, and dog wellbeing. Browse our collection to find exactly what you need.""},{""question"":""Do you offer free shipping on dog accessories?"",""answer"":""Yes! We offer free shipping Australia-wide on all orders. Most orders are dispatched within 24 hours, so you'll receive your dog accessories quickly.""}]",[]
/pet/dog/skin-care,Dog Potions & Lotions,Dog Potions & Lotions | Premium Quality | The Equestrian,Shop premium dog potions & lotions including dog potions & lotions. Free shipping Australia-wide. Expert pet advice available. Find quality products for your pet.,"Expertly selected for quality, durability, and performance. Whether you're training, walking, or caring for your dog, find exactly what you need at The Equestrian.","<h2>Quality Dog Potions & Lotions</h2>
<p>Discover our comprehensive collection of dog potions & lotions, carefully curated to meet the needs of dog owners and their four-legged friends. From training essentials to everyday care, we stock only trusted brands known for quality, safety, and durability. All products in stock and ready to ship Australia-wide.</p><h3>What Makes Great Dog Potions & Lotions?</h3>
<ul>
<li><strong>Premium Quality:</strong> Expertly selected products for your dog's comfort and happiness</li>
<li><strong>Trusted Brands:</strong> Products from manufacturers known for pet safety and quality</li>
<li><strong>Practical Design:</strong> Thoughtfully engineered for both pets and owners</li>
<li><strong>Great Value:</strong> Durable products that provide long-lasting use</li>
</ul>
",,/pet/dog,3,published,best-selling,"[{""question"":""What dog potions & lotions do you stock?"",""answer"":""We stock a comprehensive range of dog potions & lotions from leading pet brands. All products are carefully selected for quality, safety, and dog wellbeing. Browse our collection to find exactly what you need.""},{""question"":""Do you offer free shipping on dog potions & lotions?"",""answer"":""Yes! We offer free shipping Australia-wide on all orders. Most orders are dispatched within 24 hours, so you'll receive your dog potions & lotions quickly.""}]",[]
/pet/dog/walking,Dog Walking,Dog Walking | Premium Quality | The Equestrian,Shop premium dog walking including dog walking. Free shipping Australia-wide. Expert pet advice available. Find quality products for your pet.,"Expertly selected for quality, durability, and performance. Whether you're training, walking, or caring for your dog, find exactly what you need at The Equestrian.","<h2>Quality Dog Walking</h2>
<p>Discover our comprehensive collection of dog walking, carefully curated to meet the needs of dog owners and their four-legged friends. From training essentials to everyday care, we stock only trusted brands known for quality, safety, and durability. All products in stock and ready to ship Australia-wide.</p><h3>What Makes Great Dog Walking?</h3>
<ul>
<li><strong>Premium Quality:</strong> Expertly selected products for your dog's comfort and happiness</li>
<li><strong>Trusted Brands:</strong> Products from manufacturers known for pet safety and quality</li>
<li><strong>Practical Design:</strong> Thoughtfully engineered for both pets and owners</li>
<li><strong>Great Value:</strong> Durable products that provide long-lasting use</li>
</ul>
",,/pet/dog,3,published,best-selling,"[{""question"":""What dog walking do you stock?"",""answer"":""We stock a comprehensive range of dog walking from leading pet brands. All products are carefully selected for quality, safety, and dog wellbeing. Browse our collection to find exactly what you need.""},{""question"":""Do you offer free shipping on dog walking?"",""answer"":""Yes! We offer free shipping Australia-wide on all orders. Most orders are dispatched within 24 hours, so you'll receive your dog walking quickly.""}]",[]
/pet/dog/veterinary,Dog Wormer & Flea,Dog Wormer & Flea | Premium Quality | The Equestrian,Shop premium dog wormer & flea including dog wormer & flea. Free shipping Australia-wide. Expert pet advice available. Find quality products for your pet.,"Expertly selected for quality, durability, and performance. Whether you're training, walking, or caring for your dog, find exactly what you need at The Equestrian.","<h2>Quality Dog Wormer & Flea</h2>
<p>Discover our comprehensive collection of dog wormer & flea, carefully curated to meet the needs of dog owners and their four-legged friends. From training essentials to everyday care, we stock only trusted brands known for quality, safety, and durability. All products in stock and ready to ship Australia-wide.</p><h3>What Makes Great Dog Wormer & Flea?</h3>
<ul>
<li><strong>Premium Quality:</strong> Expertly selected products for your dog's comfort and happiness</li>
<li><strong>Trusted Brands:</strong> Products from manufacturers known for pet safety and quality</li>
<li><strong>Practical Design:</strong> Thoughtfully engineered for both pets and owners</li>
<li><strong>Great Value:</strong> Durable products that provide long-lasting use</li>
</ul>
",,/pet/dog,3,published,best-selling,"[{""question"":""What dog wormer & flea do you stock?"",""answer"":""We stock a comprehensive range of dog wormer & flea from leading pet brands. All products are carefully selected for quality, safety, and dog wellbeing. Browse our collection to find exactly what you need.""},{""question"":""Do you offer free shipping on dog wormer & flea?"",""answer"":""Yes! We offer free shipping Australia-wide on all orders. Most orders are dispatched within 24 hours, so you'll receive your dog wormer & flea quickly.""}]",[]
/pet/dog/coats-and-rugs,Dog Rugs & Fashion,Dog Rugs & Fashion | Premium Quality | The Equestrian,Shop premium dog rugs & fashion including dog rugs & fashion. Free shipping Australia-wide. Expert pet advice available. Find quality products for your pet.,"Expertly selected for quality, durability, and performance. Whether you're training, walking, or caring for your dog, find exactly what you need at The Equestrian.","<h2>Quality Dog Rugs & Fashion</h2>
<p>Discover our comprehensive collection of dog rugs & fashion, carefully curated to meet the needs of dog owners and their four-legged friends. From training essentials to everyday care, we stock only trusted brands known for quality, safety, and durability. All products in stock and ready to ship Australia-wide.</p><h3>What Makes Great Dog Rugs & Fashion?</h3>
<ul>
<li><strong>Premium Quality:</strong> Expertly selected products for your dog's comfort and happiness</li>
<li><strong>Trusted Brands:</strong> Products from manufacturers known for pet safety and quality</li>
<li><strong>Practical Design:</strong> Thoughtfully engineered for both pets and owners</li>
<li><strong>Great Value:</strong> Durable products that provide long-lasting use</li>
</ul>
",,/pet/dog,3,published,best-selling,"[{""question"":""What dog rugs & fashion do you stock?"",""answer"":""We stock a comprehensive range of dog rugs & fashion from leading pet brands. All products are carefully selected for quality, safety, and dog wellbeing. Browse our collection to find exactly what you need.""},{""question"":""Do you offer free shipping on dog rugs & fashion?"",""answer"":""Yes! We offer free shipping Australia-wide on all orders. Most orders are dispatched within 24 hours, so you'll receive your dog rugs & fashion quickly.""}]",[]
/pet/dog/kennels,Dog Kennels Carriers & Pens,Dog Kennels Carriers & Pens | Premium Quality | The Equestrian,Shop premium dog kennels carriers & pens including dog kennels carriers & pens. Free shipping Australia-wide. Expert pet advice available. Find quality products for your pet.,"Expertly selected for quality, durability, and performance. Whether you're training, walking, or caring for your dog, find exactly what you need at The Equestrian.","<h2>Quality Dog Kennels Carriers & Pens</h2>
<p>Discover our comprehensive collection of dog kennels carriers & pens, carefully curated to meet the needs of dog owners and their four-legged friends. From training essentials to everyday care, we stock only trusted brands known for quality, safety, and durability. All products in stock and ready to ship Australia-wide.</p><h3>What Makes Great Dog Kennels Carriers & Pens?</h3>
<ul>
<li><strong>Premium Quality:</strong> Expertly selected products for your dog's comfort and happiness</li>
<li><strong>Trusted Brands:</strong> Products from manufacturers known for pet safety and quality</li>
<li><strong>Practical Design:</strong> Thoughtfully engineered for both pets and owners</li>
<li><strong>Great Value:</strong> Durable products that provide long-lasting use</li>
</ul>
",,/pet/dog,3,published,best-selling,"[{""question"":""What dog kennels carriers & pens do you stock?"",""answer"":""We stock a comprehensive range of dog kennels carriers & pens from leading pet brands. All products are carefully selected for quality, safety, and dog wellbeing. Browse our collection to find exactly what you need.""},{""question"":""Do you offer free shipping on dog kennels carriers & pens?"",""answer"":""Yes! We offer free shipping Australia-wide on all orders. Most orders are dispatched within 24 hours, so you'll receive your dog kennels carriers & pens quickly.""}]",[]
/pet/dog/bedding,Dog Bedding,Dog Bedding | Premium Quality | The Equestrian,Shop premium dog bedding including dog bedding. Free shipping Australia-wide. Expert pet advice available. Find quality products for your pet.,"Expertly selected for quality, durability, and performance. Whether you're training, walking, or caring for your dog, find exactly what you need at The Equestrian.","<h2>Quality Dog Bedding</h2>
<p>Discover our comprehensive collection of dog bedding, carefully curated to meet the needs of dog owners and their four-legged friends. From training essentials to everyday care, we stock only trusted brands known for quality, safety, and durability. All products in stock and ready to ship Australia-wide.</p><h3>What Makes Great Dog Bedding?</h3>
<ul>
<li><strong>Comfortable Support:</strong> Cushioning that supports joints and muscles</li>
<li><strong>Durable Fabrics:</strong> Materials that withstand scratching and nesting</li>
<li><strong>Easy Maintenance:</strong> Washable covers for hygiene and freshness</li>
<li><strong>Size Options:</strong> Appropriate beds for all dog breeds and sizes</li>
</ul>
",,/pet/dog,3,published,best-selling,"[{""question"":""What dog bedding do you stock?"",""answer"":""We stock a comprehensive range of dog bedding from leading pet brands. All products are carefully selected for quality, safety, and dog wellbeing. Browse our collection to find exactly what you need.""},{""question"":""Do you offer free shipping on dog bedding?"",""answer"":""Yes! We offer free shipping Australia-wide on all orders. Most orders are dispatched within 24 hours, so you'll receive your dog bedding quickly.""}]",[]
/pet/dog/food,Dog Food,Dog Food | Premium Quality | The Equestrian,Shop premium dog food including dog food. Free shipping Australia-wide. Expert pet advice available. Find quality products for your pet.,"Expertly selected for quality, durability, and performance. Whether you're training, walking, or caring for your dog, find exactly what you need at The Equestrian.","<h2>Quality Dog Food</h2>
<p>Discover our comprehensive collection of dog food, carefully curated to meet the needs of dog owners and their four-legged friends. From training essentials to everyday care, we stock only trusted brands known for quality, safety, and durability. All products in stock and ready to ship Australia-wide.</p><h3>What Makes Great Dog Food?</h3>
<ul>
<li><strong>Nutritionally Balanced:</strong> Complete meals formulated for your dog's health</li>
<li><strong>Quality Ingredients:</strong> Premium proteins, grains, and nutrients</li>
<li><strong>Life Stage Options:</strong> Appropriate nutrition for puppies, adults, and seniors</li>
<li><strong>Trusted Brands:</strong> Products from manufacturers known for pet nutrition</li>
</ul>
",,/pet/dog,3,published,best-selling,"[{""question"":""What dog food do you stock?"",""answer"":""We stock a comprehensive range of dog food from leading pet brands. All products are carefully selected for quality, safety, and dog wellbeing. Browse our collection to find exactly what you need.""},{""question"":""Do you offer free shipping on dog food?"",""answer"":""Yes! We offer free shipping Australia-wide on all orders. Most orders are dispatched within 24 hours, so you'll receive your dog food quickly.""}]",[]
/pet/dog/supplements,Dog Supplements,Dog Supplements | Premium Quality | The Equestrian,Shop premium dog supplements including dog supplements. Free shipping Australia-wide. Expert pet advice available. Find quality products for your pet.,"Expertly selected for quality, durability, and performance. Whether you're training, walking, or caring for your dog, find exactly what you need at The Equestrian.","<h2>Quality Dog Supplements</h2>
<p>Discover our comprehensive collection of dog supplements, carefully curated to meet the needs of dog owners and their four-legged friends. From training essentials to everyday care, we stock only trusted brands known for quality, safety, and durability. All products in stock and ready to ship Australia-wide.</p><h3>What Makes Great Dog Supplements?</h3>
<ul>
<li><strong>Premium Quality:</strong> Expertly selected products for your dog's comfort and happiness</li>
<li><strong>Trusted Brands:</strong> Products from manufacturers known for pet safety and quality</li>
<li><strong>Practical Design:</strong> Thoughtfully engineered for both pets and owners</li>
<li><strong>Great Value:</strong> Durable products that provide long-lasting use</li>
</ul>
",,/pet/dog,3,published,best-selling,"[{""question"":""What dog supplements do you stock?"",""answer"":""We stock a comprehensive range of dog supplements from leading pet brands. All products are carefully selected for quality, safety, and dog wellbeing. Browse our collection to find exactly what you need.""},{""question"":""Do you offer free shipping on dog supplements?"",""answer"":""Yes! We offer free shipping Australia-wide on all orders. Most orders are dispatched within 24 hours, so you'll receive your dog supplements quickly.""}]",[]
/pet/cat,Cat,Cat | Buy Online | The Equestrian,"Shop premium cat including cat gyms & toys, cat accessories, cat food & treats, cat potions & lotions. Free shipping Australia-wide. Expert pet advice availa...","Expertly selected for quality and your cat's happiness. From playtime to care essentials, find everything your cat needs at The Equestrian.","<h2>Quality Cat</h2>
<p>Explore our carefully selected range of cat, designed to keep your cat happy and healthy. We stock only trusted brands known for quality and feline-friendly design. All products in stock and ready to ship Australia-wide.</p><h3>What Makes Great Cat?</h3>
<ul>
<li><strong>Premium Quality:</strong> Expertly selected products for your cat's comfort and happiness</li>
<li><strong>Trusted Brands:</strong> Products from manufacturers known for feline health and safety</li>
<li><strong>Cat-Friendly Design:</strong> Thoughtfully engineered for feline needs and behavior</li>
<li><strong>Great Value:</strong> Durable products that provide long-lasting use</li>
</ul>
<h3>Shop by Category</h3>
<p>Browse our specialized categories including <a href=""/pet/cat/toys"">cat gyms & toys</a>, <a href=""/pet/cat/accessories"">cat accessories</a>, <a href=""/pet/cat/food"">cat food & treats</a>, <a href=""/pet/cat/litter"">cat litter & accessories</a>, <a href=""/pet/cat/skin-care"">cat potions & lotions</a>. Each category features products from trusted pet brands.</p>
",,/pet,2,published,best-selling,"[{""question"":""What cat do you stock?"",""answer"":""We stock a comprehensive range of cat from leading pet brands. All products are carefully selected for quality, safety, and cat wellbeing. Browse our collection to find exactly what you need.""},{""question"":""Do you offer free shipping on cat?"",""answer"":""Yes! We offer free shipping Australia-wide on all orders. Most orders are dispatched within 24 hours, so you'll receive your cat quickly.""}]",[]
/pet/cat/toys,Cat Gyms & Toys,Cat Gyms & Toys | Premium Quality | The Equestrian,Shop premium cat gyms & toys including cat gyms & toys. Free shipping Australia-wide. Expert pet advice available. Find quality products for your pet.,"Expertly selected for quality and your cat's happiness. From playtime to care essentials, find everything your cat needs at The Equestrian.","<h2>Quality Cat Gyms & Toys</h2>
<p>Explore our carefully selected range of cat gyms & toys, designed to keep your cat happy and healthy. We stock only trusted brands known for quality and feline-friendly design. All products in stock and ready to ship Australia-wide.</p><h3>What Makes Great Cat Gyms & Toys?</h3>
<ul>
<li><strong>Stimulating Play:</strong> Interactive designs that engage your cat's natural hunting instincts</li>
<li><strong>Safe Materials:</strong> Non-toxic, cat-safe construction for peace of mind</li>
<li><strong>Variety of Options:</strong> Toys for different play preferences and activity levels</li>
<li><strong>Durable Quality:</strong> Built to withstand enthusiastic play and pouncing</li>
</ul>
",,/pet/cat,3,published,best-selling,"[{""question"":""What cat gyms & toys do you stock?"",""answer"":""We stock a comprehensive range of cat gyms & toys from leading pet brands. All products are carefully selected for quality, safety, and cat wellbeing. Browse our collection to find exactly what you need.""},{""question"":""Do you offer free shipping on cat gyms & toys?"",""answer"":""Yes! We offer free shipping Australia-wide on all orders. Most orders are dispatched within 24 hours, so you'll receive your cat gyms & toys quickly.""}]",[]
/pet/cat/accessories,Cat Accessories,Cat Accessories | Premium Quality | The Equestrian,Shop premium cat accessories including cat accessories. Free shipping Australia-wide. Expert pet advice available. Find quality products for your pet.,"Expertly selected for quality and your cat's happiness. From playtime to care essentials, find everything your cat needs at The Equestrian.","<h2>Quality Cat Accessories</h2>
<p>Explore our carefully selected range of cat accessories, designed to keep your cat happy and healthy. We stock only trusted brands known for quality and feline-friendly design. All products in stock and ready to ship Australia-wide.</p><h3>What Makes Great Cat Accessories?</h3>
<ul>
<li><strong>Premium Quality:</strong> Expertly selected products for your cat's comfort and happiness</li>
<li><strong>Trusted Brands:</strong> Products from manufacturers known for feline health and safety</li>
<li><strong>Cat-Friendly Design:</strong> Thoughtfully engineered for feline needs and behavior</li>
<li><strong>Great Value:</strong> Durable products that provide long-lasting use</li>
</ul>
",,/pet/cat,3,published,best-selling,"[{""question"":""What cat accessories do you stock?"",""answer"":""We stock a comprehensive range of cat accessories from leading pet brands. All products are carefully selected for quality, safety, and cat wellbeing. Browse our collection to find exactly what you need.""},{""question"":""Do you offer free shipping on cat accessories?"",""answer"":""Yes! We offer free shipping Australia-wide on all orders. Most orders are dispatched within 24 hours, so you'll receive your cat accessories quickly.""}]",[]
/pet/cat/food,Cat Food & Treats,Cat Food & Treats | Premium Quality | The Equestrian,Shop premium cat food & treats including cat food & treats. Free shipping Australia-wide. Expert pet advice available. Find quality products for your pet.,"Expertly selected for quality and your cat's happiness. From playtime to care essentials, find everything your cat needs at The Equestrian.","<h2>Quality Cat Food & Treats</h2>
<p>Explore our carefully selected range of cat food & treats, designed to keep your cat happy and healthy. We stock only trusted brands known for quality and feline-friendly design. All products in stock and ready to ship Australia-wide.</p><h3>What Makes Great Cat Food & Treats?</h3>
<ul>
<li><strong>Complete Nutrition:</strong> Balanced meals formulated for feline health</li>
<li><strong>Quality Proteins:</strong> Real meat and fish for obligate carnivores</li>
<li><strong>Life Stage Options:</strong> Appropriate nutrition for kittens, adults, and seniors</li>
<li><strong>Palatable Flavors:</strong> Delicious options even fussy cats will enjoy</li>
</ul>
",,/pet/cat,3,published,best-selling,"[{""question"":""What cat food & treats do you stock?"",""answer"":""We stock a comprehensive range of cat food & treats from leading pet brands. All products are carefully selected for quality, safety, and cat wellbeing. Browse our collection to find exactly what you need.""},{""question"":""Do you offer free shipping on cat food & treats?"",""answer"":""Yes! We offer free shipping Australia-wide on all orders. Most orders are dispatched within 24 hours, so you'll receive your cat food & treats quickly.""}]",[]
/pet/cat/litter,Cat Litter & Accessories,Cat Litter & Accessories | Premium Quality | The Equestrian,Shop premium cat litter & accessories including cat litter & accessories. Free shipping Australia-wide. Expert pet advice available. Find quality products for your pet.,"Expertly selected for quality and your cat's happiness. From playtime to care essentials, find everything your cat needs at The Equestrian.","<h2>Quality Cat Litter & Accessories</h2>
<p>Explore our carefully selected range of cat litter & accessories, designed to keep your cat happy and healthy. We stock only trusted brands known for quality and feline-friendly design. All products in stock and ready to ship Australia-wide.</p><h3>What Makes Great Cat Litter & Accessories?</h3>
<ul>
<li><strong>Odor Control:</strong> Advanced formulas that neutralize unpleasant smells</li>
<li><strong>Easy to Clean:</strong> Clumping or easy-scoop options for simple maintenance</li>
<li><strong>Low Dust:</strong> Healthier for both cats and owners</li>
<li><strong>Economical:</strong> Long-lasting products that provide great value</li>
</ul>
",,/pet/cat,3,published,best-selling,"[{""question"":""What cat litter & accessories do you stock?"",""answer"":""We stock a comprehensive range of cat litter & accessories from leading pet brands. All products are carefully selected for quality, safety, and cat wellbeing. Browse our collection to find exactly what you need.""},{""question"":""Do you offer free shipping on cat litter & accessories?"",""answer"":""Yes! We offer free shipping Australia-wide on all orders. Most orders are dispatched within 24 hours, so you'll receive your cat litter & accessories quickly.""}]",[]
/pet/cat/skin-care,Cat Potions & Lotions,Cat Potions & Lotions | Premium Quality | The Equestrian,Shop premium cat potions & lotions including cat potions & lotions. Free shipping Australia-wide. Expert pet advice available. Find quality products for your pet.,"Expertly selected for quality and your cat's happiness. From playtime to care essentials, find everything your cat needs at The Equestrian.","<h2>Quality Cat Potions & Lotions</h2>
<p>Explore our carefully selected range of cat potions & lotions, designed to keep your cat happy and healthy. We stock only trusted brands known for quality and feline-friendly design. All products in stock and ready to ship Australia-wide.</p><h3>What Makes Great Cat Potions & Lotions?</h3>
<ul>
<li><strong>Premium Quality:</strong> Expertly selected products for your cat's comfort and happiness</li>
<li><strong>Trusted Brands:</strong> Products from manufacturers known for feline health and safety</li>
<li><strong>Cat-Friendly Design:</strong> Thoughtfully engineered for feline needs and behavior</li>
<li><strong>Great Value:</strong> Durable products that provide long-lasting use</li>
</ul>
",,/pet/cat,3,published,best-selling,"[{""question"":""What cat potions & lotions do you stock?"",""answer"":""We stock a comprehensive range of cat potions & lotions from leading pet brands. All products are carefully selected for quality, safety, and cat wellbeing. Browse our collection to find exactly what you need.""},{""question"":""Do you offer free shipping on cat potions & lotions?"",""answer"":""Yes! We offer free shipping Australia-wide on all orders. Most orders are dispatched within 24 hours, so you'll receive your cat potions & lotions quickly.""}]",[]
/pet/bird,Bird Assorted,Bird Assorted | Buy Online | The Equestrian,"Shop premium bird assorted including bird assorted, bird toys, bird cages & furniture, bird food & treats. Free shipping Australia-wide. Expert pet advice av...","Expertly selected for quality and your bird's wellbeing. From toys to nutrition, find everything your bird needs at The Equestrian.","<h2>Quality Bird Assorted</h2>
<p>Browse our specialized collection of bird assorted, chosen for quality and bird wellbeing. From enrichment to nutrition, we stock trusted brands. All products in stock and ready to ship Australia-wide.</p><h3>What Makes Great Bird Assorted?</h3>
<ul>
<li><strong>Premium Quality:</strong> Expertly selected products for your bird's wellbeing</li>
<li><strong>Trusted Brands:</strong> Products from manufacturers known for avian care</li>
<li><strong>Bird-Safe Design:</strong> Thoughtfully chosen for feathered friends</li>
<li><strong>Great Value:</strong> Quality products at competitive prices</li>
</ul>
<h3>Shop by Category</h3>
<p>Browse our specialized categories including <a href=""/pet/bird/toys"">bird toys</a>, <a href=""/pet/bird/cages"">bird cages & furniture</a>, <a href=""/pet/bird/food"">bird food & treats</a>, <a href=""/pet/bird/care"">bird potions & lotions</a>. Each category features products from trusted pet brands.</p>
",,/pet,2,published,best-selling,"[{""question"":""What bird assorted do you stock?"",""answer"":""We stock a comprehensive range of bird assorted from leading pet brands. All products are carefully selected for quality, safety, and bird wellbeing. Browse our collection to find exactly what you need.""},{""question"":""Do you offer free shipping on bird assorted?"",""answer"":""Yes! We offer free shipping Australia-wide on all orders. Most orders are dispatched within 24 hours, so you'll receive your bird assorted quickly.""}]",[]
/pet/bird/toys,Bird Toys,Bird Toys | Premium Quality | The Equestrian,Shop premium bird toys including bird toys. Free shipping Australia-wide. Expert pet advice available. Find quality products for your pet.,"Expertly selected for quality and your bird's wellbeing. From toys to nutrition, find everything your bird needs at The Equestrian.","<h2>Quality Bird Toys</h2>
<p>Browse our specialized collection of bird toys, chosen for quality and bird wellbeing. From enrichment to nutrition, we stock trusted brands. All products in stock and ready to ship Australia-wide.</p><h3>What Makes Great Bird Toys?</h3>
<ul>
<li><strong>Mental Enrichment:</strong> Toys that challenge and stimulate your bird's intelligence</li>
<li><strong>Safe Materials:</strong> Non-toxic, bird-safe construction</li>
<li><strong>Variety:</strong> Options for foraging, chewing, and interactive play</li>
<li><strong>Durable Quality:</strong> Built to withstand beaks and claws</li>
</ul>
",,/pet/bird,3,published,best-selling,"[{""question"":""What bird toys do you stock?"",""answer"":""We stock a comprehensive range of bird toys from leading pet brands. All products are carefully selected for quality, safety, and bird wellbeing. Browse our collection to find exactly what you need.""},{""question"":""Do you offer free shipping on bird toys?"",""answer"":""Yes! We offer free shipping Australia-wide on all orders. Most orders are dispatched within 24 hours, so you'll receive your bird toys quickly.""}]",[]
/pet/bird/cages,Bird Cages & Furniture,Bird Cages & Furniture | Premium Quality | The Equestrian,Shop premium bird cages & furniture including bird cages & furniture. Free shipping Australia-wide. Expert pet advice available. Find quality products for your pet.,"Expertly selected for quality and your bird's wellbeing. From toys to nutrition, find everything your bird needs at The Equestrian.","<h2>Quality Bird Cages & Furniture</h2>
<p>Browse our specialized collection of bird cages & furniture, chosen for quality and bird wellbeing. From enrichment to nutrition, we stock trusted brands. All products in stock and ready to ship Australia-wide.</p><h3>What Makes Great Bird Cages & Furniture?</h3>
<ul>
<li><strong>Spacious Design:</strong> Adequate room for movement and wing stretching</li>
<li><strong>Safe Construction:</strong> Appropriate bar spacing and non-toxic materials</li>
<li><strong>Easy Maintenance:</strong> Removable trays and accessible cleaning</li>
<li><strong>Quality Build:</strong> Sturdy construction for long-lasting use</li>
</ul>
",,/pet/bird,3,published,best-selling,"[{""question"":""What bird cages & furniture do you stock?"",""answer"":""We stock a comprehensive range of bird cages & furniture from leading pet brands. All products are carefully selected for quality, safety, and bird wellbeing. Browse our collection to find exactly what you need.""},{""question"":""Do you offer free shipping on bird cages & furniture?"",""answer"":""Yes! We offer free shipping Australia-wide on all orders. Most orders are dispatched within 24 hours, so you'll receive your bird cages & furniture quickly.""}]",[]
/pet/bird/food,Bird Food & Treats,Bird Food & Treats | Premium Quality | The Equestrian,Shop premium bird food & treats including bird food & treats. Free shipping Australia-wide. Expert pet advice available. Find quality products for your pet.,"Expertly selected for quality and your bird's wellbeing. From toys to nutrition, find everything your bird needs at The Equestrian.","<h2>Quality Bird Food & Treats</h2>
<p>Browse our specialized collection of bird food & treats, chosen for quality and bird wellbeing. From enrichment to nutrition, we stock trusted brands. All products in stock and ready to ship Australia-wide.</p><h3>What Makes Great Bird Food & Treats?</h3>
<ul>
<li><strong>Nutritionally Complete:</strong> Balanced nutrition for avian health</li>
<li><strong>Species-Specific:</strong> Formulas appropriate for different bird types</li>
<li><strong>Fresh Quality:</strong> Premium seeds, pellets, and supplements</li>
<li><strong>Variety:</strong> Multiple options to keep your bird interested</li>
</ul>
",,/pet/bird,3,published,best-selling,"[{""question"":""What bird food & treats do you stock?"",""answer"":""We stock a comprehensive range of bird food & treats from leading pet brands. All products are carefully selected for quality, safety, and bird wellbeing. Browse our collection to find exactly what you need.""},{""question"":""Do you offer free shipping on bird food & treats?"",""answer"":""Yes! We offer free shipping Australia-wide on all orders. Most orders are dispatched within 24 hours, so you'll receive your bird food & treats quickly.""}]",[]
/pet/bird/care,Bird Potions & Lotions,Bird Potions & Lotions | Premium Quality | The Equestrian,Shop premium bird potions & lotions including bird potions & lotions. Free shipping Australia-wide. Expert pet advice available. Find quality products for your pet.,"Expertly selected for quality and your bird's wellbeing. From toys to nutrition, find everything your bird needs at The Equestrian.","<h2>Quality Bird Potions & Lotions</h2>
<p>Browse our specialized collection of bird potions & lotions, chosen for quality and bird wellbeing. From enrichment to nutrition, we stock trusted brands. All products in stock and ready to ship Australia-wide.</p><h3>What Makes Great Bird Potions & Lotions?</h3>
<ul>
<li><strong>Premium Quality:</strong> Expertly selected products for your bird's wellbeing</li>
<li><strong>Trusted Brands:</strong> Products from manufacturers known for avian care</li>
<li><strong>Bird-Safe Design:</strong> Thoughtfully chosen for feathered friends</li>
<li><strong>Great Value:</strong> Quality products at competitive prices</li>
</ul>
",,/pet/bird,3,published,best-selling,"[{""question"":""What bird potions & lotions do you stock?"",""answer"":""We stock a comprehensive range of bird potions & lotions from leading pet brands. All products are carefully selected for quality, safety, and bird wellbeing. Browse our collection to find exactly what you need.""},{""question"":""Do you offer free shipping on bird potions & lotions?"",""answer"":""Yes! We offer free shipping Australia-wide on all orders. Most orders are dispatched within 24 hours, so you'll receive your bird potions & lotions quickly.""}]",[]
/pet/small-animal,Small Animal,Small Animal | Buy Online | The Equestrian,Shop premium small animal including small animal. Free shipping Australia-wide. Expert pet advice available. Find quality products for your pet.,Expertly selected for quality and your pet's wellbeing. Find exactly what your pet needs at The Equestrian.,"<h2>Quality Small Animal</h2>
<p>Discover our comprehensive pet collection, carefully curated for quality and pet wellbeing. We stock only trusted brands. All products in stock and ready to ship Australia-wide.</p><h3>What Makes Great Small Animal?</h3>
<ul>
<li><strong>Premium Quality:</strong> Expertly selected products for your pet's comfort and happiness</li>
<li><strong>Trusted Brands:</strong> Products from manufacturers known for pet safety and quality</li>
<li><strong>Practical Design:</strong> Thoughtfully engineered for pets and their owners</li>
<li><strong>Great Value:</strong> Durable products that provide long-lasting use</li>
</ul>
",,/pet,2,published,best-selling,"[{""question"":""What small animal do you stock?"",""answer"":""We stock a comprehensive range of small animal from leading pet brands. All products are carefully selected for quality, safety, and pet wellbeing. Browse our collection to find exactly what you need.""},{""question"":""Do you offer free shipping on small animal?"",""answer"":""Yes! We offer free shipping Australia-wide on all orders. Most orders are dispatched within 24 hours, so you'll receive your small animal quickly.""}]",[]
/pet/poultry,Poultry,Poultry | Buy Online | The Equestrian,Shop premium poultry including poultry. Free shipping Australia-wide. Expert pet advice available. Find quality products for your pet.,Expertly selected for quality and your pet's wellbeing. Find exactly what your pet needs at The Equestrian.,"<h2>Quality Poultry</h2>
<p>Discover our comprehensive pet collection, carefully curated for quality and pet wellbeing. We stock only trusted brands. All products in stock and ready to ship Australia-wide.</p><h3>What Makes Great Poultry?</h3>
<ul>
<li><strong>Premium Quality:</strong> Expertly selected products for your pet's comfort and happiness</li>
<li><strong>Trusted Brands:</strong> Products from manufacturers known for pet safety and quality</li>
<li><strong>Practical Design:</strong> Thoughtfully engineered for pets and their owners</li>
<li><strong>Great Value:</strong> Durable products that provide long-lasting use</li>
</ul>
",,/pet,2,published,best-selling,"[{""question"":""What poultry do you stock?"",""answer"":""We stock a comprehensive range of poultry from leading pet brands. All products are carefully selected for quality, safety, and pet wellbeing. Browse our collection to find exactly what you need.""},{""question"":""Do you offer free shipping on poultry?"",""answer"":""Yes! We offer free shipping Australia-wide on all orders. Most orders are dispatched within 24 hours, so you'll receive your poultry quickly.""}]",[]
/pet/supplements,Pet Supplements,Pet Supplements | Buy Online | The Equestrian,"Shop premium pet supplements including pet supplements, probiotics. Free shipping Australia-wide. Expert pet advice available. Find quality products for your pet.",Expertly selected for quality and your pet's wellbeing. Find exactly what your pet needs at The Equestrian.,"<h2>Quality Pet Supplements</h2>
<p>Discover our comprehensive pet collection, carefully curated for quality and pet wellbeing. We stock only trusted brands. All products in stock and ready to ship Australia-wide.</p><h3>What Makes Great Pet Supplements?</h3>
<ul>
<li><strong>Premium Quality:</strong> Expertly selected products for your pet's comfort and happiness</li>
<li><strong>Trusted Brands:</strong> Products from manufacturers known for pet safety and quality</li>
<li><strong>Practical Design:</strong> Thoughtfully engineered for pets and their owners</li>
<li><strong>Great Value:</strong> Durable products that provide long-lasting use</li>
</ul>
<h3>Shop by Category</h3>
<p>Browse our specialized categories including <a href=""/pet/supplements/probiotics"">probiotics</a>. Each category features products from trusted pet brands.</p>
",,/pet,2,published,best-selling,"[{""question"":""What pet supplements do you stock?"",""answer"":""We stock a comprehensive range of pet supplements from leading pet brands. All products are carefully selected for quality, safety, and pet wellbeing. Browse our collection to find exactly what you need.""},{""question"":""Do you offer free shipping on pet supplements?"",""answer"":""Yes! We offer free shipping Australia-wide on all orders. Most orders are dispatched within 24 hours, so you'll receive your pet supplements quickly.""}]",[]
/pet/supplements/probiotics,probiotics,probiotics | Premium Quality | The Equestrian,Shop premium probiotics including probiotics. Free shipping Australia-wide. Expert pet advice available. Find quality products for your pet.,Expertly selected for quality and your pet's wellbeing. Find exactly what your pet needs at The Equestrian.,"<h2>Quality probiotics</h2>
<p>Discover our comprehensive pet collection, carefully curated for quality and pet wellbeing. We stock only trusted brands. All products in stock and ready to ship Australia-wide.</p><h3>What Makes Great probiotics?</h3>
<ul>
<li><strong>Premium Quality:</strong> Expertly selected products for your pet's comfort and happiness</li>
<li><strong>Trusted Brands:</strong> Products from manufacturers known for pet safety and quality</li>
<li><strong>Practical Design:</strong> Thoughtfully engineered for pets and their owners</li>
<li><strong>Great Value:</strong> Durable products that provide long-lasting use</li>
</ul>
",,/pet/supplements,3,published,best-selling,"[{""question"":""What probiotics do you stock?"",""answer"":""We stock a comprehensive range of probiotics from leading pet brands. All products are carefully selected for quality, safety, and pet wellbeing. Browse our collection to find exactly what you need.""},{""question"":""Do you offer free shipping on probiotics?"",""answer"":""Yes! We offer free shipping Australia-wide on all orders. Most orders are dispatched within 24 hours, so you'll receive your probiotics quickly.""}]",[]
/pet/pony,Shetland Pony,Shetland Pony | Buy Online | The Equestrian,Shop premium shetland pony including shetland pony. Free shipping Australia-wide. Expert pet advice available. Find quality products for your pet.,Expertly selected for quality and your pet's wellbeing. Find exactly what your pet needs at The Equestrian.,"<h2>Quality Shetland Pony</h2>
<p>Discover our comprehensive pet collection, carefully curated for quality and pet wellbeing. We stock only trusted brands. All products in stock and ready to ship Australia-wide.</p><h3>What Makes Great Shetland Pony?</h3>
<ul>
<li><strong>Premium Quality:</strong> Expertly selected products for your pet's comfort and happiness</li>
<li><strong>Trusted Brands:</strong> Products from manufacturers known for pet safety and quality</li>
<li><strong>Practical Design:</strong> Thoughtfully engineered for pets and their owners</li>
<li><strong>Great Value:</strong> Durable products that provide long-lasting use</li>
</ul>
",,/pet,2,published,best-selling,"[{""question"":""What shetland pony do you stock?"",""answer"":""We stock a comprehensive range of shetland pony from leading pet brands. All products are carefully selected for quality, safety, and pet wellbeing. Browse our collection to find exactly what you need.""},{""question"":""Do you offer free shipping on shetland pony?"",""answer"":""Yes! We offer free shipping Australia-wide on all orders. Most orders are dispatched within 24 hours, so you'll receive your shetland pony quickly.""}]",[]
/accessories/collectibles,The Trail of Painted Ponies,The Trail of Painted Ponies | Buy Online | The Equestrian,Shop premium the trail of painted ponies from top brands. Free shipping Australia-wide. Expert advice available. Find the perfect gear for your needs.,"Expertly selected for quality, durability, and performance. Whether you're competing or riding for leisure, find exactly what you need at The Equestrian.","<h2>Premium The Trail of Painted Ponies</h2>
<p>Discover our comprehensive collection, carefully curated to meet the demands of equestrians at every level. From competition-ready gear to everyday essentials, we stock only the finest brands known for quality, durability, and performance. Each product has been expertly selected by our team of experienced professionals who understand what truly matters.</p><h3>What Makes Great The Trail of Painted Ponies?</h3><ul><li><strong>Quality Materials:</strong> Durable construction that stands up to daily use</li><li><strong>Thoughtful Design:</strong> Features that make a real difference in performance</li><li><strong>Expert Selection:</strong> Carefully chosen products from trusted manufacturers</li><li><strong>Great Value:</strong> Competitive pricing without compromising on quality</li></ul><h3>Shop by Type</h3><p>Browse our specialized categories including <a href=""/accessories/collectibles/resin"">resin</a>. Each category features products from world-leading brands trusted by professional enthusiasts.</p>",,/accessories,2,published,best-selling,"[{""question"":""How do I choose the right the trail of painted ponies?"",""answer"":""Consider your specific needs, budget, and intended use. Read product descriptions carefully and check sizing information. Our customer reviews provide valuable insights from real users. If you're unsure, our expert team is always happy to provide personalized recommendations.""},{""question"":""Do you offer free shipping on the trail of painted ponies?"",""answer"":""Yes! We offer free shipping on all orders within Australia. Orders are typically processed within 1-2 business days. For urgent needs, express shipping options are available at checkout.""}]",[]
/accessories/collectibles/resin,Resin,Resin | Premium Quality | The Equestrian,Shop premium resin including resins. Free shipping Australia-wide. Expert advice available. Find the perfect gear for your needs.,"Expertly selected for quality, durability, and performance. Whether you're competing or riding for leisure, find exactly what you need at The Equestrian.","<h2>Premium Resin</h2>
<p>Browse our specialized collection. All products in stock and ready to ship. Most orders dispatched within 24 hours Australia-wide.</p><h3>What Makes Great Resin?</h3>
<ul>
<li><strong>Premium Quality:</strong> Expertly crafted from the finest materials for lasting performance</li>
<li><strong>Functional Design:</strong> Thoughtfully engineered to meet the specific needs of horses and riders</li>
<li><strong>Trusted Brands:</strong> Products from manufacturers with proven track records</li>
<li><strong>Australian Ready:</strong> Suitable for our unique climate and conditions</li>
</ul>
",,/accessories/collectibles,3,published,best-selling,"[{""question"":""What resin do you stock?"",""answer"":""We stock a comprehensive range of resin from leading brands. All products are carefully selected for quality, durability, and performance. Browse our collection to find exactly what you need.""},{""question"":""Do you offer free shipping on resin?"",""answer"":""Yes! We offer free shipping Australia-wide on all orders. Most orders are dispatched within 24 hours, so you'll receive your resin quickly.""}]",[]
/accessories/brands/horseware,Horseware,Horseware | Premium Quality | The Equestrian,Shop premium horseware including horsewares. Free shipping Australia-wide. Expert advice available. Find the perfect gear for your needs.,"Expertly selected for quality, durability, and performance. Whether you're competing or riding for leisure, find exactly what you need at The Equestrian.","<h2>Premium Horseware</h2>
<p>Browse our specialized collection. All products in stock and ready to ship. Most orders dispatched within 24 hours Australia-wide.</p><h3>What Makes Great Horseware?</h3>
<ul>
<li><strong>Premium Quality:</strong> Expertly crafted from the finest materials for lasting performance</li>
<li><strong>Functional Design:</strong> Thoughtfully engineered to meet the specific needs of horses and riders</li>
<li><strong>Trusted Brands:</strong> Products from manufacturers with proven track records</li>
<li><strong>Australian Ready:</strong> Suitable for our unique climate and conditions</li>
</ul>
",,/accessories/brands,3,published,best-selling,"[{""question"":""What horseware do you stock?"",""answer"":""We stock a comprehensive range of horseware from leading brands. All products are carefully selected for quality, durability, and performance. Browse our collection to find exactly what you need.""},{""question"":""Do you offer free shipping on horseware?"",""answer"":""Yes! We offer free shipping Australia-wide on all orders. Most orders are dispatched within 24 hours, so you'll receive your horseware quickly.""}]",[]
/accessories/books,Books & Magazines,Books & Magazines | Buy Online | The Equestrian,Shop premium books & magazines from top brands. Free shipping Australia-wide. Expert advice available. Find the perfect gear for your needs.,"Expertly selected for quality, durability, and performance. Whether you're competing or riding for leisure, find exactly what you need at The Equestrian.","<h2>Premium Books & Magazines</h2>
<p>Discover our comprehensive collection, carefully curated to meet the demands of equestrians at every level. From competition-ready gear to everyday essentials, we stock only the finest brands known for quality, durability, and performance. Each product has been expertly selected by our team of experienced professionals who understand what truly matters.</p><h3>What Makes Great Books & Magazines?</h3><ul><li><strong>Quality Materials:</strong> Durable construction that stands up to daily use</li><li><strong>Thoughtful Design:</strong> Features that make a real difference in performance</li><li><strong>Expert Selection:</strong> Carefully chosen products from trusted manufacturers</li><li><strong>Great Value:</strong> Competitive pricing without compromising on quality</li></ul><h3>Shop by Type</h3><p>Browse our specialized categories including <a href=""/accessories/books/bookmarks"">bookmarks</a>. Each category features products from world-leading brands trusted by professional enthusiasts.</p>",,/accessories,2,published,best-selling,"[{""question"":""How do I choose the right books & magazines?"",""answer"":""Consider your specific needs, budget, and intended use. Read product descriptions carefully and check sizing information. Our customer reviews provide valuable insights from real users. If you're unsure, our expert team is always happy to provide personalized recommendations.""},{""question"":""Do you offer free shipping on books & magazines?"",""answer"":""Yes! We offer free shipping on all orders within Australia. Orders are typically processed within 1-2 business days. For urgent needs, express shipping options are available at checkout.""}]",[]
/accessories/books/bookmarks,Bookmarks,Bookmarks | Premium Quality | The Equestrian,Shop premium bookmarks including bookmarks. Free shipping Australia-wide. Expert advice available. Find the perfect gear for your needs.,"Expertly selected for quality, durability, and performance. Whether you're competing or riding for leisure, find exactly what you need at The Equestrian.","<h2>Premium Bookmarks</h2>
<p>Browse our specialized collection. All products in stock and ready to ship. Most orders dispatched within 24 hours Australia-wide.</p><h3>What Makes Great Bookmarks?</h3>
<ul>
<li><strong>Premium Quality:</strong> Expertly crafted from the finest materials for lasting performance</li>
<li><strong>Functional Design:</strong> Thoughtfully engineered to meet the specific needs of horses and riders</li>
<li><strong>Trusted Brands:</strong> Products from manufacturers with proven track records</li>
<li><strong>Australian Ready:</strong> Suitable for our unique climate and conditions</li>
</ul>
",,/accessories/books,3,published,best-selling,"[{""question"":""What bookmarks do you stock?"",""answer"":""We stock a comprehensive range of bookmarks from leading brands. All products are carefully selected for quality, durability, and performance. Browse our collection to find exactly what you need.""},{""question"":""Do you offer free shipping on bookmarks?"",""answer"":""Yes! We offer free shipping Australia-wide on all orders. Most orders are dispatched within 24 hours, so you'll receive your bookmarks quickly.""}]",[]
/accessories/gifts,Gift Set,Gift Set | Buy Online | The Equestrian,"Shop premium gift set including gift sets, gifts. Free shipping Australia-wide. Expert advice available. Find the perfect gear for your needs.","Expertly selected for quality, durability, and performance. Whether you're competing or riding for leisure, find exactly what you need at The Equestrian.","<h2>Premium Gift Set</h2>
<p>Browse our specialized collection. All products in stock and ready to ship. Most orders dispatched within 24 hours Australia-wide.</p><h3>What Makes Great Gift Set?</h3>
<ul>
<li><strong>Premium Quality:</strong> Expertly crafted from the finest materials for lasting performance</li>
<li><strong>Functional Design:</strong> Thoughtfully engineered to meet the specific needs of horses and riders</li>
<li><strong>Trusted Brands:</strong> Products from manufacturers with proven track records</li>
<li><strong>Australian Ready:</strong> Suitable for our unique climate and conditions</li>
</ul>
",,/accessories,2,published,best-selling,"[{""question"":""What gift set do you stock?"",""answer"":""We stock a comprehensive range of gift set from leading brands. All products are carefully selected for quality, durability, and performance. Browse our collection to find exactly what you need.""},{""question"":""Do you offer free shipping on gift set?"",""answer"":""Yes! We offer free shipping Australia-wide on all orders. Most orders are dispatched within 24 hours, so you'll receive your gift set quickly.""}]",[]
/accessories/gift-cards,Gift Card,Gift Card | Buy Online | The Equestrian,"Shop premium gift card including gift cards, gift certificates. Free shipping Australia-wide. Expert advice available. Find the perfect gear for your needs.","Expertly selected for quality, durability, and performance. Whether you're competing or riding for leisure, find exactly what you need at The Equestrian.","<h2>Premium Gift Card</h2>
<p>Browse our specialized collection. All products in stock and ready to ship. Most orders dispatched within 24 hours Australia-wide.</p><h3>What Makes Great Gift Card?</h3>
<ul>
<li><strong>Premium Quality:</strong> Expertly crafted from the finest materials for lasting performance</li>
<li><strong>Functional Design:</strong> Thoughtfully engineered to meet the specific needs of horses and riders</li>
<li><strong>Trusted Brands:</strong> Products from manufacturers with proven track records</li>
<li><strong>Australian Ready:</strong> Suitable for our unique climate and conditions</li>
</ul>
",,/accessories,2,published,best-selling,"[{""question"":""What gift card do you stock?"",""answer"":""We stock a comprehensive range of gift card from leading brands. All products are carefully selected for quality, durability, and performance. Browse our collection to find exactly what you need.""},{""question"":""Do you offer free shipping on gift card?"",""answer"":""Yes! We offer free shipping Australia-wide on all orders. Most orders are dispatched within 24 hours, so you'll receive your gift card quickly.""}]",[]
/accessories/tools,Knife,Knife | Buy Online | The Equestrian,Shop premium knife including knifes. Free shipping Australia-wide. Expert advice available. Find the perfect gear for your needs.,"Expertly selected for quality, durability, and performance. Whether you're competing or riding for leisure, find exactly what you need at The Equestrian.","<h2>Premium Knife</h2>
<p>Browse our specialized collection. All products in stock and ready to ship. Most orders dispatched within 24 hours Australia-wide.</p><h3>What Makes Great Knife?</h3>
<ul>
<li><strong>Premium Quality:</strong> Expertly crafted from the finest materials for lasting performance</li>
<li><strong>Functional Design:</strong> Thoughtfully engineered to meet the specific needs of horses and riders</li>
<li><strong>Trusted Brands:</strong> Products from manufacturers with proven track records</li>
<li><strong>Australian Ready:</strong> Suitable for our unique climate and conditions</li>
</ul>
",,/accessories,2,published,best-selling,"[{""question"":""What knife do you stock?"",""answer"":""We stock a comprehensive range of knife from leading brands. All products are carefully selected for quality, durability, and performance. Browse our collection to find exactly what you need.""},{""question"":""Do you offer free shipping on knife?"",""answer"":""Yes! We offer free shipping Australia-wide on all orders. Most orders are dispatched within 24 hours, so you'll receive your knife quickly.""}]",[]
