url_path,h1_title,meta_title,meta_description,short_description,long_description,breadcrumb_label,parent_url,category_level,status,default_sort,faq_json,related_categories_json
/horse,Horse,Horse | The Equestrian,"Shop premium horse including saddles, rugs, boots and tack. Free shipping Australia-wide. Expert advice available. Find the perfect gear for your needs.",Browse our extensive range of horse products.,"<p>- . equine care.</p><h3>What Makes Great Horse?</h3><ul><li>horses and riders</li><li>in equestrian sports</li><li><strong>Value:</strong> </li></ul><h3>Shop by Category</h3><p>Explore our specialized departments including <a href=""/horse/boots"">horse boots</a>, <a href=""/horse/bits"">bits</a>,<a href=""/horse/grooming"">grooming</a>, and <a href=""/horse/supplements"">supplements</a>, plus 11 more specialized categories. Each department is stocked with premium products from the world's leading brands.</p>",Horse,,1,published,best-selling,"[{""question"":""How do I choose the right horse?"",""answer"":""Consider your specific needs, budget, and intended use. Read product descriptions carefully and check sizing information. Our customer reviews provide valuable insights from real users. If you're unsure, our expert team is always happy to provide personalized recommendations.""},{""question"":""Do you offer free shipping on horse?"",""answer"":""Yes! We offer free shipping on all orders within Australia. Orders are typically processed within 1-2 business days. For urgent needs, express shipping options are available at checkout.""}]",[]
/rider,Rider,Rider | The Equestrian,"Shop premium rider including helmets, boots, gloves and safety vests. Free shipping Australia-wide. Expert advice available. Find the perfect gear for your...",Browse our extensive range of rider products.,"<p>- . riders.</p><h3>What Makes Great Rider?</h3><ul></ul><h3>Shop by Category</h3><p>Explore our specialized departments including <a href=""/rider/helmets"">helmets</a>, <a href=""/rider/giftware"">giftware</a>,<a href=""/rider/jewellery"">jewellery</a>, and <a href=""/rider/gloves"">gloves</a>, plus 7 more specialized categories. Each department is stocked with premium products from the world's leading brands.</p>",Rider,,1,published,best-selling,"[{""question"":""How do I choose the right rider?"",""answer"":""Consider your riding discipline, frequency, and personal preferences. Safety should always come first - look for certified products that meet current standards. Comfort is also crucial as you're more likely to use gear that feels good. Our team can help match you with the perfect rider for your needs.""},{""question"":""Are these products competition-approved?"",""answer"":""Most of our rider meet or exceed competition standards, but requirements vary by discipline and level. Check specific product descriptions for certification details, or contact us to confirm if an item is suitable for your competition needs.""}]","[{""url"":""/clothing/womens"",""title"":""Ladies' Riding Clothing"",""description"":""Complete your riding wardrobe""},{""url"":""/horse/tack"",""title"":""Horse Tack"",""description"":""Quality tack for horse and rider""}]"
/clothing,Clothing,Clothing | The Equestrian,"Shop premium clothing including breeches, jodhpurs, riding tops and jackets. Free shipping Australia-wide. Expert advice available. Find the perfect gear...",Browse our extensive range of clothing products.,"<p>- . the equestrian lifestyle.</p><h3>What Makes Great Clothing?</h3><ul></ul><h3>Australian Sizing & Climate</h3><p>All clothing sizes include Australian conversions for easy ordering. Our range is perfect for Australian conditions, with lightweight, breathable options for hot summers and thermal styles for cooler southern regions. Fast dispatch from our Australian warehouse with free shipping nationwide.</p>
<h3>Shop by Category</h3><p>Explore our specialized departments including <a href=""/clothing/womens"">clothing - ladies clothing</a>, <a href=""/clothing/mens"">clothing - men's clothing</a>,<a href=""/clothing/kids"">clothing - kid's clothing</a>, and <a href=""/clothing/accessories"">clothing - clothing accessories</a>, plus 5 more specialized categories. Each department is stocked with premium products from the world's leading brands.</p>",Clothing,,1,published,best-selling,"[{""question"":""What size should I order?"",""answer"":""We recommend consulting our detailed size guide for each brand, as sizing can vary between manufacturers. Most riders find their regular size works well, but competition wear may run smaller. When in doubt, size up for comfort, especially for items you'll wear over base layers.""},{""question"":""How do I care for technical riding clothing?"",""answer"":""Wash in cold water on a gentle cycle and hang to dry to preserve technical fabrics. Avoid fabric softeners as they can reduce moisture-wicking properties. For competition wear, follow specific care instructions on the label. Proper care ensures your investment lasts for years.""}]",[]
/pet,Pet,Pet | The Equestrian,"Shop premium pet including dog treats, cat toys, bird supplies and small animal bedding. Free shipping Australia-wide. Expert advice available. Find the...",Browse our extensive range of pet products.,"<p>-. pet owners.</p><h3>What Makes Great Pet?</h3><ul><li>Durable construction that stands up to daily use</li><li>Features that make a real difference in performance</li><li>Carefully chosen products from trusted manufacturers</li><li>Competitive pricing without compromising on quality</li></ul><h3>Australian Standards</h3><p>All pet products meet Australian safety and quality standards. Fast shipping Australia-wide with free delivery on all orders. Perfect for Australian pets and conditions.</p>
<h3>Shop by Category</h3><p>Explore our specialized departments including <a href=""/pet/dog"">dogs</a>, <a href=""/pet/cat"">cat</a>,<a href=""/pet/bird"">bird assorted</a>, and <a href=""/pet/small-animal"">small animal</a>, plus 3 more specialized categories. Each department is stocked with premium products from the world's leading brands.</p>",Pet,,1,published,best-selling,"[{""question"":""How do I choose the right pet?"",""answer"":""Consider your specific needs, budget, and intended use. Read product descriptions carefully and check sizing information. Our customer reviews provide valuable insights from real users. If you're unsure, our expert team is always happy to provide personalized recommendations.""},{""question"":""Do you offer free shipping on pet?"",""answer"":""Yes! We offer free shipping on all orders within Australia. Orders are typically processed within 1-2 business days. For urgent needs, express shipping options are available at checkout.""}]",[]
/accessories,Accessories,Accessories | The Equestrian,Shop premium accessories from top brands. Free shipping Australia-wide. Expert advice available. Find the perfect gear for your needs.,Browse our extensive range of accessories products.,"<p>-. the equestrian lifestyle.</p><h3>What Makes Great Accessories?</h3><ul><li>Durable construction that stands up to daily use</li><li>Features that make a real difference in performance</li><li>Carefully chosen products from trusted manufacturers</li><li>Competitive pricing without compromising on quality</li></ul><h3>Shop by Category</h3><p>Explore our specialized departments including <a href=""/accessories/collectibles"">the trail of painted ponies</a>, <a href=""/accessories/books"">books & magazines</a>,<a href=""/accessories/gifts"">gift set</a>, and <a href=""/accessories/gift-cards"">gift card</a>, plus 1 more specialized categories. Each department is stocked with premium products from the world's leading brands.</p>",Accessories,,1,published,best-selling,"[{""question"":""How do I choose the right accessories?"",""answer"":""Consider your specific needs, budget, and intended use. Read product descriptions carefully and check sizing information. Our customer reviews provide valuable insights from real users. If you're unsure, our expert team is always happy to provide personalized recommendations.""},{""question"":""Do you offer free shipping on accessories?"",""answer"":""Yes! We offer free shipping on all orders within Australia. Orders are typically processed within 1-2 business days. For urgent needs, express shipping options are available at checkout.""}]",[]
/clothing/womens,Womens & Ladies Clothing,Ladies Clothing | Buy Online | The Equestrian,"Shop premium womens & ladies clothing including ladies breeches, riding tights, competition shirts and show jackets. Free shipping Australia-wide. Expert...","clothing - ladies clothing. Expertly selected for quality, durability, and performance. Whether you're competing or riding for leisure, find exactly what you need at The Equestrian.","<h2>Premium Clothing - Ladies Clothing</h2>
<p>Shop premium womens & ladies clothing from leading brands including Pikeur, Cavallo, Horze, Equiline and Ariat. Each brand offers unique features and quality craftsmanship.</p><p>Discover our comprehensive collection of clothing - ladies clothing, carefully curated to meet the demands of equestrians at every level. From competition-ready gear to everyday essentials, we stock only the finest brands known for quality, durability, and performance. Each product has been expertly selected by our team of experienced professionals who understand what truly matters.</p><h3>What Makes Great Clothing - Ladies Clothing?</h3><ul></ul><h3>Shop by Type</h3><p>Browse our specialized categories including <a href=""/clothing/womens/breeches"">jodhpurs & breeches ladies</a>,<a href=""/clothing/womens/tights"">tights</a>, and <a href=""/clothing/womens/tops"">ladies shirt</a>. Each category features products from world-leading brands trusted by professional enthusiasts.</p>
<h3>Australian Sizing & Climate</h3><p>All clothing sizes include Australian conversions for easy ordering. Our range is perfect for Australian conditions, with lightweight, breathable options for hot summers and thermal styles for cooler southern regions. Fast dispatch from our Australian warehouse with free shipping nationwide.</p>",Ladies & Women,/clothing,2,published,best-selling,"[{""question"":""What size should I order?"",""answer"":""We recommend consulting our detailed size guide for each brand, as sizing can vary between manufacturers. Most riders find their regular size works well, but competition wear may run smaller. When in doubt, size up for comfort, especially for items you'll wear over base layers.""},{""question"":""How do I care for technical riding clothing?"",""answer"":""Wash in cold water on a gentle cycle and hang to dry to preserve technical fabrics. Avoid fabric softeners as they can reduce moisture-wicking properties. For competition wear, follow specific care instructions on the label. Proper care ensures your investment lasts for years.""}]","[{""url"":""/clothing/footwear"",""title"":""Riding Footwear"",""description"":""Complete your outfit with quality boots""},{""url"":""/rider/helmets"",""title"":""Riding Helmets"",""description"":""Safety first with certified helmets""}]"
/clothing/womens/breeches,Jodhpurs & Breeches Ladies,Jodhpurs & Breeches Ladies | Premium Quality | The Equestrian,"Shop premium jodhpurs & breeches ladies including ladies breeches, riding tights, competition shirts and show jackets. Free shipping Australia-wide. Expert...","jodhpurs & breeches ladies. Expertly selected for quality, durability, and performance. Whether you're competing or riding for leisure, find exactly what you need at The Equestrian.","<p>, . that .</p><h3>What Makes Great Jodhpurs & Breeches Ladies?</h3>
<p>Shop premium jodhpurs & breeches ladies from leading brands including Pikeur, Cavallo, Horze, Equiline and Ariat. Each brand offers unique features and quality craftsmanship.</p><ul>
<li><strong>Technical Fabrics:</strong> Four-way stretch with moisture-wicking properties. UPF 50+ sun protection for outdoor riding.</li>
<li><strong>Grip Options:</strong> Full-seat silicone or knee-patch styles available for secure positioning in the saddle.</li>
<li><strong>Sizing:</strong> European sizes 34-46 (AU 6-18). Detailed size charts available for each brand.</li>
<li><strong>Care:</strong> Machine washable cold water. Hang dry to maintain elasticity and grip.</li>
</ul>
<h3>Australian Sizing Guide</h3><p>European sizing converted to Australian standards. Most brands run true to size, with size charts showing AU equivalents (EU 34 = AU 6, EU 36 = AU 8, etc.). Perfect for Australian riding conditions with moisture-wicking fabrics for hot weather and thermal options for winter.</p>",,/clothing/womens,3,published,best-selling,"[{""question"":""What size should I order?"",""answer"":""We recommend consulting our detailed size guide for each brand, as sizing can vary between manufacturers. Most riders find their regular size works well, but competition wear may run smaller. When in doubt, size up for comfort, especially for items you'll wear over base layers.""},{""question"":""How do I care for technical riding clothing?"",""answer"":""Wash in cold water on a gentle cycle and hang to dry to preserve technical fabrics. Avoid fabric softeners as they can reduce moisture-wicking properties. For competition wear, follow specific care instructions on the label. Proper care ensures your investment lasts for years.""}]","[{""url"":""/clothing/footwear"",""title"":""Riding Footwear"",""description"":""Complete your outfit with quality boots""},{""url"":""/rider/helmets"",""title"":""Riding Helmets"",""description"":""Safety first with certified helmets""}]"
/clothing/womens/tights,Tights,Tights | Premium Quality | The Equestrian,"Shop premium tights including ladies breeches, riding tights, competition shirts and show jackets. Free shipping Australia-wide. Expert advice available.","tights. Expertly selected for quality, durability, and performance. Whether you're competing or riding for leisure, find exactly what you need at The Equestrian.","<p>, . that .</p><h3>What Makes Great Tights?</h3>
<p>Shop premium tights from leading brands including Horze, Ariat, Cavallo and Pikeur. Each brand offers unique features and quality craftsmanship.</p><ul>
<li><strong>Compression Fit:</strong> Supportive four-way stretch fabric that moves with you.</li>
<li><strong>Grip Technology:</strong> Silicone full-seat or knee patches for stability.</li>
<li><strong>Breathable:</strong> Moisture-wicking materials keep you cool and dry.</li>
<li><strong>Versatile:</strong> Perfect for riding, training, or casual wear.</li>
</ul>
<h3>Australian Sizing Guide</h3><p>European sizing converted to Australian standards. Most brands run true to size, with size charts showing AU equivalents (EU 34 = AU 6, EU 36 = AU 8, etc.). Perfect for Australian riding conditions with moisture-wicking fabrics for hot weather and thermal options for winter.</p>",,/clothing/womens,3,published,best-selling,"[{""question"":""What size should I order?"",""answer"":""We recommend consulting our detailed size guide for each brand, as sizing can vary between manufacturers. Most riders find their regular size works well, but competition wear may run smaller. When in doubt, size up for comfort, especially for items you'll wear over base layers.""},{""question"":""How do I care for technical riding clothing?"",""answer"":""Wash in cold water on a gentle cycle and hang to dry to preserve technical fabrics. Avoid fabric softeners as they can reduce moisture-wicking properties. For competition wear, follow specific care instructions on the label. Proper care ensures your investment lasts for years.""}]","[{""url"":""/clothing/footwear"",""title"":""Riding Footwear"",""description"":""Complete your outfit with quality boots""},{""url"":""/rider/helmets"",""title"":""Riding Helmets"",""description"":""Safety first with certified helmets""}]"
/clothing/womens/tops,Ladies Shirt,Ladies Shirt | Premium Quality | The Equestrian,"Shop premium ladies shirt including ladies breeches, riding tights, competition shirts and show jackets. Free shipping Australia-wide. Expert advice available.","ladies shirt. Expertly selected for quality, durability, and performance. Whether you're competing or riding for leisure, find exactly what you need at The Equestrian.","<p>, . that .</p><h3>What Makes Great Ladies Shirt?</h3>
<p>Shop premium ladies shirt from leading brands including Pikeur, Cavallo, Ariat and Horze. Each brand offers unique features and quality craftsmanship.</p><ul></ul>
<h3>Australian Sizing & Climate</h3><p>All clothing sizes include Australian conversions for easy ordering. Our range is perfect for Australian conditions, with lightweight, breathable options for hot summers and thermal styles for cooler southern regions. Fast dispatch from our Australian warehouse with free shipping nationwide.</p>",,/clothing/womens,3,published,best-selling,"[{""question"":""What size should I order?"",""answer"":""We recommend consulting our detailed size guide for each brand, as sizing can vary between manufacturers. Most riders find their regular size works well, but competition wear may run smaller. When in doubt, size up for comfort, especially for items you'll wear over base layers.""},{""question"":""How do I care for technical riding clothing?"",""answer"":""Wash in cold water on a gentle cycle and hang to dry to preserve technical fabrics. Avoid fabric softeners as they can reduce moisture-wicking properties. For competition wear, follow specific care instructions on the label. Proper care ensures your investment lasts for years.""}]","[{""url"":""/clothing/footwear"",""title"":""Riding Footwear"",""description"":""Complete your outfit with quality boots""},{""url"":""/rider/helmets"",""title"":""Riding Helmets"",""description"":""Safety first with certified helmets""}]"
/clothing/womens/casual,Casual Clothing Ladies,Casual Clothing Ladies | Premium Quality | The Equestrian,"Shop premium casual clothing ladies including ladies breeches, riding tights, competition shirts and show jackets. Free shipping Australia-wide. Expert...","casual clothing ladies. Expertly selected for quality, durability, and performance. Whether you're competing or riding for leisure, find exactly what you need at The Equestrian.","<p>,. that.</p><h3>What Makes Great Casual Clothing Ladies?</h3>
<p>Shop premium casual clothing ladies from leading brands including Pikeur, Cavallo, Horze, Equiline and Ariat. Each brand offers unique features and quality craftsmanship.</p><ul></ul>
<h3>Australian Sizing & Climate</h3><p>All clothing sizes include Australian conversions for easy ordering. Our range is perfect for Australian conditions, with lightweight, breathable options for hot summers and thermal styles for cooler southern regions. Fast dispatch from our Australian warehouse with free shipping nationwide.</p>",,/clothing/womens,3,published,best-selling,"[{""question"":""What size should I order?"",""answer"":""We recommend consulting our detailed size guide for each brand, as sizing can vary between manufacturers. Most riders find their regular size works well, but competition wear may run smaller. When in doubt, size up for comfort, especially for items you'll wear over base layers.""},{""question"":""How do I care for technical riding clothing?"",""answer"":""For competition wear, follow specific care instructions on the label. Proper care ensures your investment lasts for years.""}]","[{""url"":""/clothing/footwear"",""title"":""Riding Footwear"",""description"":""Complete your outfit with quality boots""},{""url"":""/rider/helmets"",""title"":""Riding Helmets"",""description"":""Safety first with certified helmets""}]"
/clothing/womens/jeans,Womens Jeans,Womens Jeans | Premium Quality | The Equestrian,"Shop premium womens jeans including ladies breeches, riding tights, competition shirts and show jackets. Free shipping Australia-wide. Expert advice available.","womens jeans. Expertly selected for quality, durability, and performance. Whether you're competing or riding for leisure, find exactly what you need at The Equestrian.","<p>, . that .</p><h3>What Makes Great Womens Jeans?</h3>
<p>Shop premium womens jeans from leading brands including Pikeur, Cavallo, Horze, Equiline and Ariat. Each brand offers unique features and quality craftsmanship.</p><ul></ul>
<h3>Australian Sizing & Climate</h3><p>All clothing sizes include Australian conversions for easy ordering. Our range is perfect for Australian conditions, with lightweight, breathable options for hot summers and thermal styles for cooler southern regions. Fast dispatch from our Australian warehouse with free shipping nationwide.</p>",,/clothing/womens,3,published,best-selling,"[{""question"":""What size should I order?"",""answer"":""We recommend consulting our detailed size guide for each brand, as sizing can vary between manufacturers. Most riders find their regular size works well, but competition wear may run smaller. When in doubt, size up for comfort, especially for items you'll wear over base layers.""},{""question"":""How do I care for technical riding clothing?"",""answer"":""Wash in cold water on a gentle cycle and hang to dry to preserve technical fabrics. Avoid fabric softeners as they can reduce moisture-wicking properties. For competition wear, follow specific care instructions on the label. Proper care ensures your investment lasts for years.""}]","[{""url"":""/clothing/footwear"",""title"":""Riding Footwear"",""description"":""Complete your outfit with quality boots""},{""url"":""/rider/helmets"",""title"":""Riding Helmets"",""description"":""Safety first with certified helmets""}]"
/clothing/womens/leggings,Leggings,Leggings | Premium Quality | The Equestrian,"Shop premium leggings including ladies breeches, riding tights, competition shirts and show jackets. Free shipping Australia-wide. Expert advice available.","leggings. Expertly selected for quality, durability, and performance. Whether you're competing or riding for leisure, find exactly what you need at The Equestrian.","<p>, . that .</p><h3>What Makes Great Leggings?</h3>
<p>Shop premium leggings from leading brands including Pikeur, Cavallo, Horze, Equiline and Ariat. Each brand offers unique features and quality craftsmanship.</p><ul></ul>
<h3>Australian Sizing & Climate</h3><p>All clothing sizes include Australian conversions for easy ordering. Our range is perfect for Australian conditions, with lightweight, breathable options for hot summers and thermal styles for cooler southern regions. Fast dispatch from our Australian warehouse with free shipping nationwide.</p>",,/clothing/womens,3,published,best-selling,"[{""question"":""What size should I order?"",""answer"":""We recommend consulting our detailed size guide for each brand, as sizing can vary between manufacturers. Most riders find their regular size works well, but competition wear may run smaller. When in doubt, size up for comfort, especially for items you'll wear over base layers.""},{""question"":""How do I care for technical riding clothing?"",""answer"":""Wash in cold water on a gentle cycle and hang to dry to preserve technical fabrics. Avoid fabric softeners as they can reduce moisture-wicking properties. For competition wear, follow specific care instructions on the label. Proper care ensures your investment lasts for years.""}]","[{""url"":""/clothing/footwear"",""title"":""Riding Footwear"",""description"":""Complete your outfit with quality boots""},{""url"":""/rider/helmets"",""title"":""Riding Helmets"",""description"":""Safety first with certified helmets""}]"
/clothing/womens/jackets,ladies jacket,ladies jacket | Premium Quality | The Equestrian,"Shop premium ladies jacket including ladies breeches, riding tights, competition shirts and show jackets. Free shipping Australia-wide. Expert advice available.","ladies jacket. Expertly selected for quality, durability, and performance. Whether you're competing or riding for leisure, find exactly what you need at The Equestrian.","<p>, . that .</p><h3>What Makes Great ladies jacket?</h3>
<p>Shop premium ladies jacket from leading brands including Pikeur, Cavallo, Ariat and Horze. Each brand offers unique features and quality craftsmanship.</p><ul>
<li><strong>Competition Styles:</strong> Tailored show jackets in traditional colors (navy, black, grey).</li>
<li><strong>Technical Features:</strong> Stretch panels, breathable linings, water-resistant finishes.</li>
<li><strong>Fit:</strong> European sizing. Measure chest and arm length for best fit.</li>
<li><strong>Care:</strong> Dry clean only for show jackets. Softshells machine washable.</li>
</ul>
<h3>Australian Sizing & Climate</h3><p>All clothing sizes include Australian conversions for easy ordering. Our range is perfect for Australian conditions, with lightweight, breathable options for hot summers and thermal styles for cooler southern regions. Fast dispatch from our Australian warehouse with free shipping nationwide.</p>",,/clothing/womens,3,published,best-selling,"[{""question"":""What size should I order?"",""answer"":""We recommend consulting our detailed size guide for each brand, as sizing can vary between manufacturers. Most riders find their regular size works well, but competition wear may run smaller. When in doubt, size up for comfort, especially for items you'll wear over base layers.""},{""question"":""How do I care for technical riding clothing?"",""answer"":""Wash in cold water on a gentle cycle and hang to dry to preserve technical fabrics. Avoid fabric softeners as they can reduce moisture-wicking properties. For competition wear, follow specific care instructions on the label. Proper care ensures your investment lasts for years.""}]","[{""url"":""/clothing/footwear"",""title"":""Riding Footwear"",""description"":""Complete your outfit with quality boots""},{""url"":""/rider/helmets"",""title"":""Riding Helmets"",""description"":""Safety first with certified helmets""}]"
/clothing/mens,Men's Clothing,Clothing - Men's Clothing | Buy Online | The Equestrian,"Shop premium men's clothing including men's breeches, riding shirts, show jackets and polo shirts. Free shipping Australia-wide. Expert advice available.","clothing - men's clothing. Expertly selected for quality, durability, and performance. Whether you're competing or riding for leisure, find exactly what you need at The Equestrian.","<h2>Premium Clothing - Men's Clothing</h2>
<p>Shop premium men's clothing from leading brands including Ariat, Cavallo, Pikeur and Horze. Each brand offers unique features and quality craftsmanship.</p><p>Discover our comprehensive collection of clothing - men's clothing, carefully curated to meet the demands of equestrians at every level. From competition-ready gear to everyday essentials, we stock only the finest brands known for quality, durability, and performance. Each product has been expertly selected by our team of experienced professionals who understand what truly matters.</p><h3>What Makes Great Clothing - Men's Clothing?</h3><ul></ul><h3>Shop by Type</h3><p>Browse our specialized categories including <a href=""/clothing/mens/jeans"">jeans</a>,<a href=""/clothing/mens/show-shirts"">mens show shirt</a>, and <a href=""/clothing/mens/breeches"">mens breeches</a>. Each category features products from world-leading brands trusted by professional enthusiasts.</p>
<h3>Australian Sizing & Climate</h3><p>All clothing sizes include Australian conversions for easy ordering. Our range is perfect for Australian conditions, with lightweight, breathable options for hot summers and thermal styles for cooler southern regions. Fast dispatch from our Australian warehouse with free shipping nationwide.</p>",,/clothing,2,published,best-selling,"[{""question"":""What size should I order?"",""answer"":""We recommend consulting our detailed size guide for each brand, as sizing can vary between manufacturers. Most riders find their regular size works well, but competition wear may run smaller. When in doubt, size up for comfort, especially for items you'll wear over base layers.""},{""question"":""How do I care for technical riding clothing?"",""answer"":""Wash in cold water on a gentle cycle and hang to dry to preserve technical fabrics. Avoid fabric softeners as they can reduce moisture-wicking properties. For competition wear, follow specific care instructions on the label. Proper care ensures your investment lasts for years.""}]",[]
/clothing/mens/jeans,Jeans,Jeans | Premium Quality | The Equestrian,"Shop premium jeans including men's breeches, riding shirts, show jackets and polo shirts. Free shipping Australia-wide. Expert advice available. Find the...","jeans. Expertly selected for quality, durability, and performance. Whether you're competing or riding for leisure, find exactly what you need at The Equestrian.","<p>, . that .</p><h3>What Makes Great Jeans?</h3>
<p>Shop premium jeans from leading brands including Ariat, Cavallo, Pikeur and Horze. Each brand offers unique features and quality craftsmanship.</p><ul></ul>
<h3>Australian Sizing & Climate</h3><p>All clothing sizes include Australian conversions for easy ordering. Our range is perfect for Australian conditions, with lightweight, breathable options for hot summers and thermal styles for cooler southern regions. Fast dispatch from our Australian warehouse with free shipping nationwide.</p>",,/clothing/mens,3,published,best-selling,"[{""question"":""What size should I order?"",""answer"":""We recommend consulting our detailed size guide for each brand, as sizing can vary between manufacturers. Most riders find their regular size works well, but competition wear may run smaller. When in doubt, size up for comfort, especially for items you'll wear over base layers.""},{""question"":""How do I care for technical riding clothing?"",""answer"":""Wash in cold water on a gentle cycle and hang to dry to preserve technical fabrics. Avoid fabric softeners as they can reduce moisture-wicking properties. For competition wear, follow specific care instructions on the label. Proper care ensures your investment lasts for years.""}]",[]
/clothing/mens/show-shirts,Mens Show Shirt,Mens Show Shirt | Premium Quality | The Equestrian,"Shop premium mens show shirt including men's breeches, riding shirts, show jackets and polo shirts. Free shipping Australia-wide. Expert advice available.","mens show shirt. Expertly selected for quality, durability, and performance. Whether you're competing or riding for leisure, find exactly what you need at The Equestrian.","<p>, . that .</p><h3>What Makes Great Mens Show Shirt?</h3>
<p>Shop premium mens show shirt from leading brands including Ariat, Cavallo, Pikeur and Horze. Each brand offers unique features and quality craftsmanship.</p><ul></ul>
<h3>Australian Sizing & Climate</h3><p>All clothing sizes include Australian conversions for easy ordering. Our range is perfect for Australian conditions, with lightweight, breathable options for hot summers and thermal styles for cooler southern regions. Fast dispatch from our Australian warehouse with free shipping nationwide.</p>",,/clothing/mens,3,published,best-selling,"[{""question"":""What size should I order?"",""answer"":""We recommend consulting our detailed size guide for each brand, as sizing can vary between manufacturers. Most riders find their regular size works well, but competition wear may run smaller. When in doubt, size up for comfort, especially for items you'll wear over base layers.""},{""question"":""How do I care for technical riding clothing?"",""answer"":""Wash in cold water on a gentle cycle and hang to dry to preserve technical fabrics. Avoid fabric softeners as they can reduce moisture-wicking properties. For competition wear, follow specific care instructions on the label. Proper care ensures your investment lasts for years.""}]",[]
/clothing/mens/breeches,Mens Breeches,Mens Breeches | Premium Quality | The Equestrian,"Shop premium mens breeches including men's breeches, riding shirts, show jackets and polo shirts. Free shipping Australia-wide. Expert advice available.","mens breeches. Expertly selected for quality, durability, and performance. Whether you're competing or riding for leisure, find exactly what you need at The Equestrian.","<p>, . that .</p><h3>What Makes Great Mens Breeches?</h3>
<p>Shop premium mens breeches from leading brands including Pikeur, Cavallo, Ariat and Horze. Each brand offers unique features and quality craftsmanship.</p><ul>
<li><strong>Technical Fabrics:</strong> Four-way stretch with moisture-wicking properties. UPF 50+ sun protection for outdoor riding.</li>
<li><strong>Grip Options:</strong> Full-seat silicone or knee-patch styles available for secure positioning in the saddle.</li>
<li><strong>Sizing:</strong> European sizes 34-46 (AU 6-18). Detailed size charts available for each brand.</li>
<li><strong>Care:</strong> Machine washable cold water. Hang dry to maintain elasticity and grip.</li>
</ul>
<h3>Australian Sizing Guide</h3><p>European sizing converted to Australian standards. Most brands run true to size, with size charts showing AU equivalents (EU 34 = AU 6, EU 36 = AU 8, etc.). Perfect for Australian riding conditions with moisture-wicking fabrics for hot weather and thermal options for winter.</p>",,/clothing/mens,3,published,best-selling,"[{""question"":""What size should I order?"",""answer"":""We recommend consulting our detailed size guide for each brand, as sizing can vary between manufacturers. Most riders find their regular size works well, but competition wear may run smaller. When in doubt, size up for comfort, especially for items you'll wear over base layers.""},{""question"":""How do I care for technical riding clothing?"",""answer"":""Wash in cold water on a gentle cycle and hang to dry to preserve technical fabrics. Avoid fabric softeners as they can reduce moisture-wicking properties. For competition wear, follow specific care instructions on the label. Proper care ensures your investment lasts for years.""}]",[]
/clothing/mens/trousers,Trousers,Trousers | Premium Quality | The Equestrian,"Shop premium trousers including men's breeches, riding shirts, show jackets and polo shirts. Free shipping Australia-wide. Expert advice available. Find...","trousers. Expertly selected for quality, durability, and performance. Whether you're competing or riding for leisure, find exactly what you need at The Equestrian.","<p>, . that .</p><h3>What Makes Great Trousers?</h3>
<p>Shop premium trousers from leading brands including Ariat, Cavallo, Pikeur and Horze. Each brand offers unique features and quality craftsmanship.</p><ul></ul>
<h3>Australian Sizing & Climate</h3><p>All clothing sizes include Australian conversions for easy ordering. Our range is perfect for Australian conditions, with lightweight, breathable options for hot summers and thermal styles for cooler southern regions. Fast dispatch from our Australian warehouse with free shipping nationwide.</p>",,/clothing/mens,3,published,best-selling,"[{""question"":""What size should I order?"",""answer"":""We recommend consulting our detailed size guide for each brand, as sizing can vary between manufacturers. Most riders find their regular size works well, but competition wear may run smaller. When in doubt, size up for comfort, especially for items you'll wear over base layers.""},{""question"":""How do I care for technical riding clothing?"",""answer"":""Wash in cold water on a gentle cycle and hang to dry to preserve technical fabrics. Avoid fabric softeners as they can reduce moisture-wicking properties. For competition wear, follow specific care instructions on the label. Proper care ensures your investment lasts for years.""}]",[]
/clothing/mens/casual,Casual Clothing Mens,Casual Clothing Mens | Premium Quality | The Equestrian,"Shop premium casual clothing mens including men's breeches, riding shirts, show jackets and polo shirts. Free shipping Australia-wide. Expert advice available.","casual clothing mens. Expertly selected for quality, durability, and performance. Whether you're competing or riding for leisure, find exactly what you need at The Equestrian.","<p>,. that.</p><h3>What Makes Great Casual Clothing Mens?</h3>
<p>Shop premium casual clothing mens from leading brands including Ariat, Cavallo, Pikeur and Horze. Each brand offers unique features and quality craftsmanship.</p><ul></ul>
<h3>Australian Sizing & Climate</h3><p>All clothing sizes include Australian conversions for easy ordering. Our range is perfect for Australian conditions, with lightweight, breathable options for hot summers and thermal styles for cooler southern regions. Fast dispatch from our Australian warehouse with free shipping nationwide.</p>",,/clothing/mens,3,published,best-selling,"[{""question"":""What size should I order?"",""answer"":""We recommend consulting our detailed size guide for each brand, as sizing can vary between manufacturers. Most riders find their regular size works well, but competition wear may run smaller. When in doubt, size up for comfort, especially for items you'll wear over base layers.""},{""question"":""How do I care for technical riding clothing?"",""answer"":""For competition wear, follow specific care instructions on the label. Proper care ensures your investment lasts for years.""}]",[]
/clothing/kids,Kid's Clothing,Clothing - Kid's Clothing | Buy Online | The Equestrian,"Shop premium kid's clothing including children's breeches, jodhpurs, riding tops and show jackets. Free shipping Australia-wide. Expert advice available.","clothing - kid's clothing. Expertly selected for quality, durability, and performance. Whether you're competing or riding for leisure, find exactly what you need at The Equestrian.","<h2>Premium Clothing - Kid's Clothing</h2>
<p>Shop premium kid's clothing from leading brands including Ariat, Horze, Cavallo and Pikeur. Each brand offers unique features and quality craftsmanship.</p><p>Discover our comprehensive collection of clothing - kid's clothing, carefully curated to meet the demands of equestrians at every level. From competition-ready gear to everyday essentials, we stock only the finest brands known for quality, durability, and performance. Each product has been expertly selected by our team of experienced professionals who understand what truly matters.</p><h3>What Makes Great Clothing - Kid's Clothing?</h3><ul></ul><h3>Shop by Type</h3><p>Browse our specialized categories including <a href=""/clothing/kids/footwear"">kids footwear</a>,<a href=""/clothing/kids/breeches"">jodhpurs & breeches childs</a>, and <a href=""/clothing/kids/show-jackets"">boys competition jacket</a>. Each category features products from world-leading brands trusted by professional enthusiasts.</p>
<h3>Australian Sizing & Climate</h3><p>All clothing sizes include Australian conversions for easy ordering. Our range is perfect for Australian conditions, with lightweight, breathable options for hot summers and thermal styles for cooler southern regions. Fast dispatch from our Australian warehouse with free shipping nationwide.</p>",,/clothing,2,published,best-selling,"[{""question"":""What size should I order?"",""answer"":""We recommend consulting our detailed size guide for each brand, as sizing can vary between manufacturers. Most riders find their regular size works well, but competition wear may run smaller. When in doubt, size up for comfort, especially for items you'll wear over base layers.""},{""question"":""How do I care for technical riding clothing?"",""answer"":""Wash in cold water on a gentle cycle and hang to dry to preserve technical fabrics. Avoid fabric softeners as they can reduce moisture-wicking properties. For competition wear, follow specific care instructions on the label. Proper care ensures your investment lasts for years.""}]",[]
/clothing/kids/footwear,Kids Footwear,Kids Footwear | Premium Quality | The Equestrian,"Shop premium kids footwear including children's breeches, jodhpurs, riding tops and show jackets. Free shipping Australia-wide. Expert advice available.","kids footwear. Expertly selected for quality, durability, and performance. Whether you're competing or riding for leisure, find exactly what you need at The Equestrian.","<p>, . that .</p><h3>What Makes Great Kids Footwear?</h3>
<p>Shop premium kids footwear from leading brands including Ariat, Horze, Cavallo and Pikeur. Each brand offers unique features and quality craftsmanship.</p><ul></ul>
<h3>Australian Sizing & Climate</h3><p>All clothing sizes include Australian conversions for easy ordering. Our range is perfect for Australian conditions, with lightweight, breathable options for hot summers and thermal styles for cooler southern regions. Fast dispatch from our Australian warehouse with free shipping nationwide.</p>",,/clothing/kids,3,published,best-selling,"[{""question"":""What size should I order?"",""answer"":""We recommend consulting our detailed size guide for each brand, as sizing can vary between manufacturers. Most riders find their regular size works well, but competition wear may run smaller. When in doubt, size up for comfort, especially for items you'll wear over base layers.""},{""question"":""How do I care for technical riding clothing?"",""answer"":""Wash in cold water on a gentle cycle and hang to dry to preserve technical fabrics. Avoid fabric softeners as they can reduce moisture-wicking properties. For competition wear, follow specific care instructions on the label. Proper care ensures your investment lasts for years.""}]",[]
/clothing/kids/breeches,Jodhpurs & Breeches Childs,Jodhpurs & Breeches Childs | Premium Quality | The Equestrian,"Shop premium jodhpurs & breeches childs including children's breeches, jodhpurs, riding tops and show jackets. Free shipping Australia-wide. Expert advice...","jodhpurs & breeches childs. Expertly selected for quality, durability, and performance. Whether you're competing or riding for leisure, find exactly what you need at The Equestrian.","<p>, . that .</p><h3>What Makes Great Jodhpurs & Breeches Childs?</h3>
<p>Shop premium jodhpurs & breeches childs from leading brands including Ariat, Horze and Cavallo. Each brand offers unique features and quality craftsmanship.</p><ul>
<li><strong>Technical Fabrics:</strong> Four-way stretch with moisture-wicking properties. UPF 50+ sun protection for outdoor riding.</li>
<li><strong>Grip Options:</strong> Full-seat silicone or knee-patch styles available for secure positioning in the saddle.</li>
<li><strong>Sizing:</strong> European sizes 34-46 (AU 6-18). Detailed size charts available for each brand.</li>
<li><strong>Care:</strong> Machine washable cold water. Hang dry to maintain elasticity and grip.</li>
</ul>
<h3>Australian Sizing Guide</h3><p>European sizing converted to Australian standards. Most brands run true to size, with size charts showing AU equivalents (EU 34 = AU 6, EU 36 = AU 8, etc.). Perfect for Australian riding conditions with moisture-wicking fabrics for hot weather and thermal options for winter.</p>",,/clothing/kids,3,published,best-selling,"[{""question"":""What size should I order?"",""answer"":""We recommend consulting our detailed size guide for each brand, as sizing can vary between manufacturers. Most riders find their regular size works well, but competition wear may run smaller. When in doubt, size up for comfort, especially for items you'll wear over base layers.""},{""question"":""How do I care for technical riding clothing?"",""answer"":""Wash in cold water on a gentle cycle and hang to dry to preserve technical fabrics. Avoid fabric softeners as they can reduce moisture-wicking properties. For competition wear, follow specific care instructions on the label. Proper care ensures your investment lasts for years.""}]",[]
/clothing/kids/show-jackets,Boys Competition Jacket,Boys Competition Jacket | Premium Quality | The Equestrian,"Shop premium boys competition jacket including children's breeches, jodhpurs, riding tops and show jackets. Free shipping Australia-wide. Expert advice...","boys competition jacket. Expertly selected for quality, durability, and performance. Whether you're competing or riding for leisure, find exactly what you need at The Equestrian.","<p>, . that .</p><h3>What Makes Great Boys Competition Jacket?</h3>
<p>Shop premium boys competition jacket from leading brands including Ariat, Horze, Cavallo and Pikeur. Each brand offers unique features and quality craftsmanship.</p><ul>
<li><strong>Competition Styles:</strong> Tailored show jackets in traditional colors (navy, black, grey).</li>
<li><strong>Technical Features:</strong> Stretch panels, breathable linings, water-resistant finishes.</li>
<li><strong>Fit:</strong> European sizing. Measure chest and arm length for best fit.</li>
<li><strong>Care:</strong> Dry clean only for show jackets. Softshells machine washable.</li>
</ul>
<h3>Australian Sizing & Climate</h3><p>All clothing sizes include Australian conversions for easy ordering. Our range is perfect for Australian conditions, with lightweight, breathable options for hot summers and thermal styles for cooler southern regions. Fast dispatch from our Australian warehouse with free shipping nationwide.</p>",,/clothing/kids,3,published,best-selling,"[{""question"":""What size should I order?"",""answer"":""We recommend consulting our detailed size guide for each brand, as sizing can vary between manufacturers. Most riders find their regular size works well, but competition wear may run smaller. When in doubt, size up for comfort, especially for items you'll wear over base layers.""},{""question"":""How do I care for technical riding clothing?"",""answer"":""Wash in cold water on a gentle cycle and hang to dry to preserve technical fabrics. Avoid fabric softeners as they can reduce moisture-wicking properties. For competition wear, follow specific care instructions on the label. Proper care ensures your investment lasts for years.""}]",[]
/clothing/kids/tops,Girls Shirt,Girls Shirt | Premium Quality | The Equestrian,"Shop premium girls shirt including children's breeches, jodhpurs, riding tops and show jackets. Free shipping Australia-wide. Expert advice available.","girls shirt. Expertly selected for quality, durability, and performance. Whether you're competing or riding for leisure, find exactly what you need at The Equestrian.","<p>, . that .</p><h3>What Makes Great Girls Shirt?</h3>
<p>Shop premium girls shirt from leading brands including Ariat, Horze, Cavallo and Pikeur. Each brand offers unique features and quality craftsmanship.</p><ul></ul>
<h3>Australian Sizing & Climate</h3><p>All clothing sizes include Australian conversions for easy ordering. Our range is perfect for Australian conditions, with lightweight, breathable options for hot summers and thermal styles for cooler southern regions. Fast dispatch from our Australian warehouse with free shipping nationwide.</p>",,/clothing/kids,3,published,best-selling,"[{""question"":""What size should I order?"",""answer"":""We recommend consulting our detailed size guide for each brand, as sizing can vary between manufacturers. Most riders find their regular size works well, but competition wear may run smaller. When in doubt, size up for comfort, especially for items you'll wear over base layers.""},{""question"":""How do I care for technical riding clothing?"",""answer"":""Wash in cold water on a gentle cycle and hang to dry to preserve technical fabrics. Avoid fabric softeners as they can reduce moisture-wicking properties. For competition wear, follow specific care instructions on the label. Proper care ensures your investment lasts for years.""}]",[]
/clothing/kids/show-shirts,Boys Show Shirt,Boys Show Shirt | Premium Quality | The Equestrian,"Shop premium boys show shirt including children's breeches, jodhpurs, riding tops and show jackets. Free shipping Australia-wide. Expert advice available.","boys show shirt. Expertly selected for quality, durability, and performance. Whether you're competing or riding for leisure, find exactly what you need at The Equestrian.","<p>, . that .</p><h3>What Makes Great Boys Show Shirt?</h3>
<p>Shop premium boys show shirt from leading brands including Ariat, Horze, Cavallo and Pikeur. Each brand offers unique features and quality craftsmanship.</p><ul></ul>
<h3>Australian Sizing & Climate</h3><p>All clothing sizes include Australian conversions for easy ordering. Our range is perfect for Australian conditions, with lightweight, breathable options for hot summers and thermal styles for cooler southern regions. Fast dispatch from our Australian warehouse with free shipping nationwide.</p>",,/clothing/kids,3,published,best-selling,"[{""question"":""What size should I order?"",""answer"":""We recommend consulting our detailed size guide for each brand, as sizing can vary between manufacturers. Most riders find their regular size works well, but competition wear may run smaller. When in doubt, size up for comfort, especially for items you'll wear over base layers.""},{""question"":""How do I care for technical riding clothing?"",""answer"":""Wash in cold water on a gentle cycle and hang to dry to preserve technical fabrics. Avoid fabric softeners as they can reduce moisture-wicking properties. For competition wear, follow specific care instructions on the label. Proper care ensures your investment lasts for years.""}]",[]
/clothing/kids/casual,Casual Clothing Childs,Casual Clothing Childs | Premium Quality | The Equestrian,"Shop premium casual clothing childs including children's breeches, jodhpurs, riding tops and show jackets. Free shipping Australia-wide. Expert advice...","casual clothing childs. Expertly selected for quality, durability, and performance. Whether you're competing or riding for leisure, find exactly what you need at The Equestrian.","<p>,. that.</p><h3>What Makes Great Casual Clothing Childs?</h3>
<p>Shop premium casual clothing childs from leading brands including Ariat, Horze, Cavallo and Pikeur. Each brand offers unique features and quality craftsmanship.</p><ul></ul>
<h3>Australian Sizing & Climate</h3><p>All clothing sizes include Australian conversions for easy ordering. Our range is perfect for Australian conditions, with lightweight, breathable options for hot summers and thermal styles for cooler southern regions. Fast dispatch from our Australian warehouse with free shipping nationwide.</p>",,/clothing/kids,3,published,best-selling,"[{""question"":""What size should I order?"",""answer"":""We recommend consulting our detailed size guide for each brand, as sizing can vary between manufacturers. Most riders find their regular size works well, but competition wear may run smaller. When in doubt, size up for comfort, especially for items you'll wear over base layers.""},{""question"":""How do I care for technical riding clothing?"",""answer"":""For competition wear, follow specific care instructions on the label. Proper care ensures your investment lasts for years.""}]",[]
/clothing/kids/jackets,Kids Jacket,Kids Jacket | Premium Quality | The Equestrian,"Shop premium kids jacket including children's breeches, jodhpurs, riding tops and show jackets. Free shipping Australia-wide. Expert advice available.","kids jacket. Expertly selected for quality, durability, and performance. Whether you're competing or riding for leisure, find exactly what you need at The Equestrian.","<p>, . that .</p><h3>What Makes Great Kids Jacket?</h3>
<p>Shop premium kids jacket from leading brands including Ariat, Horze, Cavallo and Pikeur. Each brand offers unique features and quality craftsmanship.</p><ul>
<li><strong>Competition Styles:</strong> Tailored show jackets in traditional colors (navy, black, grey).</li>
<li><strong>Technical Features:</strong> Stretch panels, breathable linings, water-resistant finishes.</li>
<li><strong>Fit:</strong> European sizing. Measure chest and arm length for best fit.</li>
<li><strong>Care:</strong> Dry clean only for show jackets. Softshells machine washable.</li>
</ul>
<h3>Australian Sizing & Climate</h3><p>All clothing sizes include Australian conversions for easy ordering. Our range is perfect for Australian conditions, with lightweight, breathable options for hot summers and thermal styles for cooler southern regions. Fast dispatch from our Australian warehouse with free shipping nationwide.</p>",,/clothing/kids,3,published,best-selling,"[{""question"":""What size should I order?"",""answer"":""We recommend consulting our detailed size guide for each brand, as sizing can vary between manufacturers. Most riders find their regular size works well, but competition wear may run smaller. When in doubt, size up for comfort, especially for items you'll wear over base layers.""},{""question"":""How do I care for technical riding clothing?"",""answer"":""Wash in cold water on a gentle cycle and hang to dry to preserve technical fabrics. Avoid fabric softeners as they can reduce moisture-wicking properties. For competition wear, follow specific care instructions on the label. Proper care ensures your investment lasts for years.""}]",[]
/clothing/accessories,Clothing Accessories,Clothing - Clothing Accessories | Buy Online | The Equestrian,"Shop premium clothing accessories including breeches, jodhpurs, riding tops and jackets. Free shipping Australia-wide. Expert advice available. Find the...","clothing - clothing accessories. Expertly selected for quality, durability, and performance. Whether you're competing or riding for leisure, find exactly what you need at The Equestrian.","<h2>Premium Clothing - Clothing Accessories</h2><p>Discover our comprehensive collection of clothing - clothing accessories, carefully curated to meet the demands of equestrians at every level. From competition-ready gear to everyday essentials, we stock only the finest brands known for quality, durability, and performance. Each product has been expertly selected by our team of experienced professionals who understand what truly matters.</p><h3>What Makes Great Clothing - Clothing Accessories?</h3><ul></ul><h3>Shop by Type</h3><p>Browse our specialized categories including <a href=""/clothing/accessories/hats"">hats & accessories</a>,<a href=""/clothing/accessories/belts"">belts</a>, and <a href=""/clothing/accessories/socks"">socks</a>. Each category features products from world-leading brands trusted by professional enthusiasts.</p>
<h3>Australian Sizing & Climate</h3><p>All clothing sizes include Australian conversions for easy ordering. Our range is perfect for Australian conditions, with lightweight, breathable options for hot summers and thermal styles for cooler southern regions. Fast dispatch from our Australian warehouse with free shipping nationwide.</p>",,/clothing,2,published,best-selling,"[{""question"":""What size should I order?"",""answer"":""We recommend consulting our detailed size guide for each brand, as sizing can vary between manufacturers. Most riders find their regular size works well, but competition wear may run smaller. When in doubt, size up for comfort, especially for items you'll wear over base layers.""},{""question"":""How do I care for technical riding clothing?"",""answer"":""Wash in cold water on a gentle cycle and hang to dry to preserve technical fabrics. Avoid fabric softeners as they can reduce moisture-wicking properties. For competition wear, follow specific care instructions on the label. Proper care ensures your investment lasts for years.""}]",[]
/clothing/accessories/hats,Hats & Accessories,Hats & Accessories | Premium Quality | The Equestrian,"Shop premium hats & accessories including breeches, jodhpurs, riding tops and jackets. Free shipping Australia-wide. Expert advice available. Find the...","hats & accessories. Expertly selected for quality, durability, and performance. Whether you're competing or riding for leisure, find exactly what you need at The Equestrian.","<p>, . that .</p><h3>What Makes Great Hats & Accessories?</h3><ul></ul>
<h3>Australian Sizing & Climate</h3><p>All clothing sizes include Australian conversions for easy ordering. Our range is perfect for Australian conditions, with lightweight, breathable options for hot summers and thermal styles for cooler southern regions. Fast dispatch from our Australian warehouse with free shipping nationwide.</p>",,/clothing/accessories,3,published,best-selling,"[{""question"":""What size should I order?"",""answer"":""We recommend consulting our detailed size guide for each brand, as sizing can vary between manufacturers. Most riders find their regular size works well, but competition wear may run smaller. When in doubt, size up for comfort, especially for items you'll wear over base layers.""},{""question"":""How do I care for technical riding clothing?"",""answer"":""Wash in cold water on a gentle cycle and hang to dry to preserve technical fabrics. Avoid fabric softeners as they can reduce moisture-wicking properties. For competition wear, follow specific care instructions on the label. Proper care ensures your investment lasts for years.""}]",[]
/clothing/accessories/belts,Belts,Belts | Premium Quality | The Equestrian,"Shop premium belts including breeches, jodhpurs, riding tops and jackets. Free shipping Australia-wide. Expert advice available. Find the perfect gear for...","belts. Expertly selected for quality, durability, and performance. Whether you're competing or riding for leisure, find exactly what you need at The Equestrian.","<p>, . that .</p><h3>What Makes Great Belts?</h3><ul></ul>
<h3>Australian Sizing & Climate</h3><p>All clothing sizes include Australian conversions for easy ordering. Our range is perfect for Australian conditions, with lightweight, breathable options for hot summers and thermal styles for cooler southern regions. Fast dispatch from our Australian warehouse with free shipping nationwide.</p>",,/clothing/accessories,3,published,best-selling,"[{""question"":""What size should I order?"",""answer"":""We recommend consulting our detailed size guide for each brand, as sizing can vary between manufacturers. Most riders find their regular size works well, but competition wear may run smaller. When in doubt, size up for comfort, especially for items you'll wear over base layers.""},{""question"":""How do I care for technical riding clothing?"",""answer"":""Wash in cold water on a gentle cycle and hang to dry to preserve technical fabrics. Avoid fabric softeners as they can reduce moisture-wicking properties. For competition wear, follow specific care instructions on the label. Proper care ensures your investment lasts for years.""}]",[]
/clothing/accessories/socks,Socks,Socks | Premium Quality | The Equestrian,"Shop premium socks including breeches, jodhpurs, riding tops and jackets. Free shipping Australia-wide. Expert advice available. Find the perfect gear for...","socks. Expertly selected for quality, durability, and performance. Whether you're competing or riding for leisure, find exactly what you need at The Equestrian.","<p>, . that .</p><h3>What Makes Great Socks?</h3><ul></ul>
<h3>Australian Sizing & Climate</h3><p>All clothing sizes include Australian conversions for easy ordering. Our range is perfect for Australian conditions, with lightweight, breathable options for hot summers and thermal styles for cooler southern regions. Fast dispatch from our Australian warehouse with free shipping nationwide.</p>",,/clothing/accessories,3,published,best-selling,"[{""question"":""What size should I order?"",""answer"":""We recommend consulting our detailed size guide for each brand, as sizing can vary between manufacturers. Most riders find their regular size works well, but competition wear may run smaller. When in doubt, size up for comfort, especially for items you'll wear over base layers.""},{""question"":""How do I care for technical riding clothing?"",""answer"":""Wash in cold water on a gentle cycle and hang to dry to preserve technical fabrics. Avoid fabric softeners as they can reduce moisture-wicking properties. For competition wear, follow specific care instructions on the label. Proper care ensures your investment lasts for years.""}]",[]
/clothing/accessories/caps,Caps,Caps | Premium Quality | The Equestrian,"Shop premium caps including breeches, jodhpurs, riding tops and jackets. Free shipping Australia-wide. Expert advice available. Find the perfect gear for...","caps. Expertly selected for quality, durability, and performance. Whether you're competing or riding for leisure, find exactly what you need at The Equestrian.","<p>, . that .</p><h3>What Makes Great Caps?</h3><ul></ul>
<h3>Australian Sizing & Climate</h3><p>All clothing sizes include Australian conversions for easy ordering. Our range is perfect for Australian conditions, with lightweight, breathable options for hot summers and thermal styles for cooler southern regions. Fast dispatch from our Australian warehouse with free shipping nationwide.</p>",,/clothing/accessories,3,published,best-selling,"[{""question"":""What size should I order?"",""answer"":""We recommend consulting our detailed size guide for each brand, as sizing can vary between manufacturers. Most riders find their regular size works well, but competition wear may run smaller. When in doubt, size up for comfort, especially for items you'll wear over base layers.""},{""question"":""How do I care for technical riding clothing?"",""answer"":""Wash in cold water on a gentle cycle and hang to dry to preserve technical fabrics. Avoid fabric softeners as they can reduce moisture-wicking properties. For competition wear, follow specific care instructions on the label. Proper care ensures your investment lasts for years.""}]",[]
/clothing/accessories/scarves,Scarf,Scarf | Premium Quality | The Equestrian,"Shop premium scarf including breeches, jodhpurs, riding tops and jackets. Free shipping Australia-wide. Expert advice available. Find the perfect gear for...","scarf. Expertly selected for quality, durability, and performance. Whether you're competing or riding for leisure, find exactly what you need at The Equestrian.","<p>, . that .</p><h3>What Makes Great Scarf?</h3><ul></ul>
<h3>Australian Sizing & Climate</h3><p>All clothing sizes include Australian conversions for easy ordering. Our range is perfect for Australian conditions, with lightweight, breathable options for hot summers and thermal styles for cooler southern regions. Fast dispatch from our Australian warehouse with free shipping nationwide.</p>",,/clothing/accessories,3,published,best-selling,"[{""question"":""What size should I order?"",""answer"":""We recommend consulting our detailed size guide for each brand, as sizing can vary between manufacturers. Most riders find their regular size works well, but competition wear may run smaller. When in doubt, size up for comfort, especially for items you'll wear over base layers.""},{""question"":""How do I care for technical riding clothing?"",""answer"":""Wash in cold water on a gentle cycle and hang to dry to preserve technical fabrics. Avoid fabric softeners as they can reduce moisture-wicking properties. For competition wear, follow specific care instructions on the label. Proper care ensures your investment lasts for years.""}]",[]
/clothing/accessories/ties,tie,tie | Premium Quality | The Equestrian,"Shop premium tie including breeches, jodhpurs, riding tops and jackets. Free shipping Australia-wide. Expert advice available. Find the perfect gear for...","tie. Expertly selected for quality, durability, and performance. Whether you're competing or riding for leisure, find exactly what you need at The Equestrian.","<p>, . that .</p><h3>What Makes Great tie?</h3><ul></ul>
<h3>Australian Sizing & Climate</h3><p>All clothing sizes include Australian conversions for easy ordering. Our range is perfect for Australian conditions, with lightweight, breathable options for hot summers and thermal styles for cooler southern regions. Fast dispatch from our Australian warehouse with free shipping nationwide.</p>",,/clothing/accessories,3,published,best-selling,"[{""question"":""What size should I order?"",""answer"":""We recommend consulting our detailed size guide for each brand, as sizing can vary between manufacturers. Most riders find their regular size works well, but competition wear may run smaller. When in doubt, size up for comfort, especially for items you'll wear over base layers.""},{""question"":""How do I care for technical riding clothing?"",""answer"":""Wash in cold water on a gentle cycle and hang to dry to preserve technical fabrics. Avoid fabric softeners as they can reduce moisture-wicking properties. For competition wear, follow specific care instructions on the label. Proper care ensures your investment lasts for years.""}]",[]
/clothing/footwear,Equestrian Footwear,FOOTWEAR: Equestrian Footwear | Buy Online | The Equestrian,"Shop premium equestrian footwear including riding boots, jodhpur boots, paddock boots and boot accessories. Free shipping Australia-wide. Expert advice...","footwear: equestrian footwear. Expertly selected for quality, durability, and performance. Whether you're competing or riding for leisure, find exactly what you need at The Equestrian.","<h2>Premium FOOTWEAR: Equestrian Footwear</h2>
<p>Shop premium equestrian footwear from leading brands including Ariat, Mountain Horse, Cavallo and Dublin. Each brand offers unique features and quality craftsmanship.</p><p>Discover our comprehensive collection of footwear: equestrian footwear, carefully curated to meet the demands of equestrians at every level. From competition-ready gear to everyday essentials, we stock only the finest brands known for quality, durability, and performance. Each product has been expertly selected by our team of experienced professionals who understand what truly matters.</p><h3>What Makes Great FOOTWEAR: Equestrian Footwear?</h3><ul></ul><h3>Shop by Type</h3><p>Browse our specialized categories including <a href=""/clothing/footwear/boots"">boots</a>,<a href=""/clothing/footwear/western"">footwear: western & roper boots</a>, and <a href=""/clothing/footwear/riding-boots"">riding boots</a>. Each category features products from world-leading brands trusted by professional enthusiasts.</p>
<h3>Australian Sizing & Climate</h3><p>All clothing sizes include Australian conversions for easy ordering. Our range is perfect for Australian conditions, with lightweight, breathable options for hot summers and thermal styles for cooler southern regions. Fast dispatch from our Australian warehouse with free shipping nationwide.</p>",,/clothing,2,published,best-selling,"[{""question"":""What size should I order?"",""answer"":""We recommend consulting our detailed size guide for each brand, as sizing can vary between manufacturers. Most riders find their regular size works well, but competition wear may run smaller. When in doubt, size up for comfort, especially for items you'll wear over base layers.""},{""question"":""How do I care for technical riding clothing?"",""answer"":""Wash in cold water on a gentle cycle and hang to dry to preserve technical fabrics. Avoid fabric softeners as they can reduce moisture-wicking properties. For competition wear, follow specific care instructions on the label. Proper care ensures your investment lasts for years.""}]","[{""url"":""/clothing/womens"",""title"":""Ladies' Riding Clothing"",""description"":""Complete your riding wardrobe""},{""url"":""/rider/accessories"",""title"":""Rider Accessories"",""description"":""Essential accessories for every rider""}]"
/clothing/footwear/boots,Boots,Boots | Premium Quality | The Equestrian,"Shop premium boots including riding boots, jodhpur boots, paddock boots and boot accessories. Free shipping Australia-wide. Expert advice available. Find...","boots. Expertly selected for quality, durability, and performance. Whether you're competing or riding for leisure, find exactly what you need at The Equestrian.","<p>, . that .</p><h3>What Makes Great Boots?</h3>
<p>Shop premium boots from leading brands including Ariat, Mountain Horse, Cavallo and Dublin. Each brand offers unique features and quality craftsmanship.</p><ul></ul>
<h3>Australian Sizing & Shipping</h3><p>European sizing with AU conversions provided. Measure your calf circumference and height for best fit. Free shipping Australia-wide. Most orders dispatched within 24 hours from our Australian warehouse.</p>",,/clothing/footwear,3,published,best-selling,"[{""question"":""What size should I order?"",""answer"":""We recommend consulting our detailed size guide for each brand, as sizing can vary between manufacturers. Most riders find their regular size works well, but competition wear may run smaller. When in doubt, size up for comfort, especially for items you'll wear over base layers.""},{""question"":""How do I care for technical riding clothing?"",""answer"":""Wash in cold water on a gentle cycle and hang to dry to preserve technical fabrics. Avoid fabric softeners as they can reduce moisture-wicking properties. For competition wear, follow specific care instructions on the label. Proper care ensures your investment lasts for years.""}]","[{""url"":""/clothing/womens"",""title"":""Ladies' Riding Clothing"",""description"":""Complete your riding wardrobe""},{""url"":""/rider/accessories"",""title"":""Rider Accessories"",""description"":""Essential accessories for every rider""}]"
/clothing/footwear/western,Western & Roper Boots,FOOTWEAR: Western & Roper Boots | Premium Quality | The Equestrian,"Shop premium western & roper boots including riding boots, jodhpur boots, paddock boots and boot accessories. Free shipping Australia-wide. Expert advice...","footwear: western & roper boots. Expertly selected for quality, durability, and performance. Whether you're competing or riding for leisure, find exactly what you need at The Equestrian.","<h2>Premium FOOTWEAR: Western & Roper Boots</h2>
<p>Shop premium western & roper boots from leading brands including Ariat, Mountain Horse, Cavallo and Dublin. Each brand offers unique features and quality craftsmanship.</p><p>, . that .</p><h3>What Makes Great FOOTWEAR: Western & Roper Boots?</h3><ul></ul>
<h3>Australian Sizing & Climate</h3><p>All clothing sizes include Australian conversions for easy ordering. Our range is perfect for Australian conditions, with lightweight, breathable options for hot summers and thermal styles for cooler southern regions. Fast dispatch from our Australian warehouse with free shipping nationwide.</p>",,/clothing/footwear,3,published,best-selling,"[{""question"":""What size should I order?"",""answer"":""We recommend consulting our detailed size guide for each brand, as sizing can vary between manufacturers. Most riders find their regular size works well, but competition wear may run smaller. When in doubt, size up for comfort, especially for items you'll wear over base layers.""},{""question"":""How do I care for technical riding clothing?"",""answer"":""Wash in cold water on a gentle cycle and hang to dry to preserve technical fabrics. Avoid fabric softeners as they can reduce moisture-wicking properties. For competition wear, follow specific care instructions on the label. Proper care ensures your investment lasts for years.""}]","[{""url"":""/clothing/womens"",""title"":""Ladies' Riding Clothing"",""description"":""Complete your riding wardrobe""},{""url"":""/rider/accessories"",""title"":""Rider Accessories"",""description"":""Essential accessories for every rider""}]"
/clothing/footwear/riding-boots,Riding Boots,Riding Boots | Premium Quality | The Equestrian,"Shop premium riding boots including riding boots, jodhpur boots, paddock boots and boot accessories. Free shipping Australia-wide. Expert advice available.","riding boots. Expertly selected for quality, durability, and performance. Whether you're competing or riding for leisure, find exactly what you need at The Equestrian.","<p>, . that .</p><h3>What Makes Great Riding Boots?</h3>
<p>Shop premium riding boots from leading brands including Ariat, Mountain Horse, Cavallo and Dublin. Each brand offers unique features and quality craftsmanship.</p><ul></ul>
<h3>Australian Sizing & Shipping</h3><p>European sizing with AU conversions provided. Measure your calf circumference and height for best fit. Free shipping Australia-wide. Most orders dispatched within 24 hours from our Australian warehouse.</p>",,/clothing/footwear,3,published,best-selling,"[{""question"":""What size should I order?"",""answer"":""We recommend consulting our detailed size guide for each brand, as sizing can vary between manufacturers. Most riders find their regular size works well, but competition wear may run smaller. When in doubt, size up for comfort, especially for items you'll wear over base layers.""},{""question"":""How do I care for technical riding clothing?"",""answer"":""Wash in cold water on a gentle cycle and hang to dry to preserve technical fabrics. Avoid fabric softeners as they can reduce moisture-wicking properties. For competition wear, follow specific care instructions on the label. Proper care ensures your investment lasts for years.""}]","[{""url"":""/clothing/womens"",""title"":""Ladies' Riding Clothing"",""description"":""Complete your riding wardrobe""},{""url"":""/rider/accessories"",""title"":""Rider Accessories"",""description"":""Essential accessories for every rider""}]"
/clothing/footwear/casual,Casual Footwear,FOOTWEAR: Casual Footwear | Premium Quality | The Equestrian,"Shop premium casual footwear including riding boots, jodhpur boots, paddock boots and boot accessories. Free shipping Australia-wide. Expert advice available.","footwear: casual footwear. Expertly selected for quality, durability, and performance. Whether you're competing or riding for leisure, find exactly what you need at The Equestrian.","<h2>Premium FOOTWEAR: Casual Footwear</h2>
<p>Shop premium casual footwear from leading brands including Ariat, Mountain Horse, Cavallo and Dublin. Each brand offers unique features and quality craftsmanship.</p><p>,. that.</p><h3>What Makes Great FOOTWEAR: Casual Footwear?</h3><ul></ul>
<h3>Australian Sizing & Climate</h3><p>All clothing sizes include Australian conversions for easy ordering. Our range is perfect for Australian conditions, with lightweight, breathable options for hot summers and thermal styles for cooler southern regions. Fast dispatch from our Australian warehouse with free shipping nationwide.</p>",,/clothing/footwear,3,published,best-selling,"[{""question"":""What size should I order?"",""answer"":""We recommend consulting our detailed size guide for each brand, as sizing can vary between manufacturers. Most riders find their regular size works well, but competition wear may run smaller. When in doubt, size up for comfort, especially for items you'll wear over base layers.""},{""question"":""How do I care for technical riding clothing?"",""answer"":""For competition wear, follow specific care instructions on the label. Proper care ensures your investment lasts for years.""}]","[{""url"":""/clothing/womens"",""title"":""Ladies' Riding Clothing"",""description"":""Complete your riding wardrobe""},{""url"":""/rider/accessories"",""title"":""Rider Accessories"",""description"":""Essential accessories for every rider""}]"
/clothing/footwear/mens,Mens Footwear,Mens Footwear | Premium Quality | The Equestrian,"Shop premium mens footwear including riding boots, jodhpur boots, paddock boots and boot accessories. Free shipping Australia-wide. Expert advice available.","mens footwear. Expertly selected for quality, durability, and performance. Whether you're competing or riding for leisure, find exactly what you need at The Equestrian.","<p>, . that .</p><h3>What Makes Great Mens Footwear?</h3>
<p>Shop premium mens footwear from leading brands including Ariat, Mountain Horse, Cavallo and Dublin. Each brand offers unique features and quality craftsmanship.</p><ul></ul>
<h3>Australian Sizing & Climate</h3><p>All clothing sizes include Australian conversions for easy ordering. Our range is perfect for Australian conditions, with lightweight, breathable options for hot summers and thermal styles for cooler southern regions. Fast dispatch from our Australian warehouse with free shipping nationwide.</p>",,/clothing/footwear,3,published,best-selling,"[{""question"":""What size should I order?"",""answer"":""We recommend consulting our detailed size guide for each brand, as sizing can vary between manufacturers. Most riders find their regular size works well, but competition wear may run smaller. When in doubt, size up for comfort, especially for items you'll wear over base layers.""},{""question"":""How do I care for technical riding clothing?"",""answer"":""Wash in cold water on a gentle cycle and hang to dry to preserve technical fabrics. Avoid fabric softeners as they can reduce moisture-wicking properties. For competition wear, follow specific care instructions on the label. Proper care ensures your investment lasts for years.""}]","[{""url"":""/clothing/womens"",""title"":""Ladies' Riding Clothing"",""description"":""Complete your riding wardrobe""},{""url"":""/rider/accessories"",""title"":""Rider Accessories"",""description"":""Essential accessories for every rider""}]"
/clothing/footwear/womens,Womens Footwear,Womens Footwear | Premium Quality | The Equestrian,"Shop premium womens footwear including riding boots, jodhpur boots, paddock boots and boot accessories. Free shipping Australia-wide. Expert advice available.","womens footwear. Expertly selected for quality, durability, and performance. Whether you're competing or riding for leisure, find exactly what you need at The Equestrian.","<p>, . that .</p><h3>What Makes Great Womens Footwear?</h3>
<p>Shop premium womens footwear from leading brands including Ariat, Mountain Horse, Cavallo and Dublin. Each brand offers unique features and quality craftsmanship.</p><ul></ul>
<h3>Australian Sizing & Climate</h3><p>All clothing sizes include Australian conversions for easy ordering. Our range is perfect for Australian conditions, with lightweight, breathable options for hot summers and thermal styles for cooler southern regions. Fast dispatch from our Australian warehouse with free shipping nationwide.</p>",,/clothing/footwear,3,published,best-selling,"[{""question"":""What size should I order?"",""answer"":""We recommend consulting our detailed size guide for each brand, as sizing can vary between manufacturers. Most riders find their regular size works well, but competition wear may run smaller. When in doubt, size up for comfort, especially for items you'll wear over base layers.""},{""question"":""How do I care for technical riding clothing?"",""answer"":""Wash in cold water on a gentle cycle and hang to dry to preserve technical fabrics. Avoid fabric softeners as they can reduce moisture-wicking properties. For competition wear, follow specific care instructions on the label. Proper care ensures your investment lasts for years.""}]","[{""url"":""/clothing/womens"",""title"":""Ladies' Riding Clothing"",""description"":""Complete your riding wardrobe""},{""url"":""/rider/accessories"",""title"":""Rider Accessories"",""description"":""Essential accessories for every rider""}]"
/clothing/footwear/tall-boots,Tall Boots,Tall Boots | Premium Quality | The Equestrian,"Shop premium tall boots including riding boots, jodhpur boots, paddock boots and boot accessories. Free shipping Australia-wide. Expert advice available.","tall boots. Expertly selected for quality, durability, and performance. Whether you're competing or riding for leisure, find exactly what you need at The Equestrian.","<p>, . that .</p><h3>What Makes Great Tall Boots?</h3>
<p>Shop premium tall boots from leading brands including Ariat, Mountain Horse, Cavallo and Dublin. Each brand offers unique features and quality craftsmanship.</p><ul></ul>
<h3>Australian Sizing & Shipping</h3><p>European sizing with AU conversions provided. Measure your calf circumference and height for best fit. Free shipping Australia-wide. Most orders dispatched within 24 hours from our Australian warehouse.</p>",,/clothing/footwear,3,published,best-selling,"[{""question"":""What size should I order?"",""answer"":""We recommend consulting our detailed size guide for each brand, as sizing can vary between manufacturers. Most riders find their regular size works well, but competition wear may run smaller. When in doubt, size up for comfort, especially for items you'll wear over base layers.""},{""question"":""How do I care for technical riding clothing?"",""answer"":""Wash in cold water on a gentle cycle and hang to dry to preserve technical fabrics. Avoid fabric softeners as they can reduce moisture-wicking properties. For competition wear, follow specific care instructions on the label. Proper care ensures your investment lasts for years.""}]","[{""url"":""/clothing/womens"",""title"":""Ladies' Riding Clothing"",""description"":""Complete your riding wardrobe""},{""url"":""/rider/accessories"",""title"":""Rider Accessories"",""description"":""Essential accessories for every rider""}]"
/clothing/footwear/ankle-boots,Ankle Boots,Ankle Boots | Premium Quality | The Equestrian,"Shop premium ankle boots including riding boots, jodhpur boots, paddock boots and boot accessories. Free shipping Australia-wide. Expert advice available.","ankle boots. Expertly selected for quality, durability, and performance. Whether you're competing or riding for leisure, find exactly what you need at The Equestrian.","<p>, . that .</p><h3>What Makes Great Ankle Boots?</h3>
<p>Shop premium ankle boots from leading brands including Ariat, Mountain Horse, Cavallo and Dublin. Each brand offers unique features and quality craftsmanship.</p><ul></ul>
<h3>Australian Sizing & Shipping</h3><p>European sizing with AU conversions provided. Measure your calf circumference and height for best fit. Free shipping Australia-wide. Most orders dispatched within 24 hours from our Australian warehouse.</p>",,/clothing/footwear,3,published,best-selling,"[{""question"":""What size should I order?"",""answer"":""We recommend consulting our detailed size guide for each brand, as sizing can vary between manufacturers. Most riders find their regular size works well, but competition wear may run smaller. When in doubt, size up for comfort, especially for items you'll wear over base layers.""},{""question"":""How do I care for technical riding clothing?"",""answer"":""Wash in cold water on a gentle cycle and hang to dry to preserve technical fabrics. Avoid fabric softeners as they can reduce moisture-wicking properties. For competition wear, follow specific care instructions on the label. Proper care ensures your investment lasts for years.""}]","[{""url"":""/clothing/womens"",""title"":""Ladies' Riding Clothing"",""description"":""Complete your riding wardrobe""},{""url"":""/rider/accessories"",""title"":""Rider Accessories"",""description"":""Essential accessories for every rider""}]"
/clothing/footwear/accessories,Footwear Accessories,Footwear Accessories | Premium Quality | The Equestrian,"Shop premium footwear accessories including riding boots, jodhpur boots, paddock boots and boot accessories. Free shipping Australia-wide. Expert advice...","footwear accessories. Expertly selected for quality, durability, and performance. Whether you're competing or riding for leisure, find exactly what you need at The Equestrian.","<p>, . that .</p><h3>What Makes Great Footwear Accessories?</h3>
<p>Shop premium footwear accessories from leading brands including Ariat, Mountain Horse, Cavallo and Dublin. Each brand offers unique features and quality craftsmanship.</p><ul></ul>
<h3>Australian Sizing & Climate</h3><p>All clothing sizes include Australian conversions for easy ordering. Our range is perfect for Australian conditions, with lightweight, breathable options for hot summers and thermal styles for cooler southern regions. Fast dispatch from our Australian warehouse with free shipping nationwide.</p>",,/clothing/footwear,3,published,best-selling,"[{""question"":""What size should I order?"",""answer"":""We recommend consulting our detailed size guide for each brand, as sizing can vary between manufacturers. Most riders find their regular size works well, but competition wear may run smaller. When in doubt, size up for comfort, especially for items you'll wear over base layers.""},{""question"":""How do I care for technical riding clothing?"",""answer"":""Wash in cold water on a gentle cycle and hang to dry to preserve technical fabrics. Avoid fabric softeners as they can reduce moisture-wicking properties. For competition wear, follow specific care instructions on the label. Proper care ensures your investment lasts for years.""}]","[{""url"":""/clothing/womens"",""title"":""Ladies' Riding Clothing"",""description"":""Complete your riding wardrobe""},{""url"":""/rider/accessories"",""title"":""Rider Accessories"",""description"":""Essential accessories for every rider""}]"
/clothing/footwear/ugg-boots,UGG Boots,UGG Boots | Premium Quality | The Equestrian,"Shop premium ugg boots including riding boots, jodhpur boots, paddock boots and boot accessories. Free shipping Australia-wide. Expert advice available.","ugg boots. Expertly selected for quality, durability, and performance. Whether you're competing or riding for leisure, find exactly what you need at The Equestrian.","<p>, . that .</p><h3>What Makes Great UGG Boots?</h3>
<p>Shop premium ugg boots from leading brands including Ariat, Mountain Horse, Cavallo and Dublin. Each brand offers unique features and quality craftsmanship.</p><ul></ul>
<h3>Australian Sizing & Shipping</h3><p>European sizing with AU conversions provided. Measure your calf circumference and height for best fit. Free shipping Australia-wide. Most orders dispatched within 24 hours from our Australian warehouse.</p>",,/clothing/footwear,3,published,best-selling,"[{""question"":""What size should I order?"",""answer"":""We recommend consulting our detailed size guide for each brand, as sizing can vary between manufacturers. Most riders find their regular size works well, but competition wear may run smaller. When in doubt, size up for comfort, especially for items you'll wear over base layers.""},{""question"":""How do I care for technical riding clothing?"",""answer"":""Wash in cold water on a gentle cycle and hang to dry to preserve technical fabrics. Avoid fabric softeners as they can reduce moisture-wicking properties. For competition wear, follow specific care instructions on the label. Proper care ensures your investment lasts for years.""}]","[{""url"":""/clothing/womens"",""title"":""Ladies' Riding Clothing"",""description"":""Complete your riding wardrobe""},{""url"":""/rider/accessories"",""title"":""Rider Accessories"",""description"":""Essential accessories for every rider""}]"
/clothing/tops,Tops,Tops | Buy Online | The Equestrian,"Shop premium tops including breeches, jodhpurs, riding tops and jackets. Free shipping Australia-wide. Expert advice available. Find the perfect gear for...","tops. Expertly selected for quality, durability, and performance. Whether you're competing or riding for leisure, find exactly what you need at The Equestrian.","<p>Discover our comprehensive collection of tops, carefully curated to meet the demands of equestrians at every level. From competition-ready gear to everyday essentials, we stock only the finest brands known for quality, durability, and performance. Each product has been expertly selected by our team of experienced professionals who understand what truly matters.</p><h3>What Makes Great Tops?</h3><ul></ul><h3>Shop by Type</h3><p>Browse our specialized categories including <a href=""/clothing/tops/shirts"">shirts</a>,<a href=""/clothing/tops/show-shirts"">show shirt</a>, and <a href=""/clothing/tops/tshirts"">t-shirt</a>. Each category features products from world-leading brands trusted by professional enthusiasts.</p>
<h3>Australian Sizing & Climate</h3><p>All clothing sizes include Australian conversions for easy ordering. Our range is perfect for Australian conditions, with lightweight, breathable options for hot summers and thermal styles for cooler southern regions. Fast dispatch from our Australian warehouse with free shipping nationwide.</p>",,/clothing,2,published,best-selling,"[{""question"":""What size should I order?"",""answer"":""We recommend consulting our detailed size guide for each brand, as sizing can vary between manufacturers. Most riders find their regular size works well, but competition wear may run smaller. When in doubt, size up for comfort, especially for items you'll wear over base layers.""},{""question"":""How do I care for technical riding clothing?"",""answer"":""Wash in cold water on a gentle cycle and hang to dry to preserve technical fabrics. Avoid fabric softeners as they can reduce moisture-wicking properties. For competition wear, follow specific care instructions on the label. Proper care ensures your investment lasts for years.""}]",[]
/clothing/tops/shirts,Shirts,Shirts | Premium Quality | The Equestrian,"Shop premium shirts including breeches, jodhpurs, riding tops and jackets. Free shipping Australia-wide. Expert advice available. Find the perfect gear for...","shirts. Expertly selected for quality, durability, and performance. Whether you're competing or riding for leisure, find exactly what you need at The Equestrian.","<p>, . that .</p><h3>What Makes Great Shirts?</h3><ul></ul>
<h3>Australian Sizing & Climate</h3><p>All clothing sizes include Australian conversions for easy ordering. Our range is perfect for Australian conditions, with lightweight, breathable options for hot summers and thermal styles for cooler southern regions. Fast dispatch from our Australian warehouse with free shipping nationwide.</p>",,/clothing/tops,3,published,best-selling,"[{""question"":""What size should I order?"",""answer"":""We recommend consulting our detailed size guide for each brand, as sizing can vary between manufacturers. Most riders find their regular size works well, but competition wear may run smaller. When in doubt, size up for comfort, especially for items you'll wear over base layers.""},{""question"":""How do I care for technical riding clothing?"",""answer"":""Wash in cold water on a gentle cycle and hang to dry to preserve technical fabrics. Avoid fabric softeners as they can reduce moisture-wicking properties. For competition wear, follow specific care instructions on the label. Proper care ensures your investment lasts for years.""}]",[]
/clothing/tops/show-shirts,Show Shirt,Show Shirt | Premium Quality | The Equestrian,"Shop premium show shirt including breeches, jodhpurs, riding tops and jackets. Free shipping Australia-wide. Expert advice available. Find the perfect gear...","show shirt. Expertly selected for quality, durability, and performance. Whether you're competing or riding for leisure, find exactly what you need at The Equestrian.","<p>, . that .</p><h3>What Makes Great Show Shirt?</h3><ul></ul>
<h3>Australian Sizing & Climate</h3><p>All clothing sizes include Australian conversions for easy ordering. Our range is perfect for Australian conditions, with lightweight, breathable options for hot summers and thermal styles for cooler southern regions. Fast dispatch from our Australian warehouse with free shipping nationwide.</p>",,/clothing/tops,3,published,best-selling,"[{""question"":""What size should I order?"",""answer"":""We recommend consulting our detailed size guide for each brand, as sizing can vary between manufacturers. Most riders find their regular size works well, but competition wear may run smaller. When in doubt, size up for comfort, especially for items you'll wear over base layers.""},{""question"":""How do I care for technical riding clothing?"",""answer"":""Wash in cold water on a gentle cycle and hang to dry to preserve technical fabrics. Avoid fabric softeners as they can reduce moisture-wicking properties. For competition wear, follow specific care instructions on the label. Proper care ensures your investment lasts for years.""}]",[]
/clothing/tops/tshirts,t-shirt,t-shirt | Premium Quality | The Equestrian,"Shop premium t-shirt including breeches, jodhpurs, riding tops and jackets. Free shipping Australia-wide. Expert advice available. Find the perfect gear...","t-shirt. Expertly selected for quality, durability, and performance. Whether you're competing or riding for leisure, find exactly what you need at The Equestrian.","<p>, . that .</p><h3>What Makes Great t-shirt?</h3><ul></ul>
<h3>Australian Sizing & Climate</h3><p>All clothing sizes include Australian conversions for easy ordering. Our range is perfect for Australian conditions, with lightweight, breathable options for hot summers and thermal styles for cooler southern regions. Fast dispatch from our Australian warehouse with free shipping nationwide.</p>",,/clothing/tops,3,published,best-selling,"[{""question"":""What size should I order?"",""answer"":""We recommend consulting our detailed size guide for each brand, as sizing can vary between manufacturers. Most riders find their regular size works well, but competition wear may run smaller. When in doubt, size up for comfort, especially for items you'll wear over base layers.""},{""question"":""How do I care for technical riding clothing?"",""answer"":""Wash in cold water on a gentle cycle and hang to dry to preserve technical fabrics. Avoid fabric softeners as they can reduce moisture-wicking properties. For competition wear, follow specific care instructions on the label. Proper care ensures your investment lasts for years.""}]",[]
/clothing/tops/sweaters,Sweater,Sweater | Premium Quality | The Equestrian,"Shop premium sweater including breeches, jodhpurs, riding tops and jackets. Free shipping Australia-wide. Expert advice available. Find the perfect gear...","sweater. Expertly selected for quality, durability, and performance. Whether you're competing or riding for leisure, find exactly what you need at The Equestrian.","<p>,. that.</p><h3>What Makes Great Sweater?</h3><ul></ul>
<h3>Australian Sizing & Climate</h3><p>All clothing sizes include Australian conversions for easy ordering. Our range is perfect for Australian conditions, with lightweight, breathable options for hot summers and thermal styles for cooler southern regions. Fast dispatch from our Australian warehouse with free shipping nationwide.</p>",,/clothing/tops,3,published,best-selling,"[{""question"":""What size should I order?"",""answer"":""We recommend consulting our detailed size guide for each brand, as sizing can vary between manufacturers. Most riders find their regular size works well, but competition wear may run smaller. When in doubt, size up for comfort, especially for items you'll wear over base layers.""},{""question"":""How do I care for technical riding clothing?"",""answer"":""For competition wear, follow specific care instructions on the label. Proper care ensures your investment lasts for years.""}]",[]
/clothing/tops/knitwear,Knitwear,Knitwear | Premium Quality | The Equestrian,"Shop premium knitwear including breeches, jodhpurs, riding tops and jackets. Free shipping Australia-wide. Expert advice available. Find the perfect gear...","knitwear. Expertly selected for quality, durability, and performance. Whether you're competing or riding for leisure, find exactly what you need at The Equestrian.","<p>, . that .</p><h3>What Makes Great Knitwear?</h3><ul></ul>
<h3>Australian Sizing & Climate</h3><p>All clothing sizes include Australian conversions for easy ordering. Our range is perfect for Australian conditions, with lightweight, breathable options for hot summers and thermal styles for cooler southern regions. Fast dispatch from our Australian warehouse with free shipping nationwide.</p>",,/clothing/tops,3,published,best-selling,"[{""question"":""What size should I order?"",""answer"":""We recommend consulting our detailed size guide for each brand, as sizing can vary between manufacturers. Most riders find their regular size works well, but competition wear may run smaller. When in doubt, size up for comfort, especially for items you'll wear over base layers.""},{""question"":""How do I care for technical riding clothing?"",""answer"":""Wash in cold water on a gentle cycle and hang to dry to preserve technical fabrics. Avoid fabric softeners as they can reduce moisture-wicking properties. For competition wear, follow specific care instructions on the label. Proper care ensures your investment lasts for years.""}]",[]
/clothing/tops/polo-shirts,Polo Shirt,Polo Shirt | Premium Quality | The Equestrian,"Shop premium polo shirt including breeches, jodhpurs, riding tops and jackets. Free shipping Australia-wide. Expert advice available. Find the perfect gear...","polo shirt. Expertly selected for quality, durability, and performance. Whether you're competing or riding for leisure, find exactly what you need at The Equestrian.","<p>, . that .</p><h3>What Makes Great Polo Shirt?</h3><ul></ul>
<h3>Australian Sizing & Climate</h3><p>All clothing sizes include Australian conversions for easy ordering. Our range is perfect for Australian conditions, with lightweight, breathable options for hot summers and thermal styles for cooler southern regions. Fast dispatch from our Australian warehouse with free shipping nationwide.</p>",,/clothing/tops,3,published,best-selling,"[{""question"":""What size should I order?"",""answer"":""We recommend consulting our detailed size guide for each brand, as sizing can vary between manufacturers. Most riders find their regular size works well, but competition wear may run smaller. When in doubt, size up for comfort, especially for items you'll wear over base layers.""},{""question"":""How do I care for technical riding clothing?"",""answer"":""Wash in cold water on a gentle cycle and hang to dry to preserve technical fabrics. Avoid fabric softeners as they can reduce moisture-wicking properties. For competition wear, follow specific care instructions on the label. Proper care ensures your investment lasts for years.""}]",[]
/clothing/tops/vests,Vest,Vest | Premium Quality | The Equestrian,"Shop premium vest including breeches, jodhpurs, riding tops and jackets. Free shipping Australia-wide. Expert advice available. Find the perfect gear for...","vest. Expertly selected for quality, durability, and performance. Whether you're competing or riding for leisure, find exactly what you need at The Equestrian.","<p>, . that .</p><h3>What Makes Great Vest?</h3><ul></ul>
<h3>Australian Sizing & Climate</h3><p>All clothing sizes include Australian conversions for easy ordering. Our range is perfect for Australian conditions, with lightweight, breathable options for hot summers and thermal styles for cooler southern regions. Fast dispatch from our Australian warehouse with free shipping nationwide.</p>",,/clothing/tops,3,published,best-selling,"[{""question"":""What size should I order?"",""answer"":""We recommend consulting our detailed size guide for each brand, as sizing can vary between manufacturers. Most riders find their regular size works well, but competition wear may run smaller. When in doubt, size up for comfort, especially for items you'll wear over base layers.""},{""question"":""How do I care for technical riding clothing?"",""answer"":""Wash in cold water on a gentle cycle and hang to dry to preserve technical fabrics. Avoid fabric softeners as they can reduce moisture-wicking properties. For competition wear, follow specific care instructions on the label. Proper care ensures your investment lasts for years.""}]",[]
/clothing/tops/tanks,Tank,Tank | Premium Quality | The Equestrian,"Shop premium tank including breeches, jodhpurs, riding tops and jackets. Free shipping Australia-wide. Expert advice available. Find the perfect gear for...","tank. Expertly selected for quality, durability, and performance. Whether you're competing or riding for leisure, find exactly what you need at The Equestrian.","<p>, . that .</p><h3>What Makes Great Tank?</h3><ul></ul>
<h3>Australian Sizing & Climate</h3><p>All clothing sizes include Australian conversions for easy ordering. Our range is perfect for Australian conditions, with lightweight, breathable options for hot summers and thermal styles for cooler southern regions. Fast dispatch from our Australian warehouse with free shipping nationwide.</p>",,/clothing/tops,3,published,best-selling,"[{""question"":""What size should I order?"",""answer"":""We recommend consulting our detailed size guide for each brand, as sizing can vary between manufacturers. Most riders find their regular size works well, but competition wear may run smaller. When in doubt, size up for comfort, especially for items you'll wear over base layers.""},{""question"":""How do I care for technical riding clothing?"",""answer"":""Wash in cold water on a gentle cycle and hang to dry to preserve technical fabrics. Avoid fabric softeners as they can reduce moisture-wicking properties. For competition wear, follow specific care instructions on the label. Proper care ensures your investment lasts for years.""}]",[]
/clothing/tops/long-sleeve,long sleeve,long sleeve | Premium Quality | The Equestrian,"Shop premium long sleeve including breeches, jodhpurs, riding tops and jackets. Free shipping Australia-wide. Expert advice available. Find the perfect...","long sleeve. Expertly selected for quality, durability, and performance. Whether you're competing or riding for leisure, find exactly what you need at The Equestrian.","<p>, . that .</p><h3>What Makes Great long sleeve?</h3><ul></ul>
<h3>Australian Sizing & Climate</h3><p>All clothing sizes include Australian conversions for easy ordering. Our range is perfect for Australian conditions, with lightweight, breathable options for hot summers and thermal styles for cooler southern regions. Fast dispatch from our Australian warehouse with free shipping nationwide.</p>",,/clothing/tops,3,published,best-selling,"[{""question"":""What size should I order?"",""answer"":""We recommend consulting our detailed size guide for each brand, as sizing can vary between manufacturers. Most riders find their regular size works well, but competition wear may run smaller. When in doubt, size up for comfort, especially for items you'll wear over base layers.""},{""question"":""How do I care for technical riding clothing?"",""answer"":""Wash in cold water on a gentle cycle and hang to dry to preserve technical fabrics. Avoid fabric softeners as they can reduce moisture-wicking properties. For competition wear, follow specific care instructions on the label. Proper care ensures your investment lasts for years.""}]",[]
/clothing/outerwear,Outerwear,Outerwear | Buy Online | The Equestrian,"Shop premium outerwear including breeches, jodhpurs, riding tops and jackets. Free shipping Australia-wide. Expert advice available. Find the perfect gear...","outerwear. Expertly selected for quality, durability, and performance. Whether you're competing or riding for leisure, find exactly what you need at The Equestrian.","<p>Discover our comprehensive collection of outerwear, carefully curated to meet the demands of equestrians at every level. From competition-ready gear to everyday essentials, we stock only the finest brands known for quality, durability, and performance. Each product has been expertly selected by our team of experienced professionals who understand what truly matters.</p><h3>What Makes Great Outerwear?</h3><ul></ul><h3>Shop by Type</h3><p>Browse our specialized categories including <a href=""/clothing/outerwear/jackets"">casual jacket</a>,<a href=""/clothing/outerwear/show-jackets"">competition jacket</a>, and <a href=""/clothing/outerwear/oilskins"">oilskins</a>. Each category features products from world-leading brands trusted by professional enthusiasts.</p>
<h3>Australian Sizing & Climate</h3><p>All clothing sizes include Australian conversions for easy ordering. Our range is perfect for Australian conditions, with lightweight, breathable options for hot summers and thermal styles for cooler southern regions. Fast dispatch from our Australian warehouse with free shipping nationwide.</p>",,/clothing,2,published,best-selling,"[{""question"":""What size should I order?"",""answer"":""We recommend consulting our detailed size guide for each brand, as sizing can vary between manufacturers. Most riders find their regular size works well, but competition wear may run smaller. When in doubt, size up for comfort, especially for items you'll wear over base layers.""},{""question"":""How do I care for technical riding clothing?"",""answer"":""Wash in cold water on a gentle cycle and hang to dry to preserve technical fabrics. Avoid fabric softeners as they can reduce moisture-wicking properties. For competition wear, follow specific care instructions on the label. Proper care ensures your investment lasts for years.""}]",[]
/clothing/outerwear/jackets,Casual Jacket,Casual Jacket | Premium Quality | The Equestrian,"Shop premium casual jacket including breeches, jodhpurs, riding tops and jackets. Free shipping Australia-wide. Expert advice available. Find the perfect...","casual jacket. Expertly selected for quality, durability, and performance. Whether you're competing or riding for leisure, find exactly what you need at The Equestrian.","<p>, . that .</p><h3>What Makes Great Casual Jacket?</h3><ul>
<li><strong>Competition Styles:</strong> Tailored show jackets in traditional colors (navy, black, grey).</li>
<li><strong>Technical Features:</strong> Stretch panels, breathable linings, water-resistant finishes.</li>
<li><strong>Fit:</strong> European sizing. Measure chest and arm length for best fit.</li>
<li><strong>Care:</strong> Dry clean only for show jackets. Softshells machine washable.</li>
</ul>
<h3>Australian Sizing & Climate</h3><p>All clothing sizes include Australian conversions for easy ordering. Our range is perfect for Australian conditions, with lightweight, breathable options for hot summers and thermal styles for cooler southern regions. Fast dispatch from our Australian warehouse with free shipping nationwide.</p>",,/clothing/outerwear,3,published,best-selling,"[{""question"":""What size should I order?"",""answer"":""We recommend consulting our detailed size guide for each brand, as sizing can vary between manufacturers. Most riders find their regular size works well, but competition wear may run smaller. When in doubt, size up for comfort, especially for items you'll wear over base layers.""},{""question"":""How do I care for technical riding clothing?"",""answer"":""Wash in cold water on a gentle cycle and hang to dry to preserve technical fabrics. Avoid fabric softeners as they can reduce moisture-wicking properties. For competition wear, follow specific care instructions on the label. Proper care ensures your investment lasts for years.""}]",[]
/clothing/outerwear/show-jackets,Competition Jacket,Competition Jacket | Premium Quality | The Equestrian,"Shop premium competition jacket including breeches, jodhpurs, riding tops and jackets. Free shipping Australia-wide. Expert advice available. Find the...","competition jacket. Expertly selected for quality, durability, and performance. Whether you're competing or riding for leisure, find exactly what you need at The Equestrian.","<p>, . that .</p><h3>What Makes Great Competition Jacket?</h3><ul>
<li><strong>Competition Styles:</strong> Tailored show jackets in traditional colors (navy, black, grey).</li>
<li><strong>Technical Features:</strong> Stretch panels, breathable linings, water-resistant finishes.</li>
<li><strong>Fit:</strong> European sizing. Measure chest and arm length for best fit.</li>
<li><strong>Care:</strong> Dry clean only for show jackets. Softshells machine washable.</li>
</ul>
<h3>Australian Sizing & Climate</h3><p>All clothing sizes include Australian conversions for easy ordering. Our range is perfect for Australian conditions, with lightweight, breathable options for hot summers and thermal styles for cooler southern regions. Fast dispatch from our Australian warehouse with free shipping nationwide.</p>",,/clothing/outerwear,3,published,best-selling,"[{""question"":""What size should I order?"",""answer"":""We recommend consulting our detailed size guide for each brand, as sizing can vary between manufacturers. Most riders find their regular size works well, but competition wear may run smaller. When in doubt, size up for comfort, especially for items you'll wear over base layers.""},{""question"":""How do I care for technical riding clothing?"",""answer"":""Wash in cold water on a gentle cycle and hang to dry to preserve technical fabrics. Avoid fabric softeners as they can reduce moisture-wicking properties. For competition wear, follow specific care instructions on the label. Proper care ensures your investment lasts for years.""}]",[]
/clothing/outerwear/oilskins,Oilskins,Oilskins | Premium Quality | The Equestrian,"Shop premium oilskins including breeches, jodhpurs, riding tops and jackets. Free shipping Australia-wide. Expert advice available. Find the perfect gear...","oilskins. Expertly selected for quality, durability, and performance. Whether you're competing or riding for leisure, find exactly what you need at The Equestrian.","<p>, . that .</p><h3>What Makes Great Oilskins?</h3><ul></ul>
<h3>Australian Sizing & Climate</h3><p>All clothing sizes include Australian conversions for easy ordering. Our range is perfect for Australian conditions, with lightweight, breathable options for hot summers and thermal styles for cooler southern regions. Fast dispatch from our Australian warehouse with free shipping nationwide.</p>",,/clothing/outerwear,3,published,best-selling,"[{""question"":""What size should I order?"",""answer"":""We recommend consulting our detailed size guide for each brand, as sizing can vary between manufacturers. Most riders find their regular size works well, but competition wear may run smaller. When in doubt, size up for comfort, especially for items you'll wear over base layers.""},{""question"":""How do I care for technical riding clothing?"",""answer"":""Wash in cold water on a gentle cycle and hang to dry to preserve technical fabrics. Avoid fabric softeners as they can reduce moisture-wicking properties. For competition wear, follow specific care instructions on the label. Proper care ensures your investment lasts for years.""}]",[]
/clothing/outerwear/riding-jackets,Riding Jacket,Riding Jacket | Premium Quality | The Equestrian,"Shop premium riding jacket including breeches, jodhpurs, riding tops and jackets. Free shipping Australia-wide. Expert advice available. Find the perfect...","riding jacket. Expertly selected for quality, durability, and performance. Whether you're competing or riding for leisure, find exactly what you need at The Equestrian.","<p>, . that .</p><h3>What Makes Great Riding Jacket?</h3><ul>
<li><strong>Competition Styles:</strong> Tailored show jackets in traditional colors (navy, black, grey).</li>
<li><strong>Technical Features:</strong> Stretch panels, breathable linings, water-resistant finishes.</li>
<li><strong>Fit:</strong> European sizing. Measure chest and arm length for best fit.</li>
<li><strong>Care:</strong> Dry clean only for show jackets. Softshells machine washable.</li>
</ul>
<h3>Australian Sizing & Climate</h3><p>All clothing sizes include Australian conversions for easy ordering. Our range is perfect for Australian conditions, with lightweight, breathable options for hot summers and thermal styles for cooler southern regions. Fast dispatch from our Australian warehouse with free shipping nationwide.</p>",,/clothing/outerwear,3,published,best-selling,"[{""question"":""What size should I order?"",""answer"":""We recommend consulting our detailed size guide for each brand, as sizing can vary between manufacturers. Most riders find their regular size works well, but competition wear may run smaller. When in doubt, size up for comfort, especially for items you'll wear over base layers.""},{""question"":""How do I care for technical riding clothing?"",""answer"":""Wash in cold water on a gentle cycle and hang to dry to preserve technical fabrics. Avoid fabric softeners as they can reduce moisture-wicking properties. For competition wear, follow specific care instructions on the label. Proper care ensures your investment lasts for years.""}]",[]
/clothing/sleepwear,Sleepwear,Sleepwear | Buy Online | The Equestrian,"Shop premium sleepwear including breeches, jodhpurs, riding tops and jackets. Free shipping Australia-wide. Expert advice available. Find the perfect gear...","sleepwear. Expertly selected for quality, durability, and performance. Whether you're competing or riding for leisure, find exactly what you need at The Equestrian.","<p>Discover our comprehensive collection of sleepwear, carefully curated to meet the demands of equestrians at every level. From competition-ready gear to everyday essentials, we stock only the finest brands known for quality, durability, and performance. Each product has been expertly selected by our team of experienced professionals who understand what truly matters.</p><h3>What Makes Great Sleepwear?</h3><ul></ul><h3>Australian Sizing & Climate</h3><p>All clothing sizes include Australian conversions for easy ordering. Our range is perfect for Australian conditions, with lightweight, breathable options for hot summers and thermal styles for cooler southern regions. Fast dispatch from our Australian warehouse with free shipping nationwide.</p>
<h3>Shop by Category</h3><p>Browse our specialized categories to find exactly what you need. Each section features products from world-leading brands trusted by professional enthusiasts. Not sure where to start? Our expert team is always here to help you make the right choice.</p>",,/clothing,2,published,best-selling,"[{""question"":""What size should I order?"",""answer"":""We recommend consulting our detailed size guide for each brand, as sizing can vary between manufacturers. Most riders find their regular size works well, but competition wear may run smaller. When in doubt, size up for comfort, especially for items you'll wear over base layers.""},{""question"":""How do I care for technical riding clothing?"",""answer"":""Wash in cold water on a gentle cycle and hang to dry to preserve technical fabrics. Avoid fabric softeners as they can reduce moisture-wicking properties. For competition wear, follow specific care instructions on the label. Proper care ensures your investment lasts for years.""}]",[]
/clothing/activewear,Sports,Sports | Buy Online | The Equestrian,"Shop premium sports including breeches, jodhpurs, riding tops and jackets. Free shipping Australia-wide. Expert advice available. Find the perfect gear for...","sports. Expertly selected for quality, durability, and performance. Whether you're competing or riding for leisure, find exactly what you need at The Equestrian.","<p>Discover our comprehensive collection of sports, carefully curated to meet the demands of equestrians at every level. From competition-ready gear to everyday essentials, we stock only the finest brands known for quality, durability, and performance. Each product has been expertly selected by our team of experienced professionals who understand what truly matters.</p><h3>What Makes Great Sports?</h3><ul></ul><h3>Australian Sizing & Climate</h3><p>All clothing sizes include Australian conversions for easy ordering. Our range is perfect for Australian conditions, with lightweight, breathable options for hot summers and thermal styles for cooler southern regions. Fast dispatch from our Australian warehouse with free shipping nationwide.</p>
<h3>Shop by Category</h3><p>Browse our specialized categories to find exactly what you need. Each section features products from world-leading brands trusted by professional enthusiasts. Not sure where to start? Our expert team is always here to help you make the right choice.</p>",,/clothing,2,published,best-selling,"[{""question"":""What size should I order?"",""answer"":""We recommend consulting our detailed size guide for each brand, as sizing can vary between manufacturers. Most riders find their regular size works well, but competition wear may run smaller. When in doubt, size up for comfort, especially for items you'll wear over base layers.""},{""question"":""How do I care for technical riding clothing?"",""answer"":""Wash in cold water on a gentle cycle and hang to dry to preserve technical fabrics. Avoid fabric softeners as they can reduce moisture-wicking properties. For competition wear, follow specific care instructions on the label. Proper care ensures your investment lasts for years.""}]",[]
/clothing/bottoms/shorts,Shorts,Shorts | Premium Quality | The Equestrian,"Shop premium shorts including breeches, jodhpurs, riding tops and jackets. Free shipping Australia-wide. Expert advice available. Find the perfect gear for...","shorts. Expertly selected for quality, durability, and performance. Whether you're competing or riding for leisure, find exactly what you need at The Equestrian.","<p>, . that .</p><h3>What Makes Great Shorts?</h3><ul></ul>
<h3>Australian Sizing & Climate</h3><p>All clothing sizes include Australian conversions for easy ordering. Our range is perfect for Australian conditions, with lightweight, breathable options for hot summers and thermal styles for cooler southern regions. Fast dispatch from our Australian warehouse with free shipping nationwide.</p>",,/clothing/bottoms,3,published,best-selling,"[{""question"":""What size should I order?"",""answer"":""We recommend consulting our detailed size guide for each brand, as sizing can vary between manufacturers. Most riders find their regular size works well, but competition wear may run smaller. When in doubt, size up for comfort, especially for items you'll wear over base layers.""},{""question"":""How do I care for technical riding clothing?"",""answer"":""Wash in cold water on a gentle cycle and hang to dry to preserve technical fabrics. Avoid fabric softeners as they can reduce moisture-wicking properties. For competition wear, follow specific care instructions on the label. Proper care ensures your investment lasts for years.""}]",[]
/horse/boots,Horse Boots,Horse Boots | Buy Online | The Equestrian,"Shop premium horse boots including brushing boots, tendon boots, travel boots and bell boots. Free shipping Australia-wide. Expert advice available. Find...","horse boots. Expertly selected for quality, durability, and performance. Whether you're competing or riding for leisure, find exactly what you need at The Equestrian.","<p>Discover our comprehensive collection of horse boots, carefully curated to meet the demands of horses at every level. From competition-ready gear to everyday essentials, we stock only the finest brands known for quality, durability, and performance. Each product has been expertly selected by our team of equine specialists who understand what truly matters.</p><h3>What Makes Great Horse Boots?</h3>
<p>Shop premium horse boots from leading brands including Weatherbeeta, Horseware, Eskadron and LeMieux. Each brand offers unique features and quality craftsmanship.</p><ul><li><strong>Protection & Support:</strong> Advanced impact absorption and tendon support for maximum safety during training and competition</li><li>Anatomically designed to move with your horse while staying securely in place</li><li><strong>Breathable Materials:</strong> Moisture-wicking fabrics that prevent overheating and maintain comfort</li><li><strong>Easy Maintenance:</strong> Durable construction that withstands frequent washing and daily use</li></ul><h3>Shop by Type</h3><p>Browse our specialized categories including <a href=""/horse/boots/bell-boots"">bell boots</a>,<a href=""/horse/boots/tendon-boots"">tendon boots</a>, and <a href=""/horse/boots/ice-boots"">ice boots</a>. Each category features products from world-leading brands trusted by professional equestrians.</p>",,/horse,2,published,best-selling,"[{""question"":""What type of horse boots do I need for my horse?"",""answer"":""The right horse boots depend on your horse's activity level and discipline. For jumping and eventing, tendon boots offer crucial protection. For turnout, bell boots prevent overreach injuries. For therapy and recovery, consider ice boots or magnetic boots. Our team can help you choose based on your specific needs.""},{""question"":""How do I know if horse boots fit properly?"",""answer"":""Properly fitted horse boots should sit snugly without restricting movement or causing pressure points. Check that straps are secure but not too tight, and ensure the boots don't rotate during movement. If you're unsure, consult our sizing guides or contact our expert team for personalized fitting advice.""}]","[{""url"":""/horse/bandages"",""title"":""Bandages & Wraps"",""description"":""Complement your boots with quality bandages""},{""url"":""/horse/grooming"",""title"":""Grooming Supplies"",""description"":""Keep your horse looking their best""}]"
/horse/boots/bell-boots,Bell Boots,Bell Boots | Premium Quality | The Equestrian,"Shop premium bell boots including brushing boots, tendon boots, travel boots and bell boots. Free shipping Australia-wide. Expert advice available. Find...","bell boots. Expertly selected for quality, durability, and performance. Whether you're competing or riding for leisure, find exactly what you need at The Equestrian.","<p>, . that .</p><h3>What Makes Great Bell Boots?</h3>
<p>Shop premium bell boots from leading brands including Weatherbeeta, Horseware, Eskadron and LeMieux. Each brand offers unique features and quality craftsmanship.</p><ul><li><strong>Protection & Support:</strong> Advanced impact absorption and tendon support for maximum safety during training and competition</li><li>Anatomically designed to move with your horse while staying securely in place</li><li><strong>Breathable Materials:</strong> Moisture-wicking fabrics that prevent overheating and maintain comfort</li><li><strong>Easy Maintenance:</strong> Durable construction that withstands frequent washing and daily use</li></ul>",,/horse/boots,3,published,best-selling,"[{""question"":""What type of bell boots do I need for my horse?"",""answer"":""The right bell boots depend on your horse's activity level and discipline. For jumping and eventing, tendon boots offer crucial protection. For turnout, bell boots prevent overreach injuries. For therapy and recovery, consider ice boots or magnetic boots. Our team can help you choose based on your specific needs.""},{""question"":""How do I know if bell boots fit properly?"",""answer"":""Properly fitted bell boots should sit snugly without restricting movement or causing pressure points. Check that straps are secure but not too tight, and ensure the boots don't rotate during movement. If you're unsure, consult our sizing guides or contact our expert team for personalized fitting advice.""}]","[{""url"":""/horse/bandages"",""title"":""Bandages & Wraps"",""description"":""Complement your boots with quality bandages""},{""url"":""/horse/grooming"",""title"":""Grooming Supplies"",""description"":""Keep your horse looking their best""}]"
/horse/boots/tendon-boots,Tendon Boots,Tendon Boots | Premium Quality | The Equestrian,"Shop premium tendon boots including brushing boots, tendon boots, travel boots and bell boots. Free shipping Australia-wide. Expert advice available. Find...","tendon boots. Expertly selected for quality, durability, and performance. Whether you're competing or riding for leisure, find exactly what you need at The Equestrian.","<p>, . that .</p><h3>What Makes Great Tendon Boots?</h3>
<p>Shop premium tendon boots from leading brands including Weatherbeeta, Horseware, Eskadron and LeMieux. Each brand offers unique features and quality craftsmanship.</p><ul><li><strong>Protection & Support:</strong> Advanced impact absorption and tendon support for maximum safety during training and competition</li><li>Anatomically designed to move with your horse while staying securely in place</li><li><strong>Breathable Materials:</strong> Moisture-wicking fabrics that prevent overheating and maintain comfort</li><li><strong>Easy Maintenance:</strong> Durable construction that withstands frequent washing and daily use</li></ul>",,/horse/boots,3,published,best-selling,"[{""question"":""What type of tendon boots do I need for my horse?"",""answer"":""The right tendon boots depend on your horse's activity level and discipline. For jumping and eventing, tendon boots offer crucial protection. For turnout, bell boots prevent overreach injuries. For therapy and recovery, consider ice boots or magnetic boots. Our team can help you choose based on your specific needs.""},{""question"":""How do I know if tendon boots fit properly?"",""answer"":""Properly fitted tendon boots should sit snugly without restricting movement or causing pressure points. Check that straps are secure but not too tight, and ensure the boots don't rotate during movement. If you're unsure, consult our sizing guides or contact our expert team for personalized fitting advice.""}]","[{""url"":""/horse/bandages"",""title"":""Bandages & Wraps"",""description"":""Complement your boots with quality bandages""},{""url"":""/horse/grooming"",""title"":""Grooming Supplies"",""description"":""Keep your horse looking their best""}]"
/horse/boots/ice-boots,Ice Boots,Ice Boots | Premium Quality | The Equestrian,"Shop premium ice boots including brushing boots, tendon boots, travel boots and bell boots. Free shipping Australia-wide. Expert advice available. Find the...","ice boots. Expertly selected for quality, durability, and performance. Whether you're competing or riding for leisure, find exactly what you need at The Equestrian.","<p>, . that .</p><h3>What Makes Great Ice Boots?</h3>
<p>Shop premium ice boots from leading brands including Weatherbeeta, Horseware, Eskadron and LeMieux. Each brand offers unique features and quality craftsmanship.</p><ul><li><strong>Protection & Support:</strong> Advanced impact absorption and tendon support for maximum safety during training and competition</li><li>Anatomically designed to move with your horse while staying securely in place</li><li><strong>Breathable Materials:</strong> Moisture-wicking fabrics that prevent overheating and maintain comfort</li><li><strong>Easy Maintenance:</strong> Durable construction that withstands frequent washing and daily use</li></ul>",,/horse/boots,3,published,best-selling,"[{""question"":""What type of ice boots do I need for my horse?"",""answer"":""The right ice boots depend on your horse's activity level and discipline. For jumping and eventing, tendon boots offer crucial protection. For turnout, bell boots prevent overreach injuries. For therapy and recovery, consider ice boots or magnetic boots. Our team can help you choose based on your specific needs.""},{""question"":""How do I know if ice boots fit properly?"",""answer"":""Properly fitted ice boots should sit snugly without restricting movement or causing pressure points. Check that straps are secure but not too tight, and ensure the boots don't rotate during movement. If you're unsure, consult our sizing guides or contact our expert team for personalized fitting advice.""}]","[{""url"":""/horse/bandages"",""title"":""Bandages & Wraps"",""description"":""Complement your boots with quality bandages""},{""url"":""/horse/grooming"",""title"":""Grooming Supplies"",""description"":""Keep your horse looking their best""}]"
/horse/boots/bandages,Bandages,Bandages | Premium Quality | The Equestrian,"Shop premium bandages including brushing boots, tendon boots, travel boots and bell boots. Free shipping Australia-wide. Expert advice available. Find the...","bandages. Expertly selected for quality, durability, and performance. Whether you're competing or riding for leisure, find exactly what you need at The Equestrian.","<p>, . that .</p><h3>What Makes Great Bandages?</h3>
<p>Shop premium bandages from leading brands including Weatherbeeta, Horseware, Eskadron and LeMieux. Each brand offers unique features and quality craftsmanship.</p><ul><li><strong>Protection & Support:</strong> Advanced impact absorption and tendon support for maximum safety during training and competition</li><li>Anatomically designed to move with your horse while staying securely in place</li><li><strong>Breathable Materials:</strong> Moisture-wicking fabrics that prevent overheating and maintain comfort</li><li><strong>Easy Maintenance:</strong> Durable construction that withstands frequent washing and daily use</li></ul>",,/horse/boots,3,published,best-selling,"[{""question"":""What type of bandages do I need for my horse?"",""answer"":""The right bandages depend on your horse's activity level and discipline. For jumping and eventing, tendon boots offer crucial protection. For turnout, bell boots prevent overreach injuries. For therapy and recovery, consider ice boots or magnetic boots. Our team can help you choose based on your specific needs.""},{""question"":""How do I know if bandages fit properly?"",""answer"":""Properly fitted bandages should sit snugly without restricting movement or causing pressure points. Check that straps are secure but not too tight, and ensure the boots don't rotate during movement. If you're unsure, consult our sizing guides or contact our expert team for personalized fitting advice.""}]","[{""url"":""/horse/bandages"",""title"":""Bandages & Wraps"",""description"":""Complement your boots with quality bandages""},{""url"":""/horse/grooming"",""title"":""Grooming Supplies"",""description"":""Keep your horse looking their best""}]"
/horse/boots/magnetic,Magnetic Boots,Magnetic Boots | Premium Quality | The Equestrian,"Shop premium magnetic boots including brushing boots, tendon boots, travel boots and bell boots. Free shipping Australia-wide. Expert advice available.","magnetic boots. Expertly selected for quality, durability, and performance. Whether you're competing or riding for leisure, find exactly what you need at The Equestrian.","<p>, . that .</p><h3>What Makes Great Magnetic Boots?</h3>
<p>Shop premium magnetic boots from leading brands including Weatherbeeta, Horseware, Eskadron and LeMieux. Each brand offers unique features and quality craftsmanship.</p><ul><li><strong>Protection & Support:</strong> Advanced impact absorption and tendon support for maximum safety during training and competition</li><li>Anatomically designed to move with your horse while staying securely in place</li><li><strong>Breathable Materials:</strong> Moisture-wicking fabrics that prevent overheating and maintain comfort</li><li><strong>Easy Maintenance:</strong> Durable construction that withstands frequent washing and daily use</li></ul>",,/horse/boots,3,published,best-selling,"[{""question"":""What type of magnetic boots do I need for my horse?"",""answer"":""The right magnetic boots depend on your horse's activity level and discipline. For jumping and eventing, tendon boots offer crucial protection. For turnout, bell boots prevent overreach injuries. For therapy and recovery, consider ice boots or magnetic boots. Our team can help you choose based on your specific needs.""},{""question"":""How do I know if magnetic boots fit properly?"",""answer"":""Properly fitted magnetic boots should sit snugly without restricting movement or causing pressure points. Check that straps are secure but not too tight, and ensure the boots don't rotate during movement. If you're unsure, consult our sizing guides or contact our expert team for personalized fitting advice.""}]","[{""url"":""/horse/bandages"",""title"":""Bandages & Wraps"",""description"":""Complement your boots with quality bandages""},{""url"":""/horse/grooming"",""title"":""Grooming Supplies"",""description"":""Keep your horse looking their best""}]"
/horse/boots/therapy,Therapy Boots,Therapy Boots | Premium Quality | The Equestrian,"Shop premium therapy boots including brushing boots, tendon boots, travel boots and bell boots. Free shipping Australia-wide. Expert advice available.","therapy boots. Expertly selected for quality, durability, and performance. Whether you're competing or riding for leisure, find exactly what you need at The Equestrian.","<p>, . that .</p><h3>What Makes Great Therapy Boots?</h3>
<p>Shop premium therapy boots from leading brands including Weatherbeeta, Horseware, Eskadron and LeMieux. Each brand offers unique features and quality craftsmanship.</p><ul><li><strong>Protection & Support:</strong> Advanced impact absorption and tendon support for maximum safety during training and competition</li><li>Anatomically designed to move with your horse while staying securely in place</li><li><strong>Breathable Materials:</strong> Moisture-wicking fabrics that prevent overheating and maintain comfort</li><li><strong>Easy Maintenance:</strong> Durable construction that withstands frequent washing and daily use</li></ul>",,/horse/boots,3,published,best-selling,"[{""question"":""What type of therapy boots do I need for my horse?"",""answer"":""The right therapy boots depend on your horse's activity level and discipline. For jumping and eventing, tendon boots offer crucial protection. For turnout, bell boots prevent overreach injuries. For therapy and recovery, consider ice boots or magnetic boots. Our team can help you choose based on your specific needs.""},{""question"":""How do I know if therapy boots fit properly?"",""answer"":""Properly fitted therapy boots should sit snugly without restricting movement or causing pressure points. Check that straps are secure but not too tight, and ensure the boots don't rotate during movement. If you're unsure, consult our sizing guides or contact our expert team for personalized fitting advice.""}]","[{""url"":""/horse/bandages"",""title"":""Bandages & Wraps"",""description"":""Complement your boots with quality bandages""},{""url"":""/horse/grooming"",""title"":""Grooming Supplies"",""description"":""Keep your horse looking their best""}]"
/horse/boots/fetlock,Fetlock boots,Fetlock boots | Premium Quality | The Equestrian,"Shop premium fetlock boots including brushing boots, tendon boots, travel boots and bell boots. Free shipping Australia-wide. Expert advice available.","fetlock boots. Expertly selected for quality, durability, and performance. Whether you're competing or riding for leisure, find exactly what you need at The Equestrian.","<p>, . that .</p><h3>What Makes Great Fetlock boots?</h3>
<p>Shop premium fetlock boots from leading brands including Weatherbeeta, Horseware, Eskadron and LeMieux. Each brand offers unique features and quality craftsmanship.</p><ul><li><strong>Protection & Support:</strong> Advanced impact absorption and tendon support for maximum safety during training and competition</li><li>Anatomically designed to move with your horse while staying securely in place</li><li><strong>Breathable Materials:</strong> Moisture-wicking fabrics that prevent overheating and maintain comfort</li><li><strong>Easy Maintenance:</strong> Durable construction that withstands frequent washing and daily use</li></ul>",,/horse/boots,3,published,best-selling,"[{""question"":""What type of fetlock boots do I need for my horse?"",""answer"":""The right fetlock boots depend on your horse's activity level and discipline. For jumping and eventing, tendon boots offer crucial protection. For turnout, bell boots prevent overreach injuries. For therapy and recovery, consider ice boots or magnetic boots. Our team can help you choose based on your specific needs.""},{""question"":""How do I know if fetlock boots fit properly?"",""answer"":""Properly fitted fetlock boots should sit snugly without restricting movement or causing pressure points. Check that straps are secure but not too tight, and ensure the boots don't rotate during movement. If you're unsure, consult our sizing guides or contact our expert team for personalized fitting advice.""}]","[{""url"":""/horse/bandages"",""title"":""Bandages & Wraps"",""description"":""Complement your boots with quality bandages""},{""url"":""/horse/grooming"",""title"":""Grooming Supplies"",""description"":""Keep your horse looking their best""}]"
/horse/boots/overreach,Overreach Boots,Overreach Boots | Premium Quality | The Equestrian,"Shop premium overreach boots including brushing boots, tendon boots, travel boots and bell boots. Free shipping Australia-wide. Expert advice available.","overreach boots. Expertly selected for quality, durability, and performance. Whether you're competing or riding for leisure, find exactly what you need at The Equestrian.","<p>, . that .</p><h3>What Makes Great Overreach Boots?</h3>
<p>Shop premium overreach boots from leading brands including Weatherbeeta, Horseware, Eskadron and LeMieux. Each brand offers unique features and quality craftsmanship.</p><ul><li><strong>Protection & Support:</strong> Advanced impact absorption and tendon support for maximum safety during training and competition</li><li>Anatomically designed to move with your horse while staying securely in place</li><li><strong>Breathable Materials:</strong> Moisture-wicking fabrics that prevent overheating and maintain comfort</li><li><strong>Easy Maintenance:</strong> Durable construction that withstands frequent washing and daily use</li></ul>",,/horse/boots,3,published,best-selling,"[{""question"":""What type of overreach boots do I need for my horse?"",""answer"":""The right overreach boots depend on your horse's activity level and discipline. For jumping and eventing, tendon boots offer crucial protection. For turnout, bell boots prevent overreach injuries. For therapy and recovery, consider ice boots or magnetic boots. Our team can help you choose based on your specific needs.""},{""question"":""How do I know if overreach boots fit properly?"",""answer"":""Properly fitted overreach boots should sit snugly without restricting movement or causing pressure points. Check that straps are secure but not too tight, and ensure the boots don't rotate during movement. If you're unsure, consult our sizing guides or contact our expert team for personalized fitting advice.""}]","[{""url"":""/horse/bandages"",""title"":""Bandages & Wraps"",""description"":""Complement your boots with quality bandages""},{""url"":""/horse/grooming"",""title"":""Grooming Supplies"",""description"":""Keep your horse looking their best""}]"
/horse/boots/accessories,Boots - Boot Accessories,Boots - Boot Accessories | Premium Quality | The Equestrian,"Shop premium boots - boot accessories including brushing boots, tendon boots, travel boots and bell boots. Free shipping Australia-wide. Expert advice...","boots - boot accessories. Expertly selected for quality, durability, and performance. Whether you're competing or riding for leisure, find exactly what you need at The Equestrian.","<p>, . that .</p><h3>What Makes Great Boots - Boot Accessories?</h3>
<p>Shop premium boots - boot accessories from leading brands including Weatherbeeta, Horseware, Eskadron and LeMieux. Each brand offers unique features and quality craftsmanship.</p><ul><li><strong>Protection & Support:</strong> Advanced impact absorption and tendon support for maximum safety during training and competition</li><li>Anatomically designed to move with your horse while staying securely in place</li><li><strong>Breathable Materials:</strong> Moisture-wicking fabrics that prevent overheating and maintain comfort</li><li><strong>Easy Maintenance:</strong> Durable construction that withstands frequent washing and daily use</li></ul>",,/horse/boots,3,published,best-selling,"[{""question"":""What type of boots - boot accessories do I need for my horse?"",""answer"":""The right boots - boot accessories depend on your horse's activity level and discipline. For jumping and eventing, tendon boots offer crucial protection. For turnout, bell boots prevent overreach injuries. For therapy and recovery, consider ice boots or magnetic boots. Our team can help you choose based on your specific needs.""},{""question"":""How do I know if boots - boot accessories fit properly?"",""answer"":""Properly fitted boots - boot accessories should sit snugly without restricting movement or causing pressure points. Check that straps are secure but not too tight, and ensure the boots don't rotate during movement. If you're unsure, consult our sizing guides or contact our expert team for personalized fitting advice.""}]","[{""url"":""/horse/bandages"",""title"":""Bandages & Wraps"",""description"":""Complement your boots with quality bandages""},{""url"":""/horse/grooming"",""title"":""Grooming Supplies"",""description"":""Keep your horse looking their best""}]"
/horse/boots/exercise,Exercise Boots,Exercise Boots | Premium Quality | The Equestrian,"Shop premium exercise boots including brushing boots, tendon boots, travel boots and bell boots. Free shipping Australia-wide. Expert advice available.","exercise boots. Expertly selected for quality, durability, and performance. Whether you're competing or riding for leisure, find exactly what you need at The Equestrian.","<p>, . that .</p><h3>What Makes Great Exercise Boots?</h3>
<p>Shop premium exercise boots from leading brands including Weatherbeeta, Horseware, Eskadron and LeMieux. Each brand offers unique features and quality craftsmanship.</p><ul><li><strong>Protection & Support:</strong> Advanced impact absorption and tendon support for maximum safety during training and competition</li><li>Anatomically designed to move with your horse while staying securely in place</li><li><strong>Breathable Materials:</strong> Moisture-wicking fabrics that prevent overheating and maintain comfort</li><li><strong>Easy Maintenance:</strong> Durable construction that withstands frequent washing and daily use</li></ul>",,/horse/boots,3,published,best-selling,"[{""question"":""What type of exercise boots do I need for my horse?"",""answer"":""The right exercise boots depend on your horse's activity level and discipline. For jumping and eventing, tendon boots offer crucial protection. For turnout, bell boots prevent overreach injuries. For therapy and recovery, consider ice boots or magnetic boots. Our team can help you choose based on your specific needs.""},{""question"":""How do I know if exercise boots fit properly?"",""answer"":""Properly fitted exercise boots should sit snugly without restricting movement or causing pressure points. Check that straps are secure but not too tight, and ensure the boots don't rotate during movement. If you're unsure, consult our sizing guides or contact our expert team for personalized fitting advice.""}]","[{""url"":""/horse/bandages"",""title"":""Bandages & Wraps"",""description"":""Complement your boots with quality bandages""},{""url"":""/horse/grooming"",""title"":""Grooming Supplies"",""description"":""Keep your horse looking their best""}]"
/horse/boots/eventing,Eventing Boots,Eventing Boots | Premium Quality | The Equestrian,"Shop premium eventing boots including brushing boots, tendon boots, travel boots and bell boots. Free shipping Australia-wide. Expert advice available.","eventing boots. Expertly selected for quality, durability, and performance. Whether you're competing or riding for leisure, find exactly what you need at The Equestrian.","<p>, . that .</p><h3>What Makes Great Eventing Boots?</h3>
<p>Shop premium eventing boots from leading brands including Weatherbeeta, Horseware, Eskadron and LeMieux. Each brand offers unique features and quality craftsmanship.</p><ul><li><strong>Protection & Support:</strong> Advanced impact absorption and tendon support for maximum safety during training and competition</li><li>Anatomically designed to move with your horse while staying securely in place</li><li><strong>Breathable Materials:</strong> Moisture-wicking fabrics that prevent overheating and maintain comfort</li><li><strong>Easy Maintenance:</strong> Durable construction that withstands frequent washing and daily use</li></ul>",,/horse/boots,3,published,best-selling,"[{""question"":""What type of eventing boots do I need for my horse?"",""answer"":""The right eventing boots depend on your horse's activity level and discipline. For jumping and eventing, tendon boots offer crucial protection. For turnout, bell boots prevent overreach injuries. For therapy and recovery, consider ice boots or magnetic boots. Our team can help you choose based on your specific needs.""},{""question"":""How do I know if eventing boots fit properly?"",""answer"":""Properly fitted eventing boots should sit snugly without restricting movement or causing pressure points. Check that straps are secure but not too tight, and ensure the boots don't rotate during movement. If you're unsure, consult our sizing guides or contact our expert team for personalized fitting advice.""}]","[{""url"":""/horse/bandages"",""title"":""Bandages & Wraps"",""description"":""Complement your boots with quality bandages""},{""url"":""/horse/grooming"",""title"":""Grooming Supplies"",""description"":""Keep your horse looking their best""}]"
/horse/boots/float,Float Boots,Float Boots | Premium Quality | The Equestrian,"Shop premium float boots including brushing boots, tendon boots, travel boots and bell boots. Free shipping Australia-wide. Expert advice available. Find...","float boots. Expertly selected for quality, durability, and performance. Whether you're competing or riding for leisure, find exactly what you need at The Equestrian.","<p>, . that .</p><h3>What Makes Great Float Boots?</h3>
<p>Shop premium float boots from leading brands including Weatherbeeta, Horseware, Eskadron and LeMieux. Each brand offers unique features and quality craftsmanship.</p><ul><li><strong>Protection & Support:</strong> Advanced impact absorption and tendon support for maximum safety during training and competition</li><li>Anatomically designed to move with your horse while staying securely in place</li><li><strong>Breathable Materials:</strong> Moisture-wicking fabrics that prevent overheating and maintain comfort</li><li><strong>Easy Maintenance:</strong> Durable construction that withstands frequent washing and daily use</li></ul>",,/horse/boots,3,published,best-selling,"[{""question"":""What type of float boots do I need for my horse?"",""answer"":""The right float boots depend on your horse's activity level and discipline. For jumping and eventing, tendon boots offer crucial protection. For turnout, bell boots prevent overreach injuries. For therapy and recovery, consider ice boots or magnetic boots. Our team can help you choose based on your specific needs.""},{""question"":""How do I know if float boots fit properly?"",""answer"":""Properly fitted float boots should sit snugly without restricting movement or causing pressure points. Check that straps are secure but not too tight, and ensure the boots don't rotate during movement. If you're unsure, consult our sizing guides or contact our expert team for personalized fitting advice.""}]","[{""url"":""/horse/bandages"",""title"":""Bandages & Wraps"",""description"":""Complement your boots with quality bandages""},{""url"":""/horse/grooming"",""title"":""Grooming Supplies"",""description"":""Keep your horse looking their best""}]"
/horse/boots/travel,Travel Boots,Travel Boots | Premium Quality | The Equestrian,"Shop premium travel boots including brushing boots, tendon boots, travel boots and bell boots. Free shipping Australia-wide. Expert advice available. Find...","travel boots. Expertly selected for quality, durability, and performance. Whether you're competing or riding for leisure, find exactly what you need at The Equestrian.","<p>, . that .</p><h3>What Makes Great Travel Boots?</h3>
<p>Shop premium travel boots from leading brands including Weatherbeeta, Horseware, Eskadron and LeMieux. Each brand offers unique features and quality craftsmanship.</p><ul><li><strong>Protection & Support:</strong> Advanced impact absorption and tendon support for maximum safety during training and competition</li><li>Anatomically designed to move with your horse while staying securely in place</li><li><strong>Breathable Materials:</strong> Moisture-wicking fabrics that prevent overheating and maintain comfort</li><li><strong>Easy Maintenance:</strong> Durable construction that withstands frequent washing and daily use</li></ul>",,/horse/boots,3,published,best-selling,"[{""question"":""What type of travel boots do I need for my horse?"",""answer"":""The right travel boots depend on your horse's activity level and discipline. For jumping and eventing, tendon boots offer crucial protection. For turnout, bell boots prevent overreach injuries. For therapy and recovery, consider ice boots or magnetic boots. Our team can help you choose based on your specific needs.""},{""question"":""How do I know if travel boots fit properly?"",""answer"":""Properly fitted travel boots should sit snugly without restricting movement or causing pressure points. Check that straps are secure but not too tight, and ensure the boots don't rotate during movement. If you're unsure, consult our sizing guides or contact our expert team for personalized fitting advice.""}]","[{""url"":""/horse/bandages"",""title"":""Bandages & Wraps"",""description"":""Complement your boots with quality bandages""},{""url"":""/horse/grooming"",""title"":""Grooming Supplies"",""description"":""Keep your horse looking their best""}]"
/horse/boots/polos-wraps,Polos and Wraps,Polos and Wraps | Premium Quality | The Equestrian,"Shop premium polos and wraps including brushing boots, tendon boots, travel boots and bell boots. Free shipping Australia-wide. Expert advice available.","polos and wraps. Expertly selected for quality, durability, and performance. Whether you're competing or riding for leisure, find exactly what you need at The Equestrian.","<p>, . that .</p><h3>What Makes Great Polos and Wraps?</h3>
<p>Shop premium polos and wraps from leading brands including Weatherbeeta, Horseware, Eskadron and LeMieux. Each brand offers unique features and quality craftsmanship.</p><ul><li><strong>Protection & Support:</strong> Advanced impact absorption and tendon support for maximum safety during training and competition</li><li>Anatomically designed to move with your horse while staying securely in place</li><li><strong>Breathable Materials:</strong> Moisture-wicking fabrics that prevent overheating and maintain comfort</li><li><strong>Easy Maintenance:</strong> Durable construction that withstands frequent washing and daily use</li></ul>",,/horse/boots,3,published,best-selling,"[{""question"":""What type of polos and wraps do I need for my horse?"",""answer"":""The right polos and wraps depend on your horse's activity level and discipline. For jumping and eventing, tendon boots offer crucial protection. For turnout, bell boots prevent overreach injuries. For therapy and recovery, consider ice boots or magnetic boots. Our team can help you choose based on your specific needs.""},{""question"":""How do I know if polos and wraps fit properly?"",""answer"":""Properly fitted polos and wraps should sit snugly without restricting movement or causing pressure points. Check that straps are secure but not too tight, and ensure the boots don't rotate during movement. If you're unsure, consult our sizing guides or contact our expert team for personalized fitting advice.""}]","[{""url"":""/horse/bandages"",""title"":""Bandages & Wraps"",""description"":""Complement your boots with quality bandages""},{""url"":""/horse/grooming"",""title"":""Grooming Supplies"",""description"":""Keep your horse looking their best""}]"
/horse/boots/stable,Stable Boots,Stable Boots | Premium Quality | The Equestrian,"Shop premium stable boots including brushing boots, tendon boots, travel boots and bell boots. Free shipping Australia-wide. Expert advice available. Find...","stable boots. Expertly selected for quality, durability, and performance. Whether you're competing or riding for leisure, find exactly what you need at The Equestrian.","<p>, . that .</p><h3>What Makes Great Stable Boots?</h3>
<p>Shop premium stable boots from leading brands including Weatherbeeta, Horseware, Eskadron and LeMieux. Each brand offers unique features and quality craftsmanship.</p><ul><li><strong>Protection & Support:</strong> Advanced impact absorption and tendon support for maximum safety during training and competition</li><li>Anatomically designed to move with your horse while staying securely in place</li><li><strong>Breathable Materials:</strong> Moisture-wicking fabrics that prevent overheating and maintain comfort</li><li><strong>Easy Maintenance:</strong> Durable construction that withstands frequent washing and daily use</li></ul>",,/horse/boots,3,published,best-selling,"[{""question"":""What type of stable boots do I need for my horse?"",""answer"":""The right stable boots depend on your horse's activity level and discipline. For jumping and eventing, tendon boots offer crucial protection. For turnout, bell boots prevent overreach injuries. For therapy and recovery, consider ice boots or magnetic boots. Our team can help you choose based on your specific needs.""},{""question"":""How do I know if stable boots fit properly?"",""answer"":""Properly fitted stable boots should sit snugly without restricting movement or causing pressure points. Check that straps are secure but not too tight, and ensure the boots don't rotate during movement. If you're unsure, consult our sizing guides or contact our expert team for personalized fitting advice.""}]","[{""url"":""/horse/bandages"",""title"":""Bandages & Wraps"",""description"":""Complement your boots with quality bandages""},{""url"":""/horse/grooming"",""title"":""Grooming Supplies"",""description"":""Keep your horse looking their best""}]"
/horse/boots/jumping,Jumping Boots,Jumping Boots | Premium Quality | The Equestrian,"Shop premium jumping boots including brushing boots, tendon boots, travel boots and bell boots. Free shipping Australia-wide. Expert advice available.","jumping boots. Expertly selected for quality, durability, and performance. Whether you're competing or riding for leisure, find exactly what you need at The Equestrian.","<p>, . that .</p><h3>What Makes Great Jumping Boots?</h3>
<p>Shop premium jumping boots from leading brands including Weatherbeeta, Horseware, Eskadron and LeMieux. Each brand offers unique features and quality craftsmanship.</p><ul><li><strong>Protection & Support:</strong> Advanced impact absorption and tendon support for maximum safety during training and competition</li><li>Anatomically designed to move with your horse while staying securely in place</li><li><strong>Breathable Materials:</strong> Moisture-wicking fabrics that prevent overheating and maintain comfort</li><li><strong>Easy Maintenance:</strong> Durable construction that withstands frequent washing and daily use</li></ul>",,/horse/boots,3,published,best-selling,"[{""question"":""What type of jumping boots do I need for my horse?"",""answer"":""The right jumping boots depend on your horse's activity level and discipline. For jumping and eventing, tendon boots offer crucial protection. For turnout, bell boots prevent overreach injuries. For therapy and recovery, consider ice boots or magnetic boots. Our team can help you choose based on your specific needs.""},{""question"":""How do I know if jumping boots fit properly?"",""answer"":""Properly fitted jumping boots should sit snugly without restricting movement or causing pressure points. Check that straps are secure but not too tight, and ensure the boots don't rotate during movement. If you're unsure, consult our sizing guides or contact our expert team for personalized fitting advice.""}]","[{""url"":""/horse/bandages"",""title"":""Bandages & Wraps"",""description"":""Complement your boots with quality bandages""},{""url"":""/horse/grooming"",""title"":""Grooming Supplies"",""description"":""Keep your horse looking their best""}]"
/horse/boots/fly-boots,Fly Boots,Fly Boots | Premium Quality | The Equestrian,"Shop premium fly boots including brushing boots, tendon boots, travel boots and bell boots. Free shipping Australia-wide. Expert advice available. Find the...","fly boots. Expertly selected for quality, durability, and performance. Whether you're competing or riding for leisure, find exactly what you need at The Equestrian.","<p>, . that .</p><h3>What Makes Great Fly Boots?</h3>
<p>Shop premium fly boots from leading brands including Weatherbeeta, Horseware, Eskadron and LeMieux. Each brand offers unique features and quality craftsmanship.</p><ul><li><strong>Protection & Support:</strong> Advanced impact absorption and tendon support for maximum safety during training and competition</li><li>Anatomically designed to move with your horse while staying securely in place</li><li><strong>Breathable Materials:</strong> Moisture-wicking fabrics that prevent overheating and maintain comfort</li><li><strong>Easy Maintenance:</strong> Durable construction that withstands frequent washing and daily use</li></ul>",,/horse/boots,3,published,best-selling,"[{""question"":""What type of fly boots do I need for my horse?"",""answer"":""The right fly boots depend on your horse's activity level and discipline. For jumping and eventing, tendon boots offer crucial protection. For turnout, bell boots prevent overreach injuries. For therapy and recovery, consider ice boots or magnetic boots. Our team can help you choose based on your specific needs.""},{""question"":""How do I know if fly boots fit properly?"",""answer"":""Properly fitted fly boots should sit snugly without restricting movement or causing pressure points. Check that straps are secure but not too tight, and ensure the boots don't rotate during movement. If you're unsure, consult our sizing guides or contact our expert team for personalized fitting advice.""}]","[{""url"":""/horse/bandages"",""title"":""Bandages & Wraps"",""description"":""Complement your boots with quality bandages""},{""url"":""/horse/grooming"",""title"":""Grooming Supplies"",""description"":""Keep your horse looking their best""}]"
/horse/bits,Bits,Bits | Buy Online | The Equestrian,"Shop premium bits including snaffle bits, pelham bits, weymouth bits and bit guards. Free shipping Australia-wide. Expert advice available. Find the...","bits. Expertly selected for quality, durability, and performance. Whether you're competing or riding for leisure, find exactly what you need at The Equestrian.","<p>Discover our comprehensive collection of bits, carefully curated to meet the demands of horses at every level. From competition-ready gear to everyday essentials, we stock only the finest brands known for quality, durability, and performance. Each product has been expertly selected by our team of equine specialists who understand what truly matters.</p><h3>What Makes Great Bits?</h3><ul><li>horses and riders</li><li>in equestrian sports</li><li><strong>Value:</strong> </li></ul><h3>Shop by Type</h3><p>Browse our specialized categories including <a href=""/horse/bits/accessories"">bits - bit accessories</a>. Each category features products from world-leading brands trusted by professional equestrians.</p>",,/horse,2,published,best-selling,"[{""question"":""How do I choose the right bits?"",""answer"":""Consider your specific needs, budget, and intended use. Read product descriptions carefully and check sizing information. Our customer reviews provide valuable insights from real users. If you're unsure, our expert team is always happy to provide personalized recommendations.""},{""question"":""Do you offer free shipping on bits?"",""answer"":""Yes! We offer free shipping on all orders within Australia. Orders are typically processed within 1-2 business days. For urgent needs, express shipping options are available at checkout.""}]",[]
/horse/bits/accessories,Bits - Bit Accessories,Bits - Bit Accessories | Premium Quality | The Equestrian,"Shop premium bits - bit accessories including snaffle bits, pelham bits, weymouth bits and bit guards. Free shipping Australia-wide. Expert advice available.","bits - bit accessories. Expertly selected for quality, durability, and performance. Whether you're competing or riding for leisure, find exactly what you need at The Equestrian.","<p>, . that .</p><h3>What Makes Great Bits - Bit Accessories?</h3><ul><li>horses and riders</li><li>in equestrian sports</li><li><strong>Value:</strong> </li></ul>",,/horse/bits,3,published,best-selling,"[{""question"":""How do I choose the right bits - bit accessories?"",""answer"":""Consider your specific needs, budget, and intended use. Read product descriptions carefully and check sizing information. Our customer reviews provide valuable insights from real users. If you're unsure, our expert team is always happy to provide personalized recommendations.""},{""question"":""Do you offer free shipping on bits - bit accessories?"",""answer"":""Yes! We offer free shipping on all orders within Australia. Orders are typically processed within 1-2 business days. For urgent needs, express shipping options are available at checkout.""}]",[]
/horse/grooming,Grooming,Grooming | Buy Online | The Equestrian,"Shop premium grooming including brushes, combs, hoof picks and grooming kits. Free shipping Australia-wide. Expert advice available. Find the perfect gear...","grooming. Expertly selected for quality, durability, and performance. Whether you're competing or riding for leisure, find exactly what you need at The Equestrian.","<p>Discover our comprehensive collection of grooming, carefully curated to meet the demands of horses at every level. From competition-ready gear to everyday essentials, we stock only the finest brands known for quality, durability, and performance. Each product has been expertly selected by our team of equine specialists who understand what truly matters.</p><h3>What Makes Great Grooming?</h3>
<p>Shop premium grooming from leading brands including Oster, Wahl and Mane & Tail. Each brand offers unique features and quality craftsmanship.</p><ul>
<li><strong>Brush Types:</strong> Body brushes, dandy brushes, curry combs, mane combs.</li>
<li><strong>Materials:</strong> Natural bristles, synthetic, rubber, and metal options.</li>
<li><strong>Kits:</strong> Complete grooming kits include 6-8 essential tools in carry bag.</li>
<li><strong>Maintenance:</strong> Wash brushes regularly. Replace worn bristles.</li>
</ul><h3>Shop by Type</h3><p>Browse our specialized categories including <a href=""/horse/grooming/show-prep"">show preparation</a>,<a href=""/horse/grooming/brushes"">horse grooming combs, brushes & mitts</a>, and <a href=""/horse/grooming/coat-care"">coat care</a>. Each category features products from world-leading brands trusted by professional equestrians.</p>
<h3>Perfect for Australian Conditions</h3><p>Essential grooming tools for Australian horse care. Particularly important during fly season (October-April) and for managing dust in dry conditions. Free shipping Australia-wide on all orders.</p>
<h3>How to Choose Grooming Tools</h3>
<p><strong>Essential Tools:</strong> Start with basics - curry comb, body brush, dandy brush, mane comb, hoof pick. Complete kits (6-8 tools) offer good value for beginners. Add specialized tools as needed for your horse's coat type and your grooming routine.</p>
<p><strong>Brush Types:</strong> Rubber curry combs loosen dirt and shed hair. Body brushes with soft bristles remove fine dust. Dandy brushes with stiff bristles tackle dried mud. Natural bristles are gentler; synthetic bristles are more durable.</p>
<p><strong>Quality Considerations:</strong> Well-made brushes last years with proper care. Look for secure bristle attachment and comfortable handles. Premium brushes often feature ergonomic designs that reduce hand fatigue during long grooming sessions.</p>
<p><strong>Special Needs:</strong> Sensitive horses need softer brushes. Horses with thick coats benefit from metal curry combs. During Australian fly season, add fly spray and face grooming tools to your kit.</p>
<h3>Perfect For</h3>
<ul>
<li><strong>Daily Care:</strong> Essential grooming tools for routine maintenance. Curry comb, body brush, and hoof pick form the core of daily grooming.</li>
<li><strong>Show Preparation:</strong> Specialized tools for competition turnout. Finishing brushes, mane combs, and coat polish create show-ring ready appearance.</li>
<li><strong>Fly Season:</strong> Grooming combined with fly spray application essential October-April in Australia. Face grooming tools for sensitive areas.</li>
<li><strong>Shedding Season:</strong> Shedding blades and rubber curry combs efficiently remove loose hair during seasonal coat changes. Extra grooming needed spring and autumn.</li>
</ul>",,/horse,2,published,best-selling,"[{""question"":""What grooming tools do I need for my horse?"",""answer"":""Essential tools include: curry comb (rubber or metal), body brush, dandy brush, mane comb, hoof pick, and sponges. Complete grooming kits typically include 6-8 tools. Add specialized tools like shedding blades for seasonal coat changes and sweat scrapers for after work.""},{""question"":""How often should I groom my horse?"",""answer"":""Daily grooming is ideal for bonding and health monitoring. At minimum, groom before and after riding to remove dirt and check for injuries. During Australian fly season (October-April), regular grooming with fly spray application is especially important. Increase grooming during shedding seasons.""},{""question"":""How do I maintain my grooming brushes?"",""answer"":""Wash brushes weekly with mild soap and warm water. Remove hair buildup after each use. Allow to dry completely before storing. Replace worn bristles. Natural bristle brushes last longer with proper care. Store in a dry grooming box to protect from dust and moisture.""}]","[{""url"":""/horse/rugs"",""title"":""Horse Rugs"",""description"":""Keep your horse comfortable year-round""},{""url"":""/horse/stable"",""title"":""Stable Equipment"",""description"":""Complete stable management solutions""}]"
/horse/grooming/show-prep,Show Preparation,Show Preparation | Premium Quality | The Equestrian,"Shop premium show preparation including brushes, combs, hoof picks and grooming kits. Free shipping Australia-wide. Expert advice available. Find the...","show preparation. Expertly selected for quality, durability, and performance. Whether you're competing or riding for leisure, find exactly what you need at The Equestrian.","<p>, . that .</p><h3>What Makes Great Show Preparation?</h3>
<p>Shop premium show preparation from leading brands including Oster, Wahl and Mane & Tail. Each brand offers unique features and quality craftsmanship.</p><ul>
<li><strong>Brush Types:</strong> Body brushes, dandy brushes, curry combs, mane combs.</li>
<li><strong>Materials:</strong> Natural bristles, synthetic, rubber, and metal options.</li>
<li><strong>Kits:</strong> Complete grooming kits include 6-8 essential tools in carry bag.</li>
<li><strong>Maintenance:</strong> Wash brushes regularly. Replace worn bristles.</li>
</ul>
<h3>Perfect for Australian Conditions</h3><p>Essential grooming tools for Australian horse care. Particularly important during fly season (October-April) and for managing dust in dry conditions. Free shipping Australia-wide on all orders.</p>",,/horse/grooming,3,published,best-selling,"[{""question"":""What grooming tools do I need for my horse?"",""answer"":""Essential tools include: curry comb (rubber or metal), body brush, dandy brush, mane comb, hoof pick, and sponges. Complete grooming kits typically include 6-8 tools. Add specialized tools like shedding blades for seasonal coat changes and sweat scrapers for after work.""},{""question"":""How often should I groom my horse?"",""answer"":""Daily grooming is ideal for bonding and health monitoring. At minimum, groom before and after riding to remove dirt and check for injuries. During Australian fly season (October-April), regular grooming with fly spray application is especially important. Increase grooming during shedding seasons.""},{""question"":""How do I maintain my grooming brushes?"",""answer"":""Wash brushes weekly with mild soap and warm water. Remove hair buildup after each use. Allow to dry completely before storing. Replace worn bristles. Natural bristle brushes last longer with proper care. Store in a dry grooming box to protect from dust and moisture.""}]","[{""url"":""/horse/rugs"",""title"":""Horse Rugs"",""description"":""Keep your horse comfortable year-round""},{""url"":""/horse/stable"",""title"":""Stable Equipment"",""description"":""Complete stable management solutions""}]"
/horse/grooming/brushes,"Horse Grooming Combs, Brushes & Mitts","Horse Grooming Combs, Brushes & Mitts | Premium Quality | The Equestrian","Shop premium horse grooming combs, brushes & mitts including brushes, combs, hoof picks and grooming kits. Free shipping Australia-wide. Expert advice...","horse grooming combs, brushes & mitts. Expertly selected for quality, durability, and performance. Whether you're competing or riding for leisure, find exactly what you need at The Equestrian.","<p>, . that .</p><h3>What Makes Great Horse Grooming Combs, Brushes & Mitts?</h3>
<p>Shop premium horse grooming combs, brushes & mitts from leading brands including Oster, Wahl and Mane & Tail. Each brand offers unique features and quality craftsmanship.</p><ul>
<li><strong>Brush Types:</strong> Body brushes, dandy brushes, curry combs, mane combs.</li>
<li><strong>Materials:</strong> Natural bristles, synthetic, rubber, and metal options.</li>
<li><strong>Kits:</strong> Complete grooming kits include 6-8 essential tools in carry bag.</li>
<li><strong>Maintenance:</strong> Wash brushes regularly. Replace worn bristles.</li>
</ul>
<h3>Perfect for Australian Conditions</h3><p>Essential grooming tools for Australian horse care. Particularly important during fly season (October-April) and for managing dust in dry conditions. Free shipping Australia-wide on all orders.</p>",,/horse/grooming,3,published,best-selling,"[{""question"":""What grooming tools do I need for my horse?"",""answer"":""Essential tools include: curry comb (rubber or metal), body brush, dandy brush, mane comb, hoof pick, and sponges. Complete grooming kits typically include 6-8 tools. Add specialized tools like shedding blades for seasonal coat changes and sweat scrapers for after work.""},{""question"":""How often should I groom my horse?"",""answer"":""Daily grooming is ideal for bonding and health monitoring. At minimum, groom before and after riding to remove dirt and check for injuries. During Australian fly season (October-April), regular grooming with fly spray application is especially important. Increase grooming during shedding seasons.""},{""question"":""How do I maintain my grooming brushes?"",""answer"":""Wash brushes weekly with mild soap and warm water. Remove hair buildup after each use. Allow to dry completely before storing. Replace worn bristles. Natural bristle brushes last longer with proper care. Store in a dry grooming box to protect from dust and moisture.""}]","[{""url"":""/horse/rugs"",""title"":""Horse Rugs"",""description"":""Keep your horse comfortable year-round""},{""url"":""/horse/stable"",""title"":""Stable Equipment"",""description"":""Complete stable management solutions""}]"
/horse/grooming/coat-care,Coat Care,Coat Care | Premium Quality | The Equestrian,"Shop premium coat care including brushes, combs, hoof picks and grooming kits. Free shipping Australia-wide. Expert advice available. Find the perfect gear...","coat care. Expertly selected for quality, durability, and performance. Whether you're competing or riding for leisure, find exactly what you need at The Equestrian.","<p>, . that .</p><h3>What Makes Great Coat Care?</h3>
<p>Shop premium coat care from leading brands including Oster, Wahl and Mane & Tail. Each brand offers unique features and quality craftsmanship.</p><ul>
<li><strong>Brush Types:</strong> Body brushes, dandy brushes, curry combs, mane combs.</li>
<li><strong>Materials:</strong> Natural bristles, synthetic, rubber, and metal options.</li>
<li><strong>Kits:</strong> Complete grooming kits include 6-8 essential tools in carry bag.</li>
<li><strong>Maintenance:</strong> Wash brushes regularly. Replace worn bristles.</li>
</ul>
<h3>Perfect for Australian Conditions</h3><p>Essential grooming tools for Australian horse care. Particularly important during fly season (October-April) and for managing dust in dry conditions. Free shipping Australia-wide on all orders.</p>",,/horse/grooming,3,published,best-selling,"[{""question"":""What grooming tools do I need for my horse?"",""answer"":""Essential tools include: curry comb (rubber or metal), body brush, dandy brush, mane comb, hoof pick, and sponges. Complete grooming kits typically include 6-8 tools. Add specialized tools like shedding blades for seasonal coat changes and sweat scrapers for after work.""},{""question"":""How often should I groom my horse?"",""answer"":""Daily grooming is ideal for bonding and health monitoring. At minimum, groom before and after riding to remove dirt and check for injuries. During Australian fly season (October-April), regular grooming with fly spray application is especially important. Increase grooming during shedding seasons.""},{""question"":""How do I maintain my grooming brushes?"",""answer"":""Wash brushes weekly with mild soap and warm water. Remove hair buildup after each use. Allow to dry completely before storing. Replace worn bristles. Natural bristle brushes last longer with proper care. Store in a dry grooming box to protect from dust and moisture.""}]","[{""url"":""/horse/rugs"",""title"":""Horse Rugs"",""description"":""Keep your horse comfortable year-round""},{""url"":""/horse/stable"",""title"":""Stable Equipment"",""description"":""Complete stable management solutions""}]"
/horse/grooming/products,Grooming Products,Grooming Products | Premium Quality | The Equestrian,"Shop premium grooming products including brushes, combs, hoof picks and grooming kits. Free shipping Australia-wide. Expert advice available. Find the...","grooming Expertly selected for quality, durability, and performance. Whether you're competing or riding for leisure, find exactly what you need at The Equestrian.","<p>, . that .</p><h3>What Makes Great Grooming Products?</h3>
<p>Shop premium grooming products from leading brands including Oster, Wahl and Mane & Tail. Each brand offers unique features and quality craftsmanship.</p><ul>
<li><strong>Brush Types:</strong> Body brushes, dandy brushes, curry combs, mane combs.</li>
<li><strong>Materials:</strong> Natural bristles, synthetic, rubber, and metal options.</li>
<li><strong>Kits:</strong> Complete grooming kits include 6-8 essential tools in carry bag.</li>
<li><strong>Maintenance:</strong> Wash brushes regularly. Replace worn bristles.</li>
</ul>
<h3>Perfect for Australian Conditions</h3><p>Essential grooming tools for Australian horse care. Particularly important during fly season (October-April) and for managing dust in dry conditions. Free shipping Australia-wide on all orders.</p>",,/horse/grooming,3,published,best-selling,"[{""question"":""What grooming tools do I need for my horse?"",""answer"":""Essential tools include: curry comb (rubber or metal), body brush, dandy brush, mane comb, hoof pick, and sponges. Complete grooming kits typically include 6-8 tools. Add specialized tools like shedding blades for seasonal coat changes and sweat scrapers for after work.""},{""question"":""How often should I groom my horse?"",""answer"":""Daily grooming is ideal for bonding and health monitoring. At minimum, groom before and after riding to remove dirt and check for injuries. During Australian fly season (October-April), regular grooming with fly spray application is especially important. Increase grooming during shedding seasons.""},{""question"":""How do I maintain my grooming brushes?"",""answer"":""Wash brushes weekly with mild soap and warm water. Remove hair buildup after each use. Allow to dry completely before storing. Replace worn bristles. Natural bristle brushes last longer with proper care. Store in a dry grooming box to protect from dust and moisture.""}]","[{""url"":""/horse/rugs"",""title"":""Horse Rugs"",""description"":""Keep your horse comfortable year-round""},{""url"":""/horse/stable"",""title"":""Stable Equipment"",""description"":""Complete stable management solutions""}]"
/horse/grooming/bags,Grooming Bags and Brushes,Grooming Bags and Brushes | Premium Quality | The Equestrian,"Shop premium grooming bags and brushes including brushes, combs, hoof picks and grooming kits. Free shipping Australia-wide. Expert advice available. Find...","grooming bags and brushes. Expertly selected for quality, durability, and performance. Whether you're competing or riding for leisure, find exactly what you need at The Equestrian.","<p>, . that .</p><h3>What Makes Great Grooming Bags and Brushes?</h3>
<p>Shop premium grooming bags and brushes from leading brands including Oster, Wahl and Mane & Tail. Each brand offers unique features and quality craftsmanship.</p><ul>
<li><strong>Brush Types:</strong> Body brushes, dandy brushes, curry combs, mane combs.</li>
<li><strong>Materials:</strong> Natural bristles, synthetic, rubber, and metal options.</li>
<li><strong>Kits:</strong> Complete grooming kits include 6-8 essential tools in carry bag.</li>
<li><strong>Maintenance:</strong> Wash brushes regularly. Replace worn bristles.</li>
</ul>
<h3>Perfect for Australian Conditions</h3><p>Essential grooming tools for Australian horse care. Particularly important during fly season (October-April) and for managing dust in dry conditions. Free shipping Australia-wide on all orders.</p>",,/horse/grooming,3,published,best-selling,"[{""question"":""What grooming tools do I need for my horse?"",""answer"":""Essential tools include: curry comb (rubber or metal), body brush, dandy brush, mane comb, hoof pick, and sponges. Complete grooming kits typically include 6-8 tools. Add specialized tools like shedding blades for seasonal coat changes and sweat scrapers for after work.""},{""question"":""How often should I groom my horse?"",""answer"":""Daily grooming is ideal for bonding and health monitoring. At minimum, groom before and after riding to remove dirt and check for injuries. During Australian fly season (October-April), regular grooming with fly spray application is especially important. Increase grooming during shedding seasons.""},{""question"":""How do I maintain my grooming brushes?"",""answer"":""Wash brushes weekly with mild soap and warm water. Remove hair buildup after each use. Allow to dry completely before storing. Replace worn bristles. Natural bristle brushes last longer with proper care. Store in a dry grooming box to protect from dust and moisture.""}]","[{""url"":""/horse/rugs"",""title"":""Horse Rugs"",""description"":""Keep your horse comfortable year-round""},{""url"":""/horse/stable"",""title"":""Stable Equipment"",""description"":""Complete stable management solutions""}]"
/horse/grooming/plaiting,Plaiting,Plaiting | Premium Quality | The Equestrian,"Shop premium plaiting including brushes, combs, hoof picks and grooming kits. Free shipping Australia-wide. Expert advice available. Find the perfect gear...","plaiting. Expertly selected for quality, durability, and performance. Whether you're competing or riding for leisure, find exactly what you need at The Equestrian.","<p>, . that .</p><h3>What Makes Great Plaiting?</h3>
<p>Shop premium plaiting from leading brands including Oster, Wahl and Mane & Tail. Each brand offers unique features and quality craftsmanship.</p><ul>
<li><strong>Brush Types:</strong> Body brushes, dandy brushes, curry combs, mane combs.</li>
<li><strong>Materials:</strong> Natural bristles, synthetic, rubber, and metal options.</li>
<li><strong>Kits:</strong> Complete grooming kits include 6-8 essential tools in carry bag.</li>
<li><strong>Maintenance:</strong> Wash brushes regularly. Replace worn bristles.</li>
</ul>
<h3>Perfect for Australian Conditions</h3><p>Essential grooming tools for Australian horse care. Particularly important during fly season (October-April) and for managing dust in dry conditions. Free shipping Australia-wide on all orders.</p>",,/horse/grooming,3,published,best-selling,"[{""question"":""What grooming tools do I need for my horse?"",""answer"":""Essential tools include: curry comb (rubber or metal), body brush, dandy brush, mane comb, hoof pick, and sponges. Complete grooming kits typically include 6-8 tools. Add specialized tools like shedding blades for seasonal coat changes and sweat scrapers for after work.""},{""question"":""How often should I groom my horse?"",""answer"":""Daily grooming is ideal for bonding and health monitoring. At minimum, groom before and after riding to remove dirt and check for injuries. During Australian fly season (October-April), regular grooming with fly spray application is especially important. Increase grooming during shedding seasons.""},{""question"":""How do I maintain my grooming brushes?"",""answer"":""Wash brushes weekly with mild soap and warm water. Remove hair buildup after each use. Allow to dry completely before storing. Replace worn bristles. Natural bristle brushes last longer with proper care. Store in a dry grooming box to protect from dust and moisture.""}]","[{""url"":""/horse/rugs"",""title"":""Horse Rugs"",""description"":""Keep your horse comfortable year-round""},{""url"":""/horse/stable"",""title"":""Stable Equipment"",""description"":""Complete stable management solutions""}]"
/horse/grooming/shampoo,Shampoo,Shampoo | Premium Quality | The Equestrian,"Shop premium shampoo including brushes, combs, hoof picks and grooming kits. Free shipping Australia-wide. Expert advice available. Find the perfect gear...","shampoo. Expertly selected for quality, durability, and performance. Whether you're competing or riding for leisure, find exactly what you need at The Equestrian.","<p>, . that .</p><h3>What Makes Great Shampoo?</h3>
<p>Shop premium shampoo from leading brands including Oster, Wahl and Mane & Tail. Each brand offers unique features and quality craftsmanship.</p><ul>
<li><strong>Brush Types:</strong> Body brushes, dandy brushes, curry combs, mane combs.</li>
<li><strong>Materials:</strong> Natural bristles, synthetic, rubber, and metal options.</li>
<li><strong>Kits:</strong> Complete grooming kits include 6-8 essential tools in carry bag.</li>
<li><strong>Maintenance:</strong> Wash brushes regularly. Replace worn bristles.</li>
</ul>
<h3>Perfect for Australian Conditions</h3><p>Essential grooming tools for Australian horse care. Particularly important during fly season (October-April) and for managing dust in dry conditions. Free shipping Australia-wide on all orders.</p>",,/horse/grooming,3,published,best-selling,"[{""question"":""What grooming tools do I need for my horse?"",""answer"":""Essential tools include: curry comb (rubber or metal), body brush, dandy brush, mane comb, hoof pick, and sponges. Complete grooming kits typically include 6-8 tools. Add specialized tools like shedding blades for seasonal coat changes and sweat scrapers for after work.""},{""question"":""How often should I groom my horse?"",""answer"":""Daily grooming is ideal for bonding and health monitoring. At minimum, groom before and after riding to remove dirt and check for injuries. During Australian fly season (October-April), regular grooming with fly spray application is especially important. Increase grooming during shedding seasons.""},{""question"":""How do I maintain my grooming brushes?"",""answer"":""Wash brushes weekly with mild soap and warm water. Remove hair buildup after each use. Allow to dry completely before storing. Replace worn bristles. Natural bristle brushes last longer with proper care. Store in a dry grooming box to protect from dust and moisture.""}]","[{""url"":""/horse/rugs"",""title"":""Horse Rugs"",""description"":""Keep your horse comfortable year-round""},{""url"":""/horse/stable"",""title"":""Stable Equipment"",""description"":""Complete stable management solutions""}]"
/horse/supplements,Supplements,Supplements | Buy Online | The Equestrian,"Shop premium supplements including joint supplements, digestive aids, vitamins and electrolytes. Free shipping Australia-wide. Expert advice available.","supplements. Expertly selected for quality, durability, and performance. Whether you're competing or riding for leisure, find exactly what you need at The Equestrian.","<p>Discover our comprehensive collection of supplements, carefully curated to meet the demands of horses at every level. From competition-ready gear to everyday essentials, we stock only the finest brands known for quality, durability, and performance. Each product has been expertly selected by our team of equine specialists who understand what truly matters.</p><h3>What Makes Great Supplements?</h3>
<p>Shop premium supplements from leading brands including Cavalor, NAF and Equine America. Each brand offers unique features and quality craftsmanship.</p><ul>
<li><strong>Types:</strong> Joint support, digestive health, vitamins, electrolytes, calming.</li>
<li><strong>Forms:</strong> Powders, pellets, liquids, and paste options.</li>
<li><strong>Dosage:</strong> Based on horse weight. Follow manufacturer guidelines.</li>
<li><strong>Results:</strong> Most supplements require 4-6 weeks for visible effects.</li>
</ul><h3>How to Choose Horse Supplements</h3>
<p><strong>Identify the Need:</strong> Joint support for older horses or those in hard work. Digestive aids for sensitive stomachs. Vitamins for horses on limited pasture. Calming supplements for anxious horses. Consult your vet before starting any supplement program.</p>
<p><strong>Form & Palatability:</strong> Powders mix into feed easily. Pellets are convenient and less messy. Liquids offer precise dosing. Pastes are useful for short-term use. Choose a form your horse will accept - even the best supplement won't work if your horse won't eat it.</p>
<p><strong>Quality & Ingredients:</strong> Look for supplements with research-backed ingredients at effective doses. Check for Australian manufacturing standards. Avoid products with excessive fillers. Premium doesn't always mean better - focus on ingredient quality and concentration.</p>
<p><strong>Competition Considerations:</strong> Check FEI and EA prohibited substance lists if competing. Most supplements are competition-safe but rules vary by discipline and level. When in doubt, contact your governing body.</p>
<h3>When to Use</h3>
<ul>
<li><strong>Joint Support:</strong> Older horses, those in hard work, or with arthritis benefit from glucosamine and chondroitin supplements. Start before problems develop for best results.</li>
<li><strong>Digestive Health:</strong> Horses with sensitive stomachs, those on high-grain diets, or prone to ulcers. Probiotics support healthy gut function.</li>
<li><strong>Competition:</strong> Calming supplements for anxious horses. Electrolytes for horses in hard work, especially during Australian summers. Check competition rules before use.</li>
<li><strong>Limited Pasture:</strong> Vitamin and mineral supplements for horses with restricted grazing. Essential in drought conditions or for horses on hay-only diets.</li>
</ul>
<h3>Australian Regulations</h3><p>All supplements comply with Australian equine health regulations. Suitable for competition horses (check specific competition rules). Fast shipping Australia-wide. Store in cool, dry conditions - especially important in Australian summers.</p>
<h3>Shop by Category</h3><p>Browse our specialized categories to find exactly what you need. Each section features products from world-leading brands trusted by professional equestrians. Not sure where to start? Our expert team is always here to help you make the right choice.</p>",,/horse,2,published,best-selling,"[{""question"":""How long before I see results from supplements?"",""answer"":""Most supplements require 4-6 weeks of consistent use before visible effects. Joint supplements may take 6-8 weeks. Digestive aids often show results within 1-2 weeks. Always follow manufacturer dosage guidelines based on your horse's weight. Consult your vet before starting any supplement program.""},{""question"":""Are these supplements competition safe?"",""answer"":""Most supplements are competition safe, but rules vary by discipline and level. Check specific product information and your competition's prohibited substances list. FEI and EA have different regulations. When in doubt, contact your governing body or consult the product manufacturer.""},{""question"":""How should I store equine supplements in Australian heat?"",""answer"":""Store in a cool, dry place away from direct sunlight. Australian summers can degrade supplements quickly. Keep containers sealed tightly. Refrigeration may be recommended for some products (check labels). Buy in quantities you'll use within 3-6 months for best freshness.""}]",[]
/horse/pads,Saddle Cloths,Saddle Cloths | Buy Online | The Equestrian,"Shop premium saddle cloths including saddles, rugs, boots and tack. Free shipping Australia-wide. Expert advice available. Find the perfect gear for your needs.","saddle cloths. Expertly selected for quality, durability, and performance. Whether you're competing or riding for leisure, find exactly what you need at The Equestrian.","<p>Discover our comprehensive collection of saddle cloths, carefully curated to meet the demands of horses at every level. From competition-ready gear to everyday essentials, we stock only the finest brands known for quality, durability, and performance. Each product has been expertly selected by our team of equine specialists who understand what truly matters.</p><h3>What Makes Great Saddle Cloths?</h3><ul><li>horses and riders</li><li>in equestrian sports</li><li><strong>Value:</strong> </li></ul><h3>Shop by Type</h3><p>Browse our specialized categories including <a href=""/horse/pads/wither-pads"">wither & back pads</a>,<a href=""/horse/pads/western"">western pads</a>, and <a href=""/horse/pads/gel-pads"">gel & comfort pads</a>. Each category features products from world-leading brands trusted by professional equestrians.</p>",,/horse,2,published,best-selling,"[{""question"":""How do I choose the right saddle cloths?"",""answer"":""Consider your specific needs, budget, and intended use. Read product descriptions carefully and check sizing information. Our customer reviews provide valuable insights from real users. If you're unsure, our expert team is always happy to provide personalized recommendations.""},{""question"":""Do you offer free shipping on saddle cloths?"",""answer"":""Yes! We offer free shipping on all orders within Australia. Orders are typically processed within 1-2 business days. For urgent needs, express shipping options are available at checkout.""}]",[]
/horse/pads/wither-pads,Wither & Back Pads,Wither & Back Pads | Premium Quality | The Equestrian,"Shop premium wither & back pads including saddles, rugs, boots and tack. Free shipping Australia-wide. Expert advice available. Find the perfect gear for...","wither & back pads. Expertly selected for quality, durability, and performance. Whether you're competing or riding for leisure, find exactly what you need at The Equestrian.","<p>, . that .</p><h3>What Makes Great Wither & Back Pads?</h3><ul><li>horses and riders</li><li>in equestrian sports</li><li><strong>Value:</strong> </li></ul>",,/horse/pads,3,published,best-selling,"[{""question"":""How do I choose the right wither & back pads?"",""answer"":""Consider your specific needs, budget, and intended use. Read product descriptions carefully and check sizing information. Our customer reviews provide valuable insights from real users. If you're unsure, our expert team is always happy to provide personalized recommendations.""},{""question"":""Do you offer free shipping on wither & back pads?"",""answer"":""Yes! We offer free shipping on all orders within Australia. Orders are typically processed within 1-2 business days. For urgent needs, express shipping options are available at checkout.""}]",[]
/horse/pads/western,Western Pads,Western Pads | Premium Quality | The Equestrian,"Shop premium western pads including saddles, rugs, boots and tack. Free shipping Australia-wide. Expert advice available. Find the perfect gear for your needs.","western pads. Expertly selected for quality, durability, and performance. Whether you're competing or riding for leisure, find exactly what you need at The Equestrian.","<p>, . that .</p><h3>What Makes Great Western Pads?</h3><ul><li>horses and riders</li><li>in equestrian sports</li><li><strong>Value:</strong> </li></ul>",,/horse/pads,3,published,best-selling,"[{""question"":""How do I choose the right western pads?"",""answer"":""Consider your specific needs, budget, and intended use. Read product descriptions carefully and check sizing information. Our customer reviews provide valuable insights from real users. If you're unsure, our expert team is always happy to provide personalized recommendations.""},{""question"":""Do you offer free shipping on western pads?"",""answer"":""Yes! We offer free shipping on all orders within Australia. Orders are typically processed within 1-2 business days. For urgent needs, express shipping options are available at checkout.""}]",[]
/horse/pads/gel-pads,Gel & Comfort Pads,Gel & Comfort Pads | Premium Quality | The Equestrian,"Shop premium gel & comfort pads including saddles, rugs, boots and tack. Free shipping Australia-wide. Expert advice available. Find the perfect gear for...","gel & comfort pads. Expertly selected for quality, durability, and performance. Whether you're competing or riding for leisure, find exactly what you need at The Equestrian.","<p>, . that .</p><h3>What Makes Great Gel & Comfort Pads?</h3><ul><li>horses and riders</li><li>in equestrian sports</li><li><strong>Value:</strong> </li></ul>",,/horse/pads,3,published,best-selling,"[{""question"":""How do I choose the right gel & comfort pads?"",""answer"":""Consider your specific needs, budget, and intended use. Read product descriptions carefully and check sizing information. Our customer reviews provide valuable insights from real users. If you're unsure, our expert team is always happy to provide personalized recommendations.""},{""question"":""Do you offer free shipping on gel & comfort pads?"",""answer"":""Yes! We offer free shipping on all orders within Australia. Orders are typically processed within 1-2 business days. For urgent needs, express shipping options are available at checkout.""}]",[]
/horse/pads/dressage,Dressage Pads,Dressage Pads | Premium Quality | The Equestrian,"Shop premium dressage pads including saddles, rugs, boots and tack. Free shipping Australia-wide. Expert advice available. Find the perfect gear for your needs.","dressage pads. Expertly selected for quality, durability, and performance. Whether you're competing or riding for leisure, find exactly what you need at The Equestrian.","<p>, . that .</p><h3>What Makes Great Dressage Pads?</h3><ul><li>horses and riders</li><li>in equestrian sports</li><li><strong>Value:</strong> </li></ul>",,/horse/pads,3,published,best-selling,"[{""question"":""How do I choose the right dressage pads?"",""answer"":""Consider your specific needs, budget, and intended use. Read product descriptions carefully and check sizing information. Our customer reviews provide valuable insights from real users. If you're unsure, our expert team is always happy to provide personalized recommendations.""},{""question"":""Do you offer free shipping on dressage pads?"",""answer"":""Yes! We offer free shipping on all orders within Australia. Orders are typically processed within 1-2 business days. For urgent needs, express shipping options are available at checkout.""}]",[]
/horse/pads/half-pads,Half Pads,Half Pads | Premium Quality | The Equestrian,"Shop premium half pads including saddles, rugs, boots and tack. Free shipping Australia-wide. Expert advice available. Find the perfect gear for your needs.","half pads. Expertly selected for quality, durability, and performance. Whether you're competing or riding for leisure, find exactly what you need at The Equestrian.","<p>, . that .</p><h3>What Makes Great Half Pads?</h3><ul><li>horses and riders</li><li>in equestrian sports</li><li><strong>Value:</strong> </li></ul>",,/horse/pads,3,published,best-selling,"[{""question"":""How do I choose the right half pads?"",""answer"":""Consider your specific needs, budget, and intended use. Read product descriptions carefully and check sizing information. Our customer reviews provide valuable insights from real users. If you're unsure, our expert team is always happy to provide personalized recommendations.""},{""question"":""Do you offer free shipping on half pads?"",""answer"":""Yes! We offer free shipping on all orders within Australia. Orders are typically processed within 1-2 business days. For urgent needs, express shipping options are available at checkout.""}]",[]
/horse/pads/wither-relief,Wither relief saddlepad,Wither relief saddlepad | Premium Quality | The Equestrian,"Shop premium wither relief saddlepad including saddles, rugs, boots and tack. Free shipping Australia-wide. Expert advice available. Find the perfect gear...","wither relief saddlepad. Expertly selected for quality, durability, and performance. Whether you're competing or riding for leisure, find exactly what you need at The Equestrian.","<p>, . that .</p><h3>What Makes Great Wither relief saddlepad?</h3><ul><li>horses and riders</li><li>in equestrian sports</li><li><strong>Value:</strong> </li></ul>",,/horse/pads,3,published,best-selling,"[{""question"":""How do I choose the right wither relief saddlepad?"",""answer"":""Consider your specific needs, budget, and intended use. Read product descriptions carefully and check sizing information. Our customer reviews provide valuable insights from real users. If you're unsure, our expert team is always happy to provide personalized recommendations.""},{""question"":""Do you offer free shipping on wither relief saddlepad?"",""answer"":""Yes! We offer free shipping on all orders within Australia. Orders are typically processed within 1-2 business days. For urgent needs, express shipping options are available at checkout.""}]",[]
/horse/pads/jumping,Jump Pad,Jump Pad | Premium Quality | The Equestrian,"Shop premium jump pad including saddles, rugs, boots and tack. Free shipping Australia-wide. Expert advice available. Find the perfect gear for your needs.","jump pad. Expertly selected for quality, durability, and performance. Whether you're competing or riding for leisure, find exactly what you need at The Equestrian.","<p>, . that .</p><h3>What Makes Great Jump Pad?</h3><ul><li>horses and riders</li><li>in equestrian sports</li><li><strong>Value:</strong> </li></ul>",,/horse/pads,3,published,best-selling,"[{""question"":""How do I choose the right jump pad?"",""answer"":""Consider your specific needs, budget, and intended use. Read product descriptions carefully and check sizing information. Our customer reviews provide valuable insights from real users. If you're unsure, our expert team is always happy to provide personalized recommendations.""},{""question"":""Do you offer free shipping on jump pad?"",""answer"":""Yes! We offer free shipping on all orders within Australia. Orders are typically processed within 1-2 business days. For urgent needs, express shipping options are available at checkout.""}]",[]
/horse/pads/all-purpose,All Purpose Pads,All Purpose Pads | Premium Quality | The Equestrian,"Shop premium all purpose pads including saddles, rugs, boots and tack. Free shipping Australia-wide. Expert advice available. Find the perfect gear for...","all purpose pads. Expertly selected for quality, durability, and performance. Whether you're competing or riding for leisure, find exactly what you need at The Equestrian.","<p>, . that .</p><h3>What Makes Great All Purpose Pads?</h3><ul><li>horses and riders</li><li>in equestrian sports</li><li><strong>Value:</strong> </li></ul>",,/horse/pads,3,published,best-selling,"[{""question"":""How do I choose the right all purpose pads?"",""answer"":""Consider your specific needs, budget, and intended use. Read product descriptions carefully and check sizing information. Our customer reviews provide valuable insights from real users. If you're unsure, our expert team is always happy to provide personalized recommendations.""},{""question"":""Do you offer free shipping on all purpose pads?"",""answer"":""Yes! We offer free shipping on all orders within Australia. Orders are typically processed within 1-2 business days. For urgent needs, express shipping options are available at checkout.""}]",[]
/horse/halters,Headstalls,Headstalls | Buy Online | The Equestrian,"Shop premium headstalls including headstalls, halters, lead ropes and grooming halters. Free shipping Australia-wide. Expert advice available. Find the...","Expertly selected for quality, durability, and performance. Whether you're competing or riding for leisure, find exactly what you need at The Equestrian.","<h2>Essential Headstalls</h2>
<p>Discover our comprehensive collection, carefully curated to meet the demands of horses at every level. From competition-ready gear to everyday essentials, we stock only the finest brands known for quality, durability, and performance. Each product has been expertly selected by our team of equine specialists who understand what truly matters.</p><h3>What Makes Great Headstalls?</h3><ul><li><strong>Secure Fit:</strong> Adjustable designs that ensure safety without restricting movement</li><li><strong>Durable Materials:</strong> Strong webbing and hardware that withstand daily use</li><li><strong>Comfortable Design:</strong> Padded or smooth finishes that prevent rubbing and chafing</li><li><strong>Versatile Use:</strong> Suitable for grooming, leading, and turnout applications</li></ul><h3>Shop by Type</h3><p>Browse our specialized categories including <a href=""/horse/halters/leads"">leads & snap hooks</a>, and <a href=""/horse/halters/lead-ropes"">lead rope</a>. Each category features products from world-leading brands trusted by professional equestrians.</p>",,/horse,2,published,best-selling,"[{""question"":""How do I choose the right headstalls?"",""answer"":""Consider your specific needs, budget, and intended use. Read product descriptions carefully and check sizing information. Our customer reviews provide valuable insights from real users. If you're unsure, our expert team is always happy to provide personalized recommendations.""},{""question"":""Do you offer free shipping on headstalls?"",""answer"":""Yes! We offer free shipping on all orders within Australia. Orders are typically processed within 1-2 business days. For urgent needs, express shipping options are available at checkout.""}]",[]
/horse/halters/leads,Leads & Snap Hooks,Leads & Snap Hooks | Premium Quality | The Equestrian,"Shop premium leads & snap hooks including saddles, rugs, boots and tack. Free shipping Australia-wide. Expert advice available. Find the perfect gear for...","leads & snap hooks. Expertly selected for quality, durability, and performance. Whether you're competing or riding for leisure, find exactly what you need at The Equestrian.","<p>, . that .</p><h3>What Makes Great Leads & Snap Hooks?</h3><ul><li>horses and riders</li><li>in equestrian sports</li><li><strong>Value:</strong> </li></ul>",,/horse/halters,3,published,best-selling,"[{""question"":""How do I choose the right leads & snap hooks?"",""answer"":""Consider your specific needs, budget, and intended use. Read product descriptions carefully and check sizing information. Our customer reviews provide valuable insights from real users. If you're unsure, our expert team is always happy to provide personalized recommendations.""},{""question"":""Do you offer free shipping on leads & snap hooks?"",""answer"":""Yes! We offer free shipping on all orders within Australia. Orders are typically processed within 1-2 business days. For urgent needs, express shipping options are available at checkout.""}]",[]
/horse/halters/lead-ropes,Lead Rope,Lead Rope | Premium Quality | The Equestrian,"Shop premium lead rope including saddles, rugs, boots and tack. Free shipping Australia-wide. Expert advice available. Find the perfect gear for your needs.","lead rope. Expertly selected for quality, durability, and performance. Whether you're competing or riding for leisure, find exactly what you need at The Equestrian.","<p>, . that .</p><h3>What Makes Great Lead Rope?</h3><ul><li>horses and riders</li><li>in equestrian sports</li><li><strong>Value:</strong> </li></ul>",,/horse/halters,3,published,best-selling,"[{""question"":""How do I choose the right lead rope?"",""answer"":""Consider your specific needs, budget, and intended use. Read product descriptions carefully and check sizing information. Our customer reviews provide valuable insights from real users. If you're unsure, our expert team is always happy to provide personalized recommendations.""},{""question"":""Do you offer free shipping on lead rope?"",""answer"":""Yes! We offer free shipping on all orders within Australia. Orders are typically processed within 1-2 business days. For urgent needs, express shipping options are available at checkout.""}]",[]
/horse/racing,Racing & PVC,Racing & PVC | Buy Online | The Equestrian,"Shop premium racing & pvc including saddles, rugs, boots and tack. Free shipping Australia-wide. Expert advice available. Find the perfect gear for your needs.","racing & pvc. Expertly selected for quality, durability, and performance. Whether you're competing or riding for leisure, find exactly what you need at The Equestrian.","<p>Discover our comprehensive collection of racing & pvc, carefully curated to meet the demands of horses at every level. From competition-ready gear to everyday essentials, we stock only the finest brands known for quality, durability, and performance. Each product has been expertly selected by our team of equine specialists who understand what truly matters.</p><h3>What Makes Great Racing & PVC?</h3><ul><li>horses and riders</li><li>in equestrian sports</li><li><strong>Value:</strong> </li></ul><h3>Shop by Type</h3><p>Browse our specialized categories including <a href=""/horse/racing/harness"">harness racing</a>. Each category features products from world-leading brands trusted by professional equestrians.</p>",,/horse,2,published,best-selling,"[{""question"":""How do I choose the right racing & pvc?"",""answer"":""Consider your specific needs, budget, and intended use. Read product descriptions carefully and check sizing information. Our customer reviews provide valuable insights from real users. If you're unsure, our expert team is always happy to provide personalized recommendations.""},{""question"":""Do you offer free shipping on racing & pvc?"",""answer"":""Yes! We offer free shipping on all orders within Australia. Orders are typically processed within 1-2 business days. For urgent needs, express shipping options are available at checkout.""}]",[]
/horse/racing/harness,Harness Racing,Harness Racing | Premium Quality | The Equestrian,"Shop premium harness racing including saddles, rugs, boots and tack. Free shipping Australia-wide. Expert advice available. Find the perfect gear for your...","harness racing. Expertly selected for quality, durability, and performance. Whether you're competing or riding for leisure, find exactly what you need at The Equestrian.","<p>, . that .</p><h3>What Makes Great Harness Racing?</h3><ul><li>horses and riders</li><li>in equestrian sports</li><li><strong>Value:</strong> </li></ul>",,/horse/racing,3,published,best-selling,"[{""question"":""How do I choose the right harness racing?"",""answer"":""Consider your specific needs, budget, and intended use. Read product descriptions carefully and check sizing information. Our customer reviews provide valuable insights from real users. If you're unsure, our expert team is always happy to provide personalized recommendations.""},{""question"":""Do you offer free shipping on harness racing?"",""answer"":""Yes! We offer free shipping on all orders within Australia. Orders are typically processed within 1-2 business days. For urgent needs, express shipping options are available at checkout.""}]",[]
/horse/veterinary,Health Care,Health Care | Buy Online | The Equestrian,"Shop premium health care including saddles, rugs, boots and tack. Free shipping Australia-wide. Expert advice available. Find the perfect gear for your needs.","health care. Expertly selected for quality, durability, and performance. Whether you're competing or riding for leisure, find exactly what you need at The Equestrian.","<p>Discover our comprehensive collection of health care, carefully curated to meet the demands of horses at every level. From competition-ready gear to everyday essentials, we stock only the finest brands known for quality, durability, and performance. Each product has been expertly selected by our team of equine specialists who understand what truly matters.</p><h3>What Makes Great Health Care?</h3><ul><li>horses and riders</li><li>in equestrian sports</li><li><strong>Value:</strong> </li></ul><h3>Shop by Type</h3><p>Browse our specialized categories including <a href=""/horse/veterinary/first-aid"">first aid & dressings</a>. Each category features products from world-leading brands trusted by professional equestrians.</p>",,/horse,2,published,best-selling,"[{""question"":""How do I choose the right health care?"",""answer"":""Consider your specific needs, budget, and intended use. Read product descriptions carefully and check sizing information. Our customer reviews provide valuable insights from real users. If you're unsure, our expert team is always happy to provide personalized recommendations.""},{""question"":""Do you offer free shipping on health care?"",""answer"":""Yes! We offer free shipping on all orders within Australia. Orders are typically processed within 1-2 business days. For urgent needs, express shipping options are available at checkout.""}]",[]
/horse/veterinary/first-aid,First Aid & Dressings,First Aid & Dressings | Premium Quality | The Equestrian,"Shop premium first aid & dressings including saddles, rugs, boots and tack. Free shipping Australia-wide. Expert advice available. Find the perfect gear...","first aid & dressings. Expertly selected for quality, durability, and performance. Whether you're competing or riding for leisure, find exactly what you need at The Equestrian.","<p>, . that .</p><h3>What Makes Great First Aid & Dressings?</h3><ul><li>horses and riders</li><li>in equestrian sports</li><li><strong>Value:</strong> </li></ul>",,/horse/veterinary,3,published,best-selling,"[{""question"":""How do I choose the right first aid & dressings?"",""answer"":""Consider your specific needs, budget, and intended use. Read product descriptions carefully and check sizing information. Our customer reviews provide valuable insights from real users. If you're unsure, our expert team is always happy to provide personalized recommendations.""},{""question"":""Do you offer free shipping on first aid & dressings?"",""answer"":""Yes! We offer free shipping on all orders within Australia. Orders are typically processed within 1-2 business days. For urgent needs, express shipping options are available at checkout.""}]",[]
/horse/stable,Stable Equipment,Stable Equipment | Buy Online | The Equestrian,"Shop premium stable equipment including saddles, rugs, boots and tack. Free shipping Australia-wide. Expert advice available. Find the perfect gear for...","stable equipment. Expertly selected for quality, durability, and performance. Whether you're competing or riding for leisure, find exactly what you need at The Equestrian.","<p>Discover our comprehensive collection of stable equipment, carefully curated to meet the demands of horses at every level. From competition-ready gear to everyday essentials, we stock only the finest brands known for quality, durability, and performance. Each product has been expertly selected by our team of equine specialists who understand what truly matters.</p><h3>What Makes Great Stable Equipment?</h3><ul><li>horses and riders</li><li>in equestrian sports</li><li><strong>Value:</strong> </li></ul><h3>Shop by Type</h3><p>Browse our specialized categories including <a href=""/horse/stable/leather-care"">leather care & proofing</a>,<a href=""/horse/stable/farrier"">farrier</a>, and <a href=""/horse/stable/treats"">horse treats & toys</a>. Each category features products from world-leading brands trusted by professional equestrians.</p>",,/horse,2,published,best-selling,"[{""question"":""How do I choose the right stable equipment?"",""answer"":""Consider your specific needs, budget, and intended use. Read product descriptions carefully and check sizing information. Our customer reviews provide valuable insights from real users. If you're unsure, our expert team is always happy to provide personalized recommendations.""},{""question"":""Do you offer free shipping on stable equipment?"",""answer"":""Yes! We offer free shipping on all orders within Australia. Orders are typically processed within 1-2 business days. For urgent needs, express shipping options are available at checkout.""}]",[]
/horse/stable/leather-care,Leather Care & Proofing,Leather Care & Proofing | Premium Quality | The Equestrian,"Shop premium leather care & proofing including saddles, rugs, boots and tack. Free shipping Australia-wide. Expert advice available. Find the perfect gear...","leather care & proofing. Expertly selected for quality, durability, and performance. Whether you're competing or riding for leisure, find exactly what you need at The Equestrian.","<p>, . that .</p><h3>What Makes Great Leather Care & Proofing?</h3><ul><li>horses and riders</li><li>in equestrian sports</li><li><strong>Value:</strong> </li></ul>",,/horse/stable,3,published,best-selling,"[{""question"":""How do I choose the right leather care & proofing?"",""answer"":""Consider your specific needs, budget, and intended use. Read product descriptions carefully and check sizing information. Our customer reviews provide valuable insights from real users. If you're unsure, our expert team is always happy to provide personalized recommendations.""},{""question"":""Do you offer free shipping on leather care & proofing?"",""answer"":""Yes! We offer free shipping on all orders within Australia. Orders are typically processed within 1-2 business days. For urgent needs, express shipping options are available at checkout.""}]",[]
/horse/stable/farrier,Farrier,Farrier | Premium Quality | The Equestrian,"Shop premium farrier including saddles, rugs, boots and tack. Free shipping Australia-wide. Expert advice available. Find the perfect gear for your needs.","farrier. Expertly selected for quality, durability, and performance. Whether you're competing or riding for leisure, find exactly what you need at The Equestrian.","<p>, . that .</p><h3>What Makes Great Farrier?</h3><ul><li>horses and riders</li><li>in equestrian sports</li><li><strong>Value:</strong> </li></ul>",,/horse/stable,3,published,best-selling,"[{""question"":""How do I choose the right farrier?"",""answer"":""Consider your specific needs, budget, and intended use. Read product descriptions carefully and check sizing information. Our customer reviews provide valuable insights from real users. If you're unsure, our expert team is always happy to provide personalized recommendations.""},{""question"":""Do you offer free shipping on farrier?"",""answer"":""Yes! We offer free shipping on all orders within Australia. Orders are typically processed within 1-2 business days. For urgent needs, express shipping options are available at checkout.""}]",[]
/horse/stable/treats,Horse Treats & Toys,Horse Treats & Toys | Premium Quality | The Equestrian,"Shop premium horse treats & toys including saddles, rugs, boots and tack. Free shipping Australia-wide. Expert advice available. Find the perfect gear for...","horse treats & toys. Expertly selected for quality, durability, and performance. Whether you're competing or riding for leisure, find exactly what you need at The Equestrian.","<p>, . that .</p><h3>What Makes Great Horse Treats & Toys?</h3><ul><li>horses and riders</li><li>in equestrian sports</li><li><strong>Value:</strong> </li></ul>",,/horse/stable,3,published,best-selling,"[{""question"":""How do I choose the right horse treats & toys?"",""answer"":""Consider your specific needs, budget, and intended use. Read product descriptions carefully and check sizing information. Our customer reviews provide valuable insights from real users. If you're unsure, our expert team is always happy to provide personalized recommendations.""},{""question"":""Do you offer free shipping on horse treats & toys?"",""answer"":""Yes! We offer free shipping on all orders within Australia. Orders are typically processed within 1-2 business days. For urgent needs, express shipping options are available at checkout.""}]",[]
/horse/stable/diy,DIY Kit,DIY Kit | Premium Quality | The Equestrian,"Shop premium diy kit including saddles, rugs, boots and tack. Free shipping Australia-wide. Expert advice available. Find the perfect gear for your needs.","diy kit. Expertly selected for quality, durability, and performance. Whether you're competing or riding for leisure, find exactly what you need at The Equestrian.","<p>, . that .</p><h3>What Makes Great DIY Kit?</h3><ul><li>horses and riders</li><li>in equestrian sports</li><li><strong>Value:</strong> </li></ul>",,/horse/stable,3,published,best-selling,"[{""question"":""How do I choose the right diy kit?"",""answer"":""Consider your specific needs, budget, and intended use. Read product descriptions carefully and check sizing information. Our customer reviews provide valuable insights from real users. If you're unsure, our expert team is always happy to provide personalized recommendations.""},{""question"":""Do you offer free shipping on diy kit?"",""answer"":""Yes! We offer free shipping on all orders within Australia. Orders are typically processed within 1-2 business days. For urgent needs, express shipping options are available at checkout.""}]",[]
/horse/stable/clippers,Clippers,Clippers | Premium Quality | The Equestrian,"Shop premium clippers including saddles, rugs, boots and tack. Free shipping Australia-wide. Expert advice available. Find the perfect gear for your needs.","clippers. Expertly selected for quality, durability, and performance. Whether you're competing or riding for leisure, find exactly what you need at The Equestrian.","<p>, . that .</p><h3>What Makes Great Clippers?</h3><ul><li>horses and riders</li><li>in equestrian sports</li><li><strong>Value:</strong> </li></ul>",,/horse/stable,3,published,best-selling,"[{""question"":""How do I choose the right clippers?"",""answer"":""Consider your specific needs, budget, and intended use. Read product descriptions carefully and check sizing information. Our customer reviews provide valuable insights from real users. If you're unsure, our expert team is always happy to provide personalized recommendations.""},{""question"":""Do you offer free shipping on clippers?"",""answer"":""Yes! We offer free shipping on all orders within Australia. Orders are typically processed within 1-2 business days. For urgent needs, express shipping options are available at checkout.""}]",[]
/horse/stable/fly-control,Fly Control,Fly Control | Premium Quality | The Equestrian,"Shop premium fly control including saddles, rugs, boots and tack. Free shipping Australia-wide. Expert advice available. Find the perfect gear for your needs.","fly control. Expertly selected for quality, durability, and performance. Whether you're competing or riding for leisure, find exactly what you need at The Equestrian.","<p>, . that .</p><h3>What Makes Great Fly Control?</h3><ul><li>horses and riders</li><li>in equestrian sports</li><li><strong>Value:</strong> </li></ul>",,/horse/stable,3,published,best-selling,"[{""question"":""How do I choose the right fly control?"",""answer"":""Consider your specific needs, budget, and intended use. Read product descriptions carefully and check sizing information. Our customer reviews provide valuable insights from real users. If you're unsure, our expert team is always happy to provide personalized recommendations.""},{""question"":""Do you offer free shipping on fly control?"",""answer"":""Yes! We offer free shipping on all orders within Australia. Orders are typically processed within 1-2 business days. For urgent needs, express shipping options are available at checkout.""}]",[]
/horse/stable/feed-storage,Feed Bins & Hay Bags,Feed Bins & Hay Bags | Premium Quality | The Equestrian,"Shop premium feed bins & hay bags including saddles, rugs, boots and tack. Free shipping Australia-wide. Expert advice available. Find the perfect gear for...","feed bins & hay bags. Expertly selected for quality, durability, and performance. Whether you're competing or riding for leisure, find exactly what you need at The Equestrian.","<p>, . that .</p><h3>What Makes Great Feed Bins & Hay Bags?</h3><ul><li>horses and riders</li><li>in equestrian sports</li><li><strong>Value:</strong> </li></ul>",,/horse/stable,3,published,best-selling,"[{""question"":""How do I choose the right feed bins & hay bags?"",""answer"":""Consider your specific needs, budget, and intended use. Read product descriptions carefully and check sizing information. Our customer reviews provide valuable insights from real users. If you're unsure, our expert team is always happy to provide personalized recommendations.""},{""question"":""Do you offer free shipping on feed bins & hay bags?"",""answer"":""Yes! We offer free shipping on all orders within Australia. Orders are typically processed within 1-2 business days. For urgent needs, express shipping options are available at checkout.""}]",[]
/horse/stable/instruments,Instruments,Instruments | Premium Quality | The Equestrian,"Shop premium instruments including saddles, rugs, boots and tack. Free shipping Australia-wide. Expert advice available. Find the perfect gear for your needs.","instruments. Expertly selected for quality, durability, and performance. Whether you're competing or riding for leisure, find exactly what you need at The Equestrian.","<p>, . that .</p><h3>What Makes Great Instruments?</h3><ul><li>horses and riders</li><li>in equestrian sports</li><li><strong>Value:</strong> </li></ul>",,/horse/stable,3,published,best-selling,"[{""question"":""How do I choose the right instruments?"",""answer"":""Consider your specific needs, budget, and intended use. Read product descriptions carefully and check sizing information. Our customer reviews provide valuable insights from real users. If you're unsure, our expert team is always happy to provide personalized recommendations.""},{""question"":""Do you offer free shipping on instruments?"",""answer"":""Yes! We offer free shipping on all orders within Australia. Orders are typically processed within 1-2 business days. For urgent needs, express shipping options are available at checkout.""}]",[]
/horse/stable/wormers,Wormers,Wormers | Premium Quality | The Equestrian,"Shop premium wormers including saddles, rugs, boots and tack. Free shipping Australia-wide. Expert advice available. Find the perfect gear for your needs.","wormers. Expertly selected for quality, durability, and performance. Whether you're competing or riding for leisure, find exactly what you need at The Equestrian.","<p>, . that .</p><h3>What Makes Great Wormers?</h3><ul><li>horses and riders</li><li>in equestrian sports</li><li><strong>Value:</strong> </li></ul>",,/horse/stable,3,published,best-selling,"[{""question"":""How do I choose the right wormers?"",""answer"":""Consider your specific needs, budget, and intended use. Read product descriptions carefully and check sizing information. Our customer reviews provide valuable insights from real users. If you're unsure, our expert team is always happy to provide personalized recommendations.""},{""question"":""Do you offer free shipping on wormers?"",""answer"":""Yes! We offer free shipping on all orders within Australia. Orders are typically processed within 1-2 business days. For urgent needs, express shipping options are available at checkout.""}]",[]
/horse/stable/feeding,Feeding,Feeding | Premium Quality | The Equestrian,"Shop premium feeding including saddles, rugs, boots and tack. Free shipping Australia-wide. Expert advice available. Find the perfect gear for your needs.","feeding. Expertly selected for quality, durability, and performance. Whether you're competing or riding for leisure, find exactly what you need at The Equestrian.","<p>, . that .</p><h3>What Makes Great Feeding?</h3><ul><li>horses and riders</li><li>in equestrian sports</li><li><strong>Value:</strong> </li></ul>",,/horse/stable,3,published,best-selling,"[{""question"":""How do I choose the right feeding?"",""answer"":""Consider your specific needs, budget, and intended use. Read product descriptions carefully and check sizing information. Our customer reviews provide valuable insights from real users. If you're unsure, our expert team is always happy to provide personalized recommendations.""},{""question"":""Do you offer free shipping on feeding?"",""answer"":""Yes! We offer free shipping on all orders within Australia. Orders are typically processed within 1-2 business days. For urgent needs, express shipping options are available at checkout.""}]",[]
/horse/stable/paddock,Paddock Blades,Paddock Blades | Premium Quality | The Equestrian,"Shop premium paddock blades including saddles, rugs, boots and tack. Free shipping Australia-wide. Expert advice available. Find the perfect gear for your...","paddock blades. Expertly selected for quality, durability, and performance. Whether you're competing or riding for leisure, find exactly what you need at The Equestrian.","<p>, . that .</p><h3>What Makes Great Paddock Blades?</h3><ul><li>horses and riders</li><li>in equestrian sports</li><li><strong>Value:</strong> </li></ul>",,/horse/stable,3,published,best-selling,"[{""question"":""How do I choose the right paddock blades?"",""answer"":""Consider your specific needs, budget, and intended use. Read product descriptions carefully and check sizing information. Our customer reviews provide valuable insights from real users. If you're unsure, our expert team is always happy to provide personalized recommendations.""},{""question"":""Do you offer free shipping on paddock blades?"",""answer"":""Yes! We offer free shipping on all orders within Australia. Orders are typically processed within 1-2 business days. For urgent needs, express shipping options are available at checkout.""}]",[]
/horse/stable/jumps,Jumps & Markers,Jumps & Markers | Premium Quality | The Equestrian,"Shop premium jumps & markers including saddles, rugs, boots and tack. Free shipping Australia-wide. Expert advice available. Find the perfect gear for your...","jumps & markers. Expertly selected for quality, durability, and performance. Whether you're competing or riding for leisure, find exactly what you need at The Equestrian.","<p>, . that .</p><h3>What Makes Great Jumps & Markers?</h3><ul><li>horses and riders</li><li>in equestrian sports</li><li><strong>Value:</strong> </li></ul>",,/horse/stable,3,published,best-selling,"[{""question"":""How do I choose the right jumps & markers?"",""answer"":""Consider your specific needs, budget, and intended use. Read product descriptions carefully and check sizing information. Our customer reviews provide valuable insights from real users. If you're unsure, our expert team is always happy to provide personalized recommendations.""},{""question"":""Do you offer free shipping on jumps & markers?"",""answer"":""Yes! We offer free shipping on all orders within Australia. Orders are typically processed within 1-2 business days. For urgent needs, express shipping options are available at checkout.""}]",[]
/horse/stable/hay-nets,Hay Net,Hay Net | Premium Quality | The Equestrian,"Shop premium hay net including saddles, rugs, boots and tack. Free shipping Australia-wide. Expert advice available. Find the perfect gear for your needs.","hay net. Expertly selected for quality, durability, and performance. Whether you're competing or riding for leisure, find exactly what you need at The Equestrian.","<p>, . that .</p><h3>What Makes Great Hay Net?</h3><ul><li>horses and riders</li><li>in equestrian sports</li><li><strong>Value:</strong> </li></ul>",,/horse/stable,3,published,best-selling,"[{""question"":""How do I choose the right hay net?"",""answer"":""Consider your specific needs, budget, and intended use. Read product descriptions carefully and check sizing information. Our customer reviews provide valuable insights from real users. If you're unsure, our expert team is always happy to provide personalized recommendations.""},{""question"":""Do you offer free shipping on hay net?"",""answer"":""Yes! We offer free shipping on all orders within Australia. Orders are typically processed within 1-2 business days. For urgent needs, express shipping options are available at checkout.""}]",[]
/horse/stable/feed,Horse Feed,Horse Feed | Premium Quality | The Equestrian,"Shop premium horse feed including saddles, rugs, boots and tack. Free shipping Australia-wide. Expert advice available. Find the perfect gear for your needs.","horse feed. Expertly selected for quality, durability, and performance. Whether you're competing or riding for leisure, find exactly what you need at The Equestrian.","<p>, . that .</p><h3>What Makes Great Horse Feed?</h3><ul><li>horses and riders</li><li>in equestrian sports</li><li><strong>Value:</strong> </li></ul>",,/horse/stable,3,published,best-selling,"[{""question"":""How do I choose the right horse feed?"",""answer"":""Consider your specific needs, budget, and intended use. Read product descriptions carefully and check sizing information. Our customer reviews provide valuable insights from real users. If you're unsure, our expert team is always happy to provide personalized recommendations.""},{""question"":""Do you offer free shipping on horse feed?"",""answer"":""Yes! We offer free shipping on all orders within Australia. Orders are typically processed within 1-2 business days. For urgent needs, express shipping options are available at checkout.""}]",[]
/horse/stable/insect-repellent,Insect Repellent,Insect Repellent | Premium Quality | The Equestrian,"Shop premium insect repellent including saddles, rugs, boots and tack. Free shipping Australia-wide. Expert advice available. Find the perfect gear for...","insect repellent. Expertly selected for quality, durability, and performance. Whether you're competing or riding for leisure, find exactly what you need at The Equestrian.","<p>, . that .</p><h3>What Makes Great Insect Repellent?</h3><ul><li>horses and riders</li><li>in equestrian sports</li><li><strong>Value:</strong> </li></ul>",,/horse/stable,3,published,best-selling,"[{""question"":""How do I choose the right insect repellent?"",""answer"":""Consider your specific needs, budget, and intended use. Read product descriptions carefully and check sizing information. Our customer reviews provide valuable insights from real users. If you're unsure, our expert team is always happy to provide personalized recommendations.""},{""question"":""Do you offer free shipping on insect repellent?"",""answer"":""Yes! We offer free shipping on all orders within Australia. Orders are typically processed within 1-2 business days. For urgent needs, express shipping options are available at checkout.""}]",[]
/horse/stable/fly-repellent,Fly Repellant,Fly Repellant | Premium Quality | The Equestrian,"Shop premium fly repellant including saddles, rugs, boots and tack. Free shipping Australia-wide. Expert advice available. Find the perfect gear for your needs.","fly repellant. Expertly selected for quality, durability, and performance. Whether you're competing or riding for leisure, find exactly what you need at The Equestrian.","<p>, . that .</p><h3>What Makes Great Fly Repellant?</h3><ul><li>horses and riders</li><li>in equestrian sports</li><li><strong>Value:</strong> </li></ul>",,/horse/stable,3,published,best-selling,"[{""question"":""How do I choose the right fly repellant?"",""answer"":""Consider your specific needs, budget, and intended use. Read product descriptions carefully and check sizing information. Our customer reviews provide valuable insights from real users. If you're unsure, our expert team is always happy to provide personalized recommendations.""},{""question"":""Do you offer free shipping on fly repellant?"",""answer"":""Yes! We offer free shipping on all orders within Australia. Orders are typically processed within 1-2 business days. For urgent needs, express shipping options are available at checkout.""}]",[]
/horse/stable/rug-racks,Rug Rack,Rug Rack | Premium Quality | The Equestrian,"Shop premium rug rack including saddles, rugs, boots and tack. Free shipping Australia-wide. Expert advice available. Find the perfect gear for your needs.","rug rack. Expertly selected for quality, durability, and performance. Whether you're competing or riding for leisure, find exactly what you need at The Equestrian.","<p>, . that .</p><h3>What Makes Great Rug Rack?</h3><ul>
<li><strong>Fill Weights:</strong> 0g (no fill) to 400g for various climates and seasons.</li>
<li><strong>Waterproofing:</strong> Rated in denier (600D-1200D+) and waterproof/breathability ratings.</li>
<li><strong>Sizing:</strong> Measure from center chest to tail. Most brands use cm sizing (4'0"" to 7'0"").</li>
<li><strong>Features:</strong> Leg arches, tail flaps, shoulder gussets, and cross surcingles for fit and security.</li>
</ul>
<h3>Australian Climate Guide</h3><p>Choose appropriate rug weights for your climate zone. Northern Australia and Queensland: 0-200g year-round for most horses. Southern regions (Victoria, Tasmania, NSW highlands): 200-400g for winter. Consider your horse's breed, clip, and shelter when selecting fill weight.</p>",,/horse/stable,3,published,best-selling,"[{""question"":""What rug weight do I need for my horse?"",""answer"":""This depends on your climate, horse's breed, clip, and shelter. Northern Australia/Queensland: 0-200g year-round for most horses. Southern regions (Victoria, Tasmania, NSW highlands): 200-400g for winter. Clipped horses need heavier rugs. Start with medium weight and adjust based on your horse's comfort.""},{""question"":""How do I measure my horse for a rug?"",""answer"":""Measure from the center of the chest to the point of the buttock (where the tail starts). Most brands use cm sizing (4'0\"" to 7'0\"" or 120cm to 210cm). If between sizes, size up. Check the brand's specific measuring guide as some measure differently.""},{""question"":""What's the difference between turnout and stable rugs?"",""answer"":""Turnout rugs are waterproof and designed for outdoor use in all weather. They have stronger outer shells (600D-1200D+) and features like leg arches and tail flaps. Stable rugs are for indoor use only, not waterproof, and focus on warmth and comfort. Many horses need both types.""}]",[]
/horse/stable/wrap-bags,Wrap Bag,Wrap Bag | Premium Quality | The Equestrian,"Shop premium wrap bag including saddles, rugs, boots and tack. Free shipping Australia-wide. Expert advice available. Find the perfect gear for your needs.","wrap bag. Expertly selected for quality, durability, and performance. Whether you're competing or riding for leisure, find exactly what you need at The Equestrian.","<p>, . that .</p><h3>What Makes Great Wrap Bag?</h3><ul><li>horses and riders</li><li>in equestrian sports</li><li><strong>Value:</strong> </li></ul>",,/horse/stable,3,published,best-selling,"[{""question"":""How do I choose the right wrap bag?"",""answer"":""Consider your specific needs, budget, and intended use. Read product descriptions carefully and check sizing information. Our customer reviews provide valuable insights from real users. If you're unsure, our expert team is always happy to provide personalized recommendations.""},{""question"":""Do you offer free shipping on wrap bag?"",""answer"":""Yes! We offer free shipping on all orders within Australia. Orders are typically processed within 1-2 business days. For urgent needs, express shipping options are available at checkout.""}]",[]
/horse/stable/storage,Storage,Storage | Premium Quality | The Equestrian,"Shop premium storage including saddles, rugs, boots and tack. Free shipping Australia-wide. Expert advice available. Find the perfect gear for your needs.","storage. Expertly selected for quality, durability, and performance. Whether you're competing or riding for leisure, find exactly what you need at The Equestrian.","<p>, . that .</p><h3>What Makes Great Storage?</h3><ul><li>horses and riders</li><li>in equestrian sports</li><li><strong>Value:</strong> </li></ul>",,/horse/stable,3,published,best-selling,"[{""question"":""How do I choose the right storage?"",""answer"":""Consider your specific needs, budget, and intended use. Read product descriptions carefully and check sizing information. Our customer reviews provide valuable insights from real users. If you're unsure, our expert team is always happy to provide personalized recommendations.""},{""question"":""Do you offer free shipping on storage?"",""answer"":""Yes! We offer free shipping on all orders within Australia. Orders are typically processed within 1-2 business days. For urgent needs, express shipping options are available at checkout.""}]",[]
/horse/stable/bags,stable Bag,stable Bag | Premium Quality | The Equestrian,"Shop premium stable bag including saddles, rugs, boots and tack. Free shipping Australia-wide. Expert advice available. Find the perfect gear for your needs.","stable bag. Expertly selected for quality, durability, and performance. Whether you're competing or riding for leisure, find exactly what you need at The Equestrian.","<p>, . that .</p><h3>What Makes Great stable Bag?</h3><ul><li>horses and riders</li><li>in equestrian sports</li><li><strong>Value:</strong> </li></ul>",,/horse/stable,3,published,best-selling,"[{""question"":""How do I choose the right stable bag?"",""answer"":""Consider your specific needs, budget, and intended use. Read product descriptions carefully and check sizing information. Our customer reviews provide valuable insights from real users. If you're unsure, our expert team is always happy to provide personalized recommendations.""},{""question"":""Do you offer free shipping on stable bag?"",""answer"":""Yes! We offer free shipping on all orders within Australia. Orders are typically processed within 1-2 business days. For urgent needs, express shipping options are available at checkout.""}]",[]
/horse/stable/hoof-care,Hoof Care,Hoof Care | Premium Quality | The Equestrian,"Shop premium hoof care including saddles, rugs, boots and tack. Free shipping Australia-wide. Expert advice available. Find the perfect gear for your needs.","hoof care. Expertly selected for quality, durability, and performance. Whether you're competing or riding for leisure, find exactly what you need at The Equestrian.","<p>, . that .</p><h3>What Makes Great Hoof Care?</h3><ul><li>horses and riders</li><li>in equestrian sports</li><li><strong>Value:</strong> </li></ul>",,/horse/stable,3,published,best-selling,"[{""question"":""How do I choose the right hoof care?"",""answer"":""Consider your specific needs, budget, and intended use. Read product descriptions carefully and check sizing information. Our customer reviews provide valuable insights from real users. If you're unsure, our expert team is always happy to provide personalized recommendations.""},{""question"":""Do you offer free shipping on hoof care?"",""answer"":""Yes! We offer free shipping on all orders within Australia. Orders are typically processed within 1-2 business days. For urgent needs, express shipping options are available at checkout.""}]",[]
/horse/stable/tail-bags,Tailbag,Tailbag | Premium Quality | The Equestrian,"Shop premium tailbag including saddles, rugs, boots and tack. Free shipping Australia-wide. Expert advice available. Find the perfect gear for your needs.","tailbag. Expertly selected for quality, durability, and performance. Whether you're competing or riding for leisure, find exactly what you need at The Equestrian.","<p>, . that .</p><h3>What Makes Great Tailbag?</h3><ul><li>horses and riders</li><li>in equestrian sports</li><li><strong>Value:</strong> </li></ul>",,/horse/stable,3,published,best-selling,"[{""question"":""How do I choose the right tailbag?"",""answer"":""Consider your specific needs, budget, and intended use. Read product descriptions carefully and check sizing information. Our customer reviews provide valuable insights from real users. If you're unsure, our expert team is always happy to provide personalized recommendations.""},{""question"":""Do you offer free shipping on tailbag?"",""answer"":""Yes! We offer free shipping on all orders within Australia. Orders are typically processed within 1-2 business days. For urgent needs, express shipping options are available at checkout.""}]",[]
/horse/training,Training and Lunging,Training and Lunging | Buy Online | The Equestrian,"Shop premium training and lunging including saddles, rugs, boots and tack. Free shipping Australia-wide. Expert advice available. Find the perfect gear for...","training and lunging. Expertly selected for quality, durability, and performance. Whether you're competing or riding for leisure, find exactly what you need at The Equestrian.","<p>Discover our comprehensive collection of training and lunging, carefully curated to meet the demands of horses at every level. From competition-ready gear to everyday essentials, we stock only the finest brands known for quality, durability, and performance. Each product has been expertly selected by our team of equine specialists who understand what truly matters.</p><h3>What Makes Great Training and Lunging?</h3><ul><li>horses and riders</li><li>in equestrian sports</li><li><strong>Value:</strong> </li></ul><h3>Shop by Type</h3><p>Browse our specialized categories including <a href=""/horse/training/lungeing"">lungeing & schooling</a>,<a href=""/horse/training/lunge-equipment"">lunge line</a>, and <a href=""/horse/training/ropes"">rope</a>. Each category features products from world-leading brands trusted by professional equestrians.</p>",,/horse,2,published,best-selling,"[{""question"":""How do I choose the right training and lunging?"",""answer"":""Consider your specific needs, budget, and intended use. Read product descriptions carefully and check sizing information. Our customer reviews provide valuable insights from real users. If you're unsure, our expert team is always happy to provide personalized recommendations.""},{""question"":""Do you offer free shipping on training and lunging?"",""answer"":""Yes! We offer free shipping on all orders within Australia. Orders are typically processed within 1-2 business days. For urgent needs, express shipping options are available at checkout.""}]",[]
/horse/training/lungeing,Lungeing & Schooling,Lungeing & Schooling | Premium Quality | The Equestrian,"Shop premium lungeing & schooling including saddles, rugs, boots and tack. Free shipping Australia-wide. Expert advice available. Find the perfect gear for...","lungeing & schooling. Expertly selected for quality, durability, and performance. Whether you're competing or riding for leisure, find exactly what you need at The Equestrian.","<p>, . that .</p><h3>What Makes Great Lungeing & Schooling?</h3><ul><li>horses and riders</li><li>in equestrian sports</li><li><strong>Value:</strong> </li></ul>",,/horse/training,3,published,best-selling,"[{""question"":""How do I choose the right lungeing & schooling?"",""answer"":""Consider your specific needs, budget, and intended use. Read product descriptions carefully and check sizing information. Our customer reviews provide valuable insights from real users. If you're unsure, our expert team is always happy to provide personalized recommendations.""},{""question"":""Do you offer free shipping on lungeing & schooling?"",""answer"":""Yes! We offer free shipping on all orders within Australia. Orders are typically processed within 1-2 business days. For urgent needs, express shipping options are available at checkout.""}]",[]
/horse/training/lunge-equipment,Lunge Line,Lunge Line | Premium Quality | The Equestrian,"Shop premium lunge line including saddles, rugs, boots and tack. Free shipping Australia-wide. Expert advice available. Find the perfect gear for your needs.","lunge line. Expertly selected for quality, durability, and performance. Whether you're competing or riding for leisure, find exactly what you need at The Equestrian.","<p>, . that .</p><h3>What Makes Great Lunge Line?</h3><ul><li>horses and riders</li><li>in equestrian sports</li><li><strong>Value:</strong> </li></ul>",,/horse/training,3,published,best-selling,"[{""question"":""How do I choose the right lunge line?"",""answer"":""Consider your specific needs, budget, and intended use. Read product descriptions carefully and check sizing information. Our customer reviews provide valuable insights from real users. If you're unsure, our expert team is always happy to provide personalized recommendations.""},{""question"":""Do you offer free shipping on lunge line?"",""answer"":""Yes! We offer free shipping on all orders within Australia. Orders are typically processed within 1-2 business days. For urgent needs, express shipping options are available at checkout.""}]",[]
/horse/training/ropes,Rope,Rope | Premium Quality | The Equestrian,"Shop premium rope including saddles, rugs, boots and tack. Free shipping Australia-wide. Expert advice available. Find the perfect gear for your needs.","rope. Expertly selected for quality, durability, and performance. Whether you're competing or riding for leisure, find exactly what you need at The Equestrian.","<p>, . that .</p><h3>What Makes Great Rope?</h3><ul><li>horses and riders</li><li>in equestrian sports</li><li><strong>Value:</strong> </li></ul>",,/horse/training,3,published,best-selling,"[{""question"":""How do I choose the right rope?"",""answer"":""Consider your specific needs, budget, and intended use. Read product descriptions carefully and check sizing information. Our customer reviews provide valuable insights from real users. If you're unsure, our expert team is always happy to provide personalized recommendations.""},{""question"":""Do you offer free shipping on rope?"",""answer"":""Yes! We offer free shipping on all orders within Australia. Orders are typically processed within 1-2 business days. For urgent needs, express shipping options are available at checkout.""}]",[]
/horse/stock-western,Stock & Western,Stock & Western | Buy Online | The Equestrian,"Shop premium stock & western including saddles, rugs, boots and tack. Free shipping Australia-wide. Expert advice available. Find the perfect gear for your...","stock & western. Expertly selected for quality, durability, and performance. Whether you're competing or riding for leisure, find exactly what you need at The Equestrian.","<p>Discover our comprehensive collection of stock & western, carefully curated to meet the demands of horses at every level. From competition-ready gear to everyday essentials, we stock only the finest brands known for quality, durability, and performance. Each product has been expertly selected by our team of equine specialists who understand what truly matters.</p><h3>What Makes Great Stock & Western?</h3><ul><li>horses and riders</li><li>in equestrian sports</li><li><strong>Value:</strong> </li></ul><h3>Shop by Category</h3><p>Browse our specialized categories to find exactly what you need. Each section features products from world-leading brands trusted by professional equestrians. Not sure where to start? Our expert team is always here to help you make the right choice.</p>",,/horse,2,published,best-selling,"[{""question"":""How do I choose the right stock & western?"",""answer"":""Consider your specific needs, budget, and intended use. Read product descriptions carefully and check sizing information. Our customer reviews provide valuable insights from real users. If you're unsure, our expert team is always happy to provide personalized recommendations.""},{""question"":""Do you offer free shipping on stock & western?"",""answer"":""Yes! We offer free shipping on all orders within Australia. Orders are typically processed within 1-2 business days. For urgent needs, express shipping options are available at checkout.""}]",[]
/horse/rugs,Horse Rugs,Horse Rugs | Buy Online | The Equestrian,"Shop premium horse rugs including turnout rugs, stable rugs, summer sheets and coolers. Free shipping Australia-wide. Expert advice available. Find the...","horse rugs. Expertly selected for quality, durability, and performance. Whether you're competing or riding for leisure, find exactly what you need at The Equestrian.","<p>Discover our comprehensive collection of horse rugs, carefully curated to meet the demands of horses at every level. From competition-ready gear to everyday essentials, we stock only the finest brands known for quality, durability, and performance. Each product has been expertly selected by our team of equine specialists who understand what truly matters.</p><h3>What Makes Great Horse Rugs?</h3>
<p>Shop premium horse rugs from leading brands including Weatherbeeta, Horseware, Rambo, Bucas and Amigo. Each brand offers unique features and quality craftsmanship.</p><ul>
<li><strong>Fill Weights:</strong> 0g (no fill) to 400g for various climates and seasons.</li>
<li><strong>Waterproofing:</strong> Rated in denier (600D-1200D+) and waterproof/breathability ratings.</li>
<li><strong>Sizing:</strong> Measure from center chest to tail. Most brands use cm sizing (4'0"" to 7'0"").</li>
<li><strong>Features:</strong> Leg arches, tail flaps, shoulder gussets, and cross surcingles for fit and security.</li>
</ul><h3>Shop by Type</h3><p>Browse our specialized categories including <a href=""/horse/rugs/summer"">rugs: summer rugs, neck rugs & hoods</a>,<a href=""/horse/rugs/winter"">rugs: winter rugs, neck rugs & hoods</a>, and <a href=""/horse/rugs/accessories"">rugs: rug accessories</a>. Each category features products from world-leading brands trusted by professional equestrians.</p>
<h3>How to Choose Horse Rugs</h3>
<p><strong>Climate Considerations:</strong> Northern Australia and Queensland typically need 0-200g fill year-round. Southern regions require 200-400g for winter. Consider your horse's breed, clip, age, and available shelter when selecting weight.</p>
<p><strong>Rug Types:</strong> Turnout rugs are waterproof for outdoor use. Stable rugs are for indoor warmth only. Summer sheets protect from flies and sun. Coolers wick moisture after work. Most horses need multiple rug types throughout the year.</p>
<p><strong>Durability & Features:</strong> Denier rating (600D-1200D+) indicates fabric strength. Higher denier lasts longer but weighs more. Look for leg arches, tail flaps, shoulder gussets, and cross surcingles for proper fit and security.</p>
<p><strong>Sizing:</strong> Measure from center chest to tail point. Most brands use cm sizing (120-210cm or 4'0""-7'0""). If between sizes, size up. Poor fit causes rubbing, slipping, and discomfort.</p>
<h3>When to Use</h3>
<ul>
<li><strong>Summer (0-100g):</strong> Lightweight sheets protect from flies and sun. Mesh rugs provide maximum airflow for hot Australian summers. Essential October-April in most regions.</li>
<li><strong>Autumn/Spring (100-200g):</strong> Medium-weight rugs for cool mornings and evenings. Ideal for clipped horses or those in lighter work during transitional seasons.</li>
<li><strong>Winter (200-400g):</strong> Heavy rugs for southern regions and clipped horses. Layering systems allow adjustment as temperatures change throughout the day.</li>
<li><strong>Stable vs Turnout:</strong> Waterproof turnout rugs for paddock use in all weather. Stable rugs for indoor warmth without waterproofing. Most horses need both types.</li>
</ul>
<h3>Australian Climate Guide</h3><p>Choose appropriate rug weights for your climate zone. Northern Australia and Queensland: 0-200g year-round for most horses. Southern regions (Victoria, Tasmania, NSW highlands): 200-400g for winter. Consider your horse's breed, clip, and shelter when selecting fill weight.</p>",,/horse,2,published,best-selling,"[{""question"":""What weight rug does my horse need?"",""answer"":""Rug weight depends on your horse's coat, body condition, and local climate. Clipped horses typically need heavier rugs (200-400g) in winter, while unclipped horses may only need lightweight options (0-100g). Consider your horse's individual needs - some run hot, others cold. We're happy to help you choose the right weight.""},{""question"":""How do I measure my horse for a rug?"",""answer"":""Measure from the center of your horse's chest to the point of the buttock in a straight line. This gives you the rug size in inches or centimeters. For best fit, also consider your horse's build - some brands run larger or smaller. Check individual product sizing charts and don't hesitate to contact us for guidance.""}]","[{""url"":""/horse/boots"",""title"":""Horse Boots"",""description"":""Complete protection for your horse""},{""url"":""/horse/stable"",""title"":""Stable Equipment"",""description"":""Everything for your stable""}]"
/horse/rugs/summer,Summer Rugs,"RUGS: Summer Rugs, Neck Rugs & Hoods | Premium Quality | The Equestrian","Shop premium summer rugs including lightweight turnout rugs, fly sheets, mesh rugs and combo rugs. Free shipping Australia-wide. Expert advice available.","rugs: summer rugs, neck rugs & hoods. Expertly selected for quality, durability, and performance. Whether you're competing or riding for leisure, find exactly what you need at The Equestrian.","<h2>Premium RUGS: Summer Rugs, Neck Rugs & Hoods</h2>
<p>Shop premium summer rugs from leading brands including Weatherbeeta, Horseware, Rambo and Amigo. Each brand offers unique features and quality craftsmanship.</p><p>, . that .</p><h3>What Makes Great RUGS: Summer Rugs, Neck Rugs & Hoods?</h3><ul>
<li><strong>Fill Weights:</strong> 0g (no fill) to 400g for various climates and seasons.</li>
<li><strong>Waterproofing:</strong> Rated in denier (600D-1200D+) and waterproof/breathability ratings.</li>
<li><strong>Sizing:</strong> Measure from center chest to tail. Most brands use cm sizing (4'0"" to 7'0"").</li>
<li><strong>Features:</strong> Leg arches, tail flaps, shoulder gussets, and cross surcingles for fit and security.</li>
</ul>
<h3>Australian Climate Guide</h3><p>Choose appropriate rug weights for your climate zone. Northern Australia and Queensland: 0-200g year-round for most horses. Southern regions (Victoria, Tasmania, NSW highlands): 200-400g for winter. Consider your horse's breed, clip, and shelter when selecting fill weight.</p>",,/horse/rugs,3,published,best-selling,"[{""question"":""What weight rug does my horse need?"",""answer"":""Rug weight depends on your horse's coat, body condition, and local climate. Clipped horses typically need heavier rugs (200-400g) in winter, while unclipped horses may only need lightweight options (0-100g). Consider your horse's individual needs - some run hot, others cold. We're happy to help you choose the right weight.""},{""question"":""How do I measure my horse for a rug?"",""answer"":""Measure from the center of your horse's chest to the point of the buttock in a straight line. This gives you the rug size in inches or centimeters. For best fit, also consider your horse's build - some brands run larger or smaller. Check individual product sizing charts and don't hesitate to contact us for guidance.""}]","[{""url"":""/horse/boots"",""title"":""Horse Boots"",""description"":""Complete protection for your horse""},{""url"":""/horse/stable"",""title"":""Stable Equipment"",""description"":""Everything for your stable""}]"
/horse/rugs/winter,Winter Rugs,"RUGS: Winter Rugs, Neck Rugs & Hoods | Premium Quality | The Equestrian","Shop premium winter rugs including heavyweight turnout rugs, stable rugs, under rugs and combo rugs. Free shipping Australia-wide. Expert advice available.","rugs: winter rugs, neck rugs & hoods. Expertly selected for quality, durability, and performance. Whether you're competing or riding for leisure, find exactly what you need at The Equestrian.","<h2>Premium RUGS: Winter Rugs, Neck Rugs & Hoods</h2>
<p>Shop premium winter rugs from leading brands including Weatherbeeta, Horseware, Rambo and Bucas. Each brand offers unique features and quality craftsmanship.</p><p>, . that .</p><h3>What Makes Great RUGS: Winter Rugs, Neck Rugs & Hoods?</h3><ul>
<li><strong>Fill Weights:</strong> 0g (no fill) to 400g for various climates and seasons.</li>
<li><strong>Waterproofing:</strong> Rated in denier (600D-1200D+) and waterproof/breathability ratings.</li>
<li><strong>Sizing:</strong> Measure from center chest to tail. Most brands use cm sizing (4'0"" to 7'0"").</li>
<li><strong>Features:</strong> Leg arches, tail flaps, shoulder gussets, and cross surcingles for fit and security.</li>
</ul>
<h3>Australian Climate Guide</h3><p>Choose appropriate rug weights for your climate zone. Northern Australia and Queensland: 0-200g year-round for most horses. Southern regions (Victoria, Tasmania, NSW highlands): 200-400g for winter. Consider your horse's breed, clip, and shelter when selecting fill weight.</p>",,/horse/rugs,3,published,best-selling,"[{""question"":""What weight rug does my horse need?"",""answer"":""Rug weight depends on your horse's coat, body condition, and local climate. Clipped horses typically need heavier rugs (200-400g) in winter, while unclipped horses may only need lightweight options (0-100g). Consider your horse's individual needs - some run hot, others cold. We're happy to help you choose the right weight.""},{""question"":""How do I measure my horse for a rug?"",""answer"":""Measure from the center of your horse's chest to the point of the buttock in a straight line. This gives you the rug size in inches or centimeters. For best fit, also consider your horse's build - some brands run larger or smaller. Check individual product sizing charts and don't hesitate to contact us for guidance.""}]","[{""url"":""/horse/boots"",""title"":""Horse Boots"",""description"":""Complete protection for your horse""},{""url"":""/horse/stable"",""title"":""Stable Equipment"",""description"":""Everything for your stable""}]"
/horse/rugs/accessories,Rug Accessories,RUGS: Rug Accessories | Premium Quality | The Equestrian,"Shop premium rug accessories including turnout rugs, stable rugs, summer sheets and coolers. Free shipping Australia-wide. Expert advice available. Find...","rugs: rug accessories. Expertly selected for quality, durability, and performance. Whether you're competing or riding for leisure, find exactly what you need at The Equestrian.","<h2>Premium RUGS: Rug Accessories</h2>
<p>Shop premium rug accessories from leading brands including Weatherbeeta, Horseware, Rambo, Bucas and Amigo. Each brand offers unique features and quality craftsmanship.</p><p>, . that .</p><h3>What Makes Great RUGS: Rug Accessories?</h3><ul>
<li><strong>Fill Weights:</strong> 0g (no fill) to 400g for various climates and seasons.</li>
<li><strong>Waterproofing:</strong> Rated in denier (600D-1200D+) and waterproof/breathability ratings.</li>
<li><strong>Sizing:</strong> Measure from center chest to tail. Most brands use cm sizing (4'0"" to 7'0"").</li>
<li><strong>Features:</strong> Leg arches, tail flaps, shoulder gussets, and cross surcingles for fit and security.</li>
</ul>
<h3>Australian Climate Guide</h3><p>Choose appropriate rug weights for your climate zone. Northern Australia and Queensland: 0-200g year-round for most horses. Southern regions (Victoria, Tasmania, NSW highlands): 200-400g for winter. Consider your horse's breed, clip, and shelter when selecting fill weight.</p>",,/horse/rugs,3,published,best-selling,"[{""question"":""What weight rug does my horse need?"",""answer"":""Rug weight depends on your horse's coat, body condition, and local climate. Clipped horses typically need heavier rugs (200-400g) in winter, while unclipped horses may only need lightweight options (0-100g). Consider your horse's individual needs - some run hot, others cold. We're happy to help you choose the right weight.""},{""question"":""How do I measure my horse for a rug?"",""answer"":""Measure from the center of your horse's chest to the point of the buttock in a straight line. This gives you the rug size in inches or centimeters. For best fit, also consider your horse's build - some brands run larger or smaller. Check individual product sizing charts and don't hesitate to contact us for guidance.""}]","[{""url"":""/horse/boots"",""title"":""Horse Boots"",""description"":""Complete protection for your horse""},{""url"":""/horse/stable"",""title"":""Stable Equipment"",""description"":""Everything for your stable""}]"
/horse/rugs/hoods,Hood,Hood | Premium Quality | The Equestrian,"Shop premium hood including turnout rugs, stable rugs, summer sheets and coolers. Free shipping Australia-wide. Expert advice available. Find the perfect...","hood. Expertly selected for quality, durability, and performance. Whether you're competing or riding for leisure, find exactly what you need at The Equestrian.","<p>, . that .</p><h3>What Makes Great Hood?</h3>
<p>Shop premium hood from leading brands including Weatherbeeta, Horseware, Rambo, Bucas and Amigo. Each brand offers unique features and quality craftsmanship.</p><ul>
<li><strong>Fill Weights:</strong> 0g (no fill) to 400g for various climates and seasons.</li>
<li><strong>Waterproofing:</strong> Rated in denier (600D-1200D+) and waterproof/breathability ratings.</li>
<li><strong>Sizing:</strong> Measure from center chest to tail. Most brands use cm sizing (4'0"" to 7'0"").</li>
<li><strong>Features:</strong> Leg arches, tail flaps, shoulder gussets, and cross surcingles for fit and security.</li>
</ul>
<h3>Australian Climate Guide</h3><p>Choose appropriate rug weights for your climate zone. Northern Australia and Queensland: 0-200g year-round for most horses. Southern regions (Victoria, Tasmania, NSW highlands): 200-400g for winter. Consider your horse's breed, clip, and shelter when selecting fill weight.</p>",,/horse/rugs,3,published,best-selling,"[{""question"":""What weight rug does my horse need?"",""answer"":""Rug weight depends on your horse's coat, body condition, and local climate. Clipped horses typically need heavier rugs (200-400g) in winter, while unclipped horses may only need lightweight options (0-100g). Consider your horse's individual needs - some run hot, others cold. We're happy to help you choose the right weight.""},{""question"":""How do I measure my horse for a rug?"",""answer"":""Measure from the center of your horse's chest to the point of the buttock in a straight line. This gives you the rug size in inches or centimeters. For best fit, also consider your horse's build - some brands run larger or smaller. Check individual product sizing charts and don't hesitate to contact us for guidance.""}]","[{""url"":""/horse/boots"",""title"":""Horse Boots"",""description"":""Complete protection for your horse""},{""url"":""/horse/stable"",""title"":""Stable Equipment"",""description"":""Everything for your stable""}]"
/horse/rugs/tail-protectors,Tail Protector,Tail Protector | Premium Quality | The Equestrian,"Shop premium tail protector including turnout rugs, stable rugs, summer sheets and coolers. Free shipping Australia-wide. Expert advice available. Find the...","tail protector. Expertly selected for quality, durability, and performance. Whether you're competing or riding for leisure, find exactly what you need at The Equestrian.","<p>, . that .</p><h3>What Makes Great Tail Protector?</h3>
<p>Shop premium tail protector from leading brands including Weatherbeeta, Horseware, Rambo, Bucas and Amigo. Each brand offers unique features and quality craftsmanship.</p><ul>
<li><strong>Fill Weights:</strong> 0g (no fill) to 400g for various climates and seasons.</li>
<li><strong>Waterproofing:</strong> Rated in denier (600D-1200D+) and waterproof/breathability ratings.</li>
<li><strong>Sizing:</strong> Measure from center chest to tail. Most brands use cm sizing (4'0"" to 7'0"").</li>
<li><strong>Features:</strong> Leg arches, tail flaps, shoulder gussets, and cross surcingles for fit and security.</li>
</ul>
<h3>Australian Climate Guide</h3><p>Choose appropriate rug weights for your climate zone. Northern Australia and Queensland: 0-200g year-round for most horses. Southern regions (Victoria, Tasmania, NSW highlands): 200-400g for winter. Consider your horse's breed, clip, and shelter when selecting fill weight.</p>",,/horse/rugs,3,published,best-selling,"[{""question"":""What weight rug does my horse need?"",""answer"":""Rug weight depends on your horse's coat, body condition, and local climate. Clipped horses typically need heavier rugs (200-400g) in winter, while unclipped horses may only need lightweight options (0-100g). Consider your horse's individual needs - some run hot, others cold. We're happy to help you choose the right weight.""},{""question"":""How do I measure my horse for a rug?"",""answer"":""Measure from the center of your horse's chest to the point of the buttock in a straight line. This gives you the rug size in inches or centimeters. For best fit, also consider your horse's build - some brands run larger or smaller. Check individual product sizing charts and don't hesitate to contact us for guidance.""}]","[{""url"":""/horse/boots"",""title"":""Horse Boots"",""description"":""Complete protection for your horse""},{""url"":""/horse/stable"",""title"":""Stable Equipment"",""description"":""Everything for your stable""}]"
/horse/rugs/cotton,Cotton Rugs,Cotton Rugs | Premium Quality | The Equestrian,"Shop premium cotton rugs including turnout rugs, stable rugs, summer sheets and coolers. Free shipping Australia-wide. Expert advice available. Find the...","cotton rugs. Expertly selected for quality, durability, and performance. Whether you're competing or riding for leisure, find exactly what you need at The Equestrian.","<p>, . that .</p><h3>What Makes Great Cotton Rugs?</h3>
<p>Shop premium cotton rugs from leading brands including Weatherbeeta, Horseware, Rambo, Bucas and Amigo. Each brand offers unique features and quality craftsmanship.</p><ul>
<li><strong>Fill Weights:</strong> 0g (no fill) to 400g for various climates and seasons.</li>
<li><strong>Waterproofing:</strong> Rated in denier (600D-1200D+) and waterproof/breathability ratings.</li>
<li><strong>Sizing:</strong> Measure from center chest to tail. Most brands use cm sizing (4'0"" to 7'0"").</li>
<li><strong>Features:</strong> Leg arches, tail flaps, shoulder gussets, and cross surcingles for fit and security.</li>
</ul>
<h3>Australian Climate Guide</h3><p>Choose appropriate rug weights for your climate zone. Northern Australia and Queensland: 0-200g year-round for most horses. Southern regions (Victoria, Tasmania, NSW highlands): 200-400g for winter. Consider your horse's breed, clip, and shelter when selecting fill weight.</p>",,/horse/rugs,3,published,best-selling,"[{""question"":""What weight rug does my horse need?"",""answer"":""Rug weight depends on your horse's coat, body condition, and local climate. Clipped horses typically need heavier rugs (200-400g) in winter, while unclipped horses may only need lightweight options (0-100g). Consider your horse's individual needs - some run hot, others cold. We're happy to help you choose the right weight.""},{""question"":""How do I measure my horse for a rug?"",""answer"":""Measure from the center of your horse's chest to the point of the buttock in a straight line. This gives you the rug size in inches or centimeters. For best fit, also consider your horse's build - some brands run larger or smaller. Check individual product sizing charts and don't hesitate to contact us for guidance.""}]","[{""url"":""/horse/boots"",""title"":""Horse Boots"",""description"":""Complete protection for your horse""},{""url"":""/horse/stable"",""title"":""Stable Equipment"",""description"":""Everything for your stable""}]"
/horse/rugs/mesh,Mesh Rug,Mesh Rug | Premium Quality | The Equestrian,"Shop premium mesh rug including turnout rugs, stable rugs, summer sheets and coolers. Free shipping Australia-wide. Expert advice available. Find the...","mesh rug. Expertly selected for quality, durability, and performance. Whether you're competing or riding for leisure, find exactly what you need at The Equestrian.","<p>, . that .</p><h3>What Makes Great Mesh Rug?</h3>
<p>Shop premium mesh rug from leading brands including Weatherbeeta, Horseware, Rambo, Bucas and Amigo. Each brand offers unique features and quality craftsmanship.</p><ul>
<li><strong>Fill Weights:</strong> 0g (no fill) to 400g for various climates and seasons.</li>
<li><strong>Waterproofing:</strong> Rated in denier (600D-1200D+) and waterproof/breathability ratings.</li>
<li><strong>Sizing:</strong> Measure from center chest to tail. Most brands use cm sizing (4'0"" to 7'0"").</li>
<li><strong>Features:</strong> Leg arches, tail flaps, shoulder gussets, and cross surcingles for fit and security.</li>
</ul>
<h3>Australian Climate Guide</h3><p>Choose appropriate rug weights for your climate zone. Northern Australia and Queensland: 0-200g year-round for most horses. Southern regions (Victoria, Tasmania, NSW highlands): 200-400g for winter. Consider your horse's breed, clip, and shelter when selecting fill weight.</p>",,/horse/rugs,3,published,best-selling,"[{""question"":""What weight rug does my horse need?"",""answer"":""Rug weight depends on your horse's coat, body condition, and local climate. Clipped horses typically need heavier rugs (200-400g) in winter, while unclipped horses may only need lightweight options (0-100g). Consider your horse's individual needs - some run hot, others cold. We're happy to help you choose the right weight.""},{""question"":""How do I measure my horse for a rug?"",""answer"":""Measure from the center of your horse's chest to the point of the buttock in a straight line. This gives you the rug size in inches or centimeters. For best fit, also consider your horse's build - some brands run larger or smaller. Check individual product sizing charts and don't hesitate to contact us for guidance.""}]","[{""url"":""/horse/boots"",""title"":""Horse Boots"",""description"":""Complete protection for your horse""},{""url"":""/horse/stable"",""title"":""Stable Equipment"",""description"":""Everything for your stable""}]"
/horse/rugs/flag,Flag Rug,Flag Rug | Premium Quality | The Equestrian,"Shop premium flag rug including turnout rugs, stable rugs, summer sheets and coolers. Free shipping Australia-wide. Expert advice available. Find the...","flag rug. Expertly selected for quality, durability, and performance. Whether you're competing or riding for leisure, find exactly what you need at The Equestrian.","<p>, . that .</p><h3>What Makes Great Flag Rug?</h3>
<p>Shop premium flag rug from leading brands including Weatherbeeta, Horseware, Rambo, Bucas and Amigo. Each brand offers unique features and quality craftsmanship.</p><ul>
<li><strong>Fill Weights:</strong> 0g (no fill) to 400g for various climates and seasons.</li>
<li><strong>Waterproofing:</strong> Rated in denier (600D-1200D+) and waterproof/breathability ratings.</li>
<li><strong>Sizing:</strong> Measure from center chest to tail. Most brands use cm sizing (4'0"" to 7'0"").</li>
<li><strong>Features:</strong> Leg arches, tail flaps, shoulder gussets, and cross surcingles for fit and security.</li>
</ul>
<h3>Australian Climate Guide</h3><p>Choose appropriate rug weights for your climate zone. Northern Australia and Queensland: 0-200g year-round for most horses. Southern regions (Victoria, Tasmania, NSW highlands): 200-400g for winter. Consider your horse's breed, clip, and shelter when selecting fill weight.</p>",,/horse/rugs,3,published,best-selling,"[{""question"":""What weight rug does my horse need?"",""answer"":""Rug weight depends on your horse's coat, body condition, and local climate. Clipped horses typically need heavier rugs (200-400g) in winter, while unclipped horses may only need lightweight options (0-100g). Consider your horse's individual needs - some run hot, others cold. We're happy to help you choose the right weight.""},{""question"":""How do I measure my horse for a rug?"",""answer"":""Measure from the center of your horse's chest to the point of the buttock in a straight line. This gives you the rug size in inches or centimeters. For best fit, also consider your horse's build - some brands run larger or smaller. Check individual product sizing charts and don't hesitate to contact us for guidance.""}]","[{""url"":""/horse/boots"",""title"":""Horse Boots"",""description"":""Complete protection for your horse""},{""url"":""/horse/stable"",""title"":""Stable Equipment"",""description"":""Everything for your stable""}]"
/horse/rugs/travel,Travel,Travel | Premium Quality | The Equestrian,"Shop premium travel including turnout rugs, stable rugs, summer sheets and coolers. Free shipping Australia-wide. Expert advice available. Find the perfect...","travel. Expertly selected for quality, durability, and performance. Whether you're competing or riding for leisure, find exactly what you need at The Equestrian.","<p>, . that .</p><h3>What Makes Great Travel?</h3>
<p>Shop premium travel from leading brands including Weatherbeeta, Horseware, Rambo, Bucas and Amigo. Each brand offers unique features and quality craftsmanship.</p><ul>
<li><strong>Fill Weights:</strong> 0g (no fill) to 400g for various climates and seasons.</li>
<li><strong>Waterproofing:</strong> Rated in denier (600D-1200D+) and waterproof/breathability ratings.</li>
<li><strong>Sizing:</strong> Measure from center chest to tail. Most brands use cm sizing (4'0"" to 7'0"").</li>
<li><strong>Features:</strong> Leg arches, tail flaps, shoulder gussets, and cross surcingles for fit and security.</li>
</ul>
<h3>Australian Climate Guide</h3><p>Choose appropriate rug weights for your climate zone. Northern Australia and Queensland: 0-200g year-round for most horses. Southern regions (Victoria, Tasmania, NSW highlands): 200-400g for winter. Consider your horse's breed, clip, and shelter when selecting fill weight.</p>",,/horse/rugs,3,published,best-selling,"[{""question"":""What weight rug does my horse need?"",""answer"":""Rug weight depends on your horse's coat, body condition, and local climate. Clipped horses typically need heavier rugs (200-400g) in winter, while unclipped horses may only need lightweight options (0-100g). Consider your horse's individual needs - some run hot, others cold. We're happy to help you choose the right weight.""},{""question"":""How do I measure my horse for a rug?"",""answer"":""Measure from the center of your horse's chest to the point of the buttock in a straight line. This gives you the rug size in inches or centimeters. For best fit, also consider your horse's build - some brands run larger or smaller. Check individual product sizing charts and don't hesitate to contact us for guidance.""}]","[{""url"":""/horse/boots"",""title"":""Horse Boots"",""description"":""Complete protection for your horse""},{""url"":""/horse/stable"",""title"":""Stable Equipment"",""description"":""Everything for your stable""}]"
/horse/rugs/rain,Rain Rugs,Rain Rugs | Premium Quality | The Equestrian,"Shop premium rain rugs including turnout rugs, stable rugs, summer sheets and coolers. Free shipping Australia-wide. Expert advice available. Find the...","rain rugs. Expertly selected for quality, durability, and performance. Whether you're competing or riding for leisure, find exactly what you need at The Equestrian.","<p>, . that .</p><h3>What Makes Great Rain Rugs?</h3>
<p>Shop premium rain rugs from leading brands including Weatherbeeta, Horseware, Rambo, Bucas and Amigo. Each brand offers unique features and quality craftsmanship.</p><ul>
<li><strong>Fill Weights:</strong> 0g (no fill) to 400g for various climates and seasons.</li>
<li><strong>Waterproofing:</strong> Rated in denier (600D-1200D+) and waterproof/breathability ratings.</li>
<li><strong>Sizing:</strong> Measure from center chest to tail. Most brands use cm sizing (4'0"" to 7'0"").</li>
<li><strong>Features:</strong> Leg arches, tail flaps, shoulder gussets, and cross surcingles for fit and security.</li>
</ul>
<h3>Australian Climate Guide</h3><p>Choose appropriate rug weights for your climate zone. Northern Australia and Queensland: 0-200g year-round for most horses. Southern regions (Victoria, Tasmania, NSW highlands): 200-400g for winter. Consider your horse's breed, clip, and shelter when selecting fill weight.</p>",,/horse/rugs,3,published,best-selling,"[{""question"":""What weight rug does my horse need?"",""answer"":""Rug weight depends on your horse's coat, body condition, and local climate. Clipped horses typically need heavier rugs (200-400g) in winter, while unclipped horses may only need lightweight options (0-100g). Consider your horse's individual needs - some run hot, others cold. We're happy to help you choose the right weight.""},{""question"":""How do I measure my horse for a rug?"",""answer"":""Measure from the center of your horse's chest to the point of the buttock in a straight line. This gives you the rug size in inches or centimeters. For best fit, also consider your horse's build - some brands run larger or smaller. Check individual product sizing charts and don't hesitate to contact us for guidance.""}]","[{""url"":""/horse/boots"",""title"":""Horse Boots"",""description"":""Complete protection for your horse""},{""url"":""/horse/stable"",""title"":""Stable Equipment"",""description"":""Everything for your stable""}]"
/horse/rugs/riding,riding rug,riding rug | Premium Quality | The Equestrian,"Shop premium riding rug including turnout rugs, stable rugs, summer sheets and coolers. Free shipping Australia-wide. Expert advice available. Find the...","riding rug. Expertly selected for quality, durability, and performance. Whether you're competing or riding for leisure, find exactly what you need at The Equestrian.","<p>, . that .</p><h3>What Makes Great riding rug?</h3>
<p>Shop premium riding rug from leading brands including Weatherbeeta, Horseware, Rambo, Bucas and Amigo. Each brand offers unique features and quality craftsmanship.</p><ul>
<li><strong>Fill Weights:</strong> 0g (no fill) to 400g for various climates and seasons.</li>
<li><strong>Waterproofing:</strong> Rated in denier (600D-1200D+) and waterproof/breathability ratings.</li>
<li><strong>Sizing:</strong> Measure from center chest to tail. Most brands use cm sizing (4'0"" to 7'0"").</li>
<li><strong>Features:</strong> Leg arches, tail flaps, shoulder gussets, and cross surcingles for fit and security.</li>
</ul>
<h3>Australian Climate Guide</h3><p>Choose appropriate rug weights for your climate zone. Northern Australia and Queensland: 0-200g year-round for most horses. Southern regions (Victoria, Tasmania, NSW highlands): 200-400g for winter. Consider your horse's breed, clip, and shelter when selecting fill weight.</p>",,/horse/rugs,3,published,best-selling,"[{""question"":""What weight rug does my horse need?"",""answer"":""Rug weight depends on your horse's coat, body condition, and local climate. Clipped horses typically need heavier rugs (200-400g) in winter, while unclipped horses may only need lightweight options (0-100g). Consider your horse's individual needs - some run hot, others cold. We're happy to help you choose the right weight.""},{""question"":""How do I measure my horse for a rug?"",""answer"":""Measure from the center of your horse's chest to the point of the buttock in a straight line. This gives you the rug size in inches or centimeters. For best fit, also consider your horse's build - some brands run larger or smaller. Check individual product sizing charts and don't hesitate to contact us for guidance.""}]","[{""url"":""/horse/boots"",""title"":""Horse Boots"",""description"":""Complete protection for your horse""},{""url"":""/horse/stable"",""title"":""Stable Equipment"",""description"":""Everything for your stable""}]"
/horse/tack,Strapping,Strapping | Buy Online | The Equestrian,"Shop premium strapping including bridles, reins, girths and stirrups. Free shipping Australia-wide. Expert advice available. Find the perfect gear for your...","strapping. Expertly selected for quality, durability, and performance. Whether you're competing or riding for leisure, find exactly what you need at The Equestrian.","<p>Discover our comprehensive collection of strapping, carefully curated to meet the demands of horses at every level. From competition-ready gear to everyday essentials, we stock only the finest brands known for quality, durability, and performance. Each product has been expertly selected by our team of equine specialists who understand what truly matters.</p><h3>What Makes Great Strapping?</h3>
<p>Shop premium strapping from leading brands including PS of Sweden, Weatherbeeta and Collegiate. Each brand offers unique features and quality craftsmanship.</p><ul><li>horses and riders</li><li>in equestrian sports</li><li><strong>Value:</strong> </li></ul><h3>Shop by Type</h3><p>Browse our specialized categories including <a href=""/horse/tack/girths"">strapping - girths</a>,<a href=""/horse/tack/stirrup-irons"">stirrup irons</a>, and <a href=""/horse/tack/number-holders"">number holders</a>. Each category features products from world-leading brands trusted by professional equestrians.</p>",,/horse,2,published,best-selling,"[{""question"":""How do I choose the right strapping?"",""answer"":""Consider your specific needs, budget, and intended use. Read product descriptions carefully and check sizing information. Our customer reviews provide valuable insights from real users. If you're unsure, our expert team is always happy to provide personalized recommendations.""},{""question"":""Do you offer free shipping on strapping?"",""answer"":""Yes! We offer free shipping on all orders within Australia. Orders are typically processed within 1-2 business days. For urgent needs, express shipping options are available at checkout.""}]",[]
/horse/tack/girths,Strapping - Girths,Strapping - Girths | Premium Quality | The Equestrian,"Shop premium strapping - girths including bridles, reins, girths and stirrups. Free shipping Australia-wide. Expert advice available. Find the perfect gear...","strapping - girths. Expertly selected for quality, durability, and performance. Whether you're competing or riding for leisure, find exactly what you need at The Equestrian.","<p>, . that .</p><h3>What Makes Great Strapping - Girths?</h3>
<p>Shop premium strapping - girths from leading brands including PS of Sweden, Weatherbeeta and Collegiate. Each brand offers unique features and quality craftsmanship.</p><ul><li>horses and riders</li><li>in equestrian sports</li><li><strong>Value:</strong> </li></ul>",,/horse/tack,3,published,best-selling,"[{""question"":""How do I choose the right strapping - girths?"",""answer"":""Consider your specific needs, budget, and intended use. Read product descriptions carefully and check sizing information. Our customer reviews provide valuable insights from real users. If you're unsure, our expert team is always happy to provide personalized recommendations.""},{""question"":""Do you offer free shipping on strapping - girths?"",""answer"":""Yes! We offer free shipping on all orders within Australia. Orders are typically processed within 1-2 business days. For urgent needs, express shipping options are available at checkout.""}]",[]
/horse/tack/stirrup-irons,Stirrup Irons,Stirrup Irons | Premium Quality | The Equestrian,"Shop premium stirrup irons including bridles, reins, girths and stirrups. Free shipping Australia-wide. Expert advice available. Find the perfect gear for...","stirrup irons. Expertly selected for quality, durability, and performance. Whether you're competing or riding for leisure, find exactly what you need at The Equestrian.","<p>, . that .</p><h3>What Makes Great Stirrup Irons?</h3>
<p>Shop premium stirrup irons from leading brands including PS of Sweden, Weatherbeeta and Collegiate. Each brand offers unique features and quality craftsmanship.</p><ul><li>horses and riders</li><li>in equestrian sports</li><li><strong>Value:</strong> </li></ul>",,/horse/tack,3,published,best-selling,"[{""question"":""How do I choose the right stirrup irons?"",""answer"":""Consider your specific needs, budget, and intended use. Read product descriptions carefully and check sizing information. Our customer reviews provide valuable insights from real users. If you're unsure, our expert team is always happy to provide personalized recommendations.""},{""question"":""Do you offer free shipping on stirrup irons?"",""answer"":""Yes! We offer free shipping on all orders within Australia. Orders are typically processed within 1-2 business days. For urgent needs, express shipping options are available at checkout.""}]",[]
/horse/tack/number-holders,Number Holders,Number Holders | Premium Quality | The Equestrian,"Shop premium number holders including bridles, reins, girths and stirrups. Free shipping Australia-wide. Expert advice available. Find the perfect gear for...","number holders. Expertly selected for quality, durability, and performance. Whether you're competing or riding for leisure, find exactly what you need at The Equestrian.","<p>, . that .</p><h3>What Makes Great Number Holders?</h3>
<p>Shop premium number holders from leading brands including PS of Sweden, Weatherbeeta and Collegiate. Each brand offers unique features and quality craftsmanship.</p><ul><li>horses and riders</li><li>in equestrian sports</li><li><strong>Value:</strong> </li></ul>",,/horse/tack,3,published,best-selling,"[{""question"":""How do I choose the right number holders?"",""answer"":""Consider your specific needs, budget, and intended use. Read product descriptions carefully and check sizing information. Our customer reviews provide valuable insights from real users. If you're unsure, our expert team is always happy to provide personalized recommendations.""},{""question"":""Do you offer free shipping on number holders?"",""answer"":""Yes! We offer free shipping on all orders within Australia. Orders are typically processed within 1-2 business days. For urgent needs, express shipping options are available at checkout.""}]",[]
/horse/tack/stirrup-leathers,Stirrup Leathers,Stirrup Leathers | Premium Quality | The Equestrian,"Shop premium stirrup leathers including bridles, reins, girths and stirrups. Free shipping Australia-wide. Expert advice available. Find the perfect gear...","stirrup leathers. Expertly selected for quality, durability, and performance. Whether you're competing or riding for leisure, find exactly what you need at The Equestrian.","<p>, . that .</p><h3>What Makes Great Stirrup Leathers?</h3>
<p>Shop premium stirrup leathers from leading brands including PS of Sweden, Weatherbeeta and Collegiate. Each brand offers unique features and quality craftsmanship.</p><ul><li>horses and riders</li><li>in equestrian sports</li><li><strong>Value:</strong> </li></ul>",,/horse/tack,3,published,best-selling,"[{""question"":""How do I choose the right stirrup leathers?"",""answer"":""Consider your specific needs, budget, and intended use. Read product descriptions carefully and check sizing information. Our customer reviews provide valuable insights from real users. If you're unsure, our expert team is always happy to provide personalized recommendations.""},{""question"":""Do you offer free shipping on stirrup leathers?"",""answer"":""Yes! We offer free shipping on all orders within Australia. Orders are typically processed within 1-2 business days. For urgent needs, express shipping options are available at checkout.""}]",[]
/horse/tack/bridles,Browbands,Browbands | Premium Quality | The Equestrian,"Shop premium browbands including bridles, reins, girths and stirrups. Free shipping Australia-wide. Expert advice available. Find the perfect gear for your...","browbands. Expertly selected for quality, durability, and performance. Whether you're competing or riding for leisure, find exactly what you need at The Equestrian.","<p>, . that .</p><h3>What Makes Great Browbands?</h3>
<p>Shop premium browbands from leading brands including PS of Sweden, Weatherbeeta and Collegiate. Each brand offers unique features and quality craftsmanship.</p><ul><li>horses and riders</li><li>in equestrian sports</li><li><strong>Value:</strong> </li></ul>",,/horse/tack,3,published,best-selling,"[{""question"":""How do I choose the right browbands?"",""answer"":""Consider your specific needs, budget, and intended use. Read product descriptions carefully and check sizing information. Our customer reviews provide valuable insights from real users. If you're unsure, our expert team is always happy to provide personalized recommendations.""},{""question"":""Do you offer free shipping on browbands?"",""answer"":""Yes! We offer free shipping on all orders within Australia. Orders are typically processed within 1-2 business days. For urgent needs, express shipping options are available at checkout.""}]",[]
/horse/tack/reins,Reins,Reins | Premium Quality | The Equestrian,"Shop premium reins including bridles, reins, girths and stirrups. Free shipping Australia-wide. Expert advice available. Find the perfect gear for your needs.","reins. Expertly selected for quality, durability, and performance. Whether you're competing or riding for leisure, find exactly what you need at The Equestrian.","<p>, . that .</p><h3>What Makes Great Reins?</h3>
<p>Shop premium reins from leading brands including PS of Sweden, Weatherbeeta and Collegiate. Each brand offers unique features and quality craftsmanship.</p><ul><li>horses and riders</li><li>in equestrian sports</li><li><strong>Value:</strong> </li></ul>",,/horse/tack,3,published,best-selling,"[{""question"":""How do I choose the right reins?"",""answer"":""Consider your specific needs, budget, and intended use. Read product descriptions carefully and check sizing information. Our customer reviews provide valuable insights from real users. If you're unsure, our expert team is always happy to provide personalized recommendations.""},{""question"":""Do you offer free shipping on reins?"",""answer"":""Yes! We offer free shipping on all orders within Australia. Orders are typically processed within 1-2 business days. For urgent needs, express shipping options are available at checkout.""}]",[]
/horse/tack/nosebands,Nosebands & Browbands,Nosebands & Browbands | Premium Quality | The Equestrian,"Shop premium nosebands & browbands including bridles, reins, girths and stirrups. Free shipping Australia-wide. Expert advice available. Find the perfect...","nosebands & browbands. Expertly selected for quality, durability, and performance. Whether you're competing or riding for leisure, find exactly what you need at The Equestrian.","<p>, . that .</p><h3>What Makes Great Nosebands & Browbands?</h3>
<p>Shop premium nosebands & browbands from leading brands including PS of Sweden, Weatherbeeta and Collegiate. Each brand offers unique features and quality craftsmanship.</p><ul><li>horses and riders</li><li>in equestrian sports</li><li><strong>Value:</strong> </li></ul>",,/horse/tack,3,published,best-selling,"[{""question"":""How do I choose the right nosebands & browbands?"",""answer"":""Consider your specific needs, budget, and intended use. Read product descriptions carefully and check sizing information. Our customer reviews provide valuable insights from real users. If you're unsure, our expert team is always happy to provide personalized recommendations.""},{""question"":""Do you offer free shipping on nosebands & browbands?"",""answer"":""Yes! We offer free shipping on all orders within Australia. Orders are typically processed within 1-2 business days. For urgent needs, express shipping options are available at checkout.""}]",[]
/horse/tack/breastplates,Breastplates & Martingales,Breastplates & Martingales | Premium Quality | The Equestrian,"Shop premium breastplates & martingales including bridles, reins, girths and stirrups. Free shipping Australia-wide. Expert advice available. Find the...","breastplates & martingales. Expertly selected for quality, durability, and performance. Whether you're competing or riding for leisure, find exactly what you need at The Equestrian.","<p>, . that .</p><h3>What Makes Great Breastplates & Martingales?</h3>
<p>Shop premium breastplates & martingales from leading brands including PS of Sweden, Weatherbeeta and Collegiate. Each brand offers unique features and quality craftsmanship.</p><ul><li>horses and riders</li><li>in equestrian sports</li><li><strong>Value:</strong> </li></ul>",,/horse/tack,3,published,best-selling,"[{""question"":""How do I choose the right breastplates & martingales?"",""answer"":""Consider your specific needs, budget, and intended use. Read product descriptions carefully and check sizing information. Our customer reviews provide valuable insights from real users. If you're unsure, our expert team is always happy to provide personalized recommendations.""},{""question"":""Do you offer free shipping on breastplates & martingales?"",""answer"":""Yes! We offer free shipping on all orders within Australia. Orders are typically processed within 1-2 business days. For urgent needs, express shipping options are available at checkout.""}]",[]
/horse/tack/martingales,Strapping - Martingales,Strapping - Martingales | Premium Quality | The Equestrian,"Shop premium strapping - martingales including bridles, reins, girths and stirrups. Free shipping Australia-wide. Expert advice available. Find the perfect...","strapping - martingales. Expertly selected for quality, durability, and performance. Whether you're competing or riding for leisure, find exactly what you need at The Equestrian.","<p>, . that .</p><h3>What Makes Great Strapping - Martingales?</h3>
<p>Shop premium strapping - martingales from leading brands including PS of Sweden, Weatherbeeta and Collegiate. Each brand offers unique features and quality craftsmanship.</p><ul><li>horses and riders</li><li>in equestrian sports</li><li><strong>Value:</strong> </li></ul>",,/horse/tack,3,published,best-selling,"[{""question"":""How do I choose the right strapping - martingales?"",""answer"":""Consider your specific needs, budget, and intended use. Read product descriptions carefully and check sizing information. Our customer reviews provide valuable insights from real users. If you're unsure, our expert team is always happy to provide personalized recommendations.""},{""question"":""Do you offer free shipping on strapping - martingales?"",""answer"":""Yes! We offer free shipping on all orders within Australia. Orders are typically processed within 1-2 business days. For urgent needs, express shipping options are available at checkout.""}]",[]
/horse/tack/stirrups,Stirrups and leathers,Stirrups and leathers | Premium Quality | The Equestrian,"Shop premium stirrups and leathers including bridles, reins, girths and stirrups. Free shipping Australia-wide. Expert advice available. Find the perfect...","stirrups and leathers. Expertly selected for quality, durability, and performance. Whether you're competing or riding for leisure, find exactly what you need at The Equestrian.","<p>, . that .</p><h3>What Makes Great Stirrups and leathers?</h3>
<p>Shop premium stirrups and leathers from leading brands including PS of Sweden, Weatherbeeta and Collegiate. Each brand offers unique features and quality craftsmanship.</p><ul><li>horses and riders</li><li>in equestrian sports</li><li><strong>Value:</strong> </li></ul>",,/horse/tack,3,published,best-selling,"[{""question"":""How do I choose the right stirrups and leathers?"",""answer"":""Consider your specific needs, budget, and intended use. Read product descriptions carefully and check sizing information. Our customer reviews provide valuable insights from real users. If you're unsure, our expert team is always happy to provide personalized recommendations.""},{""question"":""Do you offer free shipping on stirrups and leathers?"",""answer"":""Yes! We offer free shipping on all orders within Australia. Orders are typically processed within 1-2 business days. For urgent needs, express shipping options are available at checkout.""}]",[]
/horse/tack/accessories,Tack Accessories,Strapping - Strapping Accessories | Premium Quality | The Equestrian,"Shop premium tack accessories including bridles, reins, girths and stirrups. Free shipping Australia-wide. Expert advice available. Find the perfect gear...","strapping - strapping accessories. Expertly selected for quality, durability, and performance. Whether you're competing or riding for leisure, find exactly what you need at The Equestrian.","<h2>Premium Strapping - Strapping Accessories</h2>
<p>Shop premium tack accessories from leading brands including PS of Sweden, Weatherbeeta and Collegiate. Each brand offers unique features and quality craftsmanship.</p><p>, . that .</p><h3>What Makes Great Strapping - Strapping Accessories?</h3><ul><li>horses and riders</li><li>in equestrian sports</li><li><strong>Value:</strong> </li></ul>",,/horse/tack,3,published,best-selling,"[{""question"":""How do I choose the right strapping - strapping accessories?"",""answer"":""Consider your specific needs, budget, and intended use. Read product descriptions carefully and check sizing information. Our customer reviews provide valuable insights from real users. If you're unsure, our expert team is always happy to provide personalized recommendations.""},{""question"":""Do you offer free shipping on strapping - strapping accessories?"",""answer"":""Yes! We offer free shipping on all orders within Australia. Orders are typically processed within 1-2 business days. For urgent needs, express shipping options are available at checkout.""}]",[]
/horse/saddles,Saddles,Saddles | Buy Online | The Equestrian,"Shop premium saddles including dressage saddles, jumping saddles, all-purpose saddles and endurance saddles. Free shipping Australia-wide. Expert advice...","saddles. Expertly selected for quality, durability, and performance. Whether you're competing or riding for leisure, find exactly what you need at The Equestrian.","<p>Discover our comprehensive collection of saddles, carefully curated to meet the demands of horses at every level. From competition-ready gear to everyday essentials, we stock only the finest brands known for quality, durability, and performance. Each product has been expertly selected by our team of equine specialists who understand what truly matters.</p><h3>What Makes Great Saddles?</h3>
<p>Shop premium saddles from leading brands including Bates, Wintec, Pessoa, Stubben and Collegiate. Each brand offers unique features and quality craftsmanship.</p><ul>
<li><strong>Disciplines:</strong> Dressage, jumping, all-purpose, and endurance styles available.</li>
<li><strong>Tree Width:</strong> Narrow, medium, wide, and adjustable options to fit different horses.</li>
<li><strong>Seat Sizes:</strong> Typically 15"" to 18"" for adults. Measure from pommel to cantle.</li>
<li><strong>Materials:</strong> Leather or synthetic options. Leather requires regular conditioning.</li>
</ul><h3>Shop by Type</h3><p>Browse our specialized categories including <a href=""/horse/saddles/dressage"">saddles: dressage saddles</a>,<a href=""/horse/saddles/accessories"">saddles: saddle accessories & gullets</a>, and <a href=""/horse/saddles/all-purpose"">saddles: all purpose saddles</a>. Each category features products from world-leading brands trusted by professional equestrians.</p>
<h3>How to Choose a Saddle</h3>
<p><strong>Discipline-Specific Design:</strong> Dressage saddles have deep seats and straight flaps for a long leg position. Jumping saddles feature forward-cut flaps and knee rolls. All-purpose saddles offer versatility for general riding and light competition.</p>
<p><strong>Tree Width:</strong> The tree must fit your horse's back. Narrow, medium, and wide options available. Many modern saddles have adjustable trees or interchangeable gullets. Professional saddle fitting is highly recommended to ensure proper fit.</p>
<p><strong>Seat Size:</strong> Measured in inches (15""-18"" for adults). You should have about 4 fingers width behind you and 2-3 fingers in front when seated. Seat size doesn't affect horse fit - choose based on your comfort.</p>
<p><strong>Materials:</strong> Leather saddles require regular maintenance but last decades with proper care. Synthetic saddles are low-maintenance, lighter, and more affordable but have shorter lifespans. Both can be excellent choices depending on your needs.</p>
<h3>Perfect For</h3>
<ul>
<li><strong>Dressage:</strong> Deep-seated dressage saddles support correct position and effective aids. Straight flaps accommodate longer stirrup length for classical seat.</li>
<li><strong>Jumping:</strong> Forward-cut jumping saddles with knee rolls support shorter stirrups and jumping position. Close contact designs enhance feel and communication.</li>
<li><strong>All-Purpose Riding:</strong> Versatile all-purpose saddles suitable for flatwork, jumping, and trail riding. Ideal for riders participating in multiple disciplines.</li>
<li><strong>Endurance & Trail:</strong> Comfortable designs for long hours in the saddle. Lightweight construction reduces horse fatigue on extended rides.</li>
</ul>",,/horse,2,published,best-selling,"[{""question"":""How do I know what saddle size I need?"",""answer"":""Saddle seat size (typically 15\""-18\"" for adults) is measured from the pommel to the cantle. Sit in the saddle - you should have about 4 fingers width behind you and 2-3 fingers in front. Tree width (narrow, medium, wide) must fit your horse. Professional saddle fitting is highly recommended.""},{""question"":""What's the difference between dressage and jumping saddles?"",""answer"":""Dressage saddles have a deep seat and straight flaps to support a long leg position. Jumping saddles have forward-cut flaps and knee rolls to support a shorter stirrup and forward position. All-purpose saddles offer a compromise suitable for general riding and light competition.""},{""question"":""Do you offer saddle fitting services?"",""answer"":""We recommend working with a qualified saddle fitter in your area. Many of our saddles have adjustable trees or come with multiple gullet sizes. Contact us for saddle fitter recommendations in your region and guidance on measuring your horse.""}]",[]
/horse/saddles/dressage,Dressage Saddles,SADDLES: Dressage Saddles | Premium Quality | The Equestrian,"Shop premium dressage saddles including dressage saddles, jumping saddles, all-purpose saddles and endurance saddles. Free shipping Australia-wide. Expert...","saddles: dressage saddles. Expertly selected for quality, durability, and performance. Whether you're competing or riding for leisure, find exactly what you need at The Equestrian.","<h2>Premium SADDLES: Dressage Saddles</h2>
<p>Shop premium dressage saddles from leading brands including Bates, Wintec, Pessoa, Stubben and Collegiate. Each brand offers unique features and quality craftsmanship.</p><p>, . that .</p><h3>What Makes Great SADDLES: Dressage Saddles?</h3><ul>
<li><strong>Disciplines:</strong> Dressage, jumping, all-purpose, and endurance styles available.</li>
<li><strong>Tree Width:</strong> Narrow, medium, wide, and adjustable options to fit different horses.</li>
<li><strong>Seat Sizes:</strong> Typically 15"" to 18"" for adults. Measure from pommel to cantle.</li>
<li><strong>Materials:</strong> Leather or synthetic options. Leather requires regular conditioning.</li>
</ul>",,/horse/saddles,3,published,best-selling,"[{""question"":""How do I know what saddle size I need?"",""answer"":""Saddle seat size (typically 15\""-18\"" for adults) is measured from the pommel to the cantle. Sit in the saddle - you should have about 4 fingers width behind you and 2-3 fingers in front. Tree width (narrow, medium, wide) must fit your horse. Professional saddle fitting is highly recommended.""},{""question"":""What's the difference between dressage and jumping saddles?"",""answer"":""Dressage saddles have a deep seat and straight flaps to support a long leg position. Jumping saddles have forward-cut flaps and knee rolls to support a shorter stirrup and forward position. All-purpose saddles offer a compromise suitable for general riding and light competition.""},{""question"":""Do you offer saddle fitting services?"",""answer"":""We recommend working with a qualified saddle fitter in your area. Many of our saddles have adjustable trees or come with multiple gullet sizes. Contact us for saddle fitter recommendations in your region and guidance on measuring your horse.""}]",[]
/horse/saddles/accessories,Saddle Accessories & Gullets,SADDLES: Saddle Accessories & Gullets | Premium Quality | The Equestrian,"Shop premium saddle accessories & gullets including dressage saddles, jumping saddles, all-purpose saddles and endurance saddles. Free shipping...","saddles: saddle accessories & gullets. Expertly selected for quality, durability, and performance. Whether you're competing or riding for leisure, find exactly what you need at The Equestrian.","<h2>Premium SADDLES: Saddle Accessories & Gullets</h2>
<p>Shop premium saddle accessories & gullets from leading brands including Bates, Wintec, Pessoa, Stubben and Collegiate. Each brand offers unique features and quality craftsmanship.</p><p>, . that .</p><h3>What Makes Great SADDLES: Saddle Accessories & Gullets?</h3><ul>
<li><strong>Disciplines:</strong> Dressage, jumping, all-purpose, and endurance styles available.</li>
<li><strong>Tree Width:</strong> Narrow, medium, wide, and adjustable options to fit different horses.</li>
<li><strong>Seat Sizes:</strong> Typically 15"" to 18"" for adults. Measure from pommel to cantle.</li>
<li><strong>Materials:</strong> Leather or synthetic options. Leather requires regular conditioning.</li>
</ul>",,/horse/saddles,3,published,best-selling,"[{""question"":""How do I know what saddle size I need?"",""answer"":""Saddle seat size (typically 15\""-18\"" for adults) is measured from the pommel to the cantle. Sit in the saddle - you should have about 4 fingers width behind you and 2-3 fingers in front. Tree width (narrow, medium, wide) must fit your horse. Professional saddle fitting is highly recommended.""},{""question"":""What's the difference between dressage and jumping saddles?"",""answer"":""Dressage saddles have a deep seat and straight flaps to support a long leg position. Jumping saddles have forward-cut flaps and knee rolls to support a shorter stirrup and forward position. All-purpose saddles offer a compromise suitable for general riding and light competition.""},{""question"":""Do you offer saddle fitting services?"",""answer"":""We recommend working with a qualified saddle fitter in your area. Many of our saddles have adjustable trees or come with multiple gullet sizes. Contact us for saddle fitter recommendations in your region and guidance on measuring your horse.""}]",[]
/horse/saddles/all-purpose,All Purpose Saddles,SADDLES: All Purpose Saddles | Premium Quality | The Equestrian,"Shop premium all purpose saddles including dressage saddles, jumping saddles, all-purpose saddles and endurance saddles. Free shipping Australia-wide....","saddles: all purpose saddles. Expertly selected for quality, durability, and performance. Whether you're competing or riding for leisure, find exactly what you need at The Equestrian.","<h2>Premium SADDLES: All Purpose Saddles</h2>
<p>Shop premium all purpose saddles from leading brands including Bates, Wintec, Pessoa, Stubben and Collegiate. Each brand offers unique features and quality craftsmanship.</p><p>, . that .</p><h3>What Makes Great SADDLES: All Purpose Saddles?</h3><ul>
<li><strong>Disciplines:</strong> Dressage, jumping, all-purpose, and endurance styles available.</li>
<li><strong>Tree Width:</strong> Narrow, medium, wide, and adjustable options to fit different horses.</li>
<li><strong>Seat Sizes:</strong> Typically 15"" to 18"" for adults. Measure from pommel to cantle.</li>
<li><strong>Materials:</strong> Leather or synthetic options. Leather requires regular conditioning.</li>
</ul>",,/horse/saddles,3,published,best-selling,"[{""question"":""How do I know what saddle size I need?"",""answer"":""Saddle seat size (typically 15\""-18\"" for adults) is measured from the pommel to the cantle. Sit in the saddle - you should have about 4 fingers width behind you and 2-3 fingers in front. Tree width (narrow, medium, wide) must fit your horse. Professional saddle fitting is highly recommended.""},{""question"":""What's the difference between dressage and jumping saddles?"",""answer"":""Dressage saddles have a deep seat and straight flaps to support a long leg position. Jumping saddles have forward-cut flaps and knee rolls to support a shorter stirrup and forward position. All-purpose saddles offer a compromise suitable for general riding and light competition.""},{""question"":""Do you offer saddle fitting services?"",""answer"":""We recommend working with a qualified saddle fitter in your area. Many of our saddles have adjustable trees or come with multiple gullet sizes. Contact us for saddle fitter recommendations in your region and guidance on measuring your horse.""}]",[]
/horse/saddles/jumping,Jumping Saddles,SADDLES: Jumping Saddles | Premium Quality | The Equestrian,"Shop premium jumping saddles including dressage saddles, jumping saddles, all-purpose saddles and endurance saddles. Free shipping Australia-wide. Expert...","saddles: jumping saddles. Expertly selected for quality, durability, and performance. Whether you're competing or riding for leisure, find exactly what you need at The Equestrian.","<h2>Premium SADDLES: Jumping Saddles</h2>
<p>Shop premium jumping saddles from leading brands including Bates, Wintec, Pessoa, Stubben and Collegiate. Each brand offers unique features and quality craftsmanship.</p><p>, . that .</p><h3>What Makes Great SADDLES: Jumping Saddles?</h3><ul>
<li><strong>Disciplines:</strong> Dressage, jumping, all-purpose, and endurance styles available.</li>
<li><strong>Tree Width:</strong> Narrow, medium, wide, and adjustable options to fit different horses.</li>
<li><strong>Seat Sizes:</strong> Typically 15"" to 18"" for adults. Measure from pommel to cantle.</li>
<li><strong>Materials:</strong> Leather or synthetic options. Leather requires regular conditioning.</li>
</ul>",,/horse/saddles,3,published,best-selling,"[{""question"":""How do I know what saddle size I need?"",""answer"":""Saddle seat size (typically 15\""-18\"" for adults) is measured from the pommel to the cantle. Sit in the saddle - you should have about 4 fingers width behind you and 2-3 fingers in front. Tree width (narrow, medium, wide) must fit your horse. Professional saddle fitting is highly recommended.""},{""question"":""What's the difference between dressage and jumping saddles?"",""answer"":""Dressage saddles have a deep seat and straight flaps to support a long leg position. Jumping saddles have forward-cut flaps and knee rolls to support a shorter stirrup and forward position. All-purpose saddles offer a compromise suitable for general riding and light competition.""},{""question"":""Do you offer saddle fitting services?"",""answer"":""We recommend working with a qualified saddle fitter in your area. Many of our saddles have adjustable trees or come with multiple gullet sizes. Contact us for saddle fitter recommendations in your region and guidance on measuring your horse.""}]",[]
/horse/saddles/stock-western,Stock & Western Saddles,SADDLES: Stock & Western Saddles | Premium Quality | The Equestrian,"Shop premium stock & western saddles including dressage saddles, jumping saddles, all-purpose saddles and endurance saddles. Free shipping Australia-wide....","saddles: stock & western saddles. Expertly selected for quality, durability, and performance. Whether you're competing or riding for leisure, find exactly what you need at The Equestrian.","<h2>Premium SADDLES: Stock & Western Saddles</h2>
<p>Shop premium stock & western saddles from leading brands including Bates, Wintec, Pessoa, Stubben and Collegiate. Each brand offers unique features and quality craftsmanship.</p><p>, . that .</p><h3>What Makes Great SADDLES: Stock & Western Saddles?</h3><ul>
<li><strong>Disciplines:</strong> Dressage, jumping, all-purpose, and endurance styles available.</li>
<li><strong>Tree Width:</strong> Narrow, medium, wide, and adjustable options to fit different horses.</li>
<li><strong>Seat Sizes:</strong> Typically 15"" to 18"" for adults. Measure from pommel to cantle.</li>
<li><strong>Materials:</strong> Leather or synthetic options. Leather requires regular conditioning.</li>
</ul>",,/horse/saddles,3,published,best-selling,"[{""question"":""How do I know what saddle size I need?"",""answer"":""Saddle seat size (typically 15\""-18\"" for adults) is measured from the pommel to the cantle. Sit in the saddle - you should have about 4 fingers width behind you and 2-3 fingers in front. Tree width (narrow, medium, wide) must fit your horse. Professional saddle fitting is highly recommended.""},{""question"":""What's the difference between dressage and jumping saddles?"",""answer"":""Dressage saddles have a deep seat and straight flaps to support a long leg position. Jumping saddles have forward-cut flaps and knee rolls to support a shorter stirrup and forward position. All-purpose saddles offer a compromise suitable for general riding and light competition.""},{""question"":""Do you offer saddle fitting services?"",""answer"":""We recommend working with a qualified saddle fitter in your area. Many of our saddles have adjustable trees or come with multiple gullet sizes. Contact us for saddle fitter recommendations in your region and guidance on measuring your horse.""}]",[]
/horse/bonnets,Flyveils & Bonnets,Flyveils & Bonnets | Buy Online | The Equestrian,"Shop premium flyveils & bonnets including saddles, rugs, boots and tack. Free shipping Australia-wide. Expert advice available. Find the perfect gear for...","flyveils & bonnets. Expertly selected for quality, durability, and performance. Whether you're competing or riding for leisure, find exactly what you need at The Equestrian.","<p>Discover our comprehensive collection of flyveils & bonnets, carefully curated to meet the demands of horses at every level. From competition-ready gear to everyday essentials, we stock only the finest brands known for quality, durability, and performance. Each product has been expertly selected by our team of equine specialists who understand what truly matters.</p><h3>What Makes Great Flyveils & Bonnets?</h3><ul><li>horses and riders</li><li>in equestrian sports</li><li><strong>Value:</strong> </li></ul><h3>Shop by Type</h3><p>Browse our specialized categories including <a href=""/horse/bonnets/fly-masks"">fly mask</a>. Each category features products from world-leading brands trusted by professional equestrians.</p>",,/horse,2,published,best-selling,"[{""question"":""How do I choose the right flyveils & bonnets?"",""answer"":""Consider your specific needs, budget, and intended use. Read product descriptions carefully and check sizing information. Our customer reviews provide valuable insights from real users. If you're unsure, our expert team is always happy to provide personalized recommendations.""},{""question"":""Do you offer free shipping on flyveils & bonnets?"",""answer"":""Yes! We offer free shipping on all orders within Australia. Orders are typically processed within 1-2 business days. For urgent needs, express shipping options are available at checkout.""}]",[]
/horse/bonnets/fly-masks,Fly Mask,Fly Mask | Premium Quality | The Equestrian,"Shop premium fly mask including saddles, rugs, boots and tack. Free shipping Australia-wide. Expert advice available. Find the perfect gear for your needs.","fly mask. Expertly selected for quality, durability, and performance. Whether you're competing or riding for leisure, find exactly what you need at The Equestrian.","<p>, . that .</p><h3>What Makes Great Fly Mask?</h3><ul><li>horses and riders</li><li>in equestrian sports</li><li><strong>Value:</strong> </li></ul>",,/horse/bonnets,3,published,best-selling,"[{""question"":""How do I choose the right fly mask?"",""answer"":""Consider your specific needs, budget, and intended use. Read product descriptions carefully and check sizing information. Our customer reviews provide valuable insights from real users. If you're unsure, our expert team is always happy to provide personalized recommendations.""},{""question"":""Do you offer free shipping on fly mask?"",""answer"":""Yes! We offer free shipping on all orders within Australia. Orders are typically processed within 1-2 business days. For urgent needs, express shipping options are available at checkout.""}]",[]
/rider/helmets,Helmets,Helmets | Buy Online | The Equestrian,"Shop premium helmets including riding helmets, skull caps, ventilated helmets and competition helmets. Free shipping Australia-wide. Expert advice available.","helmets. Expertly selected for quality, durability, and performance. Whether you're competing or riding for leisure, find exactly what you need at The Equestrian.","<p>Discover our comprehensive collection of helmets, carefully curated to meet the demands of riders at every level. From competition-ready gear to everyday essentials, we stock only the finest brands known for quality, durability, and performance. Each product has been expertly selected by our team of experienced professionals who understand what truly matters.</p><h3>What Makes Great Helmets?</h3>
<p>Shop premium helmets from leading brands including Charles Owen, Samshield, KEP, GPA and Uvex. Each brand offers unique features and quality craftsmanship.</p><ul>
<li><strong>Safety Standards:</strong> Certified to AS/NZS 3838, VG1 or PAS015 standards.</li>
<li><strong>Ventilation:</strong> Strategic air vents for cooling without compromising protection.</li>
<li><strong>Fit Systems:</strong> Adjustable dial or harness systems for secure, custom fit.</li>
<li><strong>Sizing:</strong> Measure head circumference above eyebrows. Size charts provided.</li>
</ul><h3>Shop by Type</h3><p>Browse our specialized categories including <a href=""/rider/helmets/accessories"">bicycle helmet brim visor</a>. Each category features products from world-leading brands trusted by professional riders.</p>
<h3>How to Choose a Riding Helmet</h3>
<p><strong>Safety Standards:</strong> All helmets must meet AS/NZS 3838 Australian standards at minimum. Additional certifications (VG1, PAS015, ASTM) indicate enhanced protection. Never compromise on safety - this is your most important piece of equipment.</p>
<p><strong>Fit System:</strong> Dial-adjust systems offer precise fit customization. Traditional harness systems are equally safe when properly adjusted. The helmet should sit level on your head, covering your forehead, and feel snug without pressure points.</p>
<p><strong>Ventilation:</strong> Australian conditions demand good airflow. Look for multiple vents with mesh covering. More vents don't always mean better cooling - vent placement matters more than quantity.</p>
<p><strong>Style & Features:</strong> Choose between traditional (velvet or suede finish) and modern (matte or glossy) styles. Removable liners make cleaning easier. Visors are optional but popular. Premium helmets offer superior comfort and often weigh less.</p>
<h3>Perfect For</h3>
<ul>
<li><strong>Competition:</strong> Traditional velvet or suede finishes for dressage and showing. Modern designs with superior ventilation for jumping and eventing.</li>
<li><strong>Training:</strong> Durable helmets with excellent ventilation for daily riding in Australian conditions. Easy-clean liners for frequent use.</li>
<li><strong>Trail Riding:</strong> Lightweight designs with maximum airflow for long rides. Visors provide sun protection on bright days.</li>
<li><strong>Beginners:</strong> Affordable options meeting all safety standards. Dial-adjust systems make fitting easier for growing riders.</li>
</ul>
<h3>Australian Safety Standards</h3><p>All helmets meet or exceed AS/NZS 3838 Australian safety standards. Required for competition and strongly recommended for all riding activities. Fast shipping Australia-wide with hassle-free returns if sizing isn't quite right.</p>",,/rider,2,published,best-selling,"[{""question"":""How do I know which helmet size to order?"",""answer"":""Measure your head circumference just above your eyebrows with a soft tape measure. Most helmets are sized in cm (52-62cm range). Check the specific brand's size chart as sizing can vary. A properly fitted helmet should feel snug but not tight, and shouldn't move when you shake your head.""},{""question"":""Do these helmets meet Australian safety standards?"",""answer"":""Yes, all our helmets meet or exceed AS/NZS 3838 Australian safety standards. Many also carry additional certifications like VG1, PAS015, or ASTM. Helmets are required for competition and strongly recommended for all riding activities. Replace your helmet after any impact or every 5 years.""},{""question"":""Can I return a helmet if it doesn't fit?"",""answer"":""Yes, we offer hassle-free returns on unworn helmets with original tags and packaging within 30 days. Free return shipping Australia-wide. Proper fit is crucial for safety, so we want you to get it right.""}]","[{""url"":""/clothing/womens"",""title"":""Ladies' Riding Clothing"",""description"":""Complete your riding wardrobe""},{""url"":""/horse/tack"",""title"":""Horse Tack"",""description"":""Quality tack for horse and rider""}]"
/rider/helmets/accessories,Bicycle Helmet Brim Visor,Bicycle Helmet Brim Visor | Premium Quality | The Equestrian,"Shop premium bicycle helmet brim visor including riding helmets, skull caps, ventilated helmets and competition helmets. Free shipping Australia-wide....","bicycle helmet brim visor. Expertly selected for quality, durability, and performance. Whether you're competing or riding for leisure, find exactly what you need at The Equestrian.","<p>, . that .</p><h3>What Makes Great Bicycle Helmet Brim Visor?</h3>
<p>Shop premium bicycle helmet brim visor from leading brands including Charles Owen, Samshield, KEP, GPA and Uvex. Each brand offers unique features and quality craftsmanship.</p><ul>
<li><strong>Safety Standards:</strong> Certified to AS/NZS 3838, VG1 or PAS015 standards.</li>
<li><strong>Ventilation:</strong> Strategic air vents for cooling without compromising protection.</li>
<li><strong>Fit Systems:</strong> Adjustable dial or harness systems for secure, custom fit.</li>
<li><strong>Sizing:</strong> Measure head circumference above eyebrows. Size charts provided.</li>
</ul>
<h3>Australian Safety Standards</h3><p>All helmets meet or exceed AS/NZS 3838 Australian safety standards. Required for competition and strongly recommended for all riding activities. Fast shipping Australia-wide with hassle-free returns if sizing isn't quite right.</p>",,/rider/helmets,3,published,best-selling,"[{""question"":""How do I know which helmet size to order?"",""answer"":""Measure your head circumference just above your eyebrows with a soft tape measure. Most helmets are sized in cm (52-62cm range). Check the specific brand's size chart as sizing can vary. A properly fitted helmet should feel snug but not tight, and shouldn't move when you shake your head.""},{""question"":""Do these helmets meet Australian safety standards?"",""answer"":""Yes, all our helmets meet or exceed AS/NZS 3838 Australian safety standards. Many also carry additional certifications like VG1, PAS015, or ASTM. Helmets are required for competition and strongly recommended for all riding activities. Replace your helmet after any impact or every 5 years.""},{""question"":""Can I return a helmet if it doesn't fit?"",""answer"":""Yes, we offer hassle-free returns on unworn helmets with original tags and packaging within 30 days. Free return shipping Australia-wide. Proper fit is crucial for safety, so we want you to get it right.""}]","[{""url"":""/clothing/womens"",""title"":""Ladies' Riding Clothing"",""description"":""Complete your riding wardrobe""},{""url"":""/horse/tack"",""title"":""Horse Tack"",""description"":""Quality tack for horse and rider""}]"
/rider/giftware,Giftware,Giftware | Buy Online | The Equestrian,"Shop premium giftware including helmets, boots, gloves and safety vests. Free shipping Australia-wide. Expert advice available. Find the perfect gear for...","giftware. Expertly selected for quality, durability, and performance. Whether you're competing or riding for leisure, find exactly what you need at The Equestrian.","<p>Discover our comprehensive collection of giftware, carefully curated to meet the demands of riders at every level. From competition-ready gear to everyday essentials, we stock only the finest brands known for quality, durability, and performance. Each product has been expertly selected by our team of experienced professionals who understand what truly matters.</p><h3>What Makes Great Giftware?</h3><ul></ul><h3>Shop by Category</h3><p>Browse our specialized categories to find exactly what you need. Each section features products from world-leading brands trusted by professional riders. Not sure where to start? Our expert team is always here to help you make the right choice.</p>",,/rider,2,published,best-selling,"[{""question"":""How do I choose the right giftware?"",""answer"":""Consider your riding discipline, frequency, and personal preferences. Safety should always come first - look for certified products that meet current standards. Comfort is also crucial as you're more likely to use gear that feels good. Our team can help match you with the perfect giftware for your needs.""},{""question"":""Are these products competition-approved?"",""answer"":""Most of our giftware meet or exceed competition standards, but requirements vary by discipline and level. Check specific product descriptions for certification details, or contact us to confirm if an item is suitable for your competition needs.""}]","[{""url"":""/clothing/womens"",""title"":""Ladies' Riding Clothing"",""description"":""Complete your riding wardrobe""},{""url"":""/horse/tack"",""title"":""Horse Tack"",""description"":""Quality tack for horse and rider""}]"
/rider/jewellery,Jewellery,Jewellery | Buy Online | The Equestrian,"Shop premium jewellery including helmets, boots, gloves and safety vests. Free shipping Australia-wide. Expert advice available. Find the perfect gear for...","jewellery. Expertly selected for quality, durability, and performance. Whether you're competing or riding for leisure, find exactly what you need at The Equestrian.","<p>Discover our comprehensive collection of jewellery, carefully curated to meet the demands of riders at every level. From competition-ready gear to everyday essentials, we stock only the finest brands known for quality, durability, and performance. Each product has been expertly selected by our team of experienced professionals who understand what truly matters.</p><h3>What Makes Great Jewellery?</h3><ul></ul><h3>Shop by Type</h3><p>Browse our specialized categories including <a href=""/rider/jewellery/bracelets"">bracelet</a>,<a href=""/rider/jewellery/necklaces"">necklace</a>, and <a href=""/rider/jewellery/earrings"">earrings</a>. Each category features products from world-leading brands trusted by professional riders.</p>",,/rider,2,published,best-selling,"[{""question"":""How do I choose the right jewellery?"",""answer"":""Consider your riding discipline, frequency, and personal preferences. Safety should always come first - look for certified products that meet current standards. Comfort is also crucial as you're more likely to use gear that feels good. Our team can help match you with the perfect jewellery for your needs.""},{""question"":""Are these products competition-approved?"",""answer"":""Most of our jewellery meet or exceed competition standards, but requirements vary by discipline and level. Check specific product descriptions for certification details, or contact us to confirm if an item is suitable for your competition needs.""}]","[{""url"":""/clothing/womens"",""title"":""Ladies' Riding Clothing"",""description"":""Complete your riding wardrobe""},{""url"":""/horse/tack"",""title"":""Horse Tack"",""description"":""Quality tack for horse and rider""}]"
/rider/jewellery/bracelets,Bracelet,Bracelet | Premium Quality | The Equestrian,"Shop premium bracelet including helmets, boots, gloves and safety vests. Free shipping Australia-wide. Expert advice available. Find the perfect gear for...","bracelet. Expertly selected for quality, durability, and performance. Whether you're competing or riding for leisure, find exactly what you need at The Equestrian.","<p>,. that.</p><h3>What Makes Great Bracelet?</h3><ul></ul>",,/rider/jewellery,3,published,best-selling,"[{""question"":""How do I choose the right bracelet?"",""answer"":""Consider your riding discipline, frequency, and personal preferences. Safety should always come first - look for certified products that meet current standards. Comfort is also crucial as you're more likely to use gear that feels good. Our team can help match you with the perfect bracelet for your needs.""},{""question"":""Are these products competition-approved?"",""answer"":""Most of our bracelet meet or exceed competition standards, but requirements vary by discipline and level. Check specific product descriptions for certification details, or contact us to confirm if an item is suitable for your competition needs.""}]","[{""url"":""/clothing/womens"",""title"":""Ladies' Riding Clothing"",""description"":""Complete your riding wardrobe""},{""url"":""/horse/tack"",""title"":""Horse Tack"",""description"":""Quality tack for horse and rider""}]"
/rider/jewellery/necklaces,Necklace,Necklace | Premium Quality | The Equestrian,"Shop premium necklace including helmets, boots, gloves and safety vests. Free shipping Australia-wide. Expert advice available. Find the perfect gear for...","necklace. Expertly selected for quality, durability, and performance. Whether you're competing or riding for leisure, find exactly what you need at The Equestrian.","<p>,. that.</p><h3>What Makes Great Necklace?</h3><ul></ul>",,/rider/jewellery,3,published,best-selling,"[{""question"":""How do I choose the right necklace?"",""answer"":""Consider your riding discipline, frequency, and personal preferences. Safety should always come first - look for certified products that meet current standards. Comfort is also crucial as you're more likely to use gear that feels good. Our team can help match you with the perfect necklace for your needs.""},{""question"":""Are these products competition-approved?"",""answer"":""Most of our necklace meet or exceed competition standards, but requirements vary by discipline and level. Check specific product descriptions for certification details, or contact us to confirm if an item is suitable for your competition needs.""}]","[{""url"":""/clothing/womens"",""title"":""Ladies' Riding Clothing"",""description"":""Complete your riding wardrobe""},{""url"":""/horse/tack"",""title"":""Horse Tack"",""description"":""Quality tack for horse and rider""}]"
/rider/jewellery/earrings,Earrings,Earrings | Premium Quality | The Equestrian,"Shop premium earrings including helmets, boots, gloves and safety vests. Free shipping Australia-wide. Expert advice available. Find the perfect gear for...","earrings. Expertly selected for quality, durability, and performance. Whether you're competing or riding for leisure, find exactly what you need at The Equestrian.","<p>,. that.</p><h3>What Makes Great Earrings?</h3><ul></ul>",,/rider/jewellery,3,published,best-selling,"[{""question"":""How do I choose the right earrings?"",""answer"":""Consider your riding discipline, frequency, and personal preferences. Safety should always come first - look for certified products that meet current standards. Comfort is also crucial as you're more likely to use gear that feels good. Our team can help match you with the perfect earrings for your needs.""},{""question"":""Are these products competition-approved?"",""answer"":""Most of our earrings meet or exceed competition standards, but requirements vary by discipline and level. Check specific product descriptions for certification details, or contact us to confirm if an item is suitable for your competition needs.""}]","[{""url"":""/clothing/womens"",""title"":""Ladies' Riding Clothing"",""description"":""Complete your riding wardrobe""},{""url"":""/horse/tack"",""title"":""Horse Tack"",""description"":""Quality tack for horse and rider""}]"
/rider/jewellery/pendants,Pendants,Pendants | Premium Quality | The Equestrian,"Shop premium pendants including helmets, boots, gloves and safety vests. Free shipping Australia-wide. Expert advice available. Find the perfect gear for...","pendants. Expertly selected for quality, durability, and performance. Whether you're competing or riding for leisure, find exactly what you need at The Equestrian.","<p>,. that.</p><h3>What Makes Great Pendants?</h3><ul></ul>",,/rider/jewellery,3,published,best-selling,"[{""question"":""How do I choose the right pendants?"",""answer"":""Consider your riding discipline, frequency, and personal preferences. Safety should always come first - look for certified products that meet current standards. Comfort is also crucial as you're more likely to use gear that feels good. Our team can help match you with the perfect pendants for your needs.""},{""question"":""Are these products competition-approved?"",""answer"":""Most of our pendants meet or exceed competition standards, but requirements vary by discipline and level. Check specific product descriptions for certification details, or contact us to confirm if an item is suitable for your competition needs.""}]","[{""url"":""/clothing/womens"",""title"":""Ladies' Riding Clothing"",""description"":""Complete your riding wardrobe""},{""url"":""/horse/tack"",""title"":""Horse Tack"",""description"":""Quality tack for horse and rider""}]"
/rider/jewellery/rings,Rings,Rings | Premium Quality | The Equestrian,"Shop premium rings including helmets, boots, gloves and safety vests. Free shipping Australia-wide. Expert advice available. Find the perfect gear for your...","rings. Expertly selected for quality, durability, and performance. Whether you're competing or riding for leisure, find exactly what you need at The Equestrian.","<p>,. that.</p><h3>What Makes Great Rings?</h3><ul></ul>",,/rider/jewellery,3,published,best-selling,"[{""question"":""How do I choose the right rings?"",""answer"":""Consider your riding discipline, frequency, and personal preferences. Safety should always come first - look for certified products that meet current standards. Comfort is also crucial as you're more likely to use gear that feels good. Our team can help match you with the perfect rings for your needs.""},{""question"":""Are these products competition-approved?"",""answer"":""Most of our rings meet or exceed competition standards, but requirements vary by discipline and level. Check specific product descriptions for certification details, or contact us to confirm if an item is suitable for your competition needs.""}]","[{""url"":""/clothing/womens"",""title"":""Ladies' Riding Clothing"",""description"":""Complete your riding wardrobe""},{""url"":""/horse/tack"",""title"":""Horse Tack"",""description"":""Quality tack for horse and rider""}]"
/rider/jewellery/lockets,Locket,Locket | Premium Quality | The Equestrian,"Shop premium locket including helmets, boots, gloves and safety vests. Free shipping Australia-wide. Expert advice available. Find the perfect gear for...","locket. Expertly selected for quality, durability, and performance. Whether you're competing or riding for leisure, find exactly what you need at The Equestrian.","<p>,. that.</p><h3>What Makes Great Locket?</h3><ul></ul>",,/rider/jewellery,3,published,best-selling,"[{""question"":""How do I choose the right locket?"",""answer"":""Consider your riding discipline, frequency, and personal preferences. Safety should always come first - look for certified products that meet current standards. Comfort is also crucial as you're more likely to use gear that feels good. Our team can help match you with the perfect locket for your needs.""},{""question"":""Are these products competition-approved?"",""answer"":""Most of our locket meet or exceed competition standards, but requirements vary by discipline and level. Check specific product descriptions for certification details, or contact us to confirm if an item is suitable for your competition needs.""}]","[{""url"":""/clothing/womens"",""title"":""Ladies' Riding Clothing"",""description"":""Complete your riding wardrobe""},{""url"":""/horse/tack"",""title"":""Horse Tack"",""description"":""Quality tack for horse and rider""}]"
/rider/jewellery/charms,Charm Bead,Charm Bead | Premium Quality | The Equestrian,"Shop premium charm bead including helmets, boots, gloves and safety vests. Free shipping Australia-wide. Expert advice available. Find the perfect gear for...","charm bead. Expertly selected for quality, durability, and performance. Whether you're competing or riding for leisure, find exactly what you need at The Equestrian.","<p>,. that.</p><h3>What Makes Great Charm Bead?</h3><ul></ul>",,/rider/jewellery,3,published,best-selling,"[{""question"":""How do I choose the right charm bead?"",""answer"":""Consider your riding discipline, frequency, and personal preferences. Safety should always come first - look for certified products that meet current standards. Comfort is also crucial as you're more likely to use gear that feels good. Our team can help match you with the perfect charm bead for your needs.""},{""question"":""Are these products competition-approved?"",""answer"":""Most of our charm bead meet or exceed competition standards, but requirements vary by discipline and level. Check specific product descriptions for certification details, or contact us to confirm if an item is suitable for your competition needs.""}]","[{""url"":""/clothing/womens"",""title"":""Ladies' Riding Clothing"",""description"":""Complete your riding wardrobe""},{""url"":""/horse/tack"",""title"":""Horse Tack"",""description"":""Quality tack for horse and rider""}]"
/rider/jewellery/cuffs,Cuff,Cuff | Premium Quality | The Equestrian,"Shop premium cuff including helmets, boots, gloves and safety vests. Free shipping Australia-wide. Expert advice available. Find the perfect gear for your...","cuff. Expertly selected for quality, durability, and performance. Whether you're competing or riding for leisure, find exactly what you need at The Equestrian.","<p>,. that.</p><h3>What Makes Great Cuff?</h3><ul></ul>",,/rider/jewellery,3,published,best-selling,"[{""question"":""How do I choose the right cuff?"",""answer"":""Consider your riding discipline, frequency, and personal preferences. Safety should always come first - look for certified products that meet current standards. Comfort is also crucial as you're more likely to use gear that feels good. Our team can help match you with the perfect cuff for your needs.""},{""question"":""Are these products competition-approved?"",""answer"":""Most of our cuff meet or exceed competition standards, but requirements vary by discipline and level. Check specific product descriptions for certification details, or contact us to confirm if an item is suitable for your competition needs.""}]","[{""url"":""/clothing/womens"",""title"":""Ladies' Riding Clothing"",""description"":""Complete your riding wardrobe""},{""url"":""/horse/tack"",""title"":""Horse Tack"",""description"":""Quality tack for horse and rider""}]"
/rider/gloves,Gloves,Gloves | Buy Online | The Equestrian,"Shop premium gloves including riding gloves, winter gloves, competition gloves and grip gloves. Free shipping Australia-wide. Expert advice available.","gloves. Expertly selected for quality, durability, and performance. Whether you're competing or riding for leisure, find exactly what you need at The Equestrian.","<p>Discover our comprehensive collection of gloves, carefully curated to meet the demands of riders at every level. From competition-ready gear to everyday essentials, we stock only the finest brands known for quality, durability, and performance. Each product has been expertly selected by our team of experienced professionals who understand what truly matters.</p><h3>What Makes Great Gloves?</h3>
<p>Shop premium gloves from leading brands including Roeckl, SSG, Heritage and Ariat. Each brand offers unique features and quality craftsmanship.</p><ul>
<li><strong>Grip:</strong> Synthetic leather palms or silicone prints for secure rein control.</li>
<li><strong>Breathability:</strong> Mesh panels or perforated materials for ventilation.</li>
<li><strong>Weather Options:</strong> Lightweight summer gloves, insulated winter styles.</li>
<li><strong>Sizing:</strong> Measure hand circumference at widest point. XS to XL available.</li>
</ul><h3>Shop by Category</h3><p>Browse our specialized categories to find exactly what you need. Each section features products from world-leading brands trusted by professional riders. Not sure where to start? Our expert team is always here to help you make the right choice.</p>",,/rider,2,published,best-selling,"[{""question"":""What size riding gloves should I order?"",""answer"":""Measure hand circumference at the widest point (across knuckles, excluding thumb). Most brands use standard sizing (XS-XL). Gloves should fit snugly without restricting movement. Too loose and you'll lose grip; too tight and they'll be uncomfortable. Check brand-specific size charts.""},{""question"":""What's the difference between summer and winter riding gloves?"",""answer"":""Summer gloves feature lightweight, breathable materials with mesh panels for ventilation. Winter gloves have insulation (Thinsulate or fleece lining) while maintaining grip and flexibility. Australian riders often need both types given our climate variations.""},{""question"":""How do I care for my riding gloves?"",""answer"":""Most synthetic gloves are machine washable (cold water, gentle cycle). Leather gloves should be hand washed with saddle soap. Air dry only - never use heat. Proper care extends glove life to 1-2 years with regular use. Replace when grip material wears or seams split.""}]","[{""url"":""/clothing/womens"",""title"":""Ladies' Riding Clothing"",""description"":""Complete your riding wardrobe""},{""url"":""/horse/tack"",""title"":""Horse Tack"",""description"":""Quality tack for horse and rider""}]"
/rider/eyewear,Glasses & Goggles,Glasses & Goggles | Buy Online | The Equestrian,"Shop premium glasses & goggles including helmets, boots, gloves and safety vests. Free shipping Australia-wide. Expert advice available. Find the perfect...","glasses & goggles. Expertly selected for quality, durability, and performance. Whether you're competing or riding for leisure, find exactly what you need at The Equestrian.","<p>Discover our comprehensive collection of glasses & goggles, carefully curated to meet the demands of riders at every level. From competition-ready gear to everyday essentials, we stock only the finest brands known for quality, durability, and performance. Each product has been expertly selected by our team of experienced professionals who understand what truly matters.</p><h3>What Makes Great Glasses & Goggles?</h3><ul></ul><h3>Shop by Category</h3><p>Browse our specialized categories to find exactly what you need. Each section features products from world-leading brands trusted by professional riders. Not sure where to start? Our expert team is always here to help you make the right choice.</p>",,/rider,2,published,best-selling,"[{""question"":""How do I choose the right glasses & goggles?"",""answer"":""Consider your riding discipline, frequency, and personal preferences. Safety should always come first - look for certified products that meet current standards. Comfort is also crucial as you're more likely to use gear that feels good. Our team can help match you with the perfect glasses & goggles for your needs.""},{""question"":""Are these products competition-approved?"",""answer"":""Most of our glasses & goggles meet or exceed competition standards, but requirements vary by discipline and level. Check specific product descriptions for certification details, or contact us to confirm if an item is suitable for your competition needs.""}]","[{""url"":""/clothing/womens"",""title"":""Ladies' Riding Clothing"",""description"":""Complete your riding wardrobe""},{""url"":""/horse/tack"",""title"":""Horse Tack"",""description"":""Quality tack for horse and rider""}]"
/rider/spurs,Spurs & Straps,Spurs & Straps | Buy Online | The Equestrian,"Shop premium spurs & straps including dressage spurs, jumping spurs, spur straps and rowel spurs. Free shipping Australia-wide. Expert advice available.","spurs & straps. Expertly selected for quality, durability, and performance. Whether you're competing or riding for leisure, find exactly what you need at The Equestrian.","<p>Discover our comprehensive collection of spurs & straps, carefully curated to meet the demands of riders at every level. From competition-ready gear to everyday essentials, we stock only the finest brands known for quality, durability, and performance. Each product has been expertly selected by our team of experienced professionals who understand what truly matters.</p><h3>What Makes Great Spurs & Straps?</h3>
<p>Shop premium spurs & straps from leading brands including Sprenger, Herm Sprenger and Coronet. Each brand offers unique features and quality craftsmanship.</p><ul></ul><h3>Shop by Type</h3><p>Browse our specialized categories including <a href=""/rider/spurs/accessories"">spurs & straps - spurs accessories</a>. Each category features products from world-leading brands trusted by professional riders.</p>",,/rider,2,published,best-selling,"[{""question"":""How do I choose the right spurs & straps?"",""answer"":""Consider your riding discipline, frequency, and personal preferences. Safety should always come first - look for certified products that meet current standards. Comfort is also crucial as you're more likely to use gear that feels good. Our team can help match you with the perfect spurs & straps for your needs.""},{""question"":""Are these products competition-approved?"",""answer"":""Most of our spurs & straps meet or exceed competition standards, but requirements vary by discipline and level. Check specific product descriptions for certification details, or contact us to confirm if an item is suitable for your competition needs.""}]","[{""url"":""/clothing/womens"",""title"":""Ladies' Riding Clothing"",""description"":""Complete your riding wardrobe""},{""url"":""/horse/tack"",""title"":""Horse Tack"",""description"":""Quality tack for horse and rider""}]"
/rider/spurs/accessories,Spurs Accessories,Spurs & Straps - Spurs Accessories | Premium Quality | The Equestrian,"Shop premium spurs accessories including dressage spurs, jumping spurs, spur straps and rowel spurs. Free shipping Australia-wide. Expert advice available.","spurs & straps - spurs accessories. Expertly selected for quality, durability, and performance. Whether you're competing or riding for leisure, find exactly what you need at The Equestrian.","<h2>Premium Spurs & Straps - Spurs Accessories</h2>
<p>Shop premium spurs accessories from leading brands including Sprenger, Herm Sprenger and Coronet. Each brand offers unique features and quality craftsmanship.</p><p>, . that .</p><h3>What Makes Great Spurs & Straps - Spurs Accessories?</h3><ul></ul>",,/rider/spurs,3,published,best-selling,"[{""question"":""How do I choose the right spurs & straps - spurs accessories?"",""answer"":""Consider your riding discipline, frequency, and personal preferences. Safety should always come first - look for certified products that meet current standards. Comfort is also crucial as you're more likely to use gear that feels good. Our team can help match you with the perfect spurs & straps - spurs accessories for your needs.""},{""question"":""Are these products competition-approved?"",""answer"":""Most of our spurs & straps - spurs accessories meet or exceed competition standards, but requirements vary by discipline and level. Check specific product descriptions for certification details, or contact us to confirm if an item is suitable for your competition needs.""}]","[{""url"":""/clothing/womens"",""title"":""Ladies' Riding Clothing"",""description"":""Complete your riding wardrobe""},{""url"":""/horse/tack"",""title"":""Horse Tack"",""description"":""Quality tack for horse and rider""}]"
/rider/luggage,Luggage,Luggage | Buy Online | The Equestrian,"Shop premium luggage including helmets, boots, gloves and safety vests. Free shipping Australia-wide. Expert advice available. Find the perfect gear for...","luggage. Expertly selected for quality, durability, and performance. Whether you're competing or riding for leisure, find exactly what you need at The Equestrian.","<p>Discover our comprehensive collection of luggage, carefully curated to meet the demands of riders at every level. From competition-ready gear to everyday essentials, we stock only the finest brands known for quality, durability, and performance. Each product has been expertly selected by our team of experienced professionals who understand what truly matters.</p><h3>What Makes Great Luggage?</h3><ul></ul><h3>Shop by Type</h3><p>Browse our specialized categories including <a href=""/rider/luggage/wallets"">wallets & handbags</a>,<a href=""/rider/luggage/bags"">bag</a>, and <a href=""/rider/luggage/handbags"">handbag</a>. Each category features products from world-leading brands trusted by professional riders.</p>",,/rider,2,published,best-selling,"[{""question"":""How do I choose the right luggage?"",""answer"":""Consider your riding discipline, frequency, and personal preferences. Safety should always come first - look for certified products that meet current standards. Comfort is also crucial as you're more likely to use gear that feels good. Our team can help match you with the perfect luggage for your needs.""},{""question"":""Are these products competition-approved?"",""answer"":""Most of our luggage meet or exceed competition standards, but requirements vary by discipline and level. Check specific product descriptions for certification details, or contact us to confirm if an item is suitable for your competition needs.""}]","[{""url"":""/clothing/womens"",""title"":""Ladies' Riding Clothing"",""description"":""Complete your riding wardrobe""},{""url"":""/horse/tack"",""title"":""Horse Tack"",""description"":""Quality tack for horse and rider""}]"
/rider/luggage/wallets,Wallets & Handbags,Wallets & Handbags | Premium Quality | The Equestrian,"Shop premium wallets & handbags including helmets, boots, gloves and safety vests. Free shipping Australia-wide. Expert advice available. Find the perfect...","wallets & handbags. Expertly selected for quality, durability, and performance. Whether you're competing or riding for leisure, find exactly what you need at The Equestrian.","<p>, . that .</p><h3>What Makes Great Wallets & Handbags?</h3><ul></ul>",,/rider/luggage,3,published,best-selling,"[{""question"":""How do I choose the right wallets & handbags?"",""answer"":""Consider your riding discipline, frequency, and personal preferences. Safety should always come first - look for certified products that meet current standards. Comfort is also crucial as you're more likely to use gear that feels good. Our team can help match you with the perfect wallets & handbags for your needs.""},{""question"":""Are these products competition-approved?"",""answer"":""Most of our wallets & handbags meet or exceed competition standards, but requirements vary by discipline and level. Check specific product descriptions for certification details, or contact us to confirm if an item is suitable for your competition needs.""}]","[{""url"":""/clothing/womens"",""title"":""Ladies' Riding Clothing"",""description"":""Complete your riding wardrobe""},{""url"":""/horse/tack"",""title"":""Horse Tack"",""description"":""Quality tack for horse and rider""}]"
/rider/luggage/bags,Bag,Bag | Premium Quality | The Equestrian,"Shop premium bag including helmets, boots, gloves and safety vests. Free shipping Australia-wide. Expert advice available. Find the perfect gear for your needs.","bag. Expertly selected for quality, durability, and performance. Whether you're competing or riding for leisure, find exactly what you need at The Equestrian.","<p>, . that .</p><h3>What Makes Great Bag?</h3><ul></ul>",,/rider/luggage,3,published,best-selling,"[{""question"":""How do I choose the right bag?"",""answer"":""Consider your riding discipline, frequency, and personal preferences. Safety should always come first - look for certified products that meet current standards. Comfort is also crucial as you're more likely to use gear that feels good. Our team can help match you with the perfect bag for your needs.""},{""question"":""Are these products competition-approved?"",""answer"":""Most of our bag meet or exceed competition standards, but requirements vary by discipline and level. Check specific product descriptions for certification details, or contact us to confirm if an item is suitable for your competition needs.""}]","[{""url"":""/clothing/womens"",""title"":""Ladies' Riding Clothing"",""description"":""Complete your riding wardrobe""},{""url"":""/horse/tack"",""title"":""Horse Tack"",""description"":""Quality tack for horse and rider""}]"
/rider/luggage/handbags,Handbag,Handbag | Premium Quality | The Equestrian,"Shop premium handbag including helmets, boots, gloves and safety vests. Free shipping Australia-wide. Expert advice available. Find the perfect gear for...","handbag. Expertly selected for quality, durability, and performance. Whether you're competing or riding for leisure, find exactly what you need at The Equestrian.","<p>, . that .</p><h3>What Makes Great Handbag?</h3><ul></ul>",,/rider/luggage,3,published,best-selling,"[{""question"":""How do I choose the right handbag?"",""answer"":""Consider your riding discipline, frequency, and personal preferences. Safety should always come first - look for certified products that meet current standards. Comfort is also crucial as you're more likely to use gear that feels good. Our team can help match you with the perfect handbag for your needs.""},{""question"":""Are these products competition-approved?"",""answer"":""Most of our handbag meet or exceed competition standards, but requirements vary by discipline and level. Check specific product descriptions for certification details, or contact us to confirm if an item is suitable for your competition needs.""}]","[{""url"":""/clothing/womens"",""title"":""Ladies' Riding Clothing"",""description"":""Complete your riding wardrobe""},{""url"":""/horse/tack"",""title"":""Horse Tack"",""description"":""Quality tack for horse and rider""}]"
/rider/accessories,Rider Accessories,Rider Accessories | Buy Online | The Equestrian,"Shop premium rider accessories including helmets, boots, gloves and safety vests. Free shipping Australia-wide. Expert advice available. Find the perfect...","rider accessories. Expertly selected for quality, durability, and performance. Whether you're competing or riding for leisure, find exactly what you need at The Equestrian.","<p>Discover our comprehensive collection of rider accessories, carefully curated to meet the demands of riders at every level. From competition-ready gear to everyday essentials, we stock only the finest brands known for quality, durability, and performance. Each product has been expertly selected by our team of experienced professionals who understand what truly matters.</p><h3>What Makes Great Rider Accessories?</h3><ul></ul><h3>Shop by Type</h3><p>Browse our specialized categories including <a href=""/rider/accessories/hair"">stocks & hair accessories</a>,<a href=""/rider/accessories/keychains"">key chain clip</a>, and <a href=""/rider/accessories/studs"">studs</a>. Each category features products from world-leading brands trusted by professional riders.</p>",,/rider,2,published,best-selling,"[{""question"":""How do I choose the right rider accessories?"",""answer"":""Consider your riding discipline, frequency, and personal preferences. Safety should always come first - look for certified products that meet current standards. Comfort is also crucial as you're more likely to use gear that feels good. Our team can help match you with the perfect rider accessories for your needs.""},{""question"":""Are these products competition-approved?"",""answer"":""Most of our rider accessories meet or exceed competition standards, but requirements vary by discipline and level. Check specific product descriptions for certification details, or contact us to confirm if an item is suitable for your competition needs.""}]","[{""url"":""/clothing/womens"",""title"":""Ladies' Riding Clothing"",""description"":""Complete your riding wardrobe""},{""url"":""/horse/tack"",""title"":""Horse Tack"",""description"":""Quality tack for horse and rider""}]"
/rider/accessories/hair,Stocks & Hair Accessories,Stocks & Hair Accessories | Premium Quality | The Equestrian,"Shop premium stocks & hair accessories including helmets, boots, gloves and safety vests. Free shipping Australia-wide. Expert advice available. Find the...","stocks & hair accessories. Expertly selected for quality, durability, and performance. Whether you're competing or riding for leisure, find exactly what you need at The Equestrian.","<p>, . that .</p><h3>What Makes Great Stocks & Hair Accessories?</h3><ul></ul>",,/rider/accessories,3,published,best-selling,"[{""question"":""How do I choose the right stocks & hair accessories?"",""answer"":""Consider your riding discipline, frequency, and personal preferences. Safety should always come first - look for certified products that meet current standards. Comfort is also crucial as you're more likely to use gear that feels good. Our team can help match you with the perfect stocks & hair accessories for your needs.""},{""question"":""Are these products competition-approved?"",""answer"":""Most of our stocks & hair accessories meet or exceed competition standards, but requirements vary by discipline and level. Check specific product descriptions for certification details, or contact us to confirm if an item is suitable for your competition needs.""}]","[{""url"":""/clothing/womens"",""title"":""Ladies' Riding Clothing"",""description"":""Complete your riding wardrobe""},{""url"":""/horse/tack"",""title"":""Horse Tack"",""description"":""Quality tack for horse and rider""}]"
/rider/accessories/keychains,Key Chain Clip,Key Chain Clip | Premium Quality | The Equestrian,"Shop premium key chain clip including helmets, boots, gloves and safety vests. Free shipping Australia-wide. Expert advice available. Find the perfect gear...","key chain clip. Expertly selected for quality, durability, and performance. Whether you're competing or riding for leisure, find exactly what you need at The Equestrian.","<p>, . that .</p><h3>What Makes Great Key Chain Clip?</h3><ul></ul>",,/rider/accessories,3,published,best-selling,"[{""question"":""How do I choose the right key chain clip?"",""answer"":""Consider your riding discipline, frequency, and personal preferences. Safety should always come first - look for certified products that meet current standards. Comfort is also crucial as you're more likely to use gear that feels good. Our team can help match you with the perfect key chain clip for your needs.""},{""question"":""Are these products competition-approved?"",""answer"":""Most of our key chain clip meet or exceed competition standards, but requirements vary by discipline and level. Check specific product descriptions for certification details, or contact us to confirm if an item is suitable for your competition needs.""}]","[{""url"":""/clothing/womens"",""title"":""Ladies' Riding Clothing"",""description"":""Complete your riding wardrobe""},{""url"":""/horse/tack"",""title"":""Horse Tack"",""description"":""Quality tack for horse and rider""}]"
/rider/accessories/studs,Studs,Studs | Premium Quality | The Equestrian,"Shop premium studs including helmets, boots, gloves and safety vests. Free shipping Australia-wide. Expert advice available. Find the perfect gear for your...","studs. Expertly selected for quality, durability, and performance. Whether you're competing or riding for leisure, find exactly what you need at The Equestrian.","<p>, . that .</p><h3>What Makes Great Studs?</h3><ul></ul>",,/rider/accessories,3,published,best-selling,"[{""question"":""How do I choose the right studs?"",""answer"":""Consider your riding discipline, frequency, and personal preferences. Safety should always come first - look for certified products that meet current standards. Comfort is also crucial as you're more likely to use gear that feels good. Our team can help match you with the perfect studs for your needs.""},{""question"":""Are these products competition-approved?"",""answer"":""Most of our studs meet or exceed competition standards, but requirements vary by discipline and level. Check specific product descriptions for certification details, or contact us to confirm if an item is suitable for your competition needs.""}]","[{""url"":""/clothing/womens"",""title"":""Ladies' Riding Clothing"",""description"":""Complete your riding wardrobe""},{""url"":""/horse/tack"",""title"":""Horse Tack"",""description"":""Quality tack for horse and rider""}]"
/rider/accessories/hatbands,Hatband,Hatband | Premium Quality | The Equestrian,"Shop premium hatband including helmets, boots, gloves and safety vests. Free shipping Australia-wide. Expert advice available. Find the perfect gear for...","hatband. Expertly selected for quality, durability, and performance. Whether you're competing or riding for leisure, find exactly what you need at The Equestrian.","<p>, . that .</p><h3>What Makes Great Hatband?</h3><ul></ul>",,/rider/accessories,3,published,best-selling,"[{""question"":""How do I choose the right hatband?"",""answer"":""Consider your riding discipline, frequency, and personal preferences. Safety should always come first - look for certified products that meet current standards. Comfort is also crucial as you're more likely to use gear that feels good. Our team can help match you with the perfect hatband for your needs.""},{""question"":""Are these products competition-approved?"",""answer"":""Most of our hatband meet or exceed competition standards, but requirements vary by discipline and level. Check specific product descriptions for certification details, or contact us to confirm if an item is suitable for your competition needs.""}]","[{""url"":""/clothing/womens"",""title"":""Ladies' Riding Clothing"",""description"":""Complete your riding wardrobe""},{""url"":""/horse/tack"",""title"":""Horse Tack"",""description"":""Quality tack for horse and rider""}]"
/rider/accessories/hats,Hats & Caps,Hats & Caps | Premium Quality | The Equestrian,"Shop premium hats & caps including helmets, boots, gloves and safety vests. Free shipping Australia-wide. Expert advice available. Find the perfect gear...","hats & caps. Expertly selected for quality, durability, and performance. Whether you're competing or riding for leisure, find exactly what you need at The Equestrian.","<p>, . that .</p><h3>What Makes Great Hats & Caps?</h3><ul></ul>",,/rider/accessories,3,published,best-selling,"[{""question"":""How do I choose the right hats & caps?"",""answer"":""Consider your riding discipline, frequency, and personal preferences. Safety should always come first - look for certified products that meet current standards. Comfort is also crucial as you're more likely to use gear that feels good. Our team can help match you with the perfect hats & caps for your needs.""},{""question"":""Are these products competition-approved?"",""answer"":""Most of our hats & caps meet or exceed competition standards, but requirements vary by discipline and level. Check specific product descriptions for certification details, or contact us to confirm if an item is suitable for your competition needs.""}]","[{""url"":""/clothing/womens"",""title"":""Ladies' Riding Clothing"",""description"":""Complete your riding wardrobe""},{""url"":""/horse/tack"",""title"":""Horse Tack"",""description"":""Quality tack for horse and rider""}]"
/rider/accessories/whips,Stockwhip,Stockwhip | Premium Quality | The Equestrian,"Shop premium stockwhip including helmets, boots, gloves and safety vests. Free shipping Australia-wide. Expert advice available. Find the perfect gear for...","stockwhip. Expertly selected for quality, durability, and performance. Whether you're competing or riding for leisure, find exactly what you need at The Equestrian.","<p>, . that .</p><h3>What Makes Great Stockwhip?</h3><ul></ul>",,/rider/accessories,3,published,best-selling,"[{""question"":""How do I choose the right stockwhip?"",""answer"":""Consider your riding discipline, frequency, and personal preferences. Safety should always come first - look for certified products that meet current standards. Comfort is also crucial as you're more likely to use gear that feels good. Our team can help match you with the perfect stockwhip for your needs.""},{""question"":""Are these products competition-approved?"",""answer"":""Most of our stockwhip meet or exceed competition standards, but requirements vary by discipline and level. Check specific product descriptions for certification details, or contact us to confirm if an item is suitable for your competition needs.""}]","[{""url"":""/clothing/womens"",""title"":""Ladies' Riding Clothing"",""description"":""Complete your riding wardrobe""},{""url"":""/horse/tack"",""title"":""Horse Tack"",""description"":""Quality tack for horse and rider""}]"
/rider/accessories/stocks,stock,stock | Premium Quality | The Equestrian,"Shop premium stock including helmets, boots, gloves and safety vests. Free shipping Australia-wide. Expert advice available. Find the perfect gear for your...","stock. Expertly selected for quality, durability, and performance. Whether you're competing or riding for leisure, find exactly what you need at The Equestrian.","<p>, . that .</p><h3>What Makes Great stock?</h3><ul></ul>",,/rider/accessories,3,published,best-selling,"[{""question"":""How do I choose the right stock?"",""answer"":""Consider your riding discipline, frequency, and personal preferences. Safety should always come first - look for certified products that meet current standards. Comfort is also crucial as you're more likely to use gear that feels good. Our team can help match you with the perfect stock for your needs.""},{""question"":""Are these products competition-approved?"",""answer"":""Most of our stock meet or exceed competition standards, but requirements vary by discipline and level. Check specific product descriptions for certification details, or contact us to confirm if an item is suitable for your competition needs.""}]","[{""url"":""/clothing/womens"",""title"":""Ladies' Riding Clothing"",""description"":""Complete your riding wardrobe""},{""url"":""/horse/tack"",""title"":""Horse Tack"",""description"":""Quality tack for horse and rider""}]"
/rider/accessories/headbands,Head Band,Head Band | Premium Quality | The Equestrian,"Shop premium head band including helmets, boots, gloves and safety vests. Free shipping Australia-wide. Expert advice available. Find the perfect gear for...","head band. Expertly selected for quality, durability, and performance. Whether you're competing or riding for leisure, find exactly what you need at The Equestrian.","<p>, . that .</p><h3>What Makes Great Head Band?</h3><ul></ul>",,/rider/accessories,3,published,best-selling,"[{""question"":""How do I choose the right head band?"",""answer"":""Consider your riding discipline, frequency, and personal preferences. Safety should always come first - look for certified products that meet current standards. Comfort is also crucial as you're more likely to use gear that feels good. Our team can help match you with the perfect head band for your needs.""},{""question"":""Are these products competition-approved?"",""answer"":""Most of our head band meet or exceed competition standards, but requirements vary by discipline and level. Check specific product descriptions for certification details, or contact us to confirm if an item is suitable for your competition needs.""}]","[{""url"":""/clothing/womens"",""title"":""Ladies' Riding Clothing"",""description"":""Complete your riding wardrobe""},{""url"":""/horse/tack"",""title"":""Horse Tack"",""description"":""Quality tack for horse and rider""}]"
/rider/whips,Whips,Whips | Buy Online | The Equestrian,"Shop premium whips including helmets, boots, gloves and safety vests. Free shipping Australia-wide. Expert advice available. Find the perfect gear for your...","whips. Expertly selected for quality, durability, and performance. Whether you're competing or riding for leisure, find exactly what you need at The Equestrian.","<p>Discover our comprehensive collection of whips, carefully curated to meet the demands of riders at every level. From competition-ready gear to everyday essentials, we stock only the finest brands known for quality, durability, and performance. Each product has been expertly selected by our team of experienced professionals who understand what truly matters.</p><h3>What Makes Great Whips?</h3><ul></ul><h3>Shop by Category</h3><p>Browse our specialized categories to find exactly what you need. Each section features products from world-leading brands trusted by professional riders. Not sure where to start? Our expert team is always here to help you make the right choice.</p>",,/rider,2,published,best-selling,"[{""question"":""How do I choose the right whips?"",""answer"":""Consider your riding discipline, frequency, and personal preferences. Safety should always come first - look for certified products that meet current standards. Comfort is also crucial as you're more likely to use gear that feels good. Our team can help match you with the perfect whips for your needs.""},{""question"":""Are these products competition-approved?"",""answer"":""Most of our whips meet or exceed competition standards, but requirements vary by discipline and level. Check specific product descriptions for certification details, or contact us to confirm if an item is suitable for your competition needs.""}]","[{""url"":""/clothing/womens"",""title"":""Ladies' Riding Clothing"",""description"":""Complete your riding wardrobe""},{""url"":""/horse/tack"",""title"":""Horse Tack"",""description"":""Quality tack for horse and rider""}]"
/rider/chaps,Chapettes & Gaiters,Chapettes & Gaiters | Buy Online | The Equestrian,"Shop premium chapettes & gaiters including helmets, boots, gloves and safety vests. Free shipping Australia-wide. Expert advice available. Find the perfect...","chapettes & gaiters. Expertly selected for quality, durability, and performance. Whether you're competing or riding for leisure, find exactly what you need at The Equestrian.","<p>Discover our comprehensive collection of chapettes & gaiters, carefully curated to meet the demands of riders at every level. From competition-ready gear to everyday essentials, we stock only the finest brands known for quality, durability, and performance. Each product has been expertly selected by our team of experienced professionals who understand what truly matters.</p><h3>What Makes Great Chapettes & Gaiters?</h3><ul></ul><h3>Shop by Category</h3><p>Browse our specialized categories to find exactly what you need. Each section features products from world-leading brands trusted by professional riders. Not sure where to start? Our expert team is always here to help you make the right choice.</p>",,/rider,2,published,best-selling,"[{""question"":""How do I choose the right chapettes & gaiters?"",""answer"":""Consider your riding discipline, frequency, and personal preferences. Safety should always come first - look for certified products that meet current standards. Comfort is also crucial as you're more likely to use gear that feels good. Our team can help match you with the perfect chapettes & gaiters for your needs.""},{""question"":""Are these products competition-approved?"",""answer"":""Most of our chapettes & gaiters meet or exceed competition standards, but requirements vary by discipline and level. Check specific product descriptions for certification details, or contact us to confirm if an item is suitable for your competition needs.""}]","[{""url"":""/clothing/womens"",""title"":""Ladies' Riding Clothing"",""description"":""Complete your riding wardrobe""},{""url"":""/horse/tack"",""title"":""Horse Tack"",""description"":""Quality tack for horse and rider""}]"
/rider/body-protectors,Body Protectors,Body Protectors | Buy Online | The Equestrian,"Shop premium body protectors including helmets, boots, gloves and safety vests. Free shipping Australia-wide. Expert advice available. Find the perfect...","body protectors. Expertly selected for quality, durability, and performance. Whether you're competing or riding for leisure, find exactly what you need at The Equestrian.","<p>Discover our comprehensive collection of body protectors, carefully curated to meet the demands of riders at every level. From competition-ready gear to everyday essentials, we stock only the finest brands known for quality, durability, and performance. Each product has been expertly selected by our team of experienced professionals who understand what truly matters.</p><h3>What Makes Great Body Protectors?</h3><ul></ul><h3>Shop by Category</h3><p>Browse our specialized categories to find exactly what you need. Each section features products from world-leading brands trusted by professional riders. Not sure where to start? Our expert team is always here to help you make the right choice.</p>",,/rider,2,published,best-selling,"[{""question"":""How do I choose the right body protectors?"",""answer"":""Consider your riding discipline, frequency, and personal preferences. Safety should always come first - look for certified products that meet current standards. Comfort is also crucial as you're more likely to use gear that feels good. Our team can help match you with the perfect body protectors for your needs.""},{""question"":""Are these products competition-approved?"",""answer"":""Most of our body protectors meet or exceed competition standards, but requirements vary by discipline and level. Check specific product descriptions for certification details, or contact us to confirm if an item is suitable for your competition needs.""}]","[{""url"":""/clothing/womens"",""title"":""Ladies' Riding Clothing"",""description"":""Complete your riding wardrobe""},{""url"":""/horse/tack"",""title"":""Horse Tack"",""description"":""Quality tack for horse and rider""}]"
/pet/dog,Dogs,Dogs | Buy Online | The Equestrian,"Shop premium dogs including dog treats, dog toys, dog beds and dog grooming supplies. Free shipping Australia-wide. Expert advice available. Find the...","dogs. Expertly selected for quality, durability, and performance. Whether you're competing or riding for leisure, find exactly what you need at The Equestrian.","<p>Discover our comprehensive collection of dogs, carefully curated to meet the demands of pet owners at every level. From competition-ready gear to everyday essentials, we stock only the finest brands known for quality, durability, and performance. Each product has been expertly selected by our team of experienced professionals who understand what truly matters.</p><h3>What Makes Great Dogs?</h3>
<p>Shop premium dogs from leading brands including Royal Canin, Eukanuba and Pedigree. Each brand offers unique features and quality craftsmanship.</p><ul><li>Durable construction that stands up to daily use</li><li>Features that make a real difference in performance</li><li>Carefully chosen products from trusted manufacturers</li><li>Competitive pricing without compromising on quality</li></ul><h3>Shop by Type</h3><p>Browse our specialized categories including <a href=""/pet/dog/collars-and-leads"">dog collars & leads</a>,<a href=""/pet/dog/toys"">dog toys</a>, and <a href=""/pet/dog/treats"">dog treats</a>. Each category features products from world-leading brands trusted by professional enthusiasts.</p>
<h3>Australian Standards</h3><p>All pet products meet Australian safety and quality standards. Fast shipping Australia-wide with free delivery on all orders. Perfect for Australian pets and conditions.</p>",,/pet,2,published,best-selling,"[{""question"":""How do I choose the right dogs?"",""answer"":""Consider your specific needs, budget, and intended use. Read product descriptions carefully and check sizing information. Our customer reviews provide valuable insights from real users. If you're unsure, our expert team is always happy to provide personalized recommendations.""},{""question"":""Do you offer free shipping on dogs?"",""answer"":""Yes! We offer free shipping on all orders within Australia. Orders are typically processed within 1-2 business days. For urgent needs, express shipping options are available at checkout.""}]",[]
/pet/dog/collars-and-leads,Dog Collars & Leads,Dog Collars & Leads | Premium Quality | The Equestrian,"Shop premium dog collars & leads including dog treats, dog toys, dog beds and dog grooming supplies. Free shipping Australia-wide. Expert advice available.","dog collars & leads. Expertly selected for quality, durability, and performance. Whether you're competing or riding for leisure, find exactly what you need at The Equestrian.","<p>,. that.</p><h3>What Makes Great Dog Collars & Leads?</h3>
<p>Shop premium dog collars & leads from leading brands including Royal Canin, Eukanuba and Pedigree. Each brand offers unique features and quality craftsmanship.</p><ul><li>Durable construction that stands up to daily use</li><li>Features that make a real difference in performance</li><li>Carefully chosen products from trusted manufacturers</li><li>Competitive pricing without compromising on quality</li></ul>
<h3>Australian Standards</h3><p>All pet products meet Australian safety and quality standards. Fast shipping Australia-wide with free delivery on all orders. Perfect for Australian pets and conditions.</p>",,/pet/dog,3,published,best-selling,"[{""question"":""How do I choose the right dog collars & leads?"",""answer"":""Consider your specific needs, budget, and intended use. Read product descriptions carefully and check sizing information. Our customer reviews provide valuable insights from real users. If you're unsure, our expert team is always happy to provide personalized recommendations.""},{""question"":""Do you offer free shipping on dog collars & leads?"",""answer"":""Yes! We offer free shipping on all orders within Australia. Orders are typically processed within 1-2 business days. For urgent needs, express shipping options are available at checkout.""}]",[]
/pet/dog/toys,Dog Toys,Dog Toys | Premium Quality | The Equestrian,"Shop premium dog toys including dog treats, dog toys, dog beds and dog grooming supplies. Free shipping Australia-wide. Expert advice available. Find the...","dog toys. Expertly selected for quality, durability, and performance. Whether you're competing or riding for leisure, find exactly what you need at The Equestrian.","<p>,. that.</p><h3>What Makes Great Dog Toys?</h3>
<p>Shop premium dog toys from leading brands including Royal Canin, Eukanuba and Pedigree. Each brand offers unique features and quality craftsmanship.</p><ul><li>Durable construction that stands up to daily use</li><li>Features that make a real difference in performance</li><li>Carefully chosen products from trusted manufacturers</li><li>Competitive pricing without compromising on quality</li></ul>
<h3>Australian Standards</h3><p>All pet products meet Australian safety and quality standards. Fast shipping Australia-wide with free delivery on all orders. Perfect for Australian pets and conditions.</p>",,/pet/dog,3,published,best-selling,"[{""question"":""How do I choose the right dog toys?"",""answer"":""Consider your specific needs, budget, and intended use. Read product descriptions carefully and check sizing information. Our customer reviews provide valuable insights from real users. If you're unsure, our expert team is always happy to provide personalized recommendations.""},{""question"":""Do you offer free shipping on dog toys?"",""answer"":""Yes! We offer free shipping on all orders within Australia. Orders are typically processed within 1-2 business days. For urgent needs, express shipping options are available at checkout.""}]",[]
/pet/dog/treats,Dog Treats,Dog Treats | Premium Quality | The Equestrian,"Shop premium dog treats including dog treats, dog toys, dog beds and dog grooming supplies. Free shipping Australia-wide. Expert advice available. Find the...","dog treats. Expertly selected for quality, durability, and performance. Whether you're competing or riding for leisure, find exactly what you need at The Equestrian.","<p>,. that.</p><h3>What Makes Great Dog Treats?</h3>
<p>Shop premium dog treats from leading brands including Royal Canin, Eukanuba and Pedigree. Each brand offers unique features and quality craftsmanship.</p><ul><li>Durable construction that stands up to daily use</li><li>Features that make a real difference in performance</li><li>Carefully chosen products from trusted manufacturers</li><li>Competitive pricing without compromising on quality</li></ul>
<h3>Australian Standards</h3><p>All pet products meet Australian safety and quality standards. Fast shipping Australia-wide with free delivery on all orders. Perfect for Australian pets and conditions.</p>",,/pet/dog,3,published,best-selling,"[{""question"":""How do I choose the right dog treats?"",""answer"":""Consider your specific needs, budget, and intended use. Read product descriptions carefully and check sizing information. Our customer reviews provide valuable insights from real users. If you're unsure, our expert team is always happy to provide personalized recommendations.""},{""question"":""Do you offer free shipping on dog treats?"",""answer"":""Yes! We offer free shipping on all orders within Australia. Orders are typically processed within 1-2 business days. For urgent needs, express shipping options are available at checkout.""}]",[]
/pet/dog/grooming,Dog Grooming & Coat Care,Dog Grooming & Coat Care | Premium Quality | The Equestrian,"Shop premium dog grooming & coat care including dog treats, dog toys, dog beds and dog grooming supplies. Free shipping Australia-wide. Expert advice available.","dog grooming & coat care. Expertly selected for quality, durability, and performance. Whether you're competing or riding for leisure, find exactly what you need at The Equestrian.","<p>,. that.</p><h3>What Makes Great Dog Grooming & Coat Care?</h3>
<p>Shop premium dog grooming & coat care from leading brands including Royal Canin, Eukanuba and Pedigree. Each brand offers unique features and quality craftsmanship.</p><ul>
<li><strong>Brush Types:</strong> Body brushes, dandy brushes, curry combs, mane combs.</li>
<li><strong>Materials:</strong> Natural bristles, synthetic, rubber, and metal options.</li>
<li><strong>Kits:</strong> Complete grooming kits include 6-8 essential tools in carry bag.</li>
<li><strong>Maintenance:</strong> Wash brushes regularly. Replace worn bristles.</li>
</ul>
<h3>Perfect for Australian Conditions</h3><p>Essential grooming tools for Australian horse care. Particularly important during fly season (October-April) and for managing dust in dry conditions. Free shipping Australia-wide on all orders.</p>",,/pet/dog,3,published,best-selling,"[{""question"":""What grooming tools do I need for my horse?"",""answer"":""Essential tools include: curry comb (rubber or metal), body brush, dandy brush, mane comb, hoof pick, and sponges. Complete grooming kits typically include 6-8 tools. Add specialized tools like shedding blades for seasonal coat changes and sweat scrapers for after work.""},{""question"":""How often should I groom my horse?"",""answer"":""Daily grooming is ideal for bonding and health monitoring. At minimum, groom before and after riding to remove dirt and check for injuries. During Australian fly season (October-April), regular grooming with fly spray application is especially important. Increase grooming during shedding seasons.""},{""question"":""How do I maintain my grooming brushes?"",""answer"":""Wash brushes weekly with mild soap and warm water. Remove hair buildup after each use. Allow to dry completely before storing. Replace worn bristles. Natural bristle brushes last longer with proper care. Store in a dry grooming box to protect from dust and moisture.""}]",[]
/pet/dog/accessories,Dog Accessories,Dog Accessories | Premium Quality | The Equestrian,"Shop premium dog accessories including dog treats, dog toys, dog beds and dog grooming supplies. Free shipping Australia-wide. Expert advice available.","dog accessories. Expertly selected for quality, durability, and performance. Whether you're competing or riding for leisure, find exactly what you need at The Equestrian.","<p>,. that.</p><h3>What Makes Great Dog Accessories?</h3>
<p>Shop premium dog accessories from leading brands including Royal Canin, Eukanuba and Pedigree. Each brand offers unique features and quality craftsmanship.</p><ul><li>Durable construction that stands up to daily use</li><li>Features that make a real difference in performance</li><li>Carefully chosen products from trusted manufacturers</li><li>Competitive pricing without compromising on quality</li></ul>
<h3>Australian Standards</h3><p>All pet products meet Australian safety and quality standards. Fast shipping Australia-wide with free delivery on all orders. Perfect for Australian pets and conditions.</p>",,/pet/dog,3,published,best-selling,"[{""question"":""How do I choose the right dog accessories?"",""answer"":""Consider your specific needs, budget, and intended use. Read product descriptions carefully and check sizing information. Our customer reviews provide valuable insights from real users. If you're unsure, our expert team is always happy to provide personalized recommendations.""},{""question"":""Do you offer free shipping on dog accessories?"",""answer"":""Yes! We offer free shipping on all orders within Australia. Orders are typically processed within 1-2 business days. For urgent needs, express shipping options are available at checkout.""}]",[]
/pet/dog/skin-care,Dog Potions & Lotions,Dog Potions & Lotions | Premium Quality | The Equestrian,"Shop premium dog potions & lotions including dog treats, dog toys, dog beds and dog grooming supplies. Free shipping Australia-wide. Expert advice available.","dog potions & lotions. Expertly selected for quality, durability, and performance. Whether you're competing or riding for leisure, find exactly what you need at The Equestrian.","<p>,. that.</p><h3>What Makes Great Dog Potions & Lotions?</h3>
<p>Shop premium dog potions & lotions from leading brands including Royal Canin, Eukanuba and Pedigree. Each brand offers unique features and quality craftsmanship.</p><ul><li>Durable construction that stands up to daily use</li><li>Features that make a real difference in performance</li><li>Carefully chosen products from trusted manufacturers</li><li>Competitive pricing without compromising on quality</li></ul>
<h3>Australian Standards</h3><p>All pet products meet Australian safety and quality standards. Fast shipping Australia-wide with free delivery on all orders. Perfect for Australian pets and conditions.</p>",,/pet/dog,3,published,best-selling,"[{""question"":""How do I choose the right dog potions & lotions?"",""answer"":""Consider your specific needs, budget, and intended use. Read product descriptions carefully and check sizing information. Our customer reviews provide valuable insights from real users. If you're unsure, our expert team is always happy to provide personalized recommendations.""},{""question"":""Do you offer free shipping on dog potions & lotions?"",""answer"":""Yes! We offer free shipping on all orders within Australia. Orders are typically processed within 1-2 business days. For urgent needs, express shipping options are available at checkout.""}]",[]
/pet/dog/walking,Dog Walking,Dog Walking | Premium Quality | The Equestrian,"Shop premium dog walking including dog treats, dog toys, dog beds and dog grooming supplies. Free shipping Australia-wide. Expert advice available. Find...","dog walking. Expertly selected for quality, durability, and performance. Whether you're competing or riding for leisure, find exactly what you need at The Equestrian.","<p>,. that.</p><h3>What Makes Great Dog Walking?</h3>
<p>Shop premium dog walking from leading brands including Royal Canin, Eukanuba and Pedigree. Each brand offers unique features and quality craftsmanship.</p><ul><li>Durable construction that stands up to daily use</li><li>Features that make a real difference in performance</li><li>Carefully chosen products from trusted manufacturers</li><li>Competitive pricing without compromising on quality</li></ul>
<h3>Australian Standards</h3><p>All pet products meet Australian safety and quality standards. Fast shipping Australia-wide with free delivery on all orders. Perfect for Australian pets and conditions.</p>",,/pet/dog,3,published,best-selling,"[{""question"":""How do I choose the right dog walking?"",""answer"":""Consider your specific needs, budget, and intended use. Read product descriptions carefully and check sizing information. Our customer reviews provide valuable insights from real users. If you're unsure, our expert team is always happy to provide personalized recommendations.""},{""question"":""Do you offer free shipping on dog walking?"",""answer"":""Yes! We offer free shipping on all orders within Australia. Orders are typically processed within 1-2 business days. For urgent needs, express shipping options are available at checkout.""}]",[]
/pet/dog/veterinary,Dog Wormer & Flea,Dog Wormer & Flea | Premium Quality | The Equestrian,"Shop premium dog wormer & flea including dog treats, dog toys, dog beds and dog grooming supplies. Free shipping Australia-wide. Expert advice available.","dog wormer & flea. Expertly selected for quality, durability, and performance. Whether you're competing or riding for leisure, find exactly what you need at The Equestrian.","<p>,. that.</p><h3>What Makes Great Dog Wormer & Flea?</h3>
<p>Shop premium dog wormer & flea from leading brands including Royal Canin, Eukanuba and Pedigree. Each brand offers unique features and quality craftsmanship.</p><ul><li>Durable construction that stands up to daily use</li><li>Features that make a real difference in performance</li><li>Carefully chosen products from trusted manufacturers</li><li>Competitive pricing without compromising on quality</li></ul>
<h3>Australian Standards</h3><p>All pet products meet Australian safety and quality standards. Fast shipping Australia-wide with free delivery on all orders. Perfect for Australian pets and conditions.</p>",,/pet/dog,3,published,best-selling,"[{""question"":""How do I choose the right dog wormer & flea?"",""answer"":""Consider your specific needs, budget, and intended use. Read product descriptions carefully and check sizing information. Our customer reviews provide valuable insights from real users. If you're unsure, our expert team is always happy to provide personalized recommendations.""},{""question"":""Do you offer free shipping on dog wormer & flea?"",""answer"":""Yes! We offer free shipping on all orders within Australia. Orders are typically processed within 1-2 business days. For urgent needs, express shipping options are available at checkout.""}]",[]
/pet/dog/coats-and-rugs,Dog Rugs & Fashion,Dog Rugs & Fashion | Premium Quality | The Equestrian,"Shop premium dog rugs & fashion including dog treats, dog toys, dog beds and dog grooming supplies. Free shipping Australia-wide. Expert advice available.","dog rugs & fashion. Expertly selected for quality, durability, and performance. Whether you're competing or riding for leisure, find exactly what you need at The Equestrian.","<p>,. that.</p><h3>What Makes Great Dog Rugs & Fashion?</h3>
<p>Shop premium dog rugs & fashion from leading brands including Royal Canin, Eukanuba and Pedigree. Each brand offers unique features and quality craftsmanship.</p><ul>
<li><strong>Fill Weights:</strong> 0g (no fill) to 400g for various climates and seasons.</li>
<li><strong>Waterproofing:</strong> Rated in denier (600D-1200D+) and waterproof/breathability ratings.</li>
<li><strong>Sizing:</strong> Measure from center chest to tail. Most brands use cm sizing (4'0"" to 7'0"").</li>
<li><strong>Features:</strong> Leg arches, tail flaps, shoulder gussets, and cross surcingles for fit and security.</li>
</ul>
<h3>Australian Climate Guide</h3><p>Choose appropriate rug weights for your climate zone. Northern Australia and Queensland: 0-200g year-round for most horses. Southern regions (Victoria, Tasmania, NSW highlands): 200-400g for winter. Consider your horse's breed, clip, and shelter when selecting fill weight.</p>",,/pet/dog,3,published,best-selling,"[{""question"":""What rug weight do I need for my horse?"",""answer"":""This depends on your climate, horse's breed, clip, and shelter. Northern Australia/Queensland: 0-200g year-round for most horses. Southern regions (Victoria, Tasmania, NSW highlands): 200-400g for winter. Clipped horses need heavier rugs. Start with medium weight and adjust based on your horse's comfort.""},{""question"":""How do I measure my horse for a rug?"",""answer"":""Measure from the center of the chest to the point of the buttock (where the tail starts). Most brands use cm sizing (4'0\"" to 7'0\"" or 120cm to 210cm). If between sizes, size up. Check the brand's specific measuring guide as some measure differently.""},{""question"":""What's the difference between turnout and stable rugs?"",""answer"":""Turnout rugs are waterproof and designed for outdoor use in all weather. They have stronger outer shells (600D-1200D+) and features like leg arches and tail flaps. Stable rugs are for indoor use only, not waterproof, and focus on warmth and comfort. Many horses need both types.""}]",[]
/pet/dog/kennels,Dog Kennels Carriers & Pens,Dog Kennels Carriers & Pens | Premium Quality | The Equestrian,"Shop premium dog kennels carriers & pens including dog treats, dog toys, dog beds and dog grooming supplies. Free shipping Australia-wide. Expert advice...","dog kennels carriers & pens. Expertly selected for quality, durability, and performance. Whether you're competing or riding for leisure, find exactly what you need at The Equestrian.","<p>,. that.</p><h3>What Makes Great Dog Kennels Carriers & Pens?</h3>
<p>Shop premium dog kennels carriers & pens from leading brands including Royal Canin, Eukanuba and Pedigree. Each brand offers unique features and quality craftsmanship.</p><ul><li>Durable construction that stands up to daily use</li><li>Features that make a real difference in performance</li><li>Carefully chosen products from trusted manufacturers</li><li>Competitive pricing without compromising on quality</li></ul>
<h3>Australian Standards</h3><p>All pet products meet Australian safety and quality standards. Fast shipping Australia-wide with free delivery on all orders. Perfect for Australian pets and conditions.</p>",,/pet/dog,3,published,best-selling,"[{""question"":""How do I choose the right dog kennels carriers & pens?"",""answer"":""Consider your specific needs, budget, and intended use. Read product descriptions carefully and check sizing information. Our customer reviews provide valuable insights from real users. If you're unsure, our expert team is always happy to provide personalized recommendations.""},{""question"":""Do you offer free shipping on dog kennels carriers & pens?"",""answer"":""Yes! We offer free shipping on all orders within Australia. Orders are typically processed within 1-2 business days. For urgent needs, express shipping options are available at checkout.""}]",[]
/pet/dog/bedding,Dog Bedding,Dog Bedding | Premium Quality | The Equestrian,"Shop premium dog bedding including dog treats, dog toys, dog beds and dog grooming supplies. Free shipping Australia-wide. Expert advice available. Find...","dog bedding. Expertly selected for quality, durability, and performance. Whether you're competing or riding for leisure, find exactly what you need at The Equestrian.","<p>,. that.</p><h3>What Makes Great Dog Bedding?</h3>
<p>Shop premium dog bedding from leading brands including Royal Canin, Eukanuba and Pedigree. Each brand offers unique features and quality craftsmanship.</p><ul><li>Durable construction that stands up to daily use</li><li>Features that make a real difference in performance</li><li>Carefully chosen products from trusted manufacturers</li><li>Competitive pricing without compromising on quality</li></ul>
<h3>Australian Standards</h3><p>All pet products meet Australian safety and quality standards. Fast shipping Australia-wide with free delivery on all orders. Perfect for Australian pets and conditions.</p>",,/pet/dog,3,published,best-selling,"[{""question"":""How do I choose the right dog bedding?"",""answer"":""Consider your specific needs, budget, and intended use. Read product descriptions carefully and check sizing information. Our customer reviews provide valuable insights from real users. If you're unsure, our expert team is always happy to provide personalized recommendations.""},{""question"":""Do you offer free shipping on dog bedding?"",""answer"":""Yes! We offer free shipping on all orders within Australia. Orders are typically processed within 1-2 business days. For urgent needs, express shipping options are available at checkout.""}]",[]
/pet/dog/food,Dog Food,Dog Food | Premium Quality | The Equestrian,"Shop premium dog food including dog treats, dog toys, dog beds and dog grooming supplies. Free shipping Australia-wide. Expert advice available. Find the...","dog food. Expertly selected for quality, durability, and performance. Whether you're competing or riding for leisure, find exactly what you need at The Equestrian.","<p>,. that.</p><h3>What Makes Great Dog Food?</h3>
<p>Shop premium dog food from leading brands including Royal Canin, Eukanuba and Pedigree. Each brand offers unique features and quality craftsmanship.</p><ul><li>Durable construction that stands up to daily use</li><li>Features that make a real difference in performance</li><li>Carefully chosen products from trusted manufacturers</li><li>Competitive pricing without compromising on quality</li></ul>
<h3>Australian Standards</h3><p>All pet products meet Australian safety and quality standards. Fast shipping Australia-wide with free delivery on all orders. Perfect for Australian pets and conditions.</p>",,/pet/dog,3,published,best-selling,"[{""question"":""How do I choose the right dog food?"",""answer"":""Consider your specific needs, budget, and intended use. Read product descriptions carefully and check sizing information. Our customer reviews provide valuable insights from real users. If you're unsure, our expert team is always happy to provide personalized recommendations.""},{""question"":""Do you offer free shipping on dog food?"",""answer"":""Yes! We offer free shipping on all orders within Australia. Orders are typically processed within 1-2 business days. For urgent needs, express shipping options are available at checkout.""}]",[]
/pet/dog/supplements,Dog Supplements,Dog Supplements | Premium Quality | The Equestrian,"Shop premium dog supplements including dog treats, dog toys, dog beds and dog grooming supplies. Free shipping Australia-wide. Expert advice available.","dog supplements. Expertly selected for quality, durability, and performance. Whether you're competing or riding for leisure, find exactly what you need at The Equestrian.","<p>,. that.</p><h3>What Makes Great Dog Supplements?</h3>
<p>Shop premium dog supplements from leading brands including Royal Canin, Eukanuba and Pedigree. Each brand offers unique features and quality craftsmanship.</p><ul>
<li><strong>Types:</strong> Joint support, digestive health, vitamins, electrolytes, calming.</li>
<li><strong>Forms:</strong> Powders, pellets, liquids, and paste options.</li>
<li><strong>Dosage:</strong> Based on horse weight. Follow manufacturer guidelines.</li>
<li><strong>Results:</strong> Most supplements require 4-6 weeks for visible effects.</li>
</ul>
<h3>Australian Regulations</h3><p>All supplements comply with Australian equine health regulations. Suitable for competition horses (check specific competition rules). Fast shipping Australia-wide. Store in cool, dry conditions - especially important in Australian summers.</p>",,/pet/dog,3,published,best-selling,"[{""question"":""How long before I see results from supplements?"",""answer"":""Most supplements require 4-6 weeks of consistent use before visible effects. Joint supplements may take 6-8 weeks. Digestive aids often show results within 1-2 weeks. Always follow manufacturer dosage guidelines based on your horse's weight. Consult your vet before starting any supplement program.""},{""question"":""Are these supplements competition safe?"",""answer"":""Most supplements are competition safe, but rules vary by discipline and level. Check specific product information and your competition's prohibited substances list. FEI and EA have different regulations. When in doubt, contact your governing body or consult the product manufacturer.""},{""question"":""How should I store equine supplements in Australian heat?"",""answer"":""Store in a cool, dry place away from direct sunlight. Australian summers can degrade supplements quickly. Keep containers sealed tightly. Refrigeration may be recommended for some products (check labels). Buy in quantities you'll use within 3-6 months for best freshness.""}]",[]
/pet/cat,Cat,Cat | Buy Online | The Equestrian,"Shop premium cat including cat treats, cat toys, scratching posts and litter accessories. Free shipping Australia-wide. Expert advice available. Find the...","cat. Expertly selected for quality, durability, and performance. Whether you're competing or riding for leisure, find exactly what you need at The Equestrian.","<p>Discover our comprehensive collection of cat, carefully curated to meet the demands of pet owners at every level. From competition-ready gear to everyday essentials, we stock only the finest brands known for quality, durability, and performance. Each product has been expertly selected by our team of experienced professionals who understand what truly matters.</p><h3>What Makes Great Cat?</h3>
<p>Shop premium cat from leading brands including Royal Canin, Whiskas and Purina. Each brand offers unique features and quality craftsmanship.</p><ul><li>Durable construction that stands up to daily use</li><li>Features that make a real difference in performance</li><li>Carefully chosen products from trusted manufacturers</li><li>Competitive pricing without compromising on quality</li></ul><h3>Shop by Type</h3><p>Browse our specialized categories including <a href=""/pet/cat/toys"">cat gyms & toys</a>,<a href=""/pet/cat/accessories"">cat accessories</a>, and <a href=""/pet/cat/food"">cat food & treats</a>. Each category features products from world-leading brands trusted by professional enthusiasts.</p>
<h3>Australian Standards</h3><p>All pet products meet Australian safety and quality standards. Fast shipping Australia-wide with free delivery on all orders. Perfect for Australian pets and conditions.</p>",,/pet,2,published,best-selling,"[{""question"":""How do I choose the right cat?"",""answer"":""Consider your specific needs, budget, and intended use. Read product descriptions carefully and check sizing information. Our customer reviews provide valuable insights from real users. If you're unsure, our expert team is always happy to provide personalized recommendations.""},{""question"":""Do you offer free shipping on cat?"",""answer"":""Yes! We offer free shipping on all orders within Australia. Orders are typically processed within 1-2 business days. For urgent needs, express shipping options are available at checkout.""}]",[]
/pet/cat/toys,Cat Gyms & Toys,Cat Gyms & Toys | Premium Quality | The Equestrian,"Shop premium cat gyms & toys including cat treats, cat toys, scratching posts and litter accessories. Free shipping Australia-wide. Expert advice available.","cat gyms & toys. Expertly selected for quality, durability, and performance. Whether you're competing or riding for leisure, find exactly what you need at The Equestrian.","<p>,. that.</p><h3>What Makes Great Cat Gyms & Toys?</h3>
<p>Shop premium cat gyms & toys from leading brands including Royal Canin, Whiskas and Purina. Each brand offers unique features and quality craftsmanship.</p><ul><li>Durable construction that stands up to daily use</li><li>Features that make a real difference in performance</li><li>Carefully chosen products from trusted manufacturers</li><li>Competitive pricing without compromising on quality</li></ul>
<h3>Australian Standards</h3><p>All pet products meet Australian safety and quality standards. Fast shipping Australia-wide with free delivery on all orders. Perfect for Australian pets and conditions.</p>",,/pet/cat,3,published,best-selling,"[{""question"":""How do I choose the right cat gyms & toys?"",""answer"":""Consider your specific needs, budget, and intended use. Read product descriptions carefully and check sizing information. Our customer reviews provide valuable insights from real users. If you're unsure, our expert team is always happy to provide personalized recommendations.""},{""question"":""Do you offer free shipping on cat gyms & toys?"",""answer"":""Yes! We offer free shipping on all orders within Australia. Orders are typically processed within 1-2 business days. For urgent needs, express shipping options are available at checkout.""}]",[]
/pet/cat/accessories,Cat Accessories,Cat Accessories | Premium Quality | The Equestrian,"Shop premium cat accessories including cat treats, cat toys, scratching posts and litter accessories. Free shipping Australia-wide. Expert advice available.","cat accessories. Expertly selected for quality, durability, and performance. Whether you're competing or riding for leisure, find exactly what you need at The Equestrian.","<p>,. that.</p><h3>What Makes Great Cat Accessories?</h3>
<p>Shop premium cat accessories from leading brands including Royal Canin, Whiskas and Purina. Each brand offers unique features and quality craftsmanship.</p><ul><li>Durable construction that stands up to daily use</li><li>Features that make a real difference in performance</li><li>Carefully chosen products from trusted manufacturers</li><li>Competitive pricing without compromising on quality</li></ul>
<h3>Australian Standards</h3><p>All pet products meet Australian safety and quality standards. Fast shipping Australia-wide with free delivery on all orders. Perfect for Australian pets and conditions.</p>",,/pet/cat,3,published,best-selling,"[{""question"":""How do I choose the right cat accessories?"",""answer"":""Consider your specific needs, budget, and intended use. Read product descriptions carefully and check sizing information. Our customer reviews provide valuable insights from real users. If you're unsure, our expert team is always happy to provide personalized recommendations.""},{""question"":""Do you offer free shipping on cat accessories?"",""answer"":""Yes! We offer free shipping on all orders within Australia. Orders are typically processed within 1-2 business days. For urgent needs, express shipping options are available at checkout.""}]",[]
/pet/cat/food,Cat Food & Treats,Cat Food & Treats | Premium Quality | The Equestrian,"Shop premium cat food & treats including cat treats, cat toys, scratching posts and litter accessories. Free shipping Australia-wide. Expert advice available.","cat food & treats. Expertly selected for quality, durability, and performance. Whether you're competing or riding for leisure, find exactly what you need at The Equestrian.","<p>,. that.</p><h3>What Makes Great Cat Food & Treats?</h3>
<p>Shop premium cat food & treats from leading brands including Royal Canin, Whiskas and Purina. Each brand offers unique features and quality craftsmanship.</p><ul><li>Durable construction that stands up to daily use</li><li>Features that make a real difference in performance</li><li>Carefully chosen products from trusted manufacturers</li><li>Competitive pricing without compromising on quality</li></ul>
<h3>Australian Standards</h3><p>All pet products meet Australian safety and quality standards. Fast shipping Australia-wide with free delivery on all orders. Perfect for Australian pets and conditions.</p>",,/pet/cat,3,published,best-selling,"[{""question"":""How do I choose the right cat food & treats?"",""answer"":""Consider your specific needs, budget, and intended use. Read product descriptions carefully and check sizing information. Our customer reviews provide valuable insights from real users. If you're unsure, our expert team is always happy to provide personalized recommendations.""},{""question"":""Do you offer free shipping on cat food & treats?"",""answer"":""Yes! We offer free shipping on all orders within Australia. Orders are typically processed within 1-2 business days. For urgent needs, express shipping options are available at checkout.""}]",[]
/pet/cat/litter,Cat Litter & Accessories,Cat Litter & Accessories | Premium Quality | The Equestrian,"Shop premium cat litter & accessories including cat treats, cat toys, scratching posts and litter accessories. Free shipping Australia-wide. Expert advice...","cat litter & accessories. Expertly selected for quality, durability, and performance. Whether you're competing or riding for leisure, find exactly what you need at The Equestrian.","<p>,. that.</p><h3>What Makes Great Cat Litter & Accessories?</h3>
<p>Shop premium cat litter & accessories from leading brands including Royal Canin, Whiskas and Purina. Each brand offers unique features and quality craftsmanship.</p><ul><li>Durable construction that stands up to daily use</li><li>Features that make a real difference in performance</li><li>Carefully chosen products from trusted manufacturers</li><li>Competitive pricing without compromising on quality</li></ul>
<h3>Australian Standards</h3><p>All pet products meet Australian safety and quality standards. Fast shipping Australia-wide with free delivery on all orders. Perfect for Australian pets and conditions.</p>",,/pet/cat,3,published,best-selling,"[{""question"":""How do I choose the right cat litter & accessories?"",""answer"":""Consider your specific needs, budget, and intended use. Read product descriptions carefully and check sizing information. Our customer reviews provide valuable insights from real users. If you're unsure, our expert team is always happy to provide personalized recommendations.""},{""question"":""Do you offer free shipping on cat litter & accessories?"",""answer"":""Yes! We offer free shipping on all orders within Australia. Orders are typically processed within 1-2 business days. For urgent needs, express shipping options are available at checkout.""}]",[]
/pet/cat/skin-care,Cat Potions & Lotions,Cat Potions & Lotions | Premium Quality | The Equestrian,"Shop premium cat potions & lotions including cat treats, cat toys, scratching posts and litter accessories. Free shipping Australia-wide. Expert advice...","cat potions & lotions. Expertly selected for quality, durability, and performance. Whether you're competing or riding for leisure, find exactly what you need at The Equestrian.","<p>,. that.</p><h3>What Makes Great Cat Potions & Lotions?</h3>
<p>Shop premium cat potions & lotions from leading brands including Royal Canin, Whiskas and Purina. Each brand offers unique features and quality craftsmanship.</p><ul><li>Durable construction that stands up to daily use</li><li>Features that make a real difference in performance</li><li>Carefully chosen products from trusted manufacturers</li><li>Competitive pricing without compromising on quality</li></ul>
<h3>Australian Standards</h3><p>All pet products meet Australian safety and quality standards. Fast shipping Australia-wide with free delivery on all orders. Perfect for Australian pets and conditions.</p>",,/pet/cat,3,published,best-selling,"[{""question"":""How do I choose the right cat potions & lotions?"",""answer"":""Consider your specific needs, budget, and intended use. Read product descriptions carefully and check sizing information. Our customer reviews provide valuable insights from real users. If you're unsure, our expert team is always happy to provide personalized recommendations.""},{""question"":""Do you offer free shipping on cat potions & lotions?"",""answer"":""Yes! We offer free shipping on all orders within Australia. Orders are typically processed within 1-2 business days. For urgent needs, express shipping options are available at checkout.""}]",[]
/pet/bird,Bird Assorted,Bird Assorted | Buy Online | The Equestrian,"Shop premium bird assorted including bird seed, bird toys, cages and perches. Free shipping Australia-wide. Expert advice available. Find the perfect gear...","bird assorted. Expertly selected for quality, durability, and performance. Whether you're competing or riding for leisure, find exactly what you need at The Equestrian.","<p>Discover our comprehensive collection of bird assorted, carefully curated to meet the demands of pet owners at every level. From competition-ready gear to everyday essentials, we stock only the finest brands known for quality, durability, and performance. Each product has been expertly selected by our team of experienced professionals who understand what truly matters.</p><h3>What Makes Great Bird Assorted?</h3><ul><li>Durable construction that stands up to daily use</li><li>Features that make a real difference in performance</li><li>Carefully chosen products from trusted manufacturers</li><li>Competitive pricing without compromising on quality</li></ul><h3>Shop by Type</h3><p>Browse our specialized categories including <a href=""/pet/bird/toys"">bird toys</a>,<a href=""/pet/bird/cages"">bird cages & furniture</a>, and <a href=""/pet/bird/food"">bird food & treats</a>. Each category features products from world-leading brands trusted by professional enthusiasts.</p>
<h3>Australian Standards</h3><p>All pet products meet Australian safety and quality standards. Fast shipping Australia-wide with free delivery on all orders. Perfect for Australian pets and conditions.</p>",,/pet,2,published,best-selling,"[{""question"":""How do I choose the right bird assorted?"",""answer"":""Consider your specific needs, budget, and intended use. Read product descriptions carefully and check sizing information. Our customer reviews provide valuable insights from real users. If you're unsure, our expert team is always happy to provide personalized recommendations.""},{""question"":""Do you offer free shipping on bird assorted?"",""answer"":""Yes! We offer free shipping on all orders within Australia. Orders are typically processed within 1-2 business days. For urgent needs, express shipping options are available at checkout.""}]",[]
/pet/bird/toys,Bird Toys,Bird Toys | Premium Quality | The Equestrian,"Shop premium bird toys including bird seed, bird toys, cages and perches. Free shipping Australia-wide. Expert advice available. Find the perfect gear for...","bird toys. Expertly selected for quality, durability, and performance. Whether you're competing or riding for leisure, find exactly what you need at The Equestrian.","<p>,. that.</p><h3>What Makes Great Bird Toys?</h3><ul><li>Durable construction that stands up to daily use</li><li>Features that make a real difference in performance</li><li>Carefully chosen products from trusted manufacturers</li><li>Competitive pricing without compromising on quality</li></ul>
<h3>Australian Standards</h3><p>All pet products meet Australian safety and quality standards. Fast shipping Australia-wide with free delivery on all orders. Perfect for Australian pets and conditions.</p>",,/pet/bird,3,published,best-selling,"[{""question"":""How do I choose the right bird toys?"",""answer"":""Consider your specific needs, budget, and intended use. Read product descriptions carefully and check sizing information. Our customer reviews provide valuable insights from real users. If you're unsure, our expert team is always happy to provide personalized recommendations.""},{""question"":""Do you offer free shipping on bird toys?"",""answer"":""Yes! We offer free shipping on all orders within Australia. Orders are typically processed within 1-2 business days. For urgent needs, express shipping options are available at checkout.""}]",[]
/pet/bird/cages,Bird Cages & Furniture,Bird Cages & Furniture | Premium Quality | The Equestrian,"Shop premium bird cages & furniture including bird seed, bird toys, cages and perches. Free shipping Australia-wide. Expert advice available. Find the...","bird cages & furniture. Expertly selected for quality, durability, and performance. Whether you're competing or riding for leisure, find exactly what you need at The Equestrian.","<p>,. that.</p><h3>What Makes Great Bird Cages & Furniture?</h3><ul><li>Durable construction that stands up to daily use</li><li>Features that make a real difference in performance</li><li>Carefully chosen products from trusted manufacturers</li><li>Competitive pricing without compromising on quality</li></ul>
<h3>Australian Standards</h3><p>All pet products meet Australian safety and quality standards. Fast shipping Australia-wide with free delivery on all orders. Perfect for Australian pets and conditions.</p>",,/pet/bird,3,published,best-selling,"[{""question"":""How do I choose the right bird cages & furniture?"",""answer"":""Consider your specific needs, budget, and intended use. Read product descriptions carefully and check sizing information. Our customer reviews provide valuable insights from real users. If you're unsure, our expert team is always happy to provide personalized recommendations.""},{""question"":""Do you offer free shipping on bird cages & furniture?"",""answer"":""Yes! We offer free shipping on all orders within Australia. Orders are typically processed within 1-2 business days. For urgent needs, express shipping options are available at checkout.""}]",[]
/pet/bird/food,Bird Food & Treats,Bird Food & Treats | Premium Quality | The Equestrian,"Shop premium bird food & treats including bird seed, bird toys, cages and perches. Free shipping Australia-wide. Expert advice available. Find the perfect...","bird food & treats. Expertly selected for quality, durability, and performance. Whether you're competing or riding for leisure, find exactly what you need at The Equestrian.","<p>,. that.</p><h3>What Makes Great Bird Food & Treats?</h3><ul><li>Durable construction that stands up to daily use</li><li>Features that make a real difference in performance</li><li>Carefully chosen products from trusted manufacturers</li><li>Competitive pricing without compromising on quality</li></ul>
<h3>Australian Standards</h3><p>All pet products meet Australian safety and quality standards. Fast shipping Australia-wide with free delivery on all orders. Perfect for Australian pets and conditions.</p>",,/pet/bird,3,published,best-selling,"[{""question"":""How do I choose the right bird food & treats?"",""answer"":""Consider your specific needs, budget, and intended use. Read product descriptions carefully and check sizing information. Our customer reviews provide valuable insights from real users. If you're unsure, our expert team is always happy to provide personalized recommendations.""},{""question"":""Do you offer free shipping on bird food & treats?"",""answer"":""Yes! We offer free shipping on all orders within Australia. Orders are typically processed within 1-2 business days. For urgent needs, express shipping options are available at checkout.""}]",[]
/pet/bird/care,Bird Potions & Lotions,Bird Potions & Lotions | Premium Quality | The Equestrian,"Shop premium bird potions & lotions including bird seed, bird toys, cages and perches. Free shipping Australia-wide. Expert advice available. Find the...","bird potions & lotions. Expertly selected for quality, durability, and performance. Whether you're competing or riding for leisure, find exactly what you need at The Equestrian.","<p>,. that.</p><h3>What Makes Great Bird Potions & Lotions?</h3><ul><li>Durable construction that stands up to daily use</li><li>Features that make a real difference in performance</li><li>Carefully chosen products from trusted manufacturers</li><li>Competitive pricing without compromising on quality</li></ul>
<h3>Australian Standards</h3><p>All pet products meet Australian safety and quality standards. Fast shipping Australia-wide with free delivery on all orders. Perfect for Australian pets and conditions.</p>",,/pet/bird,3,published,best-selling,"[{""question"":""How do I choose the right bird potions & lotions?"",""answer"":""Consider your specific needs, budget, and intended use. Read product descriptions carefully and check sizing information. Our customer reviews provide valuable insights from real users. If you're unsure, our expert team is always happy to provide personalized recommendations.""},{""question"":""Do you offer free shipping on bird potions & lotions?"",""answer"":""Yes! We offer free shipping on all orders within Australia. Orders are typically processed within 1-2 business days. For urgent needs, express shipping options are available at checkout.""}]",[]
/pet/small-animal,Small Animal,Small Animal | Buy Online | The Equestrian,"Shop premium small animal including dog treats, cat toys, bird supplies and small animal bedding. Free shipping Australia-wide. Expert advice available.","small animal. Expertly selected for quality, durability, and performance. Whether you're competing or riding for leisure, find exactly what you need at The Equestrian.","<p>Discover our comprehensive collection of small animal, carefully curated to meet the demands of pet owners at every level. From competition-ready gear to everyday essentials, we stock only the finest brands known for quality, durability, and performance. Each product has been expertly selected by our team of experienced professionals who understand what truly matters.</p><h3>What Makes Great Small Animal?</h3><ul><li>Durable construction that stands up to daily use</li><li>Features that make a real difference in performance</li><li>Carefully chosen products from trusted manufacturers</li><li>Competitive pricing without compromising on quality</li></ul><h3>Australian Standards</h3><p>All pet products meet Australian safety and quality standards. Fast shipping Australia-wide with free delivery on all orders. Perfect for Australian pets and conditions.</p>
<h3>Shop by Category</h3><p>Browse our specialized categories to find exactly what you need. Each section features products from world-leading brands trusted by professional enthusiasts. Not sure where to start? Our expert team is always here to help you make the right choice.</p>",,/pet,2,published,best-selling,"[{""question"":""How do I choose the right small animal?"",""answer"":""Consider your specific needs, budget, and intended use. Read product descriptions carefully and check sizing information. Our customer reviews provide valuable insights from real users. If you're unsure, our expert team is always happy to provide personalized recommendations.""},{""question"":""Do you offer free shipping on small animal?"",""answer"":""Yes! We offer free shipping on all orders within Australia. Orders are typically processed within 1-2 business days. For urgent needs, express shipping options are available at checkout.""}]",[]
/pet/poultry,Poultry,Poultry | Buy Online | The Equestrian,"Shop premium poultry including dog treats, cat toys, bird supplies and small animal bedding. Free shipping Australia-wide. Expert advice available. Find...","poultry. Expertly selected for quality, durability, and performance. Whether you're competing or riding for leisure, find exactly what you need at The Equestrian.","<p>Discover our comprehensive collection of poultry, carefully curated to meet the demands of pet owners at every level. From competition-ready gear to everyday essentials, we stock only the finest brands known for quality, durability, and performance. Each product has been expertly selected by our team of experienced professionals who understand what truly matters.</p><h3>What Makes Great Poultry?</h3><ul><li>Durable construction that stands up to daily use</li><li>Features that make a real difference in performance</li><li>Carefully chosen products from trusted manufacturers</li><li>Competitive pricing without compromising on quality</li></ul><h3>Australian Standards</h3><p>All pet products meet Australian safety and quality standards. Fast shipping Australia-wide with free delivery on all orders. Perfect for Australian pets and conditions.</p>
<h3>Shop by Category</h3><p>Browse our specialized categories to find exactly what you need. Each section features products from world-leading brands trusted by professional enthusiasts. Not sure where to start? Our expert team is always here to help you make the right choice.</p>",,/pet,2,published,best-selling,"[{""question"":""How do I choose the right poultry?"",""answer"":""Consider your specific needs, budget, and intended use. Read product descriptions carefully and check sizing information. Our customer reviews provide valuable insights from real users. If you're unsure, our expert team is always happy to provide personalized recommendations.""},{""question"":""Do you offer free shipping on poultry?"",""answer"":""Yes! We offer free shipping on all orders within Australia. Orders are typically processed within 1-2 business days. For urgent needs, express shipping options are available at checkout.""}]",[]
/pet/supplements,Pet Supplements,Pet Supplements | Buy Online | The Equestrian,"Shop premium pet supplements including dog treats, cat toys, bird supplies and small animal bedding. Free shipping Australia-wide. Expert advice available.","pet supplements. Expertly selected for quality, durability, and performance. Whether you're competing or riding for leisure, find exactly what you need at The Equestrian.","<p>Discover our comprehensive collection of pet supplements, carefully curated to meet the demands of pet owners at every level. From competition-ready gear to everyday essentials, we stock only the finest brands known for quality, durability, and performance. Each product has been expertly selected by our team of experienced professionals who understand what truly matters.</p><h3>What Makes Great Pet Supplements?</h3><ul>
<li><strong>Types:</strong> Joint support, digestive health, vitamins, electrolytes, calming.</li>
<li><strong>Forms:</strong> Powders, pellets, liquids, and paste options.</li>
<li><strong>Dosage:</strong> Based on horse weight. Follow manufacturer guidelines.</li>
<li><strong>Results:</strong> Most supplements require 4-6 weeks for visible effects.</li>
</ul><h3>Shop by Type</h3><p>Browse our specialized categories including <a href=""/pet/supplements/probiotics"">probiotics</a>. Each category features products from world-leading brands trusted by professional enthusiasts.</p>
<h3>How to Choose Horse Supplements</h3>
<p><strong>Identify the Need:</strong> Joint support for older horses or those in hard work. Digestive aids for sensitive stomachs. Vitamins for horses on limited pasture. Calming supplements for anxious horses. Consult your vet before starting any supplement program.</p>
<p><strong>Form & Palatability:</strong> Powders mix into feed easily. Pellets are convenient and less messy. Liquids offer precise dosing. Pastes are useful for short-term use. Choose a form your horse will accept - even the best supplement won't work if your horse won't eat it.</p>
<p><strong>Quality & Ingredients:</strong> Look for supplements with research-backed ingredients at effective doses. Check for Australian manufacturing standards. Avoid products with excessive fillers. Premium doesn't always mean better - focus on ingredient quality and concentration.</p>
<p><strong>Competition Considerations:</strong> Check FEI and EA prohibited substance lists if competing. Most supplements are competition-safe but rules vary by discipline and level. When in doubt, contact your governing body.</p>
<h3>When to Use</h3>
<ul>
<li><strong>Joint Support:</strong> Older horses, those in hard work, or with arthritis benefit from glucosamine and chondroitin supplements. Start before problems develop for best results.</li>
<li><strong>Digestive Health:</strong> Horses with sensitive stomachs, those on high-grain diets, or prone to ulcers. Probiotics support healthy gut function.</li>
<li><strong>Competition:</strong> Calming supplements for anxious horses. Electrolytes for horses in hard work, especially during Australian summers. Check competition rules before use.</li>
<li><strong>Limited Pasture:</strong> Vitamin and mineral supplements for horses with restricted grazing. Essential in drought conditions or for horses on hay-only diets.</li>
</ul>
<h3>Australian Regulations</h3><p>All supplements comply with Australian equine health regulations. Suitable for competition horses (check specific competition rules). Fast shipping Australia-wide. Store in cool, dry conditions - especially important in Australian summers.</p>",,/pet,2,published,best-selling,"[{""question"":""How long before I see results from supplements?"",""answer"":""Most supplements require 4-6 weeks of consistent use before visible effects. Joint supplements may take 6-8 weeks. Digestive aids often show results within 1-2 weeks. Always follow manufacturer dosage guidelines based on your horse's weight. Consult your vet before starting any supplement program.""},{""question"":""Are these supplements competition safe?"",""answer"":""Most supplements are competition safe, but rules vary by discipline and level. Check specific product information and your competition's prohibited substances list. FEI and EA have different regulations. When in doubt, contact your governing body or consult the product manufacturer.""},{""question"":""How should I store equine supplements in Australian heat?"",""answer"":""Store in a cool, dry place away from direct sunlight. Australian summers can degrade supplements quickly. Keep containers sealed tightly. Refrigeration may be recommended for some products (check labels). Buy in quantities you'll use within 3-6 months for best freshness.""}]",[]
/pet/supplements/probiotics,probiotics,probiotics | Premium Quality | The Equestrian,"Shop premium probiotics including dog treats, cat toys, bird supplies and small animal bedding. Free shipping Australia-wide. Expert advice available.","probiotics. Expertly selected for quality, durability, and performance. Whether you're competing or riding for leisure, find exactly what you need at The Equestrian.","<p>,. that.</p><h3>What Makes Great probiotics?</h3><ul>
<li><strong>Types:</strong> Joint support, digestive health, vitamins, electrolytes, calming.</li>
<li><strong>Forms:</strong> Powders, pellets, liquids, and paste options.</li>
<li><strong>Dosage:</strong> Based on horse weight. Follow manufacturer guidelines.</li>
<li><strong>Results:</strong> Most supplements require 4-6 weeks for visible effects.</li>
</ul>
<h3>Australian Regulations</h3><p>All supplements comply with Australian equine health regulations. Suitable for competition horses (check specific competition rules). Fast shipping Australia-wide. Store in cool, dry conditions - especially important in Australian summers.</p>",,/pet/supplements,3,published,best-selling,"[{""question"":""How long before I see results from supplements?"",""answer"":""Most supplements require 4-6 weeks of consistent use before visible effects. Joint supplements may take 6-8 weeks. Digestive aids often show results within 1-2 weeks. Always follow manufacturer dosage guidelines based on your horse's weight. Consult your vet before starting any supplement program.""},{""question"":""Are these supplements competition safe?"",""answer"":""Most supplements are competition safe, but rules vary by discipline and level. Check specific product information and your competition's prohibited substances list. FEI and EA have different regulations. When in doubt, contact your governing body or consult the product manufacturer.""},{""question"":""How should I store equine supplements in Australian heat?"",""answer"":""Store in a cool, dry place away from direct sunlight. Australian summers can degrade supplements quickly. Keep containers sealed tightly. Refrigeration may be recommended for some products (check labels). Buy in quantities you'll use within 3-6 months for best freshness.""}]",[]
/pet/pony,Shetland Pony,Shetland Pony | Buy Online | The Equestrian,"Shop premium shetland pony including dog treats, cat toys, bird supplies and small animal bedding. Free shipping Australia-wide. Expert advice available.","shetland pony. Expertly selected for quality, durability, and performance. Whether you're competing or riding for leisure, find exactly what you need at The Equestrian.","<p>Discover our comprehensive collection of shetland pony, carefully curated to meet the demands of pet owners at every level. From competition-ready gear to everyday essentials, we stock only the finest brands known for quality, durability, and performance. Each product has been expertly selected by our team of experienced professionals who understand what truly matters.</p><h3>What Makes Great Shetland Pony?</h3><ul><li>Durable construction that stands up to daily use</li><li>Features that make a real difference in performance</li><li>Carefully chosen products from trusted manufacturers</li><li>Competitive pricing without compromising on quality</li></ul><h3>Australian Standards</h3><p>All pet products meet Australian safety and quality standards. Fast shipping Australia-wide with free delivery on all orders. Perfect for Australian pets and conditions.</p>
<h3>Shop by Category</h3><p>Browse our specialized categories to find exactly what you need. Each section features products from world-leading brands trusted by professional enthusiasts. Not sure where to start? Our expert team is always here to help you make the right choice.</p>",,/pet,2,published,best-selling,"[{""question"":""How do I choose the right shetland pony?"",""answer"":""Consider your specific needs, budget, and intended use. Read product descriptions carefully and check sizing information. Our customer reviews provide valuable insights from real users. If you're unsure, our expert team is always happy to provide personalized recommendations.""},{""question"":""Do you offer free shipping on shetland pony?"",""answer"":""Yes! We offer free shipping on all orders within Australia. Orders are typically processed within 1-2 business days. For urgent needs, express shipping options are available at checkout.""}]",[]
/accessories/collectibles,The Trail of Painted Ponies,The Trail of Painted Ponies | Buy Online | The Equestrian,Shop premium the trail of painted ponies from top brands. Free shipping Australia-wide. Expert advice available. Find the perfect gear for your needs.,"the trail of painted ponies. Expertly selected for quality, durability, and performance. Whether you're competing or riding for leisure, find exactly what you need at The Equestrian.","<p>Discover our comprehensive collection of the trail of painted ponies, carefully curated to meet the demands of equestrians at every level. From competition-ready gear to everyday essentials, we stock only the finest brands known for quality, durability, and performance. Each product has been expertly selected by our team of experienced professionals who understand what truly matters.</p><h3>What Makes Great The Trail of Painted Ponies?</h3><ul><li>Durable construction that stands up to daily use</li><li>Features that make a real difference in performance</li><li>Carefully chosen products from trusted manufacturers</li><li>Competitive pricing without compromising on quality</li></ul><h3>Shop by Type</h3><p>Browse our specialized categories including <a href=""/accessories/collectibles/resin"">resin</a>. Each category features products from world-leading brands trusted by professional enthusiasts.</p>",,/accessories,2,published,best-selling,"[{""question"":""How do I choose the right the trail of painted ponies?"",""answer"":""Consider your specific needs, budget, and intended use. Read product descriptions carefully and check sizing information. Our customer reviews provide valuable insights from real users. If you're unsure, our expert team is always happy to provide personalized recommendations.""},{""question"":""Do you offer free shipping on the trail of painted ponies?"",""answer"":""Yes! We offer free shipping on all orders within Australia. Orders are typically processed within 1-2 business days. For urgent needs, express shipping options are available at checkout.""}]",[]
/accessories/collectibles/resin,Resin,Resin | Premium Quality | The Equestrian,Shop premium resin from top brands. Free shipping Australia-wide. Expert advice available. Find the perfect gear for your needs.,"resin. Expertly selected for quality, durability, and performance. Whether you're competing or riding for leisure, find exactly what you need at The Equestrian.","<p>, . that .</p><h3>What Makes Great Resin?</h3><ul><li>Durable construction that stands up to daily use</li><li>Features that make a real difference in performance</li><li>Carefully chosen products from trusted manufacturers</li><li>Competitive pricing without compromising on quality</li></ul>",,/accessories/collectibles,3,published,best-selling,"[{""question"":""How do I choose the right resin?"",""answer"":""Consider your specific needs, budget, and intended use. Read product descriptions carefully and check sizing information. Our customer reviews provide valuable insights from real users. If you're unsure, our expert team is always happy to provide personalized recommendations.""},{""question"":""Do you offer free shipping on resin?"",""answer"":""Yes! We offer free shipping on all orders within Australia. Orders are typically processed within 1-2 business days. For urgent needs, express shipping options are available at checkout.""}]",[]
/accessories/brands/horseware,Horseware,Horseware | Premium Quality | The Equestrian,Shop premium horseware from top brands. Free shipping Australia-wide. Expert advice available. Find the perfect gear for your needs.,"horseware. Expertly selected for quality, durability, and performance. Whether you're competing or riding for leisure, find exactly what you need at The Equestrian.","<p>, . that .</p><h3>What Makes Great Horseware?</h3><ul><li>Durable construction that stands up to daily use</li><li>Features that make a real difference in performance</li><li>Carefully chosen products from trusted manufacturers</li><li>Competitive pricing without compromising on quality</li></ul>",,/accessories/brands,3,published,best-selling,"[{""question"":""How do I choose the right horseware?"",""answer"":""Consider your specific needs, budget, and intended use. Read product descriptions carefully and check sizing information. Our customer reviews provide valuable insights from real users. If you're unsure, our expert team is always happy to provide personalized recommendations.""},{""question"":""Do you offer free shipping on horseware?"",""answer"":""Yes! We offer free shipping on all orders within Australia. Orders are typically processed within 1-2 business days. For urgent needs, express shipping options are available at checkout.""}]",[]
/accessories/books,Books & Magazines,Books & Magazines | Buy Online | The Equestrian,Shop premium books & magazines from top brands. Free shipping Australia-wide. Expert advice available. Find the perfect gear for your needs.,"books & magazines. Expertly selected for quality, durability, and performance. Whether you're competing or riding for leisure, find exactly what you need at The Equestrian.","<p>Discover our comprehensive collection of books & magazines, carefully curated to meet the demands of equestrians at every level. From competition-ready gear to everyday essentials, we stock only the finest brands known for quality, durability, and performance. Each product has been expertly selected by our team of experienced professionals who understand what truly matters.</p><h3>What Makes Great Books & Magazines?</h3><ul><li>Durable construction that stands up to daily use</li><li>Features that make a real difference in performance</li><li>Carefully chosen products from trusted manufacturers</li><li>Competitive pricing without compromising on quality</li></ul><h3>Shop by Type</h3><p>Browse our specialized categories including <a href=""/accessories/books/bookmarks"">bookmarks</a>. Each category features products from world-leading brands trusted by professional enthusiasts.</p>",,/accessories,2,published,best-selling,"[{""question"":""How do I choose the right books & magazines?"",""answer"":""Consider your specific needs, budget, and intended use. Read product descriptions carefully and check sizing information. Our customer reviews provide valuable insights from real users. If you're unsure, our expert team is always happy to provide personalized recommendations.""},{""question"":""Do you offer free shipping on books & magazines?"",""answer"":""Yes! We offer free shipping on all orders within Australia. Orders are typically processed within 1-2 business days. For urgent needs, express shipping options are available at checkout.""}]",[]
/accessories/books/bookmarks,Bookmarks,Bookmarks | Premium Quality | The Equestrian,Shop premium bookmarks from top brands. Free shipping Australia-wide. Expert advice available. Find the perfect gear for your needs.,"bookmarks. Expertly selected for quality, durability, and performance. Whether you're competing or riding for leisure, find exactly what you need at The Equestrian.","<p>, . that .</p><h3>What Makes Great Bookmarks?</h3><ul><li>Durable construction that stands up to daily use</li><li>Features that make a real difference in performance</li><li>Carefully chosen products from trusted manufacturers</li><li>Competitive pricing without compromising on quality</li></ul>",,/accessories/books,3,published,best-selling,"[{""question"":""How do I choose the right bookmarks?"",""answer"":""Consider your specific needs, budget, and intended use. Read product descriptions carefully and check sizing information. Our customer reviews provide valuable insights from real users. If you're unsure, our expert team is always happy to provide personalized recommendations.""},{""question"":""Do you offer free shipping on bookmarks?"",""answer"":""Yes! We offer free shipping on all orders within Australia. Orders are typically processed within 1-2 business days. For urgent needs, express shipping options are available at checkout.""}]",[]
/accessories/gifts,Gift Set,Gift Set | Buy Online | The Equestrian,Shop premium gift set from top brands. Free shipping Australia-wide. Expert advice available. Find the perfect gear for your needs.,"gift set. Expertly selected for quality, durability, and performance. Whether you're competing or riding for leisure, find exactly what you need at The Equestrian.","<p>Discover our comprehensive collection of gift set, carefully curated to meet the demands of equestrians at every level. From competition-ready gear to everyday essentials, we stock only the finest brands known for quality, durability, and performance. Each product has been expertly selected by our team of experienced professionals who understand what truly matters.</p><h3>What Makes Great Gift Set?</h3><ul><li>Durable construction that stands up to daily use</li><li>Features that make a real difference in performance</li><li>Carefully chosen products from trusted manufacturers</li><li>Competitive pricing without compromising on quality</li></ul><h3>Shop by Category</h3><p>Browse our specialized categories to find exactly what you need. Each section features products from world-leading brands trusted by professional enthusiasts. Not sure where to start? Our expert team is always here to help you make the right choice.</p>",,/accessories,2,published,best-selling,"[{""question"":""How do I choose the right gift set?"",""answer"":""Consider your specific needs, budget, and intended use. Read product descriptions carefully and check sizing information. Our customer reviews provide valuable insights from real users. If you're unsure, our expert team is always happy to provide personalized recommendations.""},{""question"":""Do you offer free shipping on gift set?"",""answer"":""Yes! We offer free shipping on all orders within Australia. Orders are typically processed within 1-2 business days. For urgent needs, express shipping options are available at checkout.""}]",[]
/accessories/gift-cards,Gift Card,Gift Card | Buy Online | The Equestrian,Shop premium gift card from top brands. Free shipping Australia-wide. Expert advice available. Find the perfect gear for your needs.,"gift card. Expertly selected for quality, durability, and performance. Whether you're competing or riding for leisure, find exactly what you need at The Equestrian.","<p>Discover our comprehensive collection of gift card, carefully curated to meet the demands of equestrians at every level. From competition-ready gear to everyday essentials, we stock only the finest brands known for quality, durability, and performance. Each product has been expertly selected by our team of experienced professionals who understand what truly matters.</p><h3>What Makes Great Gift Card?</h3><ul><li>Durable construction that stands up to daily use</li><li>Features that make a real difference in performance</li><li>Carefully chosen products from trusted manufacturers</li><li>Competitive pricing without compromising on quality</li></ul><h3>Shop by Category</h3><p>Browse our specialized categories to find exactly what you need. Each section features products from world-leading brands trusted by professional enthusiasts. Not sure where to start? Our expert team is always here to help you make the right choice.</p>",,/accessories,2,published,best-selling,"[{""question"":""How do I choose the right gift card?"",""answer"":""Consider your specific needs, budget, and intended use. Read product descriptions carefully and check sizing information. Our customer reviews provide valuable insights from real users. If you're unsure, our expert team is always happy to provide personalized recommendations.""},{""question"":""Do you offer free shipping on gift card?"",""answer"":""Yes! We offer free shipping on all orders within Australia. Orders are typically processed within 1-2 business days. For urgent needs, express shipping options are available at checkout.""}]",[]
/accessories/tools,Knife,Knife | Buy Online | The Equestrian,Shop premium knife from top brands. Free shipping Australia-wide. Expert advice available. Find the perfect gear for your needs.,"knife. Expertly selected for quality, durability, and performance. Whether you're competing or riding for leisure, find exactly what you need at The Equestrian.","<p>Discover our comprehensive collection of knife, carefully curated to meet the demands of equestrians at every level. From competition-ready gear to everyday essentials, we stock only the finest brands known for quality, durability, and performance. Each product has been expertly selected by our team of experienced professionals who understand what truly matters.</p><h3>What Makes Great Knife?</h3><ul><li>Durable construction that stands up to daily use</li><li>Features that make a real difference in performance</li><li>Carefully chosen products from trusted manufacturers</li><li>Competitive pricing without compromising on quality</li></ul><h3>Shop by Category</h3><p>Browse our specialized categories to find exactly what you need. Each section features products from world-leading brands trusted by professional enthusiasts. Not sure where to start? Our expert team is always here to help you make the right choice.</p>",,/accessories,2,published,best-selling,"[{""question"":""How do I choose the right knife?"",""answer"":""Consider your specific needs, budget, and intended use. Read product descriptions carefully and check sizing information. Our customer reviews provide valuable insights from real users. If you're unsure, our expert team is always happy to provide personalized recommendations.""},{""question"":""Do you offer free shipping on knife?"",""answer"":""Yes! We offer free shipping on all orders within Australia. Orders are typically processed within 1-2 business days. For urgent needs, express shipping options are available at checkout.""}]",[]
