normalized_handle,parent_brand
academy-black-show-bridle,Academy
academy-economy-dressage-whip-110cm,Academy
academy-feed-scoop-durable-efficient,Academy
academy-hanoverian-leather-bridle,Academy
academy-jute-hay-bale-carrier,Academy
academy-lead-brass-black-2m,Academy
academy-lead-brass-snap-2-metres-navy,Academy
academy-lead-brass-snap-2-metres-purple,Academy
academy-medical-armband,Academy
academy-plastic-hoof-pick-green,Academy
academy-pony-club-whip,Academy
academy-rope-halter,Academy
academy-scraper,Academy
academy-show-bridle,Academy
academy-show-snaffle-bridle,Academy
academy-snaffle-leather-bridle,Academy
academy-stirrup-leathers,Academy
academy-web-reins-black-full,Academy
academy-y-breastplate,Academy
acavallo-active-soft-gel-pad-for-ponies,Acavallo
acavallo-air-release-gel-pad,Acavallo
acavallo-air-release-gel-pad-clear,Acavallo
acavallo-air-release-soft-gel-pad,Acavallo
acavallo-anatomic-gel-pad,Acavallo
acavallo-anti,Acavallo
acavallo-arena-alupro-safety-stirrups,Acavallo
acavallo-composite-opera-stirrup-leathers,Acavallo
acavallo-cupido-anatomic-snaffle-bridle,Acavallo
acavallo-front-riser-gel-pad,Acavallo
acavallo-gel-double-riser-pad-natural,Acavallo
acavallo-gel-front-riser-transparent,Acavallo
acavallo-gel-half-pad-with-sheepskin-trim,Acavallo
acavallo-gel-pad-front-riser,Acavallo
acavallo-gel-pad-front-riser-natural,Acavallo
acavallo-gel-pad-mid-riser-natural,Acavallo
acavallo-gel-rear-riser-pad,Acavallo
acavallo-half-gel-memory-pad-bl-n3,Acavallo
acavallo-memory-foam-wool-half-pad,Acavallo
acavallo-ortho,Acavallo
acavallo-piuma-air-release-pad-featherlight,Acavallo
acavallo-shaped-front-riser,Acavallo
acavallo-shaped-gel-front-riser,Acavallo
acavallo-sheepskin-edge-half-gel-pad,Acavallo
advantage-cat-over-4kg-large-4-pack,Advantage
advantage-cat-over-4kg-large-6-pack,Advantage
advantage-cat-under-4kg-small-4-pack,Advantage
advantage-cat-under-4kg-small-6-pack,Advantage
advantage-dog-10kg,Advantage
advantage-dog-medium-4-pack,Advantage
advantage-seresto-cat-kitten-collar,Advantage
advantage-seresto-dog-over-8kg,Advantage
advantage-seresto-puppy-under-8kg-collar,Advantage
advocate-cat-over-4kg-large-3-pack,Advocate
advocate-cat-over-4kg-large-6-pack,Advocate
advocate-cat-under-4kg-small-3-pack,Advocate
advocate-cat-under-4kg-small-6-pack,Advocate
advocate-dog-0-4kg,Advocate
advocate-dog-10kg,Advocate
advocate-dog-4,Advocate
advocate-dog-over-25kg-exlarge-3-pack,Advocate
advocate-dog-over-25kg-exlarge-6-pack,Advocate
advocate-dog-under-4kg-small-3-pack,Advocate
aintree-56cm-stitched-stirrup-leathers,Aintree
aintree-anti-rearing-head-leather,Aintree
aintree-bandages-set-of-4,Aintree
aintree-black-padded-leather-reins,Aintree
aintree-chambon,Aintree
aintree-divided-leather-reins,Aintree
aintree-dressage-whip-100cm-black,Aintree
aintree-leather-anti-rearing-head,Aintree
aintree-leather-reins-5-8-inch,Aintree
aintree-monkey-grip,Aintree
aintree-nylon-bandages-10cm,Aintree
aintree-plain-stirrup-leathers,Aintree
aintree-plaited-leather-reins,Aintree
aintree-stitched-spur-straps-10mm,Aintree
aintree-stitched-stirrup-leathers,Aintree
aintree-tail-bandage-polyester-10cm,Aintree
akubra-avalon,Akubra
akubra-cattleman-fawn-hat,Akubra
akubra-dusty-dawn,Akubra
akubra-golden-spur,Akubra
akubra-hat-brush,Akubra
akubra-hat-chin-strap,Akubra
akubra-hat-filler-inserts,Akubra
akubra-hat-presentation-gift-box,Akubra
akubra-hat-stretchers,Akubra
akubra-outback-club-hat,Akubra
akubra-rough-rider-eucalypt,Akubra
akubra-rough-rider-loden,Akubra
akubra-rough-rider-spice,Akubra
akubra-snowy-river-hat,Akubra
akubra-territory-eucalypt-hat,Akubra
alto-grooming-highlighters-for-horses,Alto Lab
alto-lab-bugshield-insect-repellent,Alto Lab
alto-lab-bugshield-insect-repellent-500ml,Alto Lab
alto-lab-dung-away-sprayer-500ml,Alto Lab
alto-lab-muffin-bites-1kg,Alto Lab
alto-lab-muffin-bites-500gm,Alto Lab
alto-lab-shimmering-clean-shampoo-500ml,Alto Lab
alto-lab-shimmering-white-shampoo-500ml,Alto Lab
alto-lab-ultimate-sheen-500ml,Alto Lab
animo-airblek-mens-short-sleeve-top,Animo
animo-aksa-mens-competition-shirt,Animo
animo-alkim-polo-top,Animo
animo-amalfi-mens-polo-top,Animo
animo-anice-boys-show-shirt,Animo
animo-arak-mens-short-sleeve-competition-top,Animo
animo-arduin-boys-shirt,Animo
animo-baita-ladies-show-shirt,Animo
animo-baku-ladies-polo-top,Animo
animo-ballymoon-ladies-show-shirt,Animo
animo-barolo-ladies-competition-shirt,Animo
animo-basan-show-shirt,Animo
animo-basilea-show-shirt,Animo
animo-belk-competition-shirt,Animo
animo-bezzy-ladies-competition-shirt,Animo
animo-biky-girls-competition-shirt,Animo
animo-billiot-ladies-riding-top,Animo
animo-bir-ladies-competition-shirt,Animo
animo-biwait-ladies-competition-shirt,Animo
animo-bok-short-sleeve-top,Animo
animo-brancio-ladies-polo-top,Animo
animo-cala-fly-veil,Animo
animo-castel-fly-hood,Animo
animo-certa-soundless-fly-veil,Animo
animo-cidos-fly-hood,Animo
animo-clyde-fly-veil,Animo
animo-conta-soundless-fly-veil,Animo
animo-crazy-fly-veil,Animo
animo-cuver-fly-veil,Animo
animo-edito-mens-padded-jacket,Animo
animo-femont-ladies-t,Animo
animo-fibi-ladies-t,Animo
animo-hetic-belt,Animo
animo-hore-belt,Animo
animo-iachin-18-boys-competition-jacket,Animo
animo-ibux-mens-padded-jacket,Animo
animo-icap-mens-competition-jacket,Animo
animo-ikko-mens-competition-jacket,Animo
animo-isla-mens-competition-jacket,Animo
animo-isp-boys-competition-jacket,Animo
animo-ladies-lud-competition-jacket,Animo
animo-lagela-ladies-competition-jacket,Animo
animo-laion-ladies-windbreaker,Animo
animo-lamu-ladies-crew-neck,Animo
animo-lanier-ladies-competition-jacket,Animo
animo-laria-ladies-jacket,Animo
animo-lawel-ladies-competition-jacket,Animo
animo-ledro-ladies-sweatshirt,Animo
animo-lefleur-ladies-windbreaker,Animo
animo-lente-ladies-jacket,Animo
animo-lenz-blazer-jacket,Animo
animo-liba-jacket,Animo
animo-lipis-ladies-competition-jacket,Animo
animo-lirok-ladies-jacket,Animo
animo-lorea-competition-jacket,Animo
animo-loria-girls-competition-jacket,Animo
animo-lud-womens-competition-jacket-with-swarovski,Animo
animo-lugo-ladies-waterproof-competition-jacket,Animo
animo-madox-mens-breeches,Animo
animo-marlon-mens-breeches,Animo
animo-marvin-boys-jean-breeches,Animo
animo-mens-caio-t,Animo
animo-mens-curt-casual-t,Animo
animo-mens-eagle-windbreaker,Animo
animo-ministro-mens-full-grip-breeches,Animo
animo-molo-mens-breeches,Animo
animo-nabbra-womens-breeches,Animo
animo-naffe-girls-breeches,Animo
animo-nag-girls-denim-breeches,Animo
animo-nagle-high-waist-full-seat-breeches,Animo
animo-nakifal-womens-breeches,Animo
animo-nalindi-ladies-full-seat-breeches,Animo
animo-nambi-girls-breeches,Animo
animo-namille-womens-breeches,Animo
animo-namiro-womens-breeches,Animo
animo-nana-ladies-knee-grip-breeches,Animo
animo-narrish-ladies-breeches,Animo
animo-nasde-ladies-high-waisted-denim-breeches,Animo
animo-nasso-ladies-denim-breeches,Animo
animo-natec-high-waist-full-seat-breeches,Animo
animo-nebria-ladies-breeches,Animo
animo-necus-denim-breeches,Animo
animo-nenk-high-waisted-breeches,Animo
animo-neno-womens-breeches,Animo
animo-nesselt-ladies-full-seat-breeches,Animo
animo-nibis-high-waisted-jeans,Animo
animo-nibras-ladies-breeches,Animo
animo-niping-ladies-breeches,Animo
animo-nircas-jean-breeches,Animo
animo-nirce-trousers,Animo
animo-niuport-ladies-breeches,Animo
animo-nivel-jeans,Animo
animo-noa-full-grip-breeches,Animo
animo-noa-knee-grip-breeches,Animo
animo-nocino-ladies-high-waisted-breeches,Animo
animo-nom-womens-breeches,Animo
animo-nove-girls-jean-breeches,Animo
animo-nule-ladies-full-seat-breeches,Animo
animo-nusto-womens-breeches,Animo
animo-nuxi-full-grip-ladies-breeches,Animo
animo-pixer-ladies-competition-shirt,Animo
animo-riger-sweater,Animo
animo-rumor-mens-knit,Animo
animo-salimar-ladies-sweater,Animo
animo-sarto-wool-sweater,Animo
animo-seili-sleeveless-knit,Animo
animo-silvan-ladies-sweater,Animo
animo-spiga-ladies-knit,Animo
animo-ss20-amleto-boys-competition-polo-top,Animo
animo-ss20-boys-iale-competition-jacket,Animo
animo-ss20-clu-horse-fly-veil,Animo
animo-ss20-mael-mens-breeches,Animo
animo-ss20-mens-argom-polo,Animo
animo-suon-ladies-knit,Animo
animo-tadan-socks,Animo
animo-talos-socks,Animo
animo-tenk-socks-for-junior-riders,Animo
animo-tesea-socks,Animo
animo-tipic-socks,Animo
animo-tommie-socks,Animo
animo-top-socks,Animo
animo-toronto-socks,Animo
animo-treccia-socks,Animo
animo-vers-cap,Animo
animo-widos-jumping-saddle-pad,Animo
animo-womens-lake-casual-jacket,Animo
animo-zea-ankle-boots,Animo
animo-zircone-ladies-boots,Animo
anna-scarpati-felipa-show-shirt,Anna Scarpati
anna-scarpati-fires-23t-short-sleeve-competition-shirt,Anna Scarpati
anna-scarpati-format-23t-t,Anna Scarpati
anna-scarpati-freg-show-shirt,Anna Scarpati
anna-scarpati-quema-49-dressage-saddle-pad,Anna Scarpati
anna-scarpati-quia-51-dressage-saddle-pad,Anna Scarpati
anna-scarpati-quiba-52-dressage-saddle-pad,Anna Scarpati
anna-scarpati-quinoa-45-jumping-saddle-pad,Anna Scarpati
anna-scarpati-quiri-52-jump-saddle-pad,Anna Scarpati
anna-scarpati-quiri-57-jump-saddle-pad,Anna Scarpati
anna-scarpati-quola-51-jumping-saddle-pad,Anna Scarpati
anna-scarpati-sadoc-breeches-for-girls,Anna Scarpati
anna-scarpati-sean-breeches,Anna Scarpati
anna-scarpati-soraya-full-seat-breeches,Anna Scarpati
anna-scarpati-zeug-45-fly-hood,Anna Scarpati
anna-scarpati-zeug-49-fly-hood,Anna Scarpati
anna-scarpati-zeug-51-fly-hood,Anna Scarpati
anna-scarpati-zeug-52-fly-hood,Anna Scarpati
arena-all-purpose-high-wither-saddle-black,Arena
arena-all-purpose-high-wither-saddle-brown,Arena
arena-all-purpose-saddle-black,Arena
arena-all-purpose-saddle-with-hart-technology,Arena
arena-all-purpose-wide-saddle,Arena
arena-ap-high-wither-saddle,Arena
arena-black-high-wither-dressage-saddle,Arena
arena-dressage-mono-flap-saddle,Arena
arena-dressage-mono-flap-saddle-brown,Arena
arena-high-wither-all-purpose-saddle,Arena
arena-jump-saddle,Arena
arena-jump-saddle-42cm-16-5,Arena
arena-jump-saddle-black,Arena
arena-monoflap-dressage-saddle,Arena
arena-monoflap-jump-saddle,Arena
arena-monoflap-jump-saddle-black,Arena
arena-wide-dressage-saddle,Arena
ariat,Ariat
ariat-anthem-venttek-h20-boots,Ariat
ariat-antique-silver-buckle,Ariat
ariat-antique-silver-gold-buckle,Ariat
ariat-armadillo-on-a-half-shell-t,Ariat
ariat-ascent-short-sleeve-baselayer,Ariat
ariat-auburn-1-4-zip-baselayer,Ariat
ariat-auburn-baselayer-performance-comfort,Ariat
ariat-authentic-logo-t,Ariat
ariat-b-fit-cap,Ariat
ariat-bag-for-all-your-gear,Ariat
ariat-ballston-cardigan-l,Ariat
ariat-bandana-light-pink,Ariat
ariat-bandana-navy,Ariat
ariat-bandana-red,Ariat
ariat-beanie-azulejo-navy-sea-salt,Ariat
ariat-beanie-uni-cable-windsor-wine,Ariat
ariat-bella-reversible-insulated-vest,Ariat
ariat-bi,Ariat
ariat-big-sky-freedom-t,Ariat
ariat-black-backpack-bag-for-carrying-luggage,Ariat
ariat-boys-linear-t,Ariat
ariat-bull-t,Ariat
ariat-cactus-roper-t,Ariat
ariat-chimayo-jacquard-shirt-jacket,Ariat
ariat-cobalt-black-bag,Ariat
ariat-concord-chap-black,Ariat
ariat-cool-grip-gloves-black-uni,Ariat
ariat-cooler-pink,Ariat
ariat-cotton-print-cap,Ariat
ariat-crew-socks-3-pack,Ariat
ariat-diamond-valley-t,Ariat
ariat-dream-mulberry-ls-girls-tee-shirt,Ariat
ariat-duraterrain-h20,Ariat
ariat-duraterrain-h20-mens-boots,Ariat
ariat-durayard-h20-ladies-boots,Ariat
ariat-durayard-h20-mens-boots,Ariat
ariat-eos-2-0-full-seat-s24-black-ladies-tights,Ariat
ariat-eos-2-0-full-seat-s24-navy-eclipse-ladies,Ariat
ariat-eos-full-seat-tight,Ariat
ariat-eos-full-seat-tights,Ariat
ariat-farm-animal-tee,Ariat
ariat-fishing-shirts-western-muster-mens,Ariat
ariat-gear-bag,Ariat
ariat-gls-real-dreamin-mood-ls-shirt,Ariat
ariat-halo-denim-full-grip-seat-breeches,Ariat
ariat-hansford-unisex-navy-beanie,Ariat
ariat-hazen-western-boots,Ariat
ariat-hd-logo-t,Ariat
ariat-headband-uni-entwine-sleet-heather,Ariat
ariat-herdsman-square-toe-western-boots,Ariat
ariat-heritage-brown-ladies-roper-boots,Ariat
ariat-heritage-contour-field-boots,Ariat
ariat-heritage-contour-field-boots-ladies,Ariat
ariat-heritage-contour-ladies-field-boots,Ariat
ariat-heritage-d-toe-stretch-fit-boots,Ariat
ariat-heritage-distressed-brown-ladies-western-boots,Ariat
ariat-heritage-iii-zip-ladies-paddock-boots,Ariat
ariat-heritage-iv-zip-ladies-boots,Ariat
ariat-heritage-iv-zip-paddock-boots,Ariat
ariat-heritage-lace-iv-black-ladies-boots,Ariat
ariat-heritage-lacer-ii,Ariat
ariat-heritage-roper,Ariat
ariat-heritage-roper-kids-boots,Ariat
ariat-heritage-roper-mens-boots,Ariat
ariat-heritage-zip-iv-h20-black-ladies-boots,Ariat
ariat-heritage-zip-iv-paddock-boots,Ariat
ariat-junior-gear-bag,Ariat
ariat-kelston-unisex-beanie,Ariat
ariat-kids-3d-logo-hoodie-violet,Ariat
ariat-kids-buckaroo-blaze,Ariat
ariat-kids-emma-insulated-reversible-vest,Ariat
ariat-kids-fishing-shirt-helimuster,Ariat
ariat-kids-sunstopper-2-0-1-4-zip,Ariat
ariat-kids-sunstopper-2-0-good-show-print,Ariat
ariat-ladies-hoyden-cap,Ariat
ariat-ladies-kirby-stretch-shirt,Ariat
ariat-ladies-polo-top,Ariat
ariat-ladies-portland,Ariat
ariat-laguna-logo-top,Ariat
ariat-large-black-gear-bag,Ariat
ariat-large-cobalt-black-gear-bag,Ariat
ariat-large-gear-bag,Ariat
ariat-large-pink-charcoal-luggage-gear-bag,Ariat
ariat-large-turquoise-brown-gear-bag,Ariat
ariat-lets-ride-t,Ariat
ariat-lowell-2-0-1-4-zip-baselayer,Ariat
ariat-lumina-w23-ebony-ladies-jacket,Ariat
ariat-m4-stretch-straight-leg-augustus-jean,Ariat
ariat-mens-ambush-distressed-brown-boots,Ariat
ariat-mens-booker-ultra-rt-western-boot,Ariat
ariat-mens-duraterrain-h2o-boots,Ariat
ariat-mens-heritage-iv-zip-paddock-boots,Ariat
ariat-mens-heritage-roper-boots,Ariat
ariat-mens-heritage-roper-wide-square-toe-boots,Ariat
ariat-mens-heritage-stockman,Ariat
ariat-mens-ideal-down-jacket-charcoal-heather-l,Ariat
ariat-mens-m4-stretch-malone-straight-leg-jean,Ariat
ariat-mens-ralley,Ariat
ariat-mens-sport-booker-distress-tan-wst,Ariat
ariat-mens-sport-wide-square-toe-boot,Ariat
ariat-mens-sport-wide-square-toe-boots,Ariat
ariat-mens-stanbroke-bark-boots,Ariat
ariat-mens-stanbroke-boots,Ariat
ariat-mens-team-vest-charcoal-heather,Ariat
ariat-mens-wf-wayne-classic-ls-shirt,Ariat
ariat-mens-workhog-wide-square-toe-h2o-boots,Ariat
ariat-mexicali-t,Ariat
ariat-mini-carry-all-navy,Ariat
ariat-mns-turbo-pull,Ariat
ariat-new-team-softshell-jacket,Ariat
ariat-old-school-script-tee,Ariat
ariat-polo-team-black-ss,Ariat
ariat-polo-team-navy-ss,Ariat
ariat-postcard-tee,Ariat
ariat-prelude-2-0-youth-breeches,Ariat
ariat-prix-2-0-polo,Ariat
ariat-pvc-gear-bag,Ariat
ariat-r-e-a-l-mid-rise-boot-cut-jeans,Ariat
ariat-r-e-a-l-mid-rise-candace-jeans,Ariat
ariat-real-denim-mid-rise-boot-cut,Ariat
ariat-real-logo-t,Ariat
ariat-real-saguaro-t,Ariat
ariat-real-sundown-t,Ariat
ariat-ring-back-pack,Ariat
ariat-rockdale-almond-buff-ladies-western-boots,Ariat
ariat-roper-boots-heritage-wide-square-toe-brown-mens,Ariat
ariat-ropers-delight-t,Ariat
ariat-ropers-seal-t,Ariat
ariat-rwb-t,Ariat
ariat-shade-t,Ariat
ariat-signature-cap-navy-white,Ariat
ariat-sport-booker-western-boots,Ariat
ariat-stanbroke-black-mens-boots,Ariat
ariat-stanbroke-chestnut-mens-boots,Ariat
ariat-stanbroke-mens-boots,Ariat
ariat-sunstopper-1-4-zip-2-0-blue-yonder,Ariat
ariat-sunstopper-2-0,Ariat
ariat-sunstopper-2-0-1-4-zip,Ariat
ariat-sunstopper-2-0-1-4-zip-burnt-sienna,Ariat
ariat-sunstopper-2-0-1-4-zip-silver-dot,Ariat
ariat-sunstopper-2-0-black,Ariat
ariat-sunstopper-2-0-navy,Ariat
ariat-sunstopper-2-0-team-1-4-zip-baselayer-for-kids,Ariat
ariat-sunstopper-team-2-0-1-4-zip,Ariat
ariat-tall-boot-bag,Ariat
ariat-tall-boots-burford-insulated-navy-ladies,Ariat
ariat-team-ii-cap,Ariat
ariat-team-navy-boot-bag,Ariat
ariat-team-tall-boot-bag-navy,Ariat
ariat-tek-grip-gloves-black,Ariat
ariat-tek-team-1-2-zip-sweatshirt,Ariat
ariat-terrain-h20-boots,Ariat
ariat-terrain-ladies-boots,Ariat
ariat-terrain-mens-boots,Ariat
ariat-trucker-cap-black-charcoal,Ariat
ariat-truckers-cap,Ariat
ariat-ultra-stretch-skinny-sidewinder-jeans,Ariat
ariat-uni-cotton-print-cap,Ariat
ariat-uni-tarsia-beanie,Ariat
ariat-uni-team-ii-cap,Ariat
ariat-uni-tri-factor-cap-relic,Ariat
ariat-uni-vanity-bag-sunflower,Ariat
ariat-unicorn-moon-t,Ariat
ariat-unisex-fishing-shirt,Ariat
ariat-unisex-fishing-shirt-coastal,Ariat
ariat-unisex-fishing-shirt-coastal-childs,Ariat
ariat-unisex-fishing-shirt-helimuster,Ariat
ariat-venttek-ultra-western-boots,Ariat
ariat-waxed-laces-60-black-pair,Ariat
ariat-western-wear-tee,Ariat
ariat-wild-at-heart-t,Ariat
ariat-wild-rag-southwest-blue,Ariat
ariat-wms-bandera-1-4-zip-ss-polo,Ariat
ariat-wms-new-team-ss-polo-navy,Ariat
ariat-wms-quickdraw-sandstorm-distress-white-boots,Ariat
ariat-wms-sunstopper-3-0,Ariat
ariat-wms-taryn-ss-polo-duck-green,Ariat
ariat-wms-vertical-logo-v-neck-ss-tee,Ariat
ariat-womens-barnyard-ii-twin-gore-boots,Ariat
ariat-womens-cruiser-brown-floral-emboss,Ariat
ariat-womens-dalton-mule,Ariat
ariat-womens-dura-terrain-h2o-boots,Ariat
ariat-womens-duraterrain-h20-boots,Ariat
ariat-womens-heritage-iv-zip-paddock-boot,Ariat
ariat-womens-heritage-western-r-toe-boot,Ariat
ariat-womens-mid-rise-straight-leg-jeans,Ariat
ariat-womens-portland,Ariat
ariat-womens-prix-2-0-polo,Ariat
ariat-womens-prix-2-0-polo-black,Ariat
ariat-womens-prix-2-0-polo-carmine-rose,Ariat
ariat-womens-prix-2-0-polo-red,Ariat
ariat-womens-quickdraw,Ariat
ariat-womens-r-e-a-l-riding-jeans,Ariat
ariat-womens-r-e-a-l-riding-jeans-whipstitch,Ariat
ariat-womens-real-grizzly-insulated-jacket,Ariat
ariat-womens-round-up-back-zip-boots,Ariat
ariat-womens-round-up-wide-square-toe-boots,Ariat
ariat-womens-sunstopper-2-0-1-4-zip-maui-blue,Ariat
ariat-womens-sunstopper-2-0-1-4-zip-mosaic-blue,Ariat
ariat-womens-sunstopper-3-0-performance-top,Ariat
ariat-womens-tack-room-belt-tan,Ariat
ariat-womens-terrain-zip-waterproof-boot,Ariat
ariat-womens-vertical-logo-v,Ariat
ariat-womens-wexford-h2o-boots,Ariat
ariat-work-cooler-bag,Ariat
ariat-youth-different-colour-ls-tee,Ariat
ariat-youth-taryn-polo,Ariat
ariat-yth-aptos-ss-show-shirt,Ariat
ariat-yth-floral-mosaic-ss-tee,Ariat
ariat-yth-little-friend-ss-tee-marine-blue,Ariat
ariat-yth-ss-t,Ariat
aristopet-100gm-powder-for-cat-grooming,Aristopet
aristopet-125ml-house-spray-for-dog-repel,Aristopet
aristopet-125ml-poultry-wormer,Aristopet
aristopet-250ml-cat-nip-spray,Aristopet
aristopet-250ml-shampoo-for-rabbits,Aristopet
aristopet-500ml-chew-deterrent,Aristopet
aristopet-500ml-stop-itch-for-dogs-cats,Aristopet
aristopet-50ml-ear-canker-drops,Aristopet
aristopet-50ml-worm-syrup-for-puppies-or-kittens,Aristopet
aristopet-all-wormer-tablets-for-cats-kittens,Aristopet
aristopet-all-wormer-tablets-for-dogs-puppies-4-pack,Aristopet
aristopet-all-wormer-tablets-for-dogs-puppies-6-pack,Aristopet
aristopet-all-wormer-tablets-for-large-dogs,Aristopet
aristopet-bird-wormer-plus-syrup-50ml,Aristopet
aristopet-cat-cleanse-spray-250ml,Aristopet
aristopet-cat-laxative-paste-100g,Aristopet
aristopet-catnip-spray-125ml,Aristopet
aristopet-dog-repel-spray-house-500ml,Aristopet
aristopet-dry-bath-for-rabbit-100gm,Aristopet
aristopet-flea-powder-100gm,Aristopet
aristopet-flea-powder-200gm,Aristopet
aristopet-flea-tick-shampoo-125ml,Aristopet
aristopet-flea-tick-shampoo-250ml,Aristopet
aristopet-flea-tick-shampoo-500ml,Aristopet
aristopet-flea-tick-spray-250ml-for-dogs-cats,Aristopet
aristopet-flea-tick-spray-500ml,Aristopet
aristopet-glucosamine-tablets-90s,Aristopet
aristopet-large-dog-2-pack-all-wormer-tablet,Aristopet
aristopet-multi-wormer-8-pack-for-dogs-cats,Aristopet
aristopet-no-scratch-cat-spray-125ml,Aristopet
aristopet-no-scratch-spray-250ml,Aristopet
aristopet-outdoor-dog-repel-1kg,Aristopet
aristopet-outdoor-dog-repellent-400gm,Aristopet
aristopet-rabbit-wormer-50ml,Aristopet
aristopet-stop-chew-spray-125ml,Aristopet
aubenhausen-classics-ear-bonnet,Aubenhausen
aubenhausen-classics-fleece-saddle-pad,Aubenhausen
aubenhausen-classics-halter-set,Aubenhausen
aubenhausen-classics-halter-set-burgundy-full,Aubenhausen
aubenhausen-classics-saddle-pad,Aubenhausen
aubenhausen-fleece-bell-boots,Aubenhausen
aubenhausen-polo-bandages-in-classic-design,Aubenhausen
aubenhausen-protective-pads,Aubenhausen
aubenhausen-v22-dressage-boots,Aubenhausen
aztec-diamond-head-warmer,Aztec
aztec-diamond-scribble-print-t,Aztec
aztec-diamond-young-riders-1-2-zip-hoodie,Aztec
aztec-diamond-young-riders-base-layer,Aztec
aztec-diamond-young-riders-leggings,Aztec
aztec-diamond-young-riders-t,Aztec
aztec-diamond-young-riders-zip-hoodie,Aztec
aztec-horse-head-buckle-black,Aztec
b-quiet®-paste-twin-pack,Kentucky
bare-babes-performance-riding-tights,Bare
bare-back-pad-for-natural-riding-comfort,Bare
bare-black-rose-gold-logo-t,Bare
bare-competition-wear,Bare
bare-compression-logo-socks,Bare
bare-diamond-series-t,Bare
bare-ecoluxe-recycled-tank,Bare
bare-emblem-t,Bare
bare-equestrian,Bare
bare-equestrian-babes-riding-tights,Bare
bare-equestrian-black-python-riding-tights,Bare
bare-equestrian-carbon-tech-bell-boots,Bare
bare-equestrian-charlotte-waterproof-jacket,Bare
bare-equestrian-compression-socks,Bare
bare-equestrian-ecoluxe-recycled-t,Bare
bare-equestrian-ecoluxe-tank-eco,Bare
bare-equestrian-emma-jacket,Bare
bare-equestrian-evie-headband,Bare
bare-equestrian-evie-headband-shield,Bare
bare-equestrian-hollie-jacket,Bare
bare-equestrian-ivy-headband,Bare
bare-equestrian-katie-wind-and-rain-jacket,Bare
bare-equestrian-leah-long-jacket,Bare
bare-equestrian-lucie-vest,Bare
bare-equestrian-luxury-fleece-wraps,Bare
bare-equestrian-maia-headband,Bare
bare-equestrian-marni-jacket,Bare
bare-equestrian-mia-jacket,Bare
bare-equestrian-performance-riding-tights,Bare
bare-equestrian-performance-tights,Bare
bare-equestrian-pink-performance-riding-tights,Bare
bare-equestrian-ruby-rose-riding-tights,Bare
bare-equestrian-snow-white-competition-tights,Bare
bare-equestrian-tank-top-black-grey,Bare
bare-equestrian-technical-riding-shirt,Bare
bare-equestrian-winter-pro-rider-gloves,Bare
bare-equestrian-winter-series,Bare
bare-equestrian-zip-sweater,Bare
bare-heritage-denim-breeches,Bare
bare-ladies-signature-sock,Bare
bare-performance-riding-tights,Bare
bare-performance-riding-tights-black-navy-croc,Bare
bare-tank-top,Bare
bare-tank-youth,Bare
bare-technical-riding-shirt,Bare
bare-thermofit-winter-performance-riding-tights,Bare
bare-winter-series-sienna-vest,Bare
bare-youth-black-python-performance-tights,Bare
bare-youth-competition-tights-snow-white,Bare
bare-youth-cotton-socks,Bare
bare-youth-performance-horse-riding-tights,Bare
bare-youth-performance-tights,Bare
bare-youth-thermofit-winter-riding-tights,Bare
barmah-canvas-drover-hat,Barmah
barmah-drover-duster,Barmah
barmah-drover-oilskin-brown,Barmah
barmah-drover-oilskin-duster-black,Barmah
barmah-kangaroo-belt-brown-42,Barmah
barmah-kangaroo-leather-belt-black-32,Barmah
barmah-squashy-crackle-kangaroo-hat,Barmah
barmah-the-croc-leather-hat,Barmah
bates-advanta-jumping-saddle,Bates
bates-advanta-jumping-saddle-cair-classic-black-43cm,Bates
bates-all-purpose-saddle,Bates
bates-all-purpose-saddle-cair-black,Bates
bates-all-purpose-saddle-cair-brown,Bates
bates-ap-pony-saddle,Bates
bates-artiste-classic-dressage-saddle,Bates
bates-artiste-dressage-saddle-classic-cair-black,Bates
bates-black-leather-stirrup-leathers,Bates
bates-caprilli-cc-hart-jump-saddle,Bates
bates-classic-black-1-70cm-stirrup-leathers,Bates
bates-classic-blk-webbers-80,Bates
bates-dressage-cair-saddle,Bates
bates-dressage-hart-classic-black-43,Bates
bates-dressage-saddle-cair-classic-black,Bates
bates-dressage-wide-cair-saddle,Bates
bates-elevation-cair-jump-saddle,Bates
bates-elevation-rearfb-cair-saddle-43cm-17,Bates
bates-girth-point-leather-show-pair-black,Bates
bates-girth-point-leather-show-pair-brown,Bates
bates-gullet-gauge,Bates
bates-gullet-kit-comprehensive-saddle-fitting,Bates
bates-gullet-standard,Bates
bates-kimberley-fender,Bates
bates-kimberley-heritage-stock-saddle,Bates
bates-kimberley-stock-saddle,Bates
bates-leather-balsam,Bates
bates-leather-balsam-90gm,Bates
bates-leather-brown-stirrup-leathers,Bates
bates-luxe-classic-black-stirrup-leathers,Bates
bates-luxe-leather-stirrup-leathers,Bates
bates-pony-dressage-saddle,Bates
bates-pony-elevation-cair,Bates
bates-saddlecloth-jumping-black-full,Bates
bates-stock-saddlecloth-black-full,Bates
bates-versa-all-purpose-saddle-cair-black,Bates
bates-webbers-stirrup-leathers-70cm,Bates
bates-wide-fit-gullets,Bates
baxter-boots-appaloosa-brown-adults-riding,Baxter
baxter-boots-black-appaloosa-riding-for-adults,Baxter
baxter-boots-drover-walnut-dress-for-men,Baxter
baxter-boots-royal-brown-riding,Baxter
baxter-drover-black-mens-boots,Baxter
baxter-goulburn-suede-chocolate-mens-boots,Baxter
baxter-junior-western-boots,Baxter
baxter-spitfire-claret-work-boots,Baxter
baxter-western-boots-for-babies-peach-brown,Baxter
baxter-western-boots-for-children,Baxter
baxter-youth-pink-brown-western-boots,Baxter
betadine-antiseptic-solution-500ml,Betadine
betavet-arnica-magic,Betavet
betavet-buildabone-equine-supplement,Betavet
betavet-buildagut-advanced-digestive-support,Betavet
betavet-cool-n-tite-500ml,Betavet
betavet-echinacea-250ml,Betavet
betavet-echinacea-premier,Betavet
betavet-electrolift-electrolyte-30gm,Betavet
betavet-electrolift-paste-30g,Betavet
betavet-equicoff,Betavet
betavet-flexalot,Betavet
betavet-flexidog-optimal-joint-health-supplement,Betavet
betavet-gastri,Betavet
betavet-greasy-heal,Betavet
betavet-heals-up-250ml,Betavet
betavet-hemohalt,Betavet
betavet-prepare-herbal-tonic-for-peak-condition,Betavet
betavet-protect,Betavet
betavet-regumare,Betavet
betavet-steady-stead-30gm,Betavet
betavet-steady-steed-calming-supplement,Betavet
betavet-steady-steed-paste-30g,Betavet
betavet-steady-steed-paste-500g,Betavet
betavet-super-boost-30gm,Betavet
betavet-superboost-paste-30g,Betavet
blackdog-120gm-duck-jerky-treat,Blackdog
blackdog-150gm-beef-jerky-straps-treat,Blackdog
blackdog-1kg-chicken-sweet-potato-treat,Blackdog
blackdog-250gm-beef-liver-balls-treat,Blackdog
blackdog-5-pack-bully-sticks,Blackdog
blackdog-500gm-pigs-ear-strips,Blackdog
blackdog-600gm-kangaroo-dog-treats-jerky,Blackdog
blackdog-6pack-beef-liver-sticks,Blackdog
blackdog-australian-chicken-breast-treat-500gm,Blackdog
blackdog-beef,Blackdog
blackdog-beef-bone-filled-with-beef,Blackdog
blackdog-beef-clod-bone-treat,Blackdog
blackdog-beef-cow-ears-pack10,Blackdog
blackdog-beef-liver-1kg,Blackdog
blackdog-bigga-biscuits-1kg,Blackdog
blackdog-braided-bully-sticks,Blackdog
blackdog-bully-bites-150gm,Blackdog
blackdog-cannabics-500gm,Blackdog
blackdog-carob-buttons-250gm,Blackdog
blackdog-charcoal-biscuits-1kg,Blackdog
blackdog-chicken-biscuits-1kg,Blackdog
blackdog-chicken-crinkles-200g,Blackdog
blackdog-chicken-jerky-straps-150gm,Blackdog
blackdog-chicken-neck-treat-100gm,Blackdog
blackdog-chicken-skewers,Blackdog
blackdog-chicken-sweet-potato-treat-150gm,Blackdog
blackdog-collagen-dental-chew,Blackdog
blackdog-collagen-dental-stick,Blackdog
blackdog-kangaroo-dog-treats-meat-balls-250gm,Blackdog
blackdog-kangaroo-dog-treats-sticks-6-pack,Blackdog
blackdog-kangaroo-dog-treats-tail-each,Blackdog
blackdog-liver-kidney-biscuits-1kg,Blackdog
blackdog-mini-multi-mix-biscuits-200gm,Blackdog
blackdog-mixed-meat-balls-400g,Blackdog
blackdog-multi-biscuits-1kg,Blackdog
blackdog-pigs-ear-strips-70gm,Blackdog
blackdog-pigs-ears-10-pack,Blackdog
blackdog-pigs-ears-5-pack,Blackdog
blackdog-pork-twist-each,Blackdog
blackdog-puppy-clod-natural-pork-dog-treat,Blackdog
blackdog-roo-jerky-80g,Blackdog
blackdog-roo-jerky-straps-150g,Blackdog
blackdog-salmon-skins-100gm,Blackdog
blackdog-shark-cartilage-100gm,Blackdog
blackdog-shark-cartilage-500gm,Blackdog
blackdog-sushi-fish-chicken-150gm,Blackdog
blackdog-sweet-potato-slice-120gm,Blackdog
blackdog-sweet-potato-slice-1kg,Blackdog
blackdog-trail-mix-350g,Blackdog
blackdog-training-clicker,Blackdog
blackdog-treat-flake-fillets,Blackdog
blackdog-yoghurt-drops-1kg,Blackdog
blackdog-yoghurt-drops-250gm,Blackdog
blackhawk-100gm-kangaroo-dog-treat-straps,Blackhawk
blackhawk-dog-air-dried-beef-fish-2kg,Blackhawk
blackhawk-dog-air-dried-beef-fish-450gm,Blackhawk
blackhawk-dog-air-dried-chicken-2kg,Blackhawk
blackhawk-dog-air-dried-chicken-450gm,Blackhawk
blackhawk-dog-air-dried-lamb-2kg,Blackhawk
blackhawk-dog-air-dried-lamb-450gm,Blackhawk
blackhawk-dog-high-meat-poultry-recipe-2kg,Blackhawk
blackhawk-dog-high-meat-red-meat-recipe-10kg,Blackhawk
blackhawk-dog-high-meat-red-meat-recipe-2kg,Blackhawk
blackhawk-dog-treat-beef-sticks-100gm,Blackhawk
blackhawk-dog-treat-chicken-sticks-100gm,Blackhawk
blackhawk-dog-treat-chicken-straps-100gm,Blackhawk
blackhawk-high-meat-poultry-recipe-10kg,Blackhawk
blackhawk-kangaroo-dog-treat-sticks-100gm,Blackhawk
blackhawk-puppy-chicken-bites-100gm,Blackhawk
bombers-2-1-2-ring-elliptical-ultra-comfy-horse-bit,Bombers Bits
bombers-2-5-ring-elliptical-dressage-bit,Bombers Bits
bombers-2-5-ring-mchardy-bit,Bombers Bits
bombers-3-ring-mchardy,Bombers Bits
bombers-bits,Bombers Bits
bombers-bits-eggbutt-buster-roller-a-high,Bombers Bits
bombers-blue-williams-horse-bit,Bombers Bits
bombers-classic-dee-elliptical-dressage-control-bit,Bombers Bits
bombers-classic-dee-pony-snaffle,Bombers Bits
bombers-classic-dee-ported-barrel,Bombers Bits
bombers-classic-dee-ultra-comfy-lock-up-bit,Bombers Bits
bombers-dc-dressage-happy-tongue-straight-swivel-bit,Bombers Bits
bombers-dc-dressage-titanium-happy-tongue-bit,Bombers Bits
bombers-dc-morgan-bomber-blue-bit,Bombers Bits
bombers-dc-morgan-bomber-blue-swivel-bit,Bombers Bits
bombers-drop-cheek-lock-up-bit,Bombers Bits
bombers-eggbutt-bradoon-ported-barrel-bit,Bombers Bits
bombers-eggbutt-elliptical-dressage-bit,Bombers Bits
bombers-eggbutt-elliptical-lock-up-bit,Bombers Bits
bombers-eggbutt-elliptical-ultra-comfy-lock,Bombers Bits
bombers-eggbutt-flexible-mullen-bit,Bombers Bits
bombers-eggbutt-happy-tongue-bit,Bombers Bits
bombers-eggbutt-mchardy-bit,Bombers Bits
bombers-eggbutt-ported-barrel-comfort-control,Bombers Bits
bombers-eggbutt-snaffle-cable,Bombers Bits
bombers-eggbutt-snaffle-optimal-comfort-lock,Bombers Bits
bombers-loose-ring-bradoon-ported-barrel-bit,Bombers Bits
bombers-loose-ring-control-plate-dressage,Bombers Bits
bombers-loose-ring-elliptical-dressage-bit,Bombers Bits
bombers-loose-ring-elliptical-dressage-control-bit,Bombers Bits
bombers-loose-ring-elliptical-horse-bit,Bombers Bits
bombers-loose-ring-elliptical-ultra-comfy-lock-up-bit,Bombers Bits
bombers-loose-ring-happy-tongue-bit,Bombers Bits
bombers-loose-ring-mchardy-bit,Bombers Bits
bombers-loose-ring-ported-barrel-bit,Bombers Bits
bombers-loose-ring-titanium-happy-tongue,Bombers Bits
bombers-mchardy-eggbutt-bradoon,Bombers Bits
bombers-williams-flexible-mullen-horse-bit,Bombers Bits
bombers-williams-happy-tongue-bit,Bombers Bits
bombers-williams-mchardy-bit,Bombers Bits
bombers-williams-snaffle-ultra-comfy-lock-up-bit,Bombers Bits
breyer-75th-anniversary-spanish-horse,Breyer
breyer-activity-fantasy-horse-paint-play-kit,Breyer
breyer-activity-mini-painting-horse-family-kit,Breyer
breyer-deluxe-country-stable-wash-stall,Breyer
breyer-farms-home-at-the-barn-playset,Breyer
breyer-freedom-barrel-racing-set,Breyer
breyer-freedom-black-stallion-horse-book-set,Breyer
breyer-freedom-deluxe-stable-with-wash-stall,Breyer
breyer-freedom-jet-english-rider-charlotte,Breyer
breyer-freedom-jet-english-rider-charlotte-set,Breyer
breyer-freedom-logan-english-rider-lauren,Breyer
breyer-freedom-national-velvet-horse-book-set,Breyer
breyer-horse-toy,Breyer
breyer-hot-colours-english-riding-set,Breyer
breyer-mane-beauty-lil-beauties-caprina,Breyer
breyer-mane-beauty-lil-beauties-dusty,Breyer
breyer-mane-beauty-lil-beauties-koda,Breyer
breyer-mane-beauty-lil-beauties-penny,Breyer
breyer-mane-beauty-lil-beauties-sunset,Breyer
breyer-mane-beauty-styling-head,Breyer
breyer-mane-beauty-styling-head-blaze,Breyer
breyer-mane-beauty-styling-head-sunset,Breyer
breyer-marina-bath-time-colour-change-merpony,Breyer
breyer-stablemates-2022-snowbird-stirrup-ornament,Breyer
breyer-stablemates-deluxe-animal-hospital-toy,Breyer
breyer-stablemates-deluxe-horse-collection,Breyer
breyer-stablemates-morgan-horse-toy,Breyer
breyer-stablemates-poetry-in-motion-gift-set,Breyer
breyer-stablemates-rocking-horse-santa-ornament,Breyer
breyer-stablemates-singles-andalusian-horse-toy,Breyer
breyer-stablemates-singles-appaloosa-sport-horse,Breyer
breyer-stablemates-singles-paint-horse-model,Breyer
breyer-stablemates-xmas-2024-apr-s-ski-stirrup-ornament,Breyer
breyer-traditional-2022-maelstrom-halloween-horse,Breyer
breyer-traditional-2022-snowbird-christmas-horse,Breyer
breyer-traditional-2024-beowulf-halloween-horse,Breyer
breyer-traditional-american-paint-steele-model,Breyer
breyer-traditional-brush-box-jump,Breyer
breyer-traditional-buckskin-by-orren-mixer,Breyer
breyer-traditional-cloud-30th-anniversary-edition,Breyer
breyer-traditional-colorful-blanket-assortment,Breyer
breyer-traditional-cowgirl-taylor-doll,Breyer
breyer-traditional-devon-jump-saddle,Breyer
breyer-traditional-doll-nico-polo-player,Breyer
breyer-traditional-dressage-bridle,Breyer
breyer-traditional-dressage-saddle,Breyer
breyer-traditional-dually-truck,Breyer
breyer-traditional-english-pads-polos-set,Breyer
breyer-traditional-get-rowdy-dutch-warmblood-model,Breyer
breyer-traditional-ideal-series-palomino-model,Breyer
breyer-traditional-kb-omega-fahim-arabian-model,Breyer
breyer-traditional-morganquest-native-sun-model,Breyer
breyer-traditional-nistar-blazing-kansas-ethel,Breyer
breyer-traditional-pajama-party-horse-rider-set,Breyer
breyer-traditional-pink-rug-float-boots-set,Breyer
breyer-traditional-red-two-stall-barn,Breyer
breyer-traditional-ryan-hunter-rider-ltd-ed-figure,Breyer
breyer-traditional-stable-cleaning-set,Breyer
breyer-traditional-stable-feed-set,Breyer
breyer-traditional-stable-wood-cupola,Breyer
breyer-traditional-tiz-the-law-thoroughbred-model,Breyer
breyer-traditional-two-horse-trailer,Breyer
breyer-traditional-western-pleasure-saddle-toy,Breyer
breyer-traditional-winx-collectible-model,Breyer
breyer-traditional-xmas-2024-apres-ski-horse,Breyer
breyer-unicorn-magic-land-rover-trailer-set,Breyer
breyer-vet-riley-with-kit,Breyer
breyer-xmas-2024-snow-globe-musical-winter-wonderland,Breyer
breyer-xmas-2025-holiday-horse,Breyer
breyer-xmas-2025-lexington-racehorse-ornament,Breyer
breyer-xmas-2025-musical-snow-globe,Breyer
breyer-xmas-2025-santa-ornament-showman,Breyer
breyer-xmas-2025-shetland-pony-ornament,Breyer
breyer-xmas-2025-stablemates-carousel-ornament-victory,Breyer
breyer-xmas-2025-stablemates-stirrup-ornament,Breyer
cavalleria-toscana-3-way-performance-jacket,Cavalleria Toscana
cavalleria-toscana-air-saddle-pad,Cavalleria Toscana
cavalleria-toscana-air-vest-cartridge,Cavalleria Toscana
cavalleria-toscana-alternating-pleat-competition-shirt,Cavalleria Toscana
cavalleria-toscana-american-breeches,Cavalleria Toscana
cavalleria-toscana-american-full-grip-breeches,Cavalleria Toscana
cavalleria-toscana-argyle-quilted-jacket,Cavalleria Toscana
cavalleria-toscana-belted-quilted-jacket-with-hood,Cavalleria Toscana
cavalleria-toscana-bicolour-elastic-belt,Cavalleria Toscana
cavalleria-toscana-bonded-pique-crew-neck,Cavalleria Toscana
cavalleria-toscana-boys-breeches-knee-grip,Cavalleria Toscana
cavalleria-toscana-boys-gp-jacket,Cavalleria Toscana
cavalleria-toscana-boys-net-comp-polo-top,Cavalleria Toscana
cavalleria-toscana-boys-polo-with-laser-cut-logo,Cavalleria Toscana
cavalleria-toscana-boys-polo-with-perforated-insert-zip,Cavalleria Toscana
cavalleria-toscana-boys-tech-knit-riding-jacket,Cavalleria Toscana
cavalleria-toscana-cap,Cavalleria Toscana
cavalleria-toscana-cashmere-blend-orbit-crew,Cavalleria Toscana
cavalleria-toscana-cashmere-blend-orbit-crew-mens,Cavalleria Toscana
cavalleria-toscana-checkerboard-competition-polo,Cavalleria Toscana
cavalleria-toscana-club-zip-jacket,Cavalleria Toscana
cavalleria-toscana-club-zip-vest,Cavalleria Toscana
cavalleria-toscana-coated-cap,Cavalleria Toscana
cavalleria-toscana-coated-nylon-quilted-vest,Cavalleria Toscana
cavalleria-toscana-competition-shirt-with-bib,Cavalleria Toscana
cavalleria-toscana-cottage-shirt-short-sleeve,Cavalleria Toscana
cavalleria-toscana-cotton-stirrup-covers,Cavalleria Toscana
cavalleria-toscana-crochet-bib-competition-polo,Cavalleria Toscana
cavalleria-toscana-crochet-bib-competition-shirt,Cavalleria Toscana
cavalleria-toscana-crochet-jersey-competition-shirt,Cavalleria Toscana
cavalleria-toscana-crochet-jersey-polo,Cavalleria Toscana
cavalleria-toscana-ct-backpack,Cavalleria Toscana
cavalleria-toscana-ct-block-socks,Cavalleria Toscana
cavalleria-toscana-ct-bubble-competition-polo,Cavalleria Toscana
cavalleria-toscana-ct-dash-breeches,Cavalleria Toscana
cavalleria-toscana-ct-dash-competition-shirt,Cavalleria Toscana
cavalleria-toscana-ct-dash-cotton-t,Cavalleria Toscana
cavalleria-toscana-ct-dash-socks,Cavalleria Toscana
cavalleria-toscana-ct-fleece-bandages,Cavalleria Toscana
cavalleria-toscana-ct-holiday-1-2-zip-cashmere-sweater,Cavalleria Toscana
cavalleria-toscana-ct-horses-helmet-silk-scarf,Cavalleria Toscana
cavalleria-toscana-ct-iphone-cover,Cavalleria Toscana
cavalleria-toscana-ct-jacquard-socks,Cavalleria Toscana
cavalleria-toscana-ct-lightweight-stripe-sock,Cavalleria Toscana
cavalleria-toscana-ct-mini-orbit-flock-breeches,Cavalleria Toscana
cavalleria-toscana-ct-orbit-crew-neck-t,Cavalleria Toscana
cavalleria-toscana-ct-orbit-sock,Cavalleria Toscana
cavalleria-toscana-ct-phase,Cavalleria Toscana
cavalleria-toscana-ct-racing-stripe-socks,Cavalleria Toscana
cavalleria-toscana-ct-red-stripe-breeches,Cavalleria Toscana
cavalleria-toscana-ct-team-boys-training-polo,Cavalleria Toscana
cavalleria-toscana-ct-team-daytona-hoodie,Cavalleria Toscana
cavalleria-toscana-ct-team-daytona-zip-polo,Cavalleria Toscana
cavalleria-toscana-ct-team-girls-training-polo,Cavalleria Toscana
cavalleria-toscana-ct-team-ladies-zip-sweatshirt,Cavalleria Toscana
cavalleria-toscana-ct-team-mens-bomber-jacket,Cavalleria Toscana
cavalleria-toscana-ct-team-mens-breeches,Cavalleria Toscana
cavalleria-toscana-ct-team-mens-training-polo,Cavalleria Toscana
cavalleria-toscana-ct-team-multi-logo-t,Cavalleria Toscana
cavalleria-toscana-ct-team-quilted-jacket,Cavalleria Toscana
cavalleria-toscana-ct-team-quilted-puffer-jacket,Cavalleria Toscana
cavalleria-toscana-ct-team-quilted-puffer-vest,Cavalleria Toscana
cavalleria-toscana-ct-team-red-stripe-full-grip-breeches,Cavalleria Toscana
cavalleria-toscana-ct-team-socks,Cavalleria Toscana
cavalleria-toscana-ct-team-softshell-jacket,Cavalleria Toscana
cavalleria-toscana-ct-team-t,Cavalleria Toscana
cavalleria-toscana-ct-team-womens-bomber-jacket,Cavalleria Toscana
cavalleria-toscana-ct-team-zip-sweat-shirt,Cavalleria Toscana
cavalleria-toscana-ct-wool-beanie,Cavalleria Toscana
cavalleria-toscana-ct-wool-socks,Cavalleria Toscana
cavalleria-toscana-cut,Cavalleria Toscana
cavalleria-toscana-dash-competition-polo,Cavalleria Toscana
cavalleria-toscana-diagonal-weave-crew-neck,Cavalleria Toscana
cavalleria-toscana-double-orbit-cotton-t,Cavalleria Toscana
cavalleria-toscana-down-padded-jacket-with-hood,Cavalleria Toscana
cavalleria-toscana-elastic-belt,Cavalleria Toscana
cavalleria-toscana-elastic-belt-ct-clasp,Cavalleria Toscana
cavalleria-toscana-elastic-navy-belt,Cavalleria Toscana
cavalleria-toscana-eleganza-riding-jacket,Cavalleria Toscana
cavalleria-toscana-emblem-cotton-zip-hoodie,Cavalleria Toscana
cavalleria-toscana-embossed-cashmere-crew-neck,Cavalleria Toscana
cavalleria-toscana-embossed-jersey-jacket,Cavalleria Toscana
cavalleria-toscana-embossed-logo-belt,Cavalleria Toscana
cavalleria-toscana-embossed-stripe-shirt,Cavalleria Toscana
cavalleria-toscana-embossed-turtleneck-pullover,Cavalleria Toscana
cavalleria-toscana-embroidered-competition-shirt,Cavalleria Toscana
cavalleria-toscana-embroidery-saddle-pad,Cavalleria Toscana
cavalleria-toscana-front-zip-polo-short-sleeve,Cavalleria Toscana
cavalleria-toscana-geelong-womens-zip-jacket,Cavalleria Toscana
cavalleria-toscana-girls-colour-grip-breeches,Cavalleria Toscana
cavalleria-toscana-girls-hoodie,Cavalleria Toscana
cavalleria-toscana-girls-knee-grip-breeches,Cavalleria Toscana
cavalleria-toscana-girls-love-horses,Cavalleria Toscana
cavalleria-toscana-girls-love-horses-t,Cavalleria Toscana
cavalleria-toscana-girls-loves-horses-hoodie,Cavalleria Toscana
cavalleria-toscana-girls-phase,Cavalleria Toscana
cavalleria-toscana-girls-polo-with-coloured-zip,Cavalleria Toscana
cavalleria-toscana-girls-polo-with-tech-knit-inserts,Cavalleria Toscana
cavalleria-toscana-girls-tech-knit-riding-jacket,Cavalleria Toscana
cavalleria-toscana-girls-tech-knit-zip-riding-jacket,Cavalleria Toscana
cavalleria-toscana-gp-frack-mens-jacket,Cavalleria Toscana
cavalleria-toscana-gp-zip-riding-jacket,Cavalleria Toscana
cavalleria-toscana-guibert-shirt-long-sleeve,Cavalleria Toscana
cavalleria-toscana-hinomaru-ct-breeches,Cavalleria Toscana
cavalleria-toscana-honeycomb-crew-neck-knit,Cavalleria Toscana
cavalleria-toscana-honeycomb-long-sleeve-polo,Cavalleria Toscana
cavalleria-toscana-hooded-puffer-jacket,Cavalleria Toscana
cavalleria-toscana-horizontal-pin-stripe-l-s-polo,Cavalleria Toscana
cavalleria-toscana-horizontal-pin-stripe-polo,Cavalleria Toscana
cavalleria-toscana-horsewoman-sweater,Cavalleria Toscana
cavalleria-toscana-hybrid-puffer-jacket,Cavalleria Toscana
cavalleria-toscana-jacquard-zig-zag-socks,Cavalleria Toscana
cavalleria-toscana-japanese-scallop-competition-polo,Cavalleria Toscana
cavalleria-toscana-jersey-down-puffer-jacket,Cavalleria Toscana
cavalleria-toscana-jersey-fleece-sweatshirt,Cavalleria Toscana
cavalleria-toscana-jersey-knit-comp-polo,Cavalleria Toscana
cavalleria-toscana-jersey-knit-competition-polo,Cavalleria Toscana
cavalleria-toscana-jersey-softshell-jacket,Cavalleria Toscana
cavalleria-toscana-jersey-stripe-bandages,Cavalleria Toscana
cavalleria-toscana-jersey-stripe-saddle-pad,Cavalleria Toscana
cavalleria-toscana-jumping-horse-socks,Cavalleria Toscana
cavalleria-toscana-kendo-competition-polo,Cavalleria Toscana
cavalleria-toscana-kids-bicolour-braid-belt,Cavalleria Toscana
cavalleria-toscana-kids-jodphur-breeches,Cavalleria Toscana
cavalleria-toscana-kids-laser-cut-breeches,Cavalleria Toscana
cavalleria-toscana-kids-super-grip-tech-breeches,Cavalleria Toscana
cavalleria-toscana-kids-unisex-breeches,Cavalleria Toscana
cavalleria-toscana-knee,Cavalleria Toscana
cavalleria-toscana-knit-collar-riding-jacket,Cavalleria Toscana
cavalleria-toscana-knit-jersey-zip-cardigan,Cavalleria Toscana
cavalleria-toscana-ladies-ct-clasp-elastic-belt,Cavalleria Toscana
cavalleria-toscana-ladies-ct-merino-crew-knit,Cavalleria Toscana
cavalleria-toscana-ladies-embossed-line-tails,Cavalleria Toscana
cavalleria-toscana-ladies-embossed-t,Cavalleria Toscana
cavalleria-toscana-ladies-embroidered-tech-knit-tails,Cavalleria Toscana
cavalleria-toscana-ladies-gp-riding-jacket,Cavalleria Toscana
cavalleria-toscana-ladies-gp-tails,Cavalleria Toscana
cavalleria-toscana-ladies-knee-grip-breeches,Cavalleria Toscana
cavalleria-toscana-ladies-lightweight-zip-riding-jacket,Cavalleria Toscana
cavalleria-toscana-ladies-line-tails-frack,Cavalleria Toscana
cavalleria-toscana-ladies-p-p-quilted-puffer-jacket,Cavalleria Toscana
cavalleria-toscana-ladies-p-p-quilted-puffer-vest,Cavalleria Toscana
cavalleria-toscana-ladies-perforated-polo,Cavalleria Toscana
cavalleria-toscana-ladies-perforated-t,Cavalleria Toscana
cavalleria-toscana-ladies-pinstripe-shirt,Cavalleria Toscana
cavalleria-toscana-ladies-pocket-jacket,Cavalleria Toscana
cavalleria-toscana-ladies-polo-with-perforated-bib,Cavalleria Toscana
cavalleria-toscana-ladies-revolution-full-grip-breeches,Cavalleria Toscana
cavalleria-toscana-ladies-tech-knit-tails,Cavalleria Toscana
cavalleria-toscana-ladies-velvet-trim-tails,Cavalleria Toscana
cavalleria-toscana-ladies-waterproof-jacket,Cavalleria Toscana
cavalleria-toscana-ladies-wing-collar-shirt,Cavalleria Toscana
cavalleria-toscana-leather-elastic-belt,Cavalleria Toscana
cavalleria-toscana-leather-jersey-bomber,Cavalleria Toscana
cavalleria-toscana-light-tech-knit-zip-riding-jacket,Cavalleria Toscana
cavalleria-toscana-lightweight-padded-jacket,Cavalleria Toscana
cavalleria-toscana-lightweight-padded-vest,Cavalleria Toscana
cavalleria-toscana-line-elastic-belt,Cavalleria Toscana
cavalleria-toscana-long-down-padded-coat,Cavalleria Toscana
cavalleria-toscana-long-hooded-puffer-jacket,Cavalleria Toscana
cavalleria-toscana-matt-jersey-quilted-puffer-jacket,Cavalleria Toscana
cavalleria-toscana-medium-down-hooded-puffer-jacket,Cavalleria Toscana
cavalleria-toscana-memory-foam-half-pad,Cavalleria Toscana
cavalleria-toscana-mens-3-stripe-polo,Cavalleria Toscana
cavalleria-toscana-mens-club-zip-jacket,Cavalleria Toscana
cavalleria-toscana-mens-competition-polo,Cavalleria Toscana
cavalleria-toscana-mens-compression-breeches,Cavalleria Toscana
cavalleria-toscana-mens-ct-clasp-elastic-belt,Cavalleria Toscana
cavalleria-toscana-mens-ct-logo-zip-polo,Cavalleria Toscana
cavalleria-toscana-mens-ct-team-comp-polo-s-s,Cavalleria Toscana
cavalleria-toscana-mens-ct-team-multi-logo-t,Cavalleria Toscana
cavalleria-toscana-mens-ct-team-quilted-jacket,Cavalleria Toscana
cavalleria-toscana-mens-elastic-belt-with-ct-logo,Cavalleria Toscana
cavalleria-toscana-mens-elastic-leather-belt,Cavalleria Toscana
cavalleria-toscana-mens-elastic-stripe-belt,Cavalleria Toscana
cavalleria-toscana-mens-embossed-line-tails,Cavalleria Toscana
cavalleria-toscana-mens-full-grip-breech,Cavalleria Toscana
cavalleria-toscana-mens-full-grip-compression-breeches,Cavalleria Toscana
cavalleria-toscana-mens-gp-riding-jacket,Cavalleria Toscana
cavalleria-toscana-mens-hybrid-puffer-jacket,Cavalleria Toscana
cavalleria-toscana-mens-jersey-competition-polo,Cavalleria Toscana
cavalleria-toscana-mens-korean-jacket,Cavalleria Toscana
cavalleria-toscana-mens-laser-cut-leather-belt,Cavalleria Toscana
cavalleria-toscana-mens-leather-jersey-bomber,Cavalleria Toscana
cavalleria-toscana-mens-light-tech-knit-riding-jacket,Cavalleria Toscana
cavalleria-toscana-mens-logo-stripe-polo,Cavalleria Toscana
cavalleria-toscana-mens-long-sleeve-polo,Cavalleria Toscana
cavalleria-toscana-mens-mesh-lines-jacket,Cavalleria Toscana
cavalleria-toscana-mens-new-grip-breeches,Cavalleria Toscana
cavalleria-toscana-mens-new-grip-system-piquet-breech,Cavalleria Toscana
cavalleria-toscana-mens-origami-competition-polo,Cavalleria Toscana
cavalleria-toscana-mens-padded-jacket-with-hood,Cavalleria Toscana
cavalleria-toscana-mens-perf-swipe-polo-top,Cavalleria Toscana
cavalleria-toscana-mens-piquet-piping-polo,Cavalleria Toscana
cavalleria-toscana-mens-pocket-jacket,Cavalleria Toscana
cavalleria-toscana-mens-popeline-shirt,Cavalleria Toscana
cavalleria-toscana-mens-revolution-breeches,Cavalleria Toscana
cavalleria-toscana-mens-tails-line-frack,Cavalleria Toscana
cavalleria-toscana-mens-tech-jersey-polo,Cavalleria Toscana
cavalleria-toscana-mens-tech-knit-bomber,Cavalleria Toscana
cavalleria-toscana-mens-tech-knit-tails,Cavalleria Toscana
cavalleria-toscana-mens-tech-knit-zip-riding-jacket,Cavalleria Toscana
cavalleria-toscana-mens-tech-piquet-polo-with-mesh,Cavalleria Toscana
cavalleria-toscana-mens-training-polo,Cavalleria Toscana
cavalleria-toscana-mens-waterproof-jacket,Cavalleria Toscana
cavalleria-toscana-mens-windbreaker,Cavalleria Toscana
cavalleria-toscana-mens-zip-jacket,Cavalleria Toscana
cavalleria-toscana-mens-zip-polo-with-jersey-insert,Cavalleria Toscana
cavalleria-toscana-merino-blend-crew-neck-sweater,Cavalleria Toscana
cavalleria-toscana-mesh-cap,Cavalleria Toscana
cavalleria-toscana-mesh-grip-gloves,Cavalleria Toscana
cavalleria-toscana-micro-perforated-ct-breeches,Cavalleria Toscana
cavalleria-toscana-micro-perforated-jacket,Cavalleria Toscana
cavalleria-toscana-micro-sequins-competition-shirt,Cavalleria Toscana
cavalleria-toscana-mini-ct-flock-t,Cavalleria Toscana
cavalleria-toscana-mini-ct-flocked-sweatshirt,Cavalleria Toscana
cavalleria-toscana-mini-ct-laser-motif-polo-top,Cavalleria Toscana
cavalleria-toscana-mini-ct-wool-training-polo,Cavalleria Toscana
cavalleria-toscana-motif-print-breeches,Cavalleria Toscana
cavalleria-toscana-multi-logo-sweatshirt,Cavalleria Toscana
cavalleria-toscana-multi-logo-training-polo,Cavalleria Toscana
cavalleria-toscana-multi-logo-zip-hoodie,Cavalleria Toscana
cavalleria-toscana-new-grip-system-piquet-breech,Cavalleria Toscana
cavalleria-toscana-orbit-cap,Cavalleria Toscana
cavalleria-toscana-orbit-crew-neck,Cavalleria Toscana
cavalleria-toscana-orbit-crew-neck-t,Cavalleria Toscana
cavalleria-toscana-outline-piping-jersey-competition-shirt,Cavalleria Toscana
cavalleria-toscana-pentagon-bib-competition-shirt,Cavalleria Toscana
cavalleria-toscana-perforated-bib-collar-shirt,Cavalleria Toscana
cavalleria-toscana-perforated-cap,Cavalleria Toscana
cavalleria-toscana-perforated-double-v-long-sleeve,Cavalleria Toscana
cavalleria-toscana-perforated-gp-jacket,Cavalleria Toscana
cavalleria-toscana-perforated-sailing-jersey-comp-polo,Cavalleria Toscana
cavalleria-toscana-perforated-sleeve-polo,Cavalleria Toscana
cavalleria-toscana-perforated-striped-polo,Cavalleria Toscana
cavalleria-toscana-phases-ladies-belt,Cavalleria Toscana
cavalleria-toscana-phases-scarf,Cavalleria Toscana
cavalleria-toscana-pixel-stitch-orbit-crew-neck,Cavalleria Toscana
cavalleria-toscana-pleated-competition-polo,Cavalleria Toscana
cavalleria-toscana-pleated-competition-shirt,Cavalleria Toscana
cavalleria-toscana-pleated-jersey-competition-polo,Cavalleria Toscana
cavalleria-toscana-pleated-long-sleeve-competition-shirt,Cavalleria Toscana
cavalleria-toscana-pleated-polo-top,Cavalleria Toscana
cavalleria-toscana-polka-dot-competition-shirt,Cavalleria Toscana
cavalleria-toscana-polo-with-perforated-inserts,Cavalleria Toscana
cavalleria-toscana-polo-with-poplin-bib,Cavalleria Toscana
cavalleria-toscana-print-socks,Cavalleria Toscana
cavalleria-toscana-quilted-hooded-long-parka,Cavalleria Toscana
cavalleria-toscana-quilted-jacket,Cavalleria Toscana
cavalleria-toscana-r,Cavalleria Toscana
cavalleria-toscana-red-stripe-knee-grip-breeches,Cavalleria Toscana
cavalleria-toscana-revo-mesh-comp-polo-l-s,Cavalleria Toscana
cavalleria-toscana-revo-mesh-comp-polo-s-s,Cavalleria Toscana
cavalleria-toscana-revo-pleated-bib-shirt,Cavalleria Toscana
cavalleria-toscana-revo-pleated-cotton-bib-shirt,Cavalleria Toscana
cavalleria-toscana-revo-premier-3-way-jacket,Cavalleria Toscana
cavalleria-toscana-revo-premier-cap,Cavalleria Toscana
cavalleria-toscana-revo-tech-wool-polo,Cavalleria Toscana
cavalleria-toscana-rhombi-quilted-saddle-pad,Cavalleria Toscana
cavalleria-toscana-ride-fast-hooded-softshell-jacket,Cavalleria Toscana
cavalleria-toscana-samuels-zip-riding-jacket,Cavalleria Toscana
cavalleria-toscana-sangallo-embroidery-competition-shirt,Cavalleria Toscana
cavalleria-toscana-screen-print-training-polo,Cavalleria Toscana
cavalleria-toscana-sheer-stripe-comp-polo,Cavalleria Toscana
cavalleria-toscana-sheer-stripe-long-sleeve-shirt,Cavalleria Toscana
cavalleria-toscana-silicone-print-breeches,Cavalleria Toscana
cavalleria-toscana-snap-button-long-sleeve-shirt,Cavalleria Toscana
cavalleria-toscana-socks,Cavalleria Toscana
cavalleria-toscana-square-perforated-breeches,Cavalleria Toscana
cavalleria-toscana-square-perforated-zip-polo,Cavalleria Toscana
cavalleria-toscana-square-quilted-jump-saddle-pad,Cavalleria Toscana
cavalleria-toscana-square-quilted-saddlecloth,Cavalleria Toscana
cavalleria-toscana-stripe-lightweight-jacket,Cavalleria Toscana
cavalleria-toscana-striped-lightweight-jacket,Cavalleria Toscana
cavalleria-toscana-striped-merino-crew-knit,Cavalleria Toscana
cavalleria-toscana-styling-ladies-jacket,Cavalleria Toscana
cavalleria-toscana-suede-tufted-belt,Cavalleria Toscana
cavalleria-toscana-summer-shirt-long-sleeve,Cavalleria Toscana
cavalleria-toscana-swiss-dot-competition-shirt,Cavalleria Toscana
cavalleria-toscana-team-daytona-zip-hoodie,Cavalleria Toscana
cavalleria-toscana-team-red-stripe-breeches,Cavalleria Toscana
cavalleria-toscana-team-red-stripe-saddle-pad,Cavalleria Toscana
cavalleria-toscana-tech-grip-gloves,Cavalleria Toscana
cavalleria-toscana-tech-jersey-long-sleeve-polo,Cavalleria Toscana
cavalleria-toscana-tech-knit-bomber,Cavalleria Toscana
cavalleria-toscana-tech-knit-riding-jacket,Cavalleria Toscana
cavalleria-toscana-tech-knit-training-polo,Cavalleria Toscana
cavalleria-toscana-tech-knit-zip-riding-jacket,Cavalleria Toscana
cavalleria-toscana-tech-long-sleeve-shirt-with-bib,Cavalleria Toscana
cavalleria-toscana-tech-shirt-with-bib,Cavalleria Toscana
cavalleria-toscana-tech-sock,Cavalleria Toscana
cavalleria-toscana-tech-wool-crew-neck,Cavalleria Toscana
cavalleria-toscana-technical-long-sleeve-competition-shirt,Cavalleria Toscana
cavalleria-toscana-tie-clip,Cavalleria Toscana
cavalleria-toscana-tokyo-2020-zip-jacket,Cavalleria Toscana
cavalleria-toscana-train-hard-crew-neck-sweatshirt,Cavalleria Toscana
cavalleria-toscana-train-hard-ride-easy-hoodie,Cavalleria Toscana
cavalleria-toscana-tricot-tie,Cavalleria Toscana
cavalleria-toscana-tricot-tie-with-tie-pin,Cavalleria Toscana
cavalleria-toscana-tuffed-cap,Cavalleria Toscana
cavalleria-toscana-two-tone-clasp-elastic-belt,Cavalleria Toscana
cavalleria-toscana-two-tone-elastic-belt,Cavalleria Toscana
cavalleria-toscana-ultralight-quilted-puffer,Cavalleria Toscana
cavalleria-toscana-ultralight-quilted-vest,Cavalleria Toscana
cavalleria-toscana-unisex-wool-gloves,Cavalleria Toscana
cavalleria-toscana-v,Cavalleria Toscana
cavalleria-toscana-varsity-jacket,Cavalleria Toscana
cavalleria-toscana-velvet-baseball-cap,Cavalleria Toscana
cavalleria-toscana-waffle-tech-jacket,Cavalleria Toscana
cavalleria-toscana-waterproof-shell-jacket,Cavalleria Toscana
cavalleria-toscana-wide-belt,Cavalleria Toscana
cavalleria-toscana-wide-elastic-belt,Cavalleria Toscana
cavalleria-toscana-wide-pleat-shirt,Cavalleria Toscana
cavalleria-toscana-winter-full-grip-piquet-breeches,Cavalleria Toscana
cavalleria-toscana-winter-wool-turtle-neck,Cavalleria Toscana
cavalleria-toscana-womens-phases-fleece-polo-top,Cavalleria Toscana
cavalleria-toscana-womens-stripe-elastic-belt,Cavalleria Toscana
cavalleria-toscana-womens-training-polo,Cavalleria Toscana
cavalleria-toscana-wool-baseball-cap,Cavalleria Toscana
cavalleria-toscana-wool-beanie,Cavalleria Toscana
cavalleria-toscana-wool-ear-warmer,Cavalleria Toscana
cavalleria-toscana-wool-scarf,Cavalleria Toscana
cavalleria-toscana-wool-socks,Cavalleria Toscana
cavalleria-toscana-wool-zip-jacket,Cavalleria Toscana
cavalleria-toscana-work-sock,Cavalleria Toscana
cavalleria-toscana-young-rider-ct-logo-grip-breeches,Cavalleria Toscana
cavalleria-toscana-young-rider-down-hooded-jacket,Cavalleria Toscana
cavalleria-toscana-young-rider-gp-jacket,Cavalleria Toscana
cavalleria-toscana-young-rider-stretch-belt,Cavalleria Toscana
cavalleria-toscana-young-rider-waterproof-jacket,Cavalleria Toscana
cavalleria-toscana-youth-belt,Cavalleria Toscana
cavalleria-toscana-youth-rayon-stretch-belt,Cavalleria Toscana
cavalleria-toscana-zip-riding-jacket,Cavalleria Toscana
cavallo-boot-bag,Cavallo
cavallo-boot-shapers,Cavallo
cavallo-boxcalf-spur-straps,Cavallo
cavallo-caja-g-mobile-breeches,Cavallo
cavallo-caja-grip-breeches,Cavallo
cavallo-calima-grip-youth-breeches,Cavallo
cavallo-caval-flex-jacket,Cavallo
cavallo-caval-ladies-hybrid-jacket,Cavallo
cavallo-caval-ladies-hybrid-vest,Cavallo
cavallo-caval-light-weight-quilted-jacket,Cavallo
cavallo-caval-quick-dry-cooler-rug,Cavallo
cavallo-caval-sweat-r,Cavallo
cavallo-caval-uv-half-zip-shirt,Cavallo
cavallo-cavalgaara-knitted-beanie,Cavallo
cavallo-cavalgaby-beanie,Cavallo
cavallo-cavalgefion-knitted-beanie,Cavallo
cavallo-cavalgorjana-softshell-jacket,Cavallo
cavallo-cavalgwyneth-fine-jetsey-headband,Cavallo
cavallo-cavalhanaya-dressage-saddle-pad,Cavallo
cavallo-cavalmontreux-competition-jacket,Cavallo
cavallo-cavalnahal-t,Cavallo
cavallo-cavalnema-polo-shirt,Cavallo
cavallo-cavalnia-short-jacket,Cavallo
cavallo-cavalninette-long-sleeve-half-zip-shirt,Cavallo
cavallo-cavalnoela-competition-shirt,Cavallo
cavallo-cavalnoria-vest,Cavallo
cavallo-cavalraven-quilted-jacket,Cavallo
cavallo-cavalsamy-x-winter-socks,Cavallo
cavallo-cavalsasha-socks,Cavallo
cavallo-cavalsema-long-functional-socks,Cavallo
cavallo-cavaltarek-plaited-belt,Cavallo
cavallo-celine-xgrip-full-seat-breeches,Cavallo
cavallo-daiva-short-sleeve-competition-shirt,Cavallo
cavallo-dalia-short-sleeve-competition-shirt,Cavallo
cavallo-dalima-grip-horse-riding-breeches,Cavallo
cavallo-delara-t,Cavallo
cavallo-della-jumper,Cavallo
cavallo-devony-hoody,Cavallo
cavallo-digna-yng-youth-competition-shirt,Cavallo
cavallo-dikra-short-sleeve-shirt,Cavallo
cavallo-dora-sleeveless-top,Cavallo
cavallo-dorit-t,Cavallo
cavallo-drissa-cap,Cavallo
cavallo-drofton-grip-mens-breeches,Cavallo
cavallo-dulce-yng-youth-t-shirt,Cavallo
cavallo-ear-bonnet,Cavallo
cavallo-ear-bonnet-holma,Cavallo
cavallo-elea-jacket,Cavallo
cavallo-ella-jacket,Cavallo
cavallo-elmo-mens-sweater,Cavallo
cavallo-estoril-ladies-show-jacket,Cavallo
cavallo-estoril-mstr-ladies-show-jacket,Cavallo
cavallo-faiz-mens-quilted-vest,Cavallo
cavallo-fee-lightweight-jacket,Cavallo
cavallo-festina-cap,Cavallo
cavallo-fia-jacket,Cavallo
cavallo-fleur-sleeveless-polo-in-blue-violet,Cavallo
cavallo-floor-quilted-vest,Cavallo
cavallo-freda-ladies-polo-shirt,Cavallo
cavallo-ganim-short-tail-coat,Cavallo
cavallo-ganim-short-tail-coat-with-nailheads,Cavallo
cavallo-habor-hardshell-fetlock-boot,Cavallo
cavallo-hafati-jumping-saddle-pad,Cavallo
cavallo-hanaya-saddle-pads,Cavallo
cavallo-hanne-ear-bonnet-premium-equine-headgear,Cavallo
cavallo-hanya-saddle-pads,Cavallo
cavallo-harika-lead-rope-with-panic-hook,Cavallo
cavallo-harleen-saddle-pad,Cavallo
cavallo-hattie-show-fly-rug,Cavallo
cavallo-heather-saddle-pad,Cavallo
cavallo-heel-wedges,Cavallo
cavallo-heida-fleece-rug,Cavallo
cavallo-helaine-saddle-pad,Cavallo
cavallo-helia-fleece-halter,Cavallo
cavallo-helima-ear-bonnet,Cavallo
cavallo-henja-fleece-rug,Cavallo
cavallo-henny-halter,Cavallo
cavallo-hetty-saddle-pad,Cavallo
cavallo-hinata-ear-bonnet,Cavallo
cavallo-hiske-dark-blue-ear-bonnet,Cavallo
cavallo-hiva-bandages,Cavallo
cavallo-holda-hardshell-tendon-boots,Cavallo
cavallo-honey-bandage-pads,Cavallo
cavallo-hopi-bandages,Cavallo
cavallo-jill-ear-bonnet,Cavallo
cavallo-jina-halter,Cavallo
cavallo-jodi-bell-boots,Cavallo
cavallo-jolly-saddle-pad,Cavallo
cavallo-jone-lead-rope,Cavallo
cavallo-juliet-saddle-pad,Cavallo
cavallo-ladies-caja-g-high-waist-full-seat-breeches,Cavallo
cavallo-lea-grip-rl-full-seat-riding-leggings,Cavallo
cavallo-leather-spur-straps,Cavallo
cavallo-lin-grip-riding-leggings,Cavallo
cavallo-lin-grip-riding-leggings-youth,Cavallo
cavallo-linus-dressage-boots,Cavallo
cavallo-linus-jump-riding-boots,Cavallo
cavallo-linus-slim-jumping-boots,Cavallo
cavallo-linus-slim-riding-boots,Cavallo
cavallo-nubuk-leather-spur-straps,Cavallo
cavallo-pastern-wraps-for-sensitive-skin,Cavallo
cavallo-premium-cavalcaprice-grip-mobie-breeches,Cavallo
cavallo-premium-cavalleila-maxi-jacket,Cavallo
cavallo-premium-cavallifa-black-dressage-saddle-pad,Cavallo
cavallo-rhinestone-cap,Cavallo
cavallo-ride-free-horse-fly-veil,Cavallo
cavallo-saba-duo-socks,Cavallo
cavallo-safira-lux-ladies-long-socks,Cavallo
cavallo-selja-ladies-sweat-hoody,Cavallo
cavallo-selma-functional-sock,Cavallo
cavallo-shadow-cap,Cavallo
cavallo-sheena-functional-sock,Cavallo
cavallo-signature-lyra-derby-riding-boots,Cavallo
cavallo-simo-unisex-socks,Cavallo
cavallo-simple-hoof-boots,Cavallo
cavallo-slim-chap-brogue,Cavallo
cavallo-success-clover-functional-socks,Cavallo
cavallo-success-dog-functional-socks,Cavallo
cavallo-success-heart-functional-socks,Cavallo
cavallo-surina-socks,Cavallo
cavallo-sybil-long-socks,Cavallo
cavallo-taimi-belt,Cavallo
cavallo-tale-belt,Cavallo
cavallo-taya-belt,Cavallo
cavallo-tola-belt,Cavallo
cavallo-tonka-belt,Cavallo
cavallo-tracy-belt,Cavallo
cavallo-trek-boot-regular-sole,Cavallo
cavallo-trek-hoof-boot,Cavallo
cavalor-an-energy-boost,Cavalor
cavalor-an-energy-boost-syringe-60gm,Cavalor
cavalor-artitec-joint-supplement-for-horses,Cavalor
cavalor-bronchix-pulmo-paste,Cavalor
cavalor-coolsens,Cavalor
cavalor-derma-spray,Cavalor
cavalor-equicare-bianco-wash,Cavalor
cavalor-equicare-calm-support-for-anxious-horses,Cavalor
cavalor-equicare-derma-cleanse,Cavalor
cavalor-equicare-derma-spray,Cavalor
cavalor-equicare-derma-wash,Cavalor
cavalor-equicare-electrolyte-balance,Cavalor
cavalor-equicare-equi-wash,Cavalor
cavalor-equicare-freebute-joint-supplement-gel,Cavalor
cavalor-equicare-freebute-joint-supplement-paste,Cavalor
cavalor-equicare-gastro-support,Cavalor
cavalor-equicare-hoof-care,Cavalor
cavalor-equicare-joint-supplement-freebute-paste,Cavalor
cavalor-equicare-lurax-cream,Cavalor
cavalor-equicare-muddoc,Cavalor
cavalor-equicare-podoguard-hoof-oil,Cavalor
cavalor-equicare-podosens-hoof-oil,Cavalor
cavalor-equicare-star-shine,Cavalor
cavalor-equicare-switch,Cavalor
cavalor-equicare-take-it-easy-forte,Cavalor
cavalor-equicares-natural-dry-feet-hoof-care,Cavalor
cavalor-equicares-pulmo-liq-bronchix,Cavalor
cavalor-freebute-gel,Cavalor
cavalor-freebute-joint-supplement,Cavalor
cavalor-freebute-paste-60gm,Cavalor
cavalor-gastro-aid-liquid-with-pump,Cavalor
cavalor-gastro-aid-paste,Cavalor
cavalor-hepato-liq,Cavalor
cavalor-hoof-aid,Cavalor
cavalor-ice-clay,Cavalor
cavalor-leather-soap,Cavalor
cavalor-peak-performance-supplement,Cavalor
cavalor-podoguard,Cavalor
cavalor-podosens,Cavalor
cavalor-sozen,Cavalor
cavalor-star-shine,Cavalor
cavalor-switch,Cavalor
cavalor-take-it-easy-forte,Cavalor
cavalor-take-it-easy-forte-syringe-60gm,Cavalor
cavalor-venus-herbal-hormonal-support-for-mares,Cavalor
cdm-belvoir-leather-balsam-500ml,CDM
cdm-belvoir-tack-cleaner-alum-spray-500ml,CDM
cdm-belvoir-tack-conditioner-bar-250gm,CDM
cdm-belvoir-tack-conditioner-step-2-spray-500ml,CDM
cdm-carrs-leather-oil-300ml,CDM
cdm-dreamcoat-2-5ltr-refill,CDM
cdm-gallop-clean-clear-shampoo-500ml,CDM
cdm-gallop-colour-shampoo-bay-500ml,CDM
cdm-gallop-colour-shampoo-black-500ml,CDM
cdm-gallop-colour-shampoo-chestnut-palomino-500ml,CDM
cdm-gallop-colour-shampoo-grey-500ml,CDM
cdm-gallop-conditioning-shampoo-500ml,CDM
cdm-gallop-extra-strength-shampoo-500ml,CDM
cdm-gallop-medicated-shampoo-500ml,CDM
cdm-gallop-stain-removing-shampoo-500ml,CDM
cdm-mane-tail-conditioner-1l,CDM
cdm-mane-tail-conditioner-500ml,CDM
cdm-tack-cleaning-sponge,CDM
champion-grooming-kit-by-geegee-collective,Champion Tails
champion-pony-t,Champion Tails
champion-tails-natural-colour-restore-shampoo,Champion Tails
champion-tails-ready-mixed-stain-remover,Champion Tails
champion-tails-silver-highlight-conditioner,Champion Tails
champion-tails-silver-highlight-restore-shampoo,Champion Tails
champion-tails-silver-highlight-stain-remover,Champion Tails
champion-tails-water-glaze,Champion Tails
champion-ti22-adult-body-protector,Champion Tails
champion-ti22-body-protector-adults-grey,Champion Tails
champion-ti22-childs-body-protector,Champion Tails
champion-vent-air-jockey-helmet-black,Champion Tails
champion-vent-air-jockey-helmet-silver,Champion Tails
charles-owen-4-star-equestrian-helmet,Charles Owen
charles-owen-ayr8-plus,Charles Owen
charles-owen-ayr8-plus-round-style-with-leather,Charles Owen
charles-owen-fian-equestrian-helmet,Charles Owen
charles-owen-halo-gloss-helmet,Charles Owen
charles-owen-halo-matte-mips-helmet,Charles Owen
charles-owen-hampton-riding-hat,Charles Owen
charles-owen-leather-look-sp8-plus-helmet,Charles Owen
charles-owen-luna-helmet,Charles Owen
charles-owen-matte-halo-helmet,Charles Owen
charles-owen-microsuede-sp8-plus-sparkly-helmet,Charles Owen
charles-owen-ms1-pro-helmet-with-mips,Charles Owen
charles-owen-myps-helmet,Charles Owen
charles-owen-pro-ii-plus-kep-horse-riding-helmet,Charles Owen
charles-owen-sp8-plus-sparkley-helmet,Charles Owen
chuckit-breathe-right-football,Chuckit
chuckit-chuckballs-erratic-medium-2pk,Chuckit
chuckit-chuckballs-fetch-medium,Chuckit
chuckit-chuckballs-glow,Chuckit
chuckit-chuckballs-tennis,Chuckit
chuckit-chuckballs-ultra,Chuckit
chuckit-chuckballs-whistle-medium,Chuckit
chuckit-dog-toy-breathe-right-fetch-wheel,Chuckit
chuckit-dog-toy-fumble-fetch-small-22cm-x-12-5cm,Chuckit
chuckit-dog-toy-indoor-fumbler-20cm-x-11-5cm,Chuckit
chuckit-dog-toy-kick-fetch,Chuckit
chuckit-dog-toy-launcher-sport-14-s-33cm,Chuckit
chuckit-dog-toy-launcher-sport-25-m-64cm,Chuckit
chuckit-dog-toy-squeak-medium-pk,Chuckit
chuckit-dog-toy-squeak-small-pk,Chuckit
chuckit-dog-toy-whistle-flight-28cm,Chuckit
chuckit-indoor-shaker-perfect-indoor-fetch-toy,Chuckit
coolmax-bootleg-riding-pants,CoolMax
coralpina-cinquetorri-dog-harness,Coralpina
coralpina-cinquetorri-dog-harness-black,Coralpina
coralpina-cinquetorri-dog-harness-fluoro-pink,Coralpina
coralpina-cinquetorri-dog-harness-light-grey,Coralpina
coralpina-cinquetorri-dog-harness-lilac,Coralpina
coralpina-cinquetorri-dog-harness-orange,Coralpina
coralpina-cinquetorri-dog-harness-red,Coralpina
coralpina-cinquetorri-dog-leash,Coralpina
coralpina-cinquetorri-dog-leash-fluoro-pink,Coralpina
coralpina-cinquetorri-dog-leash-light-grey,Coralpina
coralpina-cinquetorri-dog-leash-reflective-black-grey,Coralpina
coralpina-cinquetorri-dog-leash-reflective-blue,Coralpina
coralpina-cinquetorri-lilac-dog-leash,Coralpina
coralpina-cinquetorri-reflective-dog-leash,Coralpina
coralpina-cinquetorri-reflective-red-dog-leash,Coralpina
coralpina-cinquetorri-waste-bag-black,Coralpina
coralpina-cinquetorri-waste-bag-electric-blue,Coralpina
coralpina-cinquetorri-waste-bag-fluro-pink,Coralpina
coralpina-cinquetorri-waste-bag-light-grey,Coralpina
coralpina-cinquetorri-waste-bag-red-wine,Coralpina
coralpina-cinquetorri-yellow-dog-harness,Coralpina
coralpina-powermix-dog-harness,Coralpina
coralpina-powermix-dog-harness-blue-melange,Coralpina
coralpina-powermix-dog-harness-dark-melange,Coralpina
coralpina-powermix-dog-harness-yellow-melange,Coralpina
coralpina-powermix-dog-leash,Coralpina
coralpina-powermix-dog-leash-blue-melange,Coralpina
coralpina-powermix-dog-leash-dark-melange,Coralpina
coralpina-powermix-dog-leash-pink-melange,Coralpina
coralpina-powermix-dog-leash-yellow-melange,Coralpina
coralpina-powermix-waste-bag-pink-melange,Coralpina
coralpina-powermix-waste-bag-red-melange,Coralpina
coralpina-powermix-waste-bag-yellow-melange,Coralpina
cowboy-magic-body-shine-473ml,Cowboy Magic
cowboy-magic-body-shine-876ml,Cowboy Magic
cowboy-magic-conditioner-473ml,Cowboy Magic
cowboy-magic-conditioner-946ml,Cowboy Magic
cowboy-magic-detangle-shine-118ml,Cowboy Magic
cowboy-magic-detangler-shine-118ml,Cowboy Magic
cowboy-magic-detangler-shine-473ml,Cowboy Magic
cowboy-magic-green-spot-remover-473ml,Cowboy Magic
cowboy-magic-rosewater-conditioner-473ml,Cowboy Magic
cowboy-magic-rosewater-shampoo-473ml,Cowboy Magic
cowboy-magic-shampoo-473ml,Cowboy Magic
cowboy-magic-shampoo-946ml,Cowboy Magic
cowboy-magic-shine-in-yellow,Cowboy Magic
cowboy-magic-shine-in-yellow-out-shampoo-473ml,Cowboy Magic
cowboy-magic-supa-shine-473ml,Cowboy Magic
credelio-for-large-dogs-22,Credelio
credelio-for-large-dogs-blue-22,Credelio
credelio-for-medium-dogs-green-11,Credelio
credelio-for-small-dogs-orange-5-5,Credelio
credelio-for-very-small-dogs-pink-2-5,Credelio
credelio-plus-for-extra-large-dogs-22,Credelio
credelio-plus-for-large-dogs-11,Credelio
credelio-plus-for-medium-dogs-5-5,Credelio
credelio-plus-for-small-dogs-2-8,Credelio
crooked-lane-beetroot-powder-1kg,Crooked Lane
crooked-lane-chaste-tree-berry-1kg,Crooked Lane
crooked-lane-harvest-garlic-granules,Crooked Lane
crooked-lane-harvest-psyllium-husks-900g,Crooked Lane
crooked-lane-harvest-rosehip-granules-1kg,Crooked Lane
crooked-lane-harvest-turmeric,Crooked Lane
crooked-lane-naturally-calming-paste-30ml,Crooked Lane
crooked-lane-rosehip-granules-500gm,Crooked Lane
crooked-lane-seaweed-meal-1kg,Crooked Lane
crooked-lane-slippery-elm-bark-powder-500gm,Crooked Lane
crooked-lane-tumeric-powder-2kg,Crooked Lane
crooked-lane-turmeric-powder-1kg,Crooked Lane
cuddlies-dog-toy-baby-duck-20cm,Cuddlies
cuddlies-dog-toy-fluffy-duck,Cuddlies
cuddlies-dog-toy-hippo-small,Cuddlies
cuddlies-dog-toy-mallard-duck,Cuddlies
cuddlies-dog-toy-muff-pups,Cuddlies
cuddlies-dog-toy-rabbit,Cuddlies
cuddlies-dog-toy-tropical-fish-small,Cuddlies
cuddlies-pink-pig-dog-toy,Cuddlies
decron-leg-wrap-poultice,Decron
decron-osmotic-gel-200ml,Decron
doog-benji-clip,Doog
doog-black-car-seat-cover,Doog
doog-car-seat-black,Doog
doog-dog-car-restraint-scooby,Doog
doog-dog-car-restraint-toto,Doog
doog-dog-collar-benji,Doog
doog-dog-collar-gromit,Doog
doog-dog-collar-pluto,Doog
doog-dog-collar-stella,Doog
doog-dog-leash-benji,Doog
doog-dog-leash-gromit-clip-it-extra-large,Doog
doog-dog-leash-lassie,Doog
doog-dog-leash-lassie-clip-it-extra-large,Doog
doog-dog-leash-odie,Doog
doog-dog-leash-odie-clip-it-extra-large,Doog
doog-dog-leash-pluto,Doog
doog-dog-leash-pluto-clip-it-extra-large,Doog
doog-dog-leash-scooby,Doog
doog-dog-leash-snoopy,Doog
doog-dog-leash-snoopy-clip-it-extra-large,Doog
doog-dog-leash-stella,Doog
doog-dog-leash-stella-clip-it-extra-large,Doog
doog-dog-leash-toto,Doog
doog-foldable-bowl-blue,Doog
doog-large-pop,Doog
doog-neoprene-toto-dog-collar,Doog
doog-neosport-hip-belt-black,Doog
doog-neosport-hip-belt-green,Doog
doog-neosport-hip-belt-navy,Doog
doog-neosport-neoprene-dog-collar-black,Doog
doog-neosport-neoprene-dog-leash-black,Doog
doog-neosport-treat-pouch-black-small,Doog
doog-neosport-treat-pouch-green-small,Doog
doog-neosport-treat-pouch-navy-small,Doog
doog-neosport-walkie-bag-black,Doog
doog-neosport-walkie-bag-green,Doog
doog-neosport-walkie-bag-navy,Doog
doog-pongo-clip,Doog
doog-treat-pouch-black-grey-large,Doog
doog-treat-pouch-black-grey-mini,Doog
doog-treat-pouch-grey-pink-large,Doog
doog-treat-pouch-grey-pink-mini,Doog
doog-treat-pouch-luna-pink-with-tear-drops-large,Doog
doog-treat-pouch-navy-red-large,Doog
doog-treat-pouch-navy-red-mini,Doog
doog-treat-pouch-stella-navy-large,Doog
doog-treat-pouch-stella-navy-small,Doog
doog-walkie-bag-shoulder-black,Doog
doog-walkie-bag-shoulder-blue,Doog
doog-walkie-bag-shoulder-green,Doog
doog-walkie-bag-shoulder-polkadots,Doog
doog-walkie-belt-black,Doog
doog-walkie-belt-camo,Doog
doog-walkie-belt-grey-neon-mini,Doog
doog-walkie-belt-luna-pink-with-tear-drops,Doog
doog-walkie-belt-navy-polka-dot,Doog
doog-walkie-belt-navy-red,Doog
doog-walkie-pouch-luna-pink-with-tear-drops,Doog
doog-walkie-pouch-pluto,Doog
doog-walkie-pouch-stella-navy,Doog
doog-walkie-pouch-toto,Doog
drinkwell-360-stainless-steel-pet-fountain,Drinkwell
drinkwell-pet-fountain-3-7-litre,Drinkwell
drinkwell-pet-fountain-7-5l,Drinkwell
drinkwell-pet-fountain-butterfly,Drinkwell
drinkwell-pet-fountain-filter-4,Drinkwell
drinkwell-pet-fountain-original-1-8l,Drinkwell
drinkwell-pet-fountain-seaside-stainless-steel,Drinkwell
drinkwell-streamside-ceramic-pet-fountain,Drinkwell
dyon-anatomical-breastplate,Dyon
dyon-black-full-round-leather-double-bridle-reins,Dyon
dyon-classic-d-belt,Dyon
dyon-comfort-half-chaps,Dyon
dyon-d-collection,Dyon
dyon-d-collection-brown-breastplate,Dyon
dyon-d-collection-elastic-running-martingale,Dyon
dyon-d-collection-hunter-reins,Dyon
dyon-d-collection-reins,Dyon
dyon-d-collection-rubber-reins,Dyon
dyon-d-collection-running-martingale-attachment,Dyon
dyon-fleece-rug,Dyon
dyon-hackamore-protection,Dyon
dyon-hunter-reins,Dyon
dyon-matte-large-crank-noseband-bridle-with-flash,Dyon
dyon-new-english-5-8-leather-double-bridle-reins,Dyon
dyon-new-english-collection,Dyon
dyon-round-collection-black-matte-crank-noseband-bridle,Dyon
dyon-round-leather-collection,Dyon
dyon-round-leather-dressage-reins,Dyon
dyon-round-leather-patent-crank-noseband-bridle,Dyon
dyon-rubber-reins-with-leather-loops,Dyon
dyon-socks,Dyon
dyon-stable-half-door,Dyon
dyon-sydney-d-belt,Dyon
dyon-wood-rack,Dyon
dyon-wrap-bag,Dyon
dyon-x,Dyon
eac-animal-care,EAC Animal Care
effax-leather-balsam,Effax
effax-leather-balsam-500ml,Effax
effax-leather-balsam-grip,Effax
effax-leather-combi-500ml,Effax
effax-leather-cream-soap-500ml,Effax
effax-leather-grip-stick,Effax
effax-leather-grip-stick-50ml,Effax
effax-leather-oil-with-brush,Effax
effax-leather-soft-500ml,Effax
effax-speedy-leather-shine,Effax
effol-500ml-hoof-care-soft-cream,Effol
effol-black-hoof-care-ointment-1litre,Effol
effol-first-aid-kit-complete-equine-care-solution,Effol
effol-green-hoof-care-ointment,Effol
effol-hoof-care,Effol
effol-hoof-care-oil-475ml,Effol
effol-horsefly-blocker,Effol
effol-med-cooling-wash,Effol
effol-mouth-butter,Effol
effol-mouth-butter-apple-flavoured-150ml,Effol
effol-mouth-butter-banana-flavoured-150ml,Effol
effol-mouth-butter-mango-flavoured-150ml,Effol
ego7-action-tech-gloves,Ego7
ego7-air-mesh-gloves,Ego7
ego7-air-polo,Ego7
ego7-air-socks,Ego7
ego7-aries-long-boot,Ego7
ego7-aster-kids-tall-boots,Ego7
ego7-baseball-cap,Ego7
ego7-bavero-long-sleeve-shirt,Ego7
ego7-bavero-shirt-short-sleeve,Ego7
ego7-contact-boots,Ego7
ego7-ego-socks,Ego7
ego7-ej,Ego7
ego7-ej-breeches,Ego7
ego7-hoodie,Ego7
ego7-horse-head-belt,Ego7
ego7-ladies-air-competition-jacket,Ego7
ego7-ladies-bomber-jacket,Ego7
ego7-ladies-fg-full-grip-breeches,Ego7
ego7-ladies-florentine-competition-polo,Ego7
ego7-ladies-full-grip-high-waist-breeches,Ego7
ego7-ladies-galy-luxe-padded-jacket,Ego7
ego7-ladies-gi-fancy-grip-breeches,Ego7
ego7-ladies-la-lace-print-breeches,Ego7
ego7-ladies-long-sleeve-mesh-competition-top,Ego7
ego7-ladies-pocket-sweatshirt,Ego7
ego7-ladies-ramy-vest,Ego7
ego7-ladies-training-polo,Ego7
ego7-luca-long-boot,Ego7
ego7-lyra-half-chap,Ego7
ego7-mens-air-competition-jacket,Ego7
ego7-mens-competition-polo,Ego7
ego7-mens-long-sleeve-competition-shirt,Ego7
ego7-mens-zip-sweatshirt,Ego7
ego7-mesh-top-short-sleeve,Ego7
ego7-nina-long-sleeve-competition-shirt,Ego7
ego7-nina-short-sleeve-competition-shirt,Ego7
ego7-orion-long-boot-laces,Ego7
ego7-rita-long-sleeve-competition-shirt,Ego7
ego7-taurus-short-boot-front-zip,Ego7
ego7-ted-jacket,Ego7
ego7-teresa-long-sleeve-competition-shirt,Ego7
ego7-teresa-short-sleeve-competition-shirt,Ego7
ego7-tie,Ego7
ego7-zip-sweatshirt,Ego7
elt-boots-zip-up-short,Elt
elt-childs-action-glove,Elt
elt-childs-gloves,Elt
elt-competition-jacket-lina-black,Elt
elt-gala-breech-silicone-night-blue,Elt
elt-gala-breech-silicone-white,Elt
elt-gloves-action,Elt
elt-haarlem-lightweight-jacket-lilac,Elt
elt-hanna-high-waist-black-horse-riding-tights,Elt
elt-heerlen-lightweight-vest-lilac,Elt
elt-hella-high-waist-silicone-breeches,Elt
elt-ladies-doro-denim-breeches,Elt
elt-lille-hoody,Elt
elt-lina-competition-jacket,Elt
elt-lourdes-softshell-mix-jacket-night-blue,Elt
elt-luxemburg-softshell-jacket-night-blue,Elt
elt-mens-active-grip-breeches,Elt
elt-meran-lightweight-vest,Elt
elt-micro-jodhpurs-black,Elt
elt-micro-jodhpurs-night-blue,Elt
elt-microsport-breeches-asphalt,Elt
elt-microsport-breeches-night-blue,Elt
elt-microsport-high-waist-black-breeches,Elt
elt-microsport-high-waist-night-blue-breeches,Elt
elt-microsport-high-waist-white-breeches,Elt
elt-nancy-technical-riding-shirt,Elt
elt-napoli-powerstrech-jacket,Elt
elt-new-york-softshell-jacket-alpine-blue,Elt
elt-noemi-riding-leggings,Elt
elt-san-remo-all-weather-boot,Elt
elt-san-remo-long-brown-boots,Elt
elt-womens-breeches,Elt
equator-bay-equestrian-sunglasses,Equator
equator-bay-sunglasses,Equator
equator-blaze-sunglasses,Equator
equator-blue-equestrian-sunglasses,Equator
equator-champagne-sunglasses,Equator
equator-crystal-sunglasses,Equator
equator-rose-sunglasses,Equator
equator-sand-sunglasses,Equator
equator-silver-sunglasses,Equator
equibuff-grooming-sponge,Equibuff
equick-aero-magento-horse-stable-boots,Equick
equick-eairshock-fetlock-horse-boots-with-velcro,Equick
equick-eairshock-horse-fetlock-boots,Equick
equick-eairshock-horse-tendon-boots,Equick
equick-eairshock-legend-tendon-horse-boots,Equick
equick-ekristal-bandage-pads-bandages,Equick
equick-elight-horse-boots-with-velcro-fetlocks,Equick
equick-elight-tendon-horse-boots,Equick
equick-eup-mini-elastic-fetlock-boot,Equick
equick-evo-elastic-fetlock-horse-boots,Equick
equick-evo-elastic-ultra-horse-boots-for-fetlock,Equick
equick-ewonder-hop-horse-fetlock-boots,Equick
equick-ewonder-long-fetlock-horse-boots,Equick
equick-legend-eairshock-fetlock-boots,Equick
equidae-fresh-fragrant-helmet-spray,Equidae
equidae-heal-restore-wound-plus-95g,Equidae
equidae-hoof-care-oil,Equidae
equidae-hoof-hygiene-spray-250ml,Equidae
equidae-muscle-rinse-magnesium-oil-for-horses,Equidae
equidae-protect-relief-paddock-spray,Equidae
equidae-shine-focussed-3in1-detangler,Equidae
equidae-soothing-calm-aloe-vera-spray,Equidae
equidae-soothing-calm-conditioner,Equidae
equidae-soothing-calm-shampoo,Equidae
equidae-sunscreen-powder-for-sensitive-skin,Equidae
equinade-1kg-hoof-care-grease,Equinade
equinade-coconut-leather-conditioner-220gm,Equinade
equinade-glo,Equinade
equinade-glo-bay-shampoo-1l,Equinade
equinade-glo-black-shampoo-1l,Equinade
equinade-glo-black-shampoo-500ml,Equinade
equinade-glo-chestnut-shampoo-1l,Equinade
equinade-glo-chestnut-shampoo-500ml,Equinade
equinade-glo-white-conditioner-1-litre,Equinade
equinade-glo-white-conditioner-500ml,Equinade
equinade-glo-white-shampoo-1l,Equinade
equinade-glo-white-shampoo-2-5l,Equinade
equinade-glycerine-saddle-soap-220gm,Equinade
equinade-hair-polish,Equinade
equinade-hair-polish-500ml,Equinade
equinade-hoof-grease,Equinade
equinade-hoof-grease-1kg,Equinade
equinade-hoof-grease-2kg,Equinade
equinade-hoof-lube,Equinade
equinade-leather-dressing-400gm,Equinade
equinade-leather-oil-1l,Equinade
equinade-leather-oil-500ml,Equinade
equinade-linament-oil-500ml,Equinade
equinade-linseed-oil-1l,Equinade
equinade-liquid-saddle-soap-500ml,Equinade
equinade-mighty-bright,Equinade
equinade-mighty-bright-500ml,Equinade
equinade-neatsfoot-oil,Equinade
equinade-neatsfoot-oil-500ml,Equinade
equinade-rug-seal-1l,Equinade
equinade-shampoo-concentrate-1l,Equinade
equinade-showsilk-conditioner-1-litre,Equinade
equinade-showsilk-conditioner-1l,Equinade
equinade-showsilk-conditioner-2-5l,Equinade
equinade-showsilk-conditioner-500ml,Equinade
equinade-showsilk-hair-polish-1-litre,Equinade
equinade-showsilk-hair-polish-500-ml,Equinade
equinade-showsilk-mighty-bright-125ml,Equinade
equinade-showsilk-mighty-bright-250ml,Equinade
equinade-showsilk-mighty-bright-500ml,Equinade
equinade-showsilk-shampoo-1l,Equinade
equinade-showsilk-shampoo-2-5l,Equinade
equinade-showsilk-shampoo-500ml,Equinade
equinade-showsilk-shampoo-5l,Equinade
equinade-showsilk-shampoo-concentrate-500ml,Equinade
equinade-stable-disinfectant-lavender-5l,Equinade
equinade-stockholm-tar-hoof-care-product,Equinade
equinade-synthetic-tack-cleaner-500ml,Equinade
equine-eye-vision,Equine Pure
equine-pure-delights-apple-cinnamon-horse-treats,Equine Pure
equine-pure-delights-apple-cinnamon-molasses-treat,Equine Pure
equine-pure-delights-carrot-mint-chia-treats-500g,Equine Pure
equine-pure-delights-peppermint-spinach-parsley-500gm,Equine Pure
equine-super-cream-repellent-extra-strength-500ml,Equine Pure
equine-super-goo-sunblock-cream-500ml,Equine Pure
equine-super-goo-topical-ointment-500ml,Equine Pure
equipe,Equipe
equipe-5-point-breast-plate-bp12,Equipe
equipe-allegra-jump-saddle,Equipe
equipe-anatomico-stud-girth-gh08,Equipe
equipe-beanie,Equipe
equipe-bling-browband-br58,Equipe
equipe-bling-browband-with-patent-finish,Equipe
equipe-bocelli-mono-dressage-saddle,Equipe
equipe-bp16-patent-detail-martingale,Equipe
equipe-br35-browband,Equipe
equipe-brand-hanoverian-snaffle-bridle,Equipe
equipe-breast-plate-bp04,Equipe
equipe-breast-plate-bp08,Equipe
equipe-breast-plate-with-elastic-bp20,Equipe
equipe-breast-plate-with-elastic-bp21,Equipe
equipe-candy-leather-atherstone-girth,Equipe
equipe-dressage-saddle-cloth,Equipe
equipe-dressage-snaffle-bit,Equipe
equipe-drop-noseband,Equipe
equipe-easy-pony-stud-girth,Equipe
equipe-easy-stud-girth,Equipe
equipe-ek-evo-jump-saddle,Equipe
equipe-ek26-special-jump-saddle,Equipe
equipe-ekgo-special-jump-saddle,Equipe
equipe-elastic-event-girth,Equipe
equipe-elastic-grackle-bridle,Equipe
equipe-elastic-martingale-fork-bp13,Equipe
equipe-elastic-y-breastplate-bp01,Equipe
equipe-emporio-atherston-girth,Equipe
equipe-emporio-half-rubber-grip-reins-ree02,Equipe
equipe-emporio-jump-saddle,Equipe
equipe-emporio-leather-halter,Equipe
equipe-emporio-martingale-bpe16,Equipe
equipe-emporio-mono-dressage-saddle,Equipe
equipe-emporio-ree03-web-reins,Equipe
equipe-emporio-rubber-grip-reins-with-notches,Equipe
equipe-emporio-rubber-reins,Equipe
equipe-emporio-y-breast-plate-bpe15,Equipe
equipe-equine-snaffle-bridle,Equipe
equipe-event-short-stud-girth,Equipe
equipe-evo-stud-girth,Equipe
equipe-evo-stud-girth-base-gh26,Equipe
equipe-expression-special-jump-saddle,Equipe
equipe-extreme-special-jump-saddle,Equipe
equipe-felt-pad-1-all-length,Equipe
equipe-felt-pad-1-front,Equipe
equipe-felt-pad-forward,Equipe
equipe-felt-saddle-pad,Equipe
equipe-felt-saddle-pad-1-rear,Equipe
equipe-fleece-lining-evo-stud-girth-gh26,Equipe
equipe-fleece-lining-for-dressage-girth-gh23,Equipe
equipe-fleece-lining-for-gh09-stud-girth,Equipe
equipe-freeland-special-jump-saddle,Equipe
equipe-gh09-stud-girth-base,Equipe
equipe-grackle-bridle-with-raised-design,Equipe
equipe-grand-prix-jump-saddle,Equipe
equipe-grand-prix-special-jump-saddle,Equipe
equipe-head-warmer,Equipe
equipe-jump-saddlecloth,Equipe
equipe-jump-stirrup-irons,Equipe
equipe-kalifornia-mono-dressage-saddle,Equipe
equipe-kevlar-stud-girth,Equipe
equipe-king-rolled-patent-weymouth-bridle,Equipe
equipe-leather-atherston-girth,Equipe
equipe-leather-dressage-girth-base,Equipe
equipe-leather-dressage-girth-gh22,Equipe
equipe-leather-halter-with-braid-detail,Equipe
equipe-leather-lead-with-chain,Equipe
equipe-leather-lining-evo-stud-girth-gh26,Equipe
equipe-leather-martingale-bp03,Equipe
equipe-leather-re12-draw-reins,Equipe
equipe-lemmann-noseband,Equipe
equipe-martingale-bib,Equipe
equipe-martingale-bib-bp06,Equipe
equipe-martingale-single-fork-rings-only-bp10,Equipe
equipe-mono-jump-close,Equipe
equipe-olympia-mono-dressage-saddle,Equipe
equipe-patent-hanoverian-bridle,Equipe
equipe-patent-rolled-grackle-bridle,Equipe
equipe-performance-special-jump-saddle,Equipe
equipe-pony-tendon-boots-fleece,Equipe
equipe-raised-grackle-noseband,Equipe
equipe-raised-hanoverian-bridle,Equipe
equipe-rarity-grip-jump-saddle,Equipe
equipe-rawhide-hanoverian-bridle,Equipe
equipe-rawhide-hanoverian-noseband,Equipe
equipe-re04-draw-reins,Equipe
equipe-re17-rubber-grip-reins,Equipe
equipe-re18-half-rubber-grip-reins,Equipe
equipe-rolled-dressage-reins-4-8-re16,Equipe
equipe-rolled-dressage-snaffle-bridle,Equipe
equipe-rolled-patent-martingale-bp17,Equipe
equipe-rolled-reins-with-notches-5-8-re15,Equipe
equipe-rose-dressage-noseband,Equipe
equipe-saddle-cover-with-pockets,Equipe
equipe-safety-iron-rubber,Equipe
equipe-safety-stirrup-irons,Equipe
equipe-sheepskin-glove,Equipe
equipe-snaffle-bridle-with-patent-browband,Equipe
equipe-socks,Equipe
equipe-stirrup-iron-covers,Equipe
equipe-straight-breast-plate-bp24,Equipe
equipe-straight-on-breastplate-bp02,Equipe
equipe-synergy-special-jump-saddle,Equipe
equipe-viktoria-mono-dressage-saddle,Equipe
equipe-web-reins-re19,Equipe
equipe-weymouth-dressage-bridle-with-swarovski,Equipe
equiprene-anti,Equiprene
equiprene-atherstone-girth,Equiprene
equiprene-comfort-cinch,Equiprene
equiprene-elastic-body-bandage,Equiprene
equiprene-magnetic-fetlock-wraps,Equiprene
equiprene-magnetic-horse-boots-hock-wrap,Equiprene
equiprene-magnetic-sports-boots,Equiprene
equiprene-neoprene-skid-boots-black,Equiprene
equiprene-neoprene-tendon-ankle-boots,Equiprene
equiprene-pressure-eze-dressage-girth-elastic-black,Equiprene
equiprene-pressure-eze-two-buckle-girth,Equiprene
equiprene-wool-lined-dressage-girth,Equiprene
equiprene-wool-lined-jumping-girth,Equiprene
estate-2023-braided-lead,Estate 2023
estate-2023-braided-lead-black-grey,Estate 2023
estate-2023-dressage-saddlecloth-fleece-trim-black-grey,Estate 2023
estate-2023-fleece-dressage-boots,Estate 2023
estate-2023-fleece-headstall-black-grey-full,Estate 2023
estate-2023-fleece-overreach-boots,Estate 2023
estate-2023-polo-bandages-set-of-4,Estate 2023
estate-2023-saddlecloth-dressage-fleece-trim-grey,Estate 2023
estate-braided-polypropylene-lead-2-5mt-papaya-rose,Estate 2023
estate-braided-soft-polypropylene-lead-2-5mt-black-rose,Estate 2023
estate-fleece-dressage-saddlecloth,Estate 2023
estate-fleece-halter,Estate 2023
eureka-bot-egg-knife,Eureka
eureka-canvas-mini-rug,Eureka
eureka-canvas-winter-rug,Eureka
eureka-childs-leather-clog,Eureka
eureka-childs-leather-clogs,Eureka
eureka-cowgirl-body-brush,Eureka
eureka-d-feed-bin-with-brackets,Eureka
eureka-event-bridle-shetland-brown,Eureka
eureka-flexi-bucket-16l,Eureka
eureka-hay-net-bold-34,Eureka
eureka-herds-of-horses-body-brush,Eureka
eureka-hoof-care-brush-1,Eureka
eureka-horseplay-star-ball,Eureka
eureka-mini-synthetic-combo-horse-rug,Eureka
eureka-mini-synthetic-rug,Eureka
eureka-nylon-lunge-lead,Eureka
eureka-retro-event-bridle,Eureka
eureka-rubber-bit-guards,Eureka
eureka-summer-ripstop-rug,Eureka
eureka-training-whip-125cm,Eureka
eurohunter-adhesive-elastic-bandage,Eurohunter
eurohunter-adhesive-elastic-bandage-10cm,Eurohunter
eurohunter-adhesive-elastic-bandage-7-5cm,Eurohunter
eurohunter-airflow-combo-rug,Eurohunter
eurohunter-airflow-hood-rug,Eurohunter
eurohunter-airflow-neck-rug,Eurohunter
eurohunter-airflow-rug,Eurohunter
eurohunter-airflow-tail-bag-full,Eurohunter
eurohunter-aluminium-oxbow-xl-stirrups,Eurohunter
eurohunter-automatic-neoprene-girth,Eurohunter
eurohunter-barcoo-bridle,Eurohunter
eurohunter-black-fetlock-boots,Eurohunter
eurohunter-black-training-lead-23ft,Eurohunter
eurohunter-black-training-lead-7ft-2-24mt,Eurohunter
eurohunter-blue-training-lead-snap-12ft-3-66mt,Eurohunter
eurohunter-boot-jack-blue,Eurohunter
eurohunter-braid-lead,Eurohunter
eurohunter-bridle-flat-leather-black,Eurohunter
eurohunter-brown-flat-leather-bridle,Eurohunter
eurohunter-canvas-hay-feed-bag,Eurohunter
eurohunter-cattai-black-helmet,Eurohunter
eurohunter-cattai-crossed-crystal-helmet-black,Eurohunter
eurohunter-cattai-glitter-crystal-helmet,Eurohunter
eurohunter-cattai-glitter-crystal-helmet-black,Eurohunter
eurohunter-cattai-glitter-helmet-blue,Eurohunter
eurohunter-cattai-helmet,Eurohunter
eurohunter-clarino-black-chapettes,Eurohunter
eurohunter-clarino-chapettes,Eurohunter
eurohunter-classic-body-brush-with-pig-bristles,Eurohunter
eurohunter-classic-body-with-goat-hair-brush,Eurohunter
eurohunter-cohesive-bandage,Eurohunter
eurohunter-comfort-headstall-lead,Eurohunter
eurohunter-comfort-headstall-lead-set,Eurohunter
eurohunter-cool-air-combo,Eurohunter
eurohunter-cool-protect-hooded-combo,Eurohunter
eurohunter-coolmax-w-gel-girth-black,Eurohunter
eurohunter-cotton-hack-reins-black,Eurohunter
eurohunter-cotton-wool-375g,Eurohunter
eurohunter-cotton-wool-375gm,Eurohunter
eurohunter-cotton-wool-375gm-roll,Eurohunter
eurohunter-curabine-dressing,Eurohunter
eurohunter-dandy-brush,Eurohunter
eurohunter-deluxe-body-brush,Eurohunter
eurohunter-deluxe-gel-anti,Eurohunter
eurohunter-deluxe-gel-cinch-girth,Eurohunter
eurohunter-deluxe-lunge-whip-black-180cm,Eurohunter
eurohunter-deluxe-lunge-whip-blue-180cm,Eurohunter
eurohunter-dressage-leather-bridle,Eurohunter
eurohunter-dressage-saddlepad,Eurohunter
eurohunter-elastic-side-reins,Eurohunter
eurohunter-essential-halter,Eurohunter
eurohunter-eventing-snaffle,Eurohunter
eurohunter-everyday-ironbark-combo,Eurohunter
eurohunter-fetlock-boots,Eurohunter
eurohunter-fetlock-boots-brown,Eurohunter
eurohunter-flag-combo-rug,Eurohunter
eurohunter-flag-hood,Eurohunter
eurohunter-flag-neck-rug,Eurohunter
eurohunter-flag-protect,Eurohunter
eurohunter-flag-tail-bag,Eurohunter
eurohunter-freedom-lite-helmet,Eurohunter
eurohunter-gauze-500gm,Eurohunter
eurohunter-gel-shaped-girth,Eurohunter
eurohunter-gladiator-deluxe-canvas-neck-rug,Eurohunter
eurohunter-gladiator-deluxe-canvas-rug,Eurohunter
eurohunter-gladiator-unlined-canvas-neck-rug,Eurohunter
eurohunter-gladiator-unlined-canvas-rug,Eurohunter
eurohunter-glitter-bandage-set,Eurohunter
eurohunter-glitter-bell-boots,Eurohunter
eurohunter-glitter-halter-silver-full,Eurohunter
eurohunter-grand-national-crossover-combo-rug,Eurohunter
eurohunter-grand-national-crossover-hood-rug,Eurohunter
eurohunter-grand-national-crossover-neck-rug,Eurohunter
eurohunter-grand-national-crossover-rug,Eurohunter
eurohunter-grand-national-crossover-tail-bag,Eurohunter
eurohunter-grand-national-deluxe-combo-rug,Eurohunter
eurohunter-grand-national-deluxe-hood,Eurohunter
eurohunter-grand-national-deluxe-neck-rug,Eurohunter
eurohunter-grand-national-deluxe-rug,Eurohunter
eurohunter-grand-national-light-ii-combo,Eurohunter
eurohunter-grand-national-light-ii-hood,Eurohunter
eurohunter-grand-national-light-ii-rug,Eurohunter
eurohunter-green-quilted-all,Eurohunter
eurohunter-grooming-box-complete-horse-care-kit,Eurohunter
eurohunter-halter-mini-horse,Eurohunter
eurohunter-hanoverian-bridle-brown,Eurohunter
eurohunter-hanoverian-leather-bridle,Eurohunter
eurohunter-hotham-rug-1200d-no-fill,Eurohunter
eurohunter-iron-bark-combo,Eurohunter
eurohunter-ironbark-combo-rug,Eurohunter
eurohunter-ironbark-dog-rug,Eurohunter
eurohunter-ironbark-rug,Eurohunter
eurohunter-joddy-black-riding-boots-for-adults,Eurohunter
eurohunter-joddy-brown-adults,Eurohunter
eurohunter-joddy-brown-childs-boots,Eurohunter
eurohunter-kelly-tall-boots,Eurohunter
eurohunter-kosciuszko-ii-rug,Eurohunter
eurohunter-leather-chapette-black,Eurohunter
eurohunter-leather-chapettes,Eurohunter
eurohunter-leather-chaps,Eurohunter
eurohunter-light-blue-quilted-all,Eurohunter
eurohunter-light-blue-quilted-dressage-saddle-pad,Eurohunter
eurohunter-light-protect-mesh-rug,Eurohunter
eurohunter-merino-wool-rug,Eurohunter
eurohunter-monkey-grip-black,Eurohunter
eurohunter-navy-quilted-all-purpose-saddle-pad,Eurohunter
eurohunter-navy-quilted-dressage-saddle-pad,Eurohunter
eurohunter-neck-rug-600d-180gm-grey,Eurohunter
eurohunter-new-hotham-combo,Eurohunter
eurohunter-new-hotham-rug,Eurohunter
eurohunter-new-ironbark-combo-rug,Eurohunter
eurohunter-nylon-braided-lead-rope,Eurohunter
eurohunter-open-front-horse-boots,Eurohunter
eurohunter-padded-taffeta-bib,Eurohunter
eurohunter-padded-taffeta-chest-bib,Eurohunter
eurohunter-polar-fleece-bandages,Eurohunter
eurohunter-purple-fetlock-boots,Eurohunter
eurohunter-purple-quilted-dressage-saddle-pad,Eurohunter
eurohunter-purple-tendon-boots,Eurohunter
eurohunter-red-quilted-all-purpose-saddlecloth,Eurohunter
eurohunter-red-quilted-dressage-saddle-pad,Eurohunter
eurohunter-renmark-black-helmet,Eurohunter
eurohunter-renmark-helmet,Eurohunter
eurohunter-renmark-navy-helmet,Eurohunter
eurohunter-riding-gloves,Eurohunter
eurohunter-royal-blue-quilted-dressage-saddle-pad,Eurohunter
eurohunter-royal-mini-foal-halter,Eurohunter
eurohunter-safety-lunge-rein,Eurohunter
eurohunter-show-rug-with-flag-design,Eurohunter
eurohunter-soft-touch-d-brush,Eurohunter
eurohunter-soft-touch-flexi-body-brush-blue,Eurohunter
eurohunter-soft-touch-grooming-bag-brushes,Eurohunter
eurohunter-soft-touch-scraper,Eurohunter
eurohunter-summer-mesh-gloves,Eurohunter
eurohunter-summer-mesh-gloves-black,Eurohunter
eurohunter-summer-mesh-gloves-navy,Eurohunter
eurohunter-synthetic-spur-straps,Eurohunter
eurohunter-taffetta-bib,Eurohunter
eurohunter-tendon-boots,Eurohunter
eurohunter-tendon-horse-boots,Eurohunter
eurohunter-thredbo-dog-rug,Eurohunter
eurohunter-thredbo-fleece-rug-rhubarb,Eurohunter
eurohunter-training-lead-10ft-3-05mt-black,Eurohunter
eurohunter-training-lead-10ft-3-05mt-blue,Eurohunter
eurohunter-training-lead-12ft-3-66mt-black,Eurohunter
eurohunter-training-lead-23ft-purple,Eurohunter
eurohunter-training-lead-7ft-2-24mt-blue,Eurohunter
eurohunter-training-lead-snap-10ft-3-05mt,Eurohunter
eurohunter-training-lead-snap-12ft,Eurohunter
eurohunter-training-lead-snap-23ft-7-01mt-blue,Eurohunter
eurohunter-training-lead-snap-7ft-2-24mt,Eurohunter
eurohunter-training-rope-23-blue,Eurohunter
eurohunter-training-rope-loop-end,Eurohunter
eurohunter-travel-boots,Eurohunter
eurohunter-tritone-halter,Eurohunter
eurohunter-ultra-soft-long-shaped-girth,Eurohunter
eurohunter-ultra-soft-stud-girth,Eurohunter
eurohunter-vancouver-canvas-combo-rug,Eurohunter
eurohunter-vancouver-canvas-rug,Eurohunter
eurohunter-vancouver-combo,Eurohunter
eurohunter-vancouver-neck-rug,Eurohunter
eurohunter-western-gel-girth,Eurohunter
eurohunter-western-gel-girth-black,Eurohunter
eurohunter-white-fetlock-boots,Eurohunter
eurohunter-white-fleece-polo-bandage-set,Eurohunter
eurohunter-white-quilted-dressage-saddlecloth,Eurohunter
eurohunter-wooden-grooming-tools-tote,Eurohunter
eurohunter-zip-paddock-boot,Eurohunter
eurohunter-zip-paddock-boots-black-adults,Eurohunter
eurohunter-zip-paddock-boots-brown-adults,Eurohunter
eurohunter-zip-paddock-boots-for-children,Eurohunter
evolution-in-fibre-psyllium-husk-2kg,EAC Animal Care
evolution-in-force-1kg,EAC Animal Care
evolution-in-fushion-joint-supplement-1l,EAC Animal Care
evolution-in-sandout-sand-removal-pellet-1-5kg,EAC Animal Care
evolution-in-sideout-cat-125gm,EAC Animal Care
evolution-in-silver-spray-on,EAC Animal Care
evolution-in-stride-hoof-supplement-1kg,EAC Animal Care
evolution-iso-horse-1kg,EAC Animal Care
evolution-iso-horse-400gm,EAC Animal Care
evolution-iso-pet-125gm,EAC Animal Care
evolution-iso-pet-40gm,EAC Animal Care
evolution-osmo-lyte-active-electrolyte-vitamin-b-1-5kg,EAC Animal Care
evolution-osmo-lyte-electrolyte-replacer-1-5kg,EAC Animal Care
ezy,EZY Ride
ezy-groomer-purple,EZY Ride
ezy-groomer-turquoise,EZY Ride
ezy-ride-1-2-wither-pad-tan,EZY Ride
ezy-ride-cinch-girth,EZY Ride
ezy-ride-felt-contoured-junior-pad,EZY Ride
ezy-ride-kiddy-up-saddle-adjuster-for-kids,EZY Ride
ezy-ride-latigo-pattern-rasberry-snake,EZY Ride
ezy-ride-nylon-tail-sack,EZY Ride
ezy-ride-roping-gloves,EZY Ride
ezy-ride-stock-whip-redhide-4,EZY Ride
ezy-ride-swinging-fender-saddle,EZY Ride
ezy-ride-synthetic-halfbreed-saddle,EZY Ride
fancy-stitch-3-point-wing-breastplate,Fancy Stitch
fancy-stitch-5-point-breastplate,Fancy Stitch
fancy-stitch-5-point-breastplate-with-sheepskin,Fancy Stitch
fancy-stitch-anatomic-padded-bridle,Fancy Stitch
fancy-stitch-padded-grackle-bridle,Fancy Stitch
fancy-stitch-padded-leather-dog-collar,Fancy Stitch
fancy-stitch-padded-short-stud-girth-w-snap,Fancy Stitch
fancy-stitch-padded-stud-girth-w-snap,Fancy Stitch
fancy-stitch-padded-wave-cavesson-bridle,Fancy Stitch
fancy-stitch-padded-wave-cavesson-noseband,Fancy Stitch
fancy-stitch-running-martingale,Fancy Stitch
fancy-stitch-sheepskin-padded-long-girth-w-snap,Fancy Stitch
fancy-stitch-traditional-grackle-bridle,Fancy Stitch
fancy-stitch-traditional-hunter-bridle,Fancy Stitch
fancy-stitched-leather-halter,Fancy Stitch
fancy-stitched-leather-halter-w-plate,Fancy Stitch
flyveils-by-design-budget-horse-fly-veil,Flyveils BY Design
flyveils-by-design-extended-nose-mesh-fly-mask-black,Flyveils BY Design
flyveils-by-design-flymask,Flyveils BY Design
flyveils-by-design-flymask-with-100-uv-nose-protection,Flyveils BY Design
flyveils-by-design-fur-edge-fly-mask-black,Flyveils BY Design
flyveils-by-design-horse-fly-veil,Flyveils BY Design
flyveils-by-design-mesh-fly-mask-black,Flyveils BY Design
flyveils-by-design-nose-cover-fly-mask-black,Flyveils BY Design
flyveils-by-design-uv-blockout-fly-mask-black,Flyveils BY Design
fort-worth-ballistic-no,Fort Worth
fort-worth-barrel-contoured-saddle-pad,Fort Worth
fort-worth-barrel-racing-felt-saddle-pad-30-turquoise,Fort Worth
fort-worth-contoured-felt-saddle-pad,Fort Worth
fort-worth-fleece-lined-cinch-black,Fort Worth
fort-worth-hybrid-halter-nylon-black,Fort Worth
fort-worth-hybrid-halter-nylon-blue,Fort Worth
fort-worth-hybrid-halter-nylon-turquoise,Fort Worth
fort-worth-iroquois-breastcollar,Fort Worth
fort-worth-iroquois-knotted-headstall,Fort Worth
fort-worth-leather-skid-boots,Fort Worth
fort-worth-multi-pocket-skull-saddlebag,Fort Worth
fort-worth-nylon-headstall-red-purple-cob,Fort Worth
fort-worth-opa-side-pull-headstall,Fort Worth
fort-worth-pink-apache-headstall,Fort Worth
fort-worth-pink-apache-noseband,Fort Worth
fort-worth-rope-halter-10-lead,Fort Worth
fort-worth-rustic-beauty-noseband,Fort Worth
fort-worth-rustic-beauty-one-ear-headstall,Fort Worth
fort-worth-skid-boots-standard-pink,Fort Worth
fort-worth-skid-boots-standard-turquoise,Fort Worth
fort-worth-sport-combo-boots-black,Fort Worth
fort-worth-tail-wrap,Fort Worth
freejump-airs-stirrup-iron,Freejump
freejump-riding-stirrups-straps,Freejump
freejump-softup-classic-stirrup-leathers,Freejump
freejump-softup-lite-stirrups-for-young-riders,Freejump
freejump-softup-pro-crystal-stirrups,Freejump
freejump-softup-pro-premium-edition-stirrups,Freejump
freejump-softup-pro-premium-stirrups,Freejump
freejump-softup-pro-stirrups,Freejump
freejump-spur-one,Freejump
furminator-equine-ultimate-deshedding-tool,Furminator
furminator-large-dog-long-hair-deshedding-tool,Furminator
furminator-large-dog-short-hair-deshedding-tool,Furminator
furminator-medium-dog-long-hair-deshedding-tool,Furminator
furminator-medium-dog-short-hair-deshedding-tool,Furminator
furminator-nail-grinder-efficient-pet-nail-care,Furminator
furminator-small-cat-long-hair-deshedding-tool,Furminator
furminator-small-dog-long-hair-deshedding-tool,Furminator
furminator-small-dog-short-hair-deshedding-tool,Furminator
geegee-collective,GeeGee COLLECTIVE
geegee-collective-aluminum-plaiting-needles-3-pack,GeeGee COLLECTIVE
geegee-collective-black-brown-plaiting-thread,GeeGee COLLECTIVE
geegee-collective-black-plaiting-bands,GeeGee COLLECTIVE
geegee-collective-black-plaiting-thread,GeeGee COLLECTIVE
geegee-collective-brown-plaiting-thread,GeeGee COLLECTIVE
geegee-collective-chestnut-plaiting-thread,GeeGee COLLECTIVE
geegee-collective-clear-plaiting-bands,GeeGee COLLECTIVE
geegee-collective-copper-therapy-body-brush,GeeGee COLLECTIVE
geegee-collective-dandy-quarter-marker-brush,GeeGee COLLECTIVE
geegee-collective-dazzle-wool-body-brush,GeeGee COLLECTIVE
geegee-collective-dusty-body-brush,GeeGee COLLECTIVE
geegee-collective-express-grooming-kit,GeeGee COLLECTIVE
geegee-collective-fleck-body-brush,GeeGee COLLECTIVE
geegee-collective-hoof-pick,GeeGee COLLECTIVE
geegee-collective-light-beige-plaiting-thread,GeeGee COLLECTIVE
geegee-collective-light-grey-plaiting-thread,GeeGee COLLECTIVE
geegee-collective-mane-and-tail-brush,GeeGee COLLECTIVE
geegee-collective-merino-wool-multi-mitt-black,GeeGee COLLECTIVE
geegee-collective-merino-wool-multi-mitt-grey,GeeGee COLLECTIVE
geegee-collective-mini-mane-and-tail-brush,GeeGee COLLECTIVE
geegee-collective-plastic-plaiting-needles-5-pack,GeeGee COLLECTIVE
geegee-collective-premium-grooming-kit,GeeGee COLLECTIVE
geegee-collective-premium-grooming-organiser,GeeGee COLLECTIVE
geegee-collective-restore-mane-tail-treatment,GeeGee COLLECTIVE
geegee-collective-scrub-brush,GeeGee COLLECTIVE
geegee-collective-softie-sensitive-brush,GeeGee COLLECTIVE
geegee-collective-suds-sponge-brush,GeeGee COLLECTIVE
geegee-collective-ultimate-grooming-kit,GeeGee COLLECTIVE
geegee-collective-versatile-body-brush,GeeGee COLLECTIVE
gidgee-canter-tortoise-sunglasses,Gidgee
gidgee-charisma-sunglasses,Gidgee
gidgee-charisma-sunglasses-ombre-tortoise-brown-lens,Gidgee
gidgee-cleancut-sunglasses,Gidgee
gidgee-colt-black-sunglasses,Gidgee
gidgee-colt-tan-sunglasses,Gidgee
gidgee-elite-sunglasses,Gidgee
gidgee-equator-sunglasses,Gidgee
gidgee-fender-aqua-tortoise-sunglasses,Gidgee
gidgee-fender-sunglasses,Gidgee
gidgee-liberty-sunglasses,Gidgee
gidgee-mustang-blue-eye-sunglasses,Gidgee
gidgee-mustang-sorrel-sunglasses,Gidgee
gidgee-mustang-sunglasses-black,Gidgee
gidgee-mustang-sunglasses-bronze,Gidgee
gidgee-sky-rider-opal-sunglasses,Gidgee
gidgee-sky-rider-roan-sunglasses,Gidgee
gidgee-sunglass-strap,Gidgee
gidgee-sunglass-strap-blue-horse,Gidgee
gidgee-sunglasses-strap,Gidgee
gidgee-sunglasses-strap-pink-horse,Gidgee
gidgee-willow-yellowstone-sunglasses,Gidgee
grainge-balance-pad-cream-large,Grainge
grainge-bridle-flat-show-leather,Grainge
grainge-deluxe-ap-saddlepad,Grainge
grainge-deluxe-draw-reins,Grainge
grainge-deluxe-training-roller,Grainge
grainge-dressage-snaffle-bridle,Grainge
grainge-dressage-snaffle-bridle-with-crystal-browband,Grainge
grainge-dressage-snaffle-with-crystal-browband,Grainge
grainge-elastic-chambon-adjustable-training-aid,Grainge
grainge-elite-5-point-breastplate-oak-bark-full,Grainge
grainge-elite-barcoo-havana-brown-cob-bridle,Grainge
grainge-elite-dressage-snaffle-bridle,Grainge
grainge-elite-elastic-side-reins,Grainge
grainge-elite-martingale-breastplate-oak-bark-full,Grainge
grainge-elite-show-snaffle-black-cob,Grainge
grainge-flat-show-leather-bridle,Grainge
grainge-golden-fleece-balance-pad-navy-white,Grainge
grainge-golden-fleece-bell-boot,Grainge
grainge-golden-fleece-mitt,Grainge
grainge-half-balance-pad-black,Grainge
grainge-hanoverian-leather-bridle,Grainge
grainge-leather-stitched-spur-straps,Grainge
grainge-open-curb-guard,Grainge
grainge-sheepskin-anatomic-girth-cover,Grainge
grainge-stirrup-tread-white,Grainge
grainge-telescopic-training-flag-whip-120cm,Grainge
grainge-velvet-dressage-pad,Grainge
grainge-velvet-dressage-pad-dark-blue,Grainge
grainge-velvet-jump-black-saddlecloth,Grainge
greenies-dog-mint-large-340gm,Greenies
greenies-dog-mint-petite-340gm,Greenies
greenies-dog-mint-regular-340gm,Greenies
greenies-dog-mint-teenie-340gm,Greenies
greenies-dog-original-large-340gm,Greenies
greenies-dog-original-petite-340gm,Greenies
greenies-dog-original-regular-340gm,Greenies
greenies-dog-original-teenie-340gm,Greenies
greenies-dog-sweet-potato-large-340gm,Greenies
greenies-dog-sweet-potato-petite-340gm,Greenies
greenies-dog-sweet-potato-regular-340gm,Greenies
greenies-dog-sweet-potato-teenie-340g,Greenies
greenies-feline-catnip-130gm,Greenies
greenies-feline-catnip-60gm,Greenies
greenies-feline-chicken-130gm,Greenies
greenies-feline-chicken-60gm,Greenies
greenies-feline-chicken-tub-277gm,Greenies
greenies-feline-salmon-130gm,Greenies
greenies-feline-salmon-60gm,Greenies
greenies-feline-tuna-130gm-dental-treats,Greenies
greenies-feline-tuna-60gm,Greenies
gutzbusta-knotless-hay-nets,GutzBusta
h-h-vip,Hitchley & Harrow
haas-cavaliere-brush,Haas
haas-diamond-gloss,Haas
haas-diamond-wurzel,Haas
haas-joker-hoof-pick,Haas
haas-mud-bud-sponge,Haas
haas-noir-small,Haas
haas-penetrating-bodybrush-ladies,Haas
haas-schimmel,Haas
haas-uta-gr-f-diva,Haas
haas-wash-brush,Haas
hairy-pony-2,Hairy
hairy-pony-2-in-1-horse-detangle-spray,Hairy
hairy-pony-anti,Hairy
hairy-pony-body-brush,Hairy
hairy-pony-brush-collection,Hairy
hairy-pony-brush-kit-original,Hairy
hairy-pony-brush-kit-original-no2,Hairy
hairy-pony-candle-gift-series,Hairy
hairy-pony-compressed-scrubbing-sponge,Hairy
hairy-pony-copper-bristle-body-brush,Hairy
hairy-pony-double-strength-purple-shampoo-500ml,Hairy
hairy-pony-essential-oil-coat-conditioner-100ml,Hairy
hairy-pony-essential-oil-coat-conditioner-1l,Hairy
hairy-pony-face-brush,Hairy
hairy-pony-flat-waxed-horse-plaiting-thread,Hairy
hairy-pony-flat-waxed-plaiting-thread-rainbow,Hairy
hairy-pony-gold-plated-sweat-scraper,Hairy
hairy-pony-grooming-bag,Hairy
hairy-pony-grooming-face-brush,Hairy
hairy-pony-grooming-hair-repair,Hairy
hairy-pony-grooming-mane-sectioning-comb,Hairy
hairy-pony-grooming-mane-tail-brush,Hairy
hairy-pony-grooming-microfibre-cloth,Hairy
hairy-pony-grooming-quarter-mark-brush,Hairy
hairy-pony-grooming-quarter-mark-comb,Hairy
hairy-pony-grooming-shimmer-spray,Hairy
hairy-pony-grooming-silky-serum,Hairy
hairy-pony-hair-repair-250ml,Hairy
hairy-pony-hair-repair-tub-250ml,Hairy
hairy-pony-kids-plaiting-apron-for-easy-grooming,Hairy
hairy-pony-luxury-horse-sweat-scraper,Hairy
hairy-pony-metal-brush,Hairy
hairy-pony-natural-shampoo-500ml,Hairy
hairy-pony-original-brush-kit,Hairy
hairy-pony-plaiting-apron,Hairy
hairy-pony-plaiting-kit,Hairy
hairy-pony-plaiting-needles-container-2-needles,Hairy
hairy-pony-purple-hair-repair-250ml,Hairy
hairy-pony-quater-mark-brush,Hairy
hairy-pony-sample-set-essential-grooming-kit,Hairy
hairy-pony-scissors-tail-trimming,Hairy
hairy-pony-shampoo-natural-kakadu-plum-500ml,Hairy
hairy-pony-straight-scissors,Hairy
hairy-pony-sweat-scraper-mini-rainbow,Hairy
hairy-pony-taming-wax-for-perfect-plaits,Hairy
hairy-pony-travel-caddy,Hairy
hairy-pony-wash-bay-brush,Hairy
hairy-pony-watermelon-detangle-shine-spray-125ml,Hairy
hairy-pony-watermelon-detangle-shine-spray-500ml,Hairy
hairy-pony-wool-brush,Hairy
hamag-3,Hamag
hamag-black-encrusted-crocheted-hair-net,Hamag
hamag-black-velvet-hair-scrunchie-with-crystals,Hamag
hamag-crocheted-hair-bun-net-with-diamantes,Hamag
hamag-crocheted-hair-bun-net-with-pearls,Hamag
hamag-crocheted-ribbon-hair-bun-net,Hamag
hamag-encrusted-crocheted-ribbon-hair-bun-net,Hamag
hamag-encrusted-crocheted-ribbon-hair-net-white,Hamag
hamag-hair-net-encrusted-crocheted-ribbon,Hamag
hamag-leather-bridle-number-holder-3-digit-black,Hamag
hamag-leather-bridle-number-holders,Hamag
hamag-leather-jodhpur-clips,Hamag
hamag-leather-number-holder-for-saddle-pad-brown,Hamag
hamag-leather-saddle-cloth-number-holders,Hamag
hamag-leather-saddlecloth-number-holder,Hamag
hamag-medical-armband-with-swarovski-crystals,Hamag
hamag-navy-blue-crocheted-hair-bun-net,Hamag
hamag-navy-blue-crocheted-hair-net-with-diamantes,Hamag
hamag-nylon-hair-net,Hamag
hamag-patent-leather-bridle-number-holder,Hamag
hamag-pearl-hair-pony-tail-holder-with-crystals,Hamag
hamag-pearl-hair-scrunchie-with-beads-crystals,Hamag
hamag-round-leather-3,Hamag
hamag-spare-number-insert-for-leather-holders-pair,Hamag
hamag-stallion-halter-disc-with-velcro,Hamag
heritage-bag-for-luggage-and-coats,Heritage
heritage-crochet-gloves-natural,Heritage
heritage-elite-glove-black,Heritage
heritage-performance-glove-purple,Heritage
heritage-performance-gloves,Heritage
heritage-power-glove-brown,Heritage
heritage-premier-glove-black,Heritage
hitchley-harrow-black-leather-plaited-belt,Hitchley & Harrow
hitchley-harrow-brandy-leather-plaited-belt,Hitchley & Harrow
hitchley-harrow-emerald-leather-plaited-belt,Hitchley & Harrow
hitchley-harrow-hoof-pick-hide-on-belt,Hitchley & Harrow
hitchley-harrow-leather-plaited-belt,Hitchley & Harrow
hitchley-harrow-log-book-cover,Hitchley & Harrow
hitchley-harrow-navy-leather-plaited-belt,Hitchley & Harrow
hitchley-harrow-p21-penny-coin-pendant,Hitchley & Harrow
hitchley-harrow-rancher-hide-on-belt,Hitchley & Harrow
hitchley-harrow-red-leather-plaited-belt,Hitchley & Harrow
hitchley-harrow-ss01-silver-hooves-bangle,Hitchley & Harrow
hitchley-harrow-ss25-stipple-hinged-bangle,Hitchley & Harrow
hitchley-harrow-ss26-bead-edge-hinged-bangle,Hitchley & Harrow
hitchley-harrow-ss28-hammered-hinged-bangle,Hitchley & Harrow
hitchley-harrow-ss30-solid-stirrup-pendant,Hitchley & Harrow
hitchley-harrow-tan-leather-plaited-belt,Hitchley & Harrow
hitchley-harrow-tan-log-book-cover,Hitchley & Harrow
horsemaster-anti-gall-two-buckle-girth-elastic-black,Horsemaster
horsemaster-canvas-combo-rug,Horsemaster
horsemaster-rug-oilskin-reproofer-375ml,Horsemaster
horsemaster-rug-oilskin-sheepskin-detergent-250ml,Horsemaster
horsemaster-rug-reproofer-insect-repellent-125ml,Horsemaster
horsemaster-slow-feed-ball-red,Horsemaster
horsemaster-slow-release-hay-feeder-bag,Horsemaster
horsemaster-thinning-scissors-6-5,Horsemaster
horsemaster-treat-ball-blue,Horsemaster
horze-ada-ladies-show-riding-jacket,Horze
horze-addison-womens-fleece-headband,Horze
horze-all-season-navy-gloves,Horze
horze-anya-full-seat-black-tights-for-ladies,Horze
horze-anya-full-seat-white-ladies-tights,Horze
horze-arina-full-grip-breeches,Horze
horze-basic-polygrip-glove-black,Horze
horze-cairo-infra,Horze
horze-caliber-tendon-boot-set-cob,Horze
horze-caliber-tendon-boots,Horze
horze-coventry-dressage-pad-cpi-full,Horze
horze-dea-jr-riding-tights,Horze
horze-ghent-brushing-boots-with-faux-fur,Horze
horze-grand-prix-silicon-grip-full-seat-breeches,Horze
horze-heavy-duty-haynet-black,Horze
horze-houston-gp-pad-vdb-f,Horze
horze-imitation-fur-pad,Horze
horze-junior-active-full,Horze
horze-keona-jr-crystal-beanie,Horze
horze-ladies-leather-mesh-gloves,Horze
horze-leighton-kids-ls-shirt,Horze
horze-lincoln-bell-boots-with-fur,Horze
horze-lola-kids-functional-training-shirt,Horze
horze-lunging-aid-for-effective-horse-training,Horze
horze-lunging-delta,Horze
horze-maddox-body-brush,Horze
horze-maddox-hoof-pick,Horze
horze-maddox-scraper,Horze
horze-matrix-toe-cage-black,Horze
horze-monster-body-brush,Horze
horze-open-nose-halter,Horze
horze-overreach-boots,Horze
horze-pile-lined-boots,Horze
horze-probell-boots,Horze
horze-protail-guard,Horze
horze-quilted-cap-vdb,Horze
horze-quilted-cap-vdb-jr,Horze
horze-rectangular-anti,Horze
horze-renya-riding-socks,Horze
horze-renya-socks,Horze
horze-romy-cap,Horze
horze-sade-summer-gloves,Horze
horze-sade-summer-gloves-junior,Horze
horze-scout-dandy-brush,Horze
horze-scoutface-brush,Horze
horze-selma-junior-hoodie,Horze
horze-stable-boots,Horze
horze-stable-boots-pro,Horze
horze-stanford-halter-and-lead-set-cob,Horze
horze-stella-rain-jacket,Horze
horze-supreme-cayman-flymask,Horze
horze-triton-galaxy-helmet-black-crystal,Horze
horze-triton-helmet,Horze
horze-valeria-kids-full-seat-riding-tights,Horze
horze-vera-womens-sweat-jacket,Horze
horze-winslow-tall-boots-black,Horze
huntington-black-gloss-helmet,Huntington
huntington-girls-pull,Huntington
huntington-goat-hair-body-brush,Huntington
huntington-goat-hair-face-brush,Huntington
huntington-hair-pins,Huntington
huntington-horse-gold-stock-pin,Huntington
huntington-hudson-black-riding-jacket-for-ladies,Huntington
huntington-hudson-navy-riding-jacket,Huntington
huntington-multi,Huntington
huntington-nicky-kwik-dry-riding-jacket-black-ladies,Huntington
huntington-olivia-show-shirt-with-diamantes,Huntington
huntington-pearl-brown-hair-net,Huntington
huntington-premier-show-gloves-black,Huntington
huntington-ruby-girls-full-gel-seat-jodhpurs,Huntington
huntington-satin-dressage-saddlecloth-turquoise,Huntington
huntington-stock-tie-snaffle-bit-white,Huntington
huntington-stock-tie-with-crystals-navy-binding,Huntington
huntington-stock-tie-with-double-row-crystals,Huntington
huntington-stock-tie-with-four-rows-of-crystals,Huntington
huntington-vented-umbrella,Huntington
in-silver-spray-on-bandage-for-horses-cattle-dogs-other-pets-animals,EAC Animal Care
inaba-cat-churu-pops-chicken-recipe,Inaba
inaba-cat-churu-pops-tuna-recipe,Inaba
inaba-cat-churu-tube-chicken-crab,Inaba
inaba-cat-churu-tube-chicken-recipe,Inaba
inaba-cat-churu-tube-chicken-scallop,Inaba
inaba-cat-churu-tube-chicken-shrimp,Inaba
inaba-cat-churu-tube-tuna-chicken-recipe,Inaba
inaba-cat-churu-tube-tuna-recipe,Inaba
inaba-cat-churu-tube-tuna-salmon-recipe,Inaba
inaba-cat-churu-tube-tuna-scallop-recipe,Inaba
inaba-cat-grilled-chicken-fillet-in-crab-broth-25g,Inaba
inaba-cat-grilled-tuna-fillet-in-calamari-broth,Inaba
inaba-cat-juicy-bites-shrimp-seafood-mix,Inaba
inaba-dog-churu-rolls-chicken-recipe-wrap,Inaba
ippico,Ippico
ippico-amello-sun-shirt-be-dazzled,Ippico
ippico-amello-sun-shirt-miami,Ippico
ivory-coat-gut-digestion-wet-cat-food-85gm-box-of-12,Ivory Coat
ivory-coat-health-vitality-wet-cat-food-85g-x-12,Ivory Coat
ivory-coat-indoor-hairball-control-cat-food-85gm-x12,Ivory Coat
ivory-coat-raw-health-cat-adult-oral-care-2kg,Ivory Coat
ivory-coat-raw-health-cat-adult-oral-care-4kg,Ivory Coat
ivory-coat-raw-health-cat-food-4kg,Ivory Coat
ivory-coat-raw-health-cat-kitten-immunity-2kg,Ivory Coat
ivory-coat-raw-health-indoor-hairball-cat-food-2kg,Ivory Coat
ivory-coat-raw-health-kitten-immunity-4kg,Ivory Coat
jeremy-lord-5-point-breastplate,Jeremy & Lord
jeremy-lord-5-point-leather-breastplate,Jeremy & Lord
jeremy-lord-black-leather-breastplate-martingale,Jeremy & Lord
jeremy-lord-figure-8-leather-noseband,Jeremy & Lord
jeremy-lord-leather-webb-reins,Jeremy & Lord
jeremy-lord-noseband-figure-8-leather-brown,Jeremy & Lord
jeremy-lord-padded-nappa-leather-reins,Jeremy & Lord
jeremy-lord-pony-padded-nappa-leather-reins,Jeremy & Lord
jeremy-lord-premier-leather-breastplate,Jeremy & Lord
jeremy-lord-rolled-leather-dog-collar-large-1-x-23,Jeremy & Lord
jeremy-lord-rolled-leather-dog-leash-182cm-16mm,Jeremy & Lord
jeremy-lord-rose-gold-leather-padded-headstall,Jeremy & Lord
jeremy-lord-soft-leather-headstall,Jeremy & Lord
joseph-lyddy-blac,Joseph Lyddy
joseph-lyddy-crib-stop-paste,Joseph Lyddy
joseph-lyddy-dry-proof-250ml,Joseph Lyddy
joseph-lyddy-dubbin,Joseph Lyddy
joseph-lyddy-dubbin-100-ml,Joseph Lyddy
joseph-lyddy-glycerine-saddle-soap-400gm,Joseph Lyddy
joseph-lyddy-leathaphane-500ml,Joseph Lyddy
joseph-lyddy-raven-oil-500ml,Joseph Lyddy
joseph-lyddy-saddle-soap-125gm,Joseph Lyddy
joseph-lyddy-tru-blue-medicated-spray,Joseph Lyddy
joseph-lyddy-water-stain-protect-200gm,Joseph Lyddy
kask-cavalleria-toscana-logo-helmet,KASK
kask-dogma-chrome,KASK
kask-dogma-chrome-everyrose,KASK
kask-dogma-chrome-pure-shine-wg11-swarovski-helmet,KASK
kask-dogma-hunter-helmet,KASK
kask-dogma-ii-inner-padding,KASK
kask-dogma-pure-shine,KASK
kask-horse-riding-helmet,KASK
kask-kooki-lady-helmet-matt,KASK
kask-lady-fit-horse-riding-helmet-system,KASK
kask-lateral-inserts-for-optimal-helmet-fit,KASK
kask-new-inner-padding-for-helmets,KASK
kask-star-lady,KASK
kask-star-lady-everyrose,KASK
kask-star-lady-hunter-helmet,KASK
kask-star-lady-jessica-springsteen-limited-edition-helmet,KASK
kask-star-lady-pure-shine,KASK
kask-star-lady-pure-shine-swarovski-frame,KASK
kask-star-lady-wg11,KASK
kask-star-lady-wg11-helmet,KASK
kazoo-active-dog-harness,Kazoo
kazoo-active-soft-bloom-burst-dog-harness,Kazoo
kazoo-active-soft-dog-harness,Kazoo
kazoo-adjustable-eco,Kazoo
kazoo-big-ears-mouse-cat-toy,Kazoo
kazoo-bird-perch-pumice-medium,Kazoo
kazoo-bird-toy-cardboard-activity-box-with-bell,Kazoo
kazoo-bird-toy-small-plastic-ball-bell,Kazoo
kazoo-bird-toy-with-zig-zag-chips-bell,Kazoo
kazoo-bluebird-wand-cat-toy,Kazoo
kazoo-bouncy-fish-cat-toy,Kazoo
kazoo-butterfly-kicker-cat-toy,Kazoo
kazoo-buzzing-bee-cat-toy,Kazoo
kazoo-car-boot-liner,Kazoo
kazoo-car-seat-cover-for-dogs,Kazoo
kazoo-cat-grooming-brush-soft,Kazoo
kazoo-cat-grooming-comb,Kazoo
kazoo-cat-toy-bouncy-bee,Kazoo
kazoo-cat-toy-butterfly-buddies,Kazoo
kazoo-cat-toy-butterfly-high-wand,Kazoo
kazoo-cat-toy-buzzing-bug,Kazoo
kazoo-cat-toy-cactus-garden,Kazoo
kazoo-cat-toy-cactus-kicker,Kazoo
kazoo-cat-toy-cheeky-chicken,Kazoo
kazoo-cat-toy-chirpy-bird,Kazoo
kazoo-cat-toy-crinkle-ladybug,Kazoo
kazoo-cat-toy-crinkle-unicorn,Kazoo
kazoo-cat-toy-crinkly-pineapple,Kazoo
kazoo-cat-toy-fantail-bird-wand,Kazoo
kazoo-cat-toy-fluffy-rainbow-tail,Kazoo
kazoo-cat-toy-flutterby,Kazoo
kazoo-cat-toy-flying-mouse-wand,Kazoo
kazoo-cat-toy-garden-treats,Kazoo
kazoo-cat-toy-gone-fishing,Kazoo
kazoo-cat-toy-hungry-caterpillar,Kazoo
kazoo-cat-toy-icecream-vibes,Kazoo
kazoo-cat-toy-kitty-barrel-rattle,Kazoo
kazoo-cat-toy-kitty-jingle-ball,Kazoo
kazoo-cat-toy-kitty-treat-ball,Kazoo
kazoo-cat-toy-kitty-wicker-ball,Kazoo
kazoo-cat-toy-koala-cuddles,Kazoo
kazoo-cat-toy-move-it-mouse,Kazoo
kazoo-cat-toy-noisy-mouse,Kazoo
kazoo-cat-toy-pinky-mouse,Kazoo
kazoo-cat-toy-playful-avocado,Kazoo
kazoo-cat-toy-racer-mouse,Kazoo
kazoo-cat-toy-scruffy-mouse,Kazoo
kazoo-cat-toy-sea-turtle,Kazoo
kazoo-cat-toy-snappy-lobster,Kazoo
kazoo-cat-toy-sneaky-mouse,Kazoo
kazoo-cat-toy-springy-snake,Kazoo
kazoo-cat-toy-squishy-fish,Kazoo
kazoo-cat-toy-squishy-squirrel,Kazoo
kazoo-cat-toy-streamer-fish-wand,Kazoo
kazoo-cat-toy-topsy-turtle-with-catnip-silvervine,Kazoo
kazoo-cat-toy-velcro-worm,Kazoo
kazoo-cat-toy-watermelon-wedge,Kazoo
kazoo-catnip-butterfly-wand,Kazoo
kazoo-circle-slider-interactive-dog-puzzle-toy,Kazoo
kazoo-classic-car-seat-belt-connector,Kazoo
kazoo-classic-dog-harness,Kazoo
kazoo-classic-dog-harness-blue,Kazoo
kazoo-click-clack-25mm-seat-belt-connector,Kazoo
kazoo-cloud-cushion-bed-for-dogs,Kazoo
kazoo-cloud-cushion-cool-grey-large-bed-for-dogs,Kazoo
kazoo-crinkle-ball-bell,Kazoo
kazoo-crinkle-bug-cat-toy,Kazoo
kazoo-crinkle-mouse-cat-toy,Kazoo
kazoo-crinkle-paper-50gm,Kazoo
kazoo-dog-collar-active-adjustable-aqua-purple,Kazoo
kazoo-dog-collar-active-adjustable-bloom-burst,Kazoo
kazoo-dog-collar-active-adjustable-ocean-sunrise,Kazoo
kazoo-dog-collar-active-adjustable-purple-lime,Kazoo
kazoo-dog-collar-active-adjustable-silver-pink,Kazoo
kazoo-dog-collar-active-aqua-purple,Kazoo
kazoo-dog-collar-active-bloom-burst,Kazoo
kazoo-dog-collar-active-ocean-sunrise,Kazoo
kazoo-dog-collar-active-purple-lime,Kazoo
kazoo-dog-collar-active-silver-pink,Kazoo
kazoo-dog-collar-active-slate-orange,Kazoo
kazoo-dog-collar-classic-adjustable-black,Kazoo
kazoo-dog-collar-classic-adjustable-blue,Kazoo
kazoo-dog-collar-classic-adjustable-pink,Kazoo
kazoo-dog-collar-classic-adjustable-red,Kazoo
kazoo-dog-collar-classic-black,Kazoo
kazoo-dog-collar-classic-blue,Kazoo
kazoo-dog-collar-classic-pink,Kazoo
kazoo-dog-collar-classic-red,Kazoo
kazoo-dog-harness-active-bloom-burst,Kazoo
kazoo-dog-harness-active-purple-lime,Kazoo
kazoo-dog-harness-active-silver-pink,Kazoo
kazoo-dog-harness-active-soft-bloom-burst,Kazoo
kazoo-dog-harness-active-soft-purple-lime,Kazoo
kazoo-dog-harness-soft-classic-blue,Kazoo
kazoo-dog-harness-soft-classic-red,Kazoo
kazoo-dog-leash-active-aqua-purple-1200mm,Kazoo
kazoo-dog-leash-active-aqua-purple-1800mm,Kazoo
kazoo-dog-leash-active-bloom-burst-1200mm,Kazoo
kazoo-dog-leash-active-bloom-burst-1800mm,Kazoo
kazoo-dog-leash-active-ocean-sunrise-1200mm,Kazoo
kazoo-dog-leash-active-ocean-sunrise-1800mm,Kazoo
kazoo-dog-leash-active-purple-lime-1200mm,Kazoo
kazoo-dog-leash-active-purple-lime-1800mm,Kazoo
kazoo-dog-leash-active-silver-pink-1200mm,Kazoo
kazoo-dog-leash-active-silver-pink-1800mm,Kazoo
kazoo-dog-leash-active-slate-orange-1200mm,Kazoo
kazoo-dog-leash-active-slate-orange-1800mm,Kazoo
kazoo-dog-leash-classic-aqua-1200mm,Kazoo
kazoo-dog-leash-classic-aqua-1800mm,Kazoo
kazoo-dog-leash-classic-black-1200mm,Kazoo
kazoo-dog-leash-classic-black-1800mm,Kazoo
kazoo-dog-leash-classic-blue-1200mm,Kazoo
kazoo-dog-leash-classic-blue-1800mm,Kazoo
kazoo-dog-leash-classic-pink-1200mm,Kazoo
kazoo-dog-leash-classic-pink-1800mm,Kazoo
kazoo-dog-leash-classic-red-1200mm,Kazoo
kazoo-dog-leash-classic-red-1800mm,Kazoo
kazoo-dog-rug-adventure-black,Kazoo
kazoo-dog-rug-adventure-cherry,Kazoo
kazoo-dog-rug-adventure-river,Kazoo
kazoo-dog-rug-armadillo-jacket-charcoal,Kazoo
kazoo-dog-rug-aussie-oilskin-black,Kazoo
kazoo-dog-rug-blue-cloud-cable-knit,Kazoo
kazoo-dog-rug-eco-adventure-quartz,Kazoo
kazoo-dog-rug-greyhound-softie-grey,Kazoo
kazoo-dog-rug-reversible-puffer-black-silver,Kazoo
kazoo-dog-rug-reversible-puffer-red-blue,Kazoo
kazoo-dog-rug-vovo-puffer-seabreeze,Kazoo
kazoo-dog-toy-ball-sports-sponge-assorted,Kazoo
kazoo-dog-toy-barney-the-dog-medium,Kazoo
kazoo-dog-toy-braided-rope-figure-eight-tug,Kazoo
kazoo-dog-toy-braided-rope-knot-ball,Kazoo
kazoo-dog-toy-braided-rope-knot-bone,Kazoo
kazoo-dog-toy-braided-rope-sling-knot-ball,Kazoo
kazoo-dog-toy-braided-rope-sling-tennis-ball,Kazoo
kazoo-dog-toy-chew-treat-enrichment-ball-large,Kazoo
kazoo-dog-toy-chomp-the-turtle-medium,Kazoo
kazoo-dog-toy-eco-friendly-ball-thrower-medium,Kazoo
kazoo-dog-toy-extreme-play-chew-stick-large,Kazoo
kazoo-dog-toy-extreme-play-chew-stick-medium,Kazoo
kazoo-dog-toy-extreme-play-duraball-large,Kazoo
kazoo-dog-toy-extreme-play-duraball-medium,Kazoo
kazoo-dog-toy-extreme-play-tough-footy-large,Kazoo
kazoo-dog-toy-extreme-play-tough-footy-medium,Kazoo
kazoo-dog-toy-farm-friends-mini,Kazoo
kazoo-dog-toy-frisbee,Kazoo
kazoo-dog-toy-furries-funky-cow-medium,Kazoo
kazoo-dog-toy-furries-funky-donkey-medium,Kazoo
kazoo-dog-toy-furries-funky-elephant-medium,Kazoo
kazoo-dog-toy-furries-funky-horse-medium,Kazoo
kazoo-dog-toy-furries-funky-pig-medium,Kazoo
kazoo-dog-toy-furries-funky-rhino-medium,Kazoo
kazoo-dog-toy-furries-lazy-ox,Kazoo
kazoo-dog-toy-furries-long-eared-bunny,Kazoo
kazoo-dog-toy-furries-long-eared-donkey,Kazoo
kazoo-dog-toy-furries-long-eared-elephant-large,Kazoo
kazoo-dog-toy-furries-long-eared-elephant-medium,Kazoo
kazoo-dog-toy-furries-long-eared-elephant-small,Kazoo
kazoo-dog-toy-happy-the-bird-medium,Kazoo
kazoo-dog-toy-latex-brontosaurus-natural-large,Kazoo
kazoo-dog-toy-latex-brontosaurus-pink-medium,Kazoo
kazoo-dog-toy-latex-burger-medium,Kazoo
kazoo-dog-toy-latex-chicken,Kazoo
kazoo-dog-toy-latex-chicken-foot-giant,Kazoo
kazoo-dog-toy-latex-chicken-foot-medium,Kazoo
kazoo-dog-toy-latex-coffee-cup-medium,Kazoo
kazoo-dog-toy-latex-crocodile,Kazoo
kazoo-dog-toy-latex-donkey,Kazoo
kazoo-dog-toy-latex-donkey-grey-medium,Kazoo
kazoo-dog-toy-latex-duck,Kazoo
kazoo-dog-toy-latex-fries-medium,Kazoo
kazoo-dog-toy-latex-hotdog-medium,Kazoo
kazoo-dog-toy-latex-macaroon-medium,Kazoo
kazoo-dog-toy-latex-pig,Kazoo
kazoo-dog-toy-latex-smiling-bull-orange-large,Kazoo
kazoo-dog-toy-latex-smiling-crocodile-green-small,Kazoo
kazoo-dog-toy-latex-smiling-hippo-blue-medium,Kazoo
kazoo-dog-toy-latex-snake,Kazoo
kazoo-dog-toy-latex-stegosaurus-green-medium,Kazoo
kazoo-dog-toy-latex-stegosaurus-natural-large,Kazoo
kazoo-dog-toy-latex-triceratops-blue-medium,Kazoo
kazoo-dog-toy-latex-triceratops-natural-large,Kazoo
kazoo-dog-toy-latex-unicorn-medium,Kazoo
kazoo-dog-toy-mittens-the-kitten-medium,Kazoo
kazoo-dog-toy-puppy-teether,Kazoo
kazoo-dog-toy-rocket-the-fish-medium,Kazoo
kazoo-dog-toy-tennis-ball,Kazoo
kazoo-dog-toy-tennis-ball-squeaky-medium,Kazoo
kazoo-dog-toy-tennis-ball-suits-thrower-medium,Kazoo
kazoo-dog-toy-tennis-ball-suits-thrower-small,Kazoo
kazoo-dog-toy-the-kazoo-krew-mini,Kazoo
kazoo-dog-toy-toothy-tug-tyre-large,Kazoo
kazoo-dog-toy-toothy-tug-tyre-medium,Kazoo
kazoo-dog-toy-toothy-tyre-large,Kazoo
kazoo-dog-toy-toothy-tyre-medium,Kazoo
kazoo-dog-toy-tough-bear,Kazoo
kazoo-dog-toy-tough-cow,Kazoo
kazoo-dog-toy-tough-giraffe,Kazoo
kazoo-dog-toy-tough-raccoon,Kazoo
kazoo-dog-toy-twisted-rope-figure-eight-tug,Kazoo
kazoo-dog-toy-twisted-rope-knot-ball,Kazoo
kazoo-dog-toy-twisted-rope-knot-bone,Kazoo
kazoo-dog-toy-twisted-rope-sling-knot-ball,Kazoo
kazoo-dog-toy-vivi-the-bunny-medium,Kazoo
kazoo-double,Kazoo
kazoo-eco,Kazoo
kazoo-eco-adventure-dog-rug,Kazoo
kazoo-floppy-frog-cat-toy,Kazoo
kazoo-fluffy-llama-cat-toy-with-catnip,Kazoo
kazoo-furries-lazy-dog-toy,Kazoo
kazoo-furries-lazy-hippo-dog-toy,Kazoo
kazoo-grooming-comb-flea,Kazoo
kazoo-grooming-comb-moulting,Kazoo
kazoo-grooming-comb-strong-comfortable,Kazoo
kazoo-grooming-deshedder,Kazoo
kazoo-grooming-grooming-glove,Kazoo
kazoo-grooming-hair-dematter-coarse,Kazoo
kazoo-grooming-kit-ear-and-face-care,Kazoo
kazoo-grooming-knot-remover,Kazoo
kazoo-grooming-mitt,Kazoo
kazoo-grooming-nail-clip-deluxe,Kazoo
kazoo-grooming-nail-clip-guillotine,Kazoo
kazoo-grooming-nail-puppy,Kazoo
kazoo-grooming-rake,Kazoo
kazoo-grooming-scissors-grooming,Kazoo
kazoo-grooming-scissors-thinning,Kazoo
kazoo-grooming-shampoo-brush,Kazoo
kazoo-grooming-shedding-tool,Kazoo
kazoo-grooming-slicker,Kazoo
kazoo-grumpy-rabbit-cat-toy,Kazoo
kazoo-hooty-owl-cat-toy-with-catnip,Kazoo
kazoo-hungry-bunny-cat-toy,Kazoo
kazoo-jungle-sloth-cat-toy,Kazoo
kazoo-kangaroo-liver-chips-220gm,Kazoo
kazoo-kangaroo-sausage-bites-200gm,Kazoo
kazoo-kangaroo-shin-bone-dog-treat,Kazoo
kazoo-kangaroo-steak-strips-170gm,Kazoo
kazoo-kangaroo-tail-dog-treat,Kazoo
kazoo-kitty-craves-anchovies-100gm,Kazoo
kazoo-kitty-streamer-ball,Kazoo
kazoo-lamb-lung-crisp-dog-treats-150gm,Kazoo
kazoo-large-wicker-ball-bell-bird-toy,Kazoo
kazoo-long-legged-sloth-cat-toy,Kazoo
kazoo-love-a-llama-cat-toy,Kazoo
kazoo-noisy-busy-bee-cat-toy,Kazoo
kazoo-outside-jumbo-bird-feeder,Kazoo
kazoo-pop-up-pet-travel-crate,Kazoo
kazoo-premium-travel-crate,Kazoo
kazoo-prime-cuts-chicken-necks-500gm,Kazoo
kazoo-prime-cuts-chicken-wing-500gm,Kazoo
kazoo-prime-cuts-chicken-wing-dog-treats-4-pack,Kazoo
kazoo-prime-cuts-pig-ears-12pack,Kazoo
kazoo-prime-cuts-pork-bone-dog-treat,Kazoo
kazoo-prime-cuts-puffy-pig-snouts,Kazoo
kazoo-prime-cuts-shark-cartilage-dog-treats-400g,Kazoo
kazoo-rabbit-drink-bottle-800ml,Kazoo
kazoo-rainbow-sisal-tower-medium-bird-toy,Kazoo
kazoo-rawhide-natural-twisted-stick-13cm,Kazoo
kazoo-rawhide-pressed-bone-11cm,Kazoo
kazoo-rawhide-pressed-bone-20cm-pack-of-4,Kazoo
kazoo-rawhide-pressed-stick-12cm,Kazoo
kazoo-rawhide-pressed-stick-20cm-pack-of-10,Kazoo
kazoo-ripple-fish-wand-playful-cat-toy,Kazoo
kazoo-scruffy-cactus-cat-toy,Kazoo
kazoo-sleepy-sloth-cat-toy-with-catnip,Kazoo
kazoo-small-bird-toy-acrylic-bell-wicker-rings,Kazoo
kazoo-soft-classic-pink-dog-harness,Kazoo
kazoo-soft-puppy-grooming-brush,Kazoo
kazoo-spotty-snake-wand-cat-toy,Kazoo
kazoo-squinty-sheep-cat-toy-with-silvervine,Kazoo
kazoo-thrice-the-mice-cat-toy,Kazoo
kazoo-tough-kangaroo-dog-toy,Kazoo
kazoo-tough-koala-dog-toy,Kazoo
kazoo-treat-dog-prime-cuts-beef-lung-cubes-150gm,Kazoo
kazoo-treat-dog-prime-cuts-beef-lung-cubes-500gm,Kazoo
kazoo-treat-dog-prime-cuts-beef-tendon-500gm,Kazoo
kazoo-treat-dog-prime-cuts-chicken-breast-100gm,Kazoo
kazoo-treat-dog-prime-cuts-chicken-breast-300gm,Kazoo
kazoo-treat-dog-prime-cuts-chicken-feet-500gm,Kazoo
kazoo-treat-dog-prime-cuts-chicken-necks-240gm,Kazoo
kazoo-treat-dog-prime-cuts-cow-ears-8pack,Kazoo
kazoo-treat-dog-prime-cuts-lamb-lung-crisp-80gm,Kazoo
kazoo-treat-dog-prime-cuts-lamb-sausage-200gm,Kazoo
kazoo-treat-dog-prime-cuts-lamb-shank-2piece,Kazoo
kazoo-treat-dog-prime-cuts-pig-trotters-3pack,Kazoo
kazoo-treat-dog-prime-cuts-shark-cartilage-100gm,Kazoo
kazoo-treat-rawhide-pressed-bone-30cm-pack-of-1,Kazoo
kazoo-triangle-turn-interactive-puzzle-dog-toy,Kazoo
kazoo-twisted-rope-sling-tennis-ball-dog-toy,Kazoo
kazoo-wobble-duck-cat-toy,Kazoo
kazoo-wobble-mouse-cat-toy,Kazoo
kelato-amino-gloss-shampoo-1-litre,Kelato
kelato-amino-gloss-shampoo-5l,Kelato
kelato-aminogloss-the-ultimate-horse-shampoo,Kelato
kelato-appetite-stimulant-946ml,Kelato
kelato-bandage-adhesive-kelatowrap-7-5cm,Kelato
kelato-betacalm-2kg-calming-supplement,Kelato
kelato-betacalm-4kg,Kelato
kelato-betacalm-600gm,Kelato
kelato-betacalm-paste-30gm,Kelato
kelato-betamare-946ml,Kelato
kelato-betamare-supplement-for-horses,Kelato
kelato-biotinmax-concentrate-2-5kg,Kelato
kelato-biotinmax-concentrate-800mg,Kelato
kelato-cotton-wool-gauze-roll,Kelato
kelato-cotton-wool-gauze-roll-250gm-15cm-x-3m,Kelato
kelato-cotton-wool-gauze-roll-500gm,Kelato
kelato-cotton-wool-roll-375g,Kelato
kelato-gastro-aid-everyday-1-68kg,Kelato
kelato-gastro-aid-recovery-5-2kg,Kelato
kelato-gastroaid-everyday,Kelato
kelato-gastroaid-recovery,Kelato
kelato-heel-care-lotion-for-greasy-skin,Kelato
kelato-hoofprime-900ml,Kelato
kelato-kelatolyte-3kg-electrolyte-solution,Kelato
kelato-loosen-up-2kg-muscular-support,Kelato
kelato-muscle-guard-30gm-paste,Kelato
kelato-nutriflex-1kg-joint-support-supplement,Kelato
kelato-prime-hoof-care,Kelato
kelato-quikheal-200gm,Kelato
kelato-red-hot-liquid-1l,Kelato
kelato-red-hot-paste,Kelato
kelato-red-hot-paste-500g,Kelato
kelato-revolve-equine-dewormer,Kelato
kelato-swelldown-poultice-10-4kg,Kelato
kelato-swelldown-poultice-2-2kg,Kelato
kelato-zanobolic,Kelato
kelato-zanobolic-500gm-supplement,Kelato
kelly-herd-14k-gold-three-stone-horseshoe-ring,Kelly Herd
kelly-herd-6mm-bit-ring,Kelly Herd
kelly-herd-blue-clear-horseshoe-earrings,Kelly Herd
kelly-herd-blue-clear-horseshoe-ring,Kelly Herd
kelly-herd-blue-stone-horsehose-ring,Kelly Herd
kelly-herd-clear-stones-horseshoe-bit-ring,Kelly Herd
kelly-herd-contemporary-buckle-ring,Kelly Herd
kelly-herd-dancing-stone-horseshoe-pendant,Kelly Herd
kelly-herd-dancing-stone-horseshoe-ring,Kelly Herd
kelly-herd-dangle-horseshoe-earrings,Kelly Herd
kelly-herd-dream-catcher-earrings,Kelly Herd
kelly-herd-dream-catcher-necklace,Kelly Herd
kelly-herd-earrings-blue-stone-horseshoe,Kelly Herd
kelly-herd-earrings-clear-horseshoe-earrings,Kelly Herd
kelly-herd-earrings-ear-tag-jacket,Kelly Herd
kelly-herd-earrings-eggbutt-dangle,Kelly Herd
kelly-herd-earrings-engraved-stirrup,Kelly Herd
kelly-herd-earrings-horseshoe-nail,Kelly Herd
kelly-herd-earrings-oxbow-stirrup-post-back,Kelly Herd
kelly-herd-earrings-pav-horseshoe,Kelly Herd
kelly-herd-earrings-reining-horse,Kelly Herd
kelly-herd-earrings-stud-with-stirrup-jackets,Kelly Herd
kelly-herd-earrings-turquoise-dangle,Kelly Herd
kelly-herd-earrings-turquoise-drop,Kelly Herd
kelly-herd-large-stirrup-stud-earrings,Kelly Herd
kelly-herd-longhorn-earrings,Kelly Herd
kelly-herd-mesh-bit-bracelet,Kelly Herd
kelly-herd-necklace-blue-clear-horseshoe,Kelly Herd
kelly-herd-necklace-clear-horseshoe,Kelly Herd
kelly-herd-necklace-dancing-stirrup,Kelly Herd
kelly-herd-necklace-eggbutt-bit,Kelly Herd
kelly-herd-necklace-english-stirrup-large,Kelly Herd
kelly-herd-necklace-english-stirrup-small,Kelly Herd
kelly-herd-necklace-large-barrel-racing-pendant,Kelly Herd
kelly-herd-necklace-large-western-pleasure-horse,Kelly Herd
kelly-herd-necklace-longhorn-skull,Kelly Herd
kelly-herd-necklace-multi-horseshoe,Kelly Herd
kelly-herd-necklace-pav-circle-nail-pendant,Kelly Herd
kelly-herd-necklace-rose-gold-plated-horseshoe,Kelly Herd
kelly-herd-necklace-shimmering-feather,Kelly Herd
kelly-herd-necklace-small-barrel-racing-pendant,Kelly Herd
kelly-herd-necklace-small-ear-tag-pendant,Kelly Herd
kelly-herd-necklace-small-longhorn,Kelly Herd
kelly-herd-necklace-small-western-pleasure-horse,Kelly Herd
kelly-herd-necklace-turquoise-drop-pendant,Kelly Herd
kelly-herd-necklace-western-boot,Kelly Herd
kelly-herd-offset-bit-ring-sterling-silver-size-7,Kelly Herd
kelly-herd-offset-horseshoe-ring,Kelly Herd
kelly-herd-oxbow-stirrup-necklace,Kelly Herd
kelly-herd-pav-horseshoe-nail-ring,Kelly Herd
kelly-herd-princess-cut-three-stone-ring,Kelly Herd
kelly-herd-rose-gold-plated-horseshoe-stud-earrings,Kelly Herd
kelly-herd-shimmering-feather-earrings,Kelly Herd
kelly-herd-small-english-stirrup-bracelet,Kelly Herd
kelly-herd-small-longhorn-tie-tack,Kelly Herd
kelly-herd-snaffle-bit-necklace,Kelly Herd
kelly-herd-sterling-silver-reining-horse-pendant,Kelly Herd
kelly-herd-sterling-silver-riding-boot-necklace,Kelly Herd
kelly-herd-sterling-silver-size-7-ring,Kelly Herd
kelly-herd-two-tone-engraved-stirrup-necklace,Kelly Herd
kelly-herd-western-pleasure-horse-earrings,Kelly Herd
kentucky,Kentucky
kentucky-4,Kentucky
kentucky-absorb-saddle-pads,Kentucky
kentucky-achilles-gel-socks,Kentucky
kentucky-air-tech-eventing-front-boots,Kentucky
kentucky-air-tech-eventing-hind-boots,Kentucky
kentucky-air-tech-overreach-boots,Kentucky
kentucky-anatomic-halter-replacement-head-piece,Kentucky
kentucky-basic-velvet-saddle-pad,Kentucky
kentucky-control-halter,Kentucky
kentucky-cryo-ice-boots,Kentucky
kentucky-dark-navy-leather-horse-fly-veil,Kentucky
kentucky-deep-fetlock-boots,Kentucky
kentucky-dressage-saddle-pad-pearls,Kentucky
kentucky-dressage-saddle-pads,Kentucky
kentucky-ear-bonnet,Kentucky
kentucky-ear-bonnet-for-horses,Kentucky
kentucky-equine-research-b,Kentucky
kentucky-equine-research-b-quiet-1-5kg,Kentucky
kentucky-equine-research-b-quiet-paste-2pack-2-x-30gm,Kentucky
kentucky-fetlock-moonboots,Kentucky
kentucky-fishbone-dressage-pad,Kentucky
kentucky-fishbone-jumping-saddle-pad,Kentucky
kentucky-fly-mask-classic-with-ears-nose,Kentucky
kentucky-fly-mask-classic-without-ears,Kentucky
kentucky-fly-mask-slim-fit,Kentucky
kentucky-flyveil-wellington-leather,Kentucky
kentucky-flyveil-wellington-velvet,Kentucky
kentucky-glitter-rope-dressage-saddle-pad,Kentucky
kentucky-glitter-stone-jumping-saddle-pad,Kentucky
kentucky-grooming-backpack,Kentucky
kentucky-grooming-bag-kit,Kentucky
kentucky-horse-rug,Kentucky
kentucky-horse-rug-with-400g-stable-protection,Kentucky
kentucky-horse-rug-with-skin-friendly-under-layer,Kentucky
kentucky-horsewear-absorb-half-pad,Kentucky
kentucky-horsewear-achilles-gel-socks,Kentucky
kentucky-horsewear-air-fetlock-boots,Kentucky
kentucky-horsewear-air-tech-eventing-boots,Kentucky
kentucky-horsewear-air-tendon-boots,Kentucky
kentucky-horsewear-air-turnout-boots,Kentucky
kentucky-horsewear-anatomic-half-pad-absorb,Kentucky
kentucky-horsewear-anatomic-halter,Kentucky
kentucky-horsewear-anatomic-sheepskin-girth,Kentucky
kentucky-horsewear-anatomic-sheepskin-girth-cover,Kentucky
kentucky-horsewear-baseball-cap,Kentucky
kentucky-horsewear-basic-socks,Kentucky
kentucky-horsewear-basic-velvet-saddle-pad,Kentucky
kentucky-horsewear-brass-plate,Kentucky
kentucky-horsewear-chestnut-backpack,Kentucky
kentucky-horsewear-classic-saddle-pad,Kentucky
kentucky-horsewear-colour-edition-jump-saddle-pad,Kentucky
kentucky-horsewear-control-halter,Kentucky
kentucky-horsewear-corduroy-saddle-pad,Kentucky
kentucky-horsewear-deep-fetlock-boot,Kentucky
kentucky-horsewear-deep-fetlock-boots,Kentucky
kentucky-horsewear-ear-bonnet-big-stone-pearl,Kentucky
kentucky-horsewear-ear-bonnet-wellington-stone-pearl,Kentucky
kentucky-horsewear-ear-bonnet-wellington-wave,Kentucky
kentucky-horsewear-elastic-fetlock-boots,Kentucky
kentucky-horsewear-fetlock-boots-elastic,Kentucky
kentucky-horsewear-fleece-cooler-neck-rug,Kentucky
kentucky-horsewear-fleece-cooler-rug,Kentucky
kentucky-horsewear-fly-mask-pro,Kentucky
kentucky-horsewear-fly-mask-slim-fit,Kentucky
kentucky-horsewear-glitter-fleece-bandages,Kentucky
kentucky-horsewear-glitter-rope-pony-saddle-pad,Kentucky
kentucky-horsewear-glitter-stones-halter,Kentucky
kentucky-horsewear-half-pad-correction-impact,Kentucky
kentucky-horsewear-half-pad-impact-equalizer,Kentucky
kentucky-horsewear-half-pad-intelligent-absorb,Kentucky
kentucky-horsewear-heavy-fleece-rug,Kentucky
kentucky-horsewear-horse-bib-summer,Kentucky
kentucky-horsewear-horse-bib-waterproof,Kentucky
kentucky-horsewear-horse-bib-winter,Kentucky
kentucky-horsewear-intelligent-absorb-saddle-cloth,Kentucky
kentucky-horsewear-leather-fetlock-boots,Kentucky
kentucky-horsewear-leather-grooming-halter,Kentucky
kentucky-horsewear-leather-halter,Kentucky
kentucky-horsewear-leather-rope-halter,Kentucky
kentucky-horsewear-lucky-charms-bullet,Kentucky
kentucky-horsewear-lucky-charms-drop,Kentucky
kentucky-horsewear-mesh-cooler-combo-show-rug,Kentucky
kentucky-horsewear-mesh-fly-combo,Kentucky
kentucky-horsewear-moonboots,Kentucky
kentucky-horsewear-moonboots-air-elastic,Kentucky
kentucky-horsewear-moonboots-air-x-elastic,Kentucky
kentucky-horsewear-moonboots-max,Kentucky
kentucky-horsewear-overreach-boots-solimbra,Kentucky
kentucky-horsewear-pastern-wraps,Kentucky
kentucky-horsewear-plaited-nylon-halter,Kentucky
kentucky-horsewear-plaited-nylon-lead,Kentucky
kentucky-horsewear-polar-fleece-bandages,Kentucky
kentucky-horsewear-polar-fleece-elastic-bandages-set,Kentucky
kentucky-horsewear-polar-fleece-velvet-bandages,Kentucky
kentucky-horsewear-polo-bandages-set-of-4,Kentucky
kentucky-horsewear-pony-leather-colour-edition-saddle-pad-show-jump,Kentucky
kentucky-horsewear-recuptex-magnetic-horse-boots,Kentucky
kentucky-horsewear-recuptex-texishield-bandage-wrap-pair,Kentucky
kentucky-horsewear-relax-horse-toy,Kentucky
kentucky-horsewear-repellent-stable-bandages,Kentucky
kentucky-horsewear-repellent-working-bandages,Kentucky
kentucky-horsewear-saddle-pad,Kentucky
kentucky-horsewear-saddle-pad-leather-fishbone,Kentucky
kentucky-horsewear-sheepskin-fetlock-boots-elastic,Kentucky
kentucky-horsewear-sheepskin-girth,Kentucky
kentucky-horsewear-sheepskin-halter,Kentucky
kentucky-horsewear-stable-bag,Kentucky
kentucky-horsewear-tendon-boot-bamboo-elastic,Kentucky
kentucky-horsewear-tendon-boot-velcro,Kentucky
kentucky-horsewear-vegan-sheepskin-young-horse-fetlock-boot,Kentucky
kentucky-horsewear-velvet-brushing-boots,Kentucky
kentucky-horsewear-velvet-halter,Kentucky
kentucky-horsewear-velvet-polar-fleece-bandages,Kentucky
kentucky-horsewear-velvet-show-rug,Kentucky
kentucky-horsewear-waterproof-saddle-cover,Kentucky
kentucky-horsewear-wellington-ear-bonnet,Kentucky
kentucky-horsewear-young-horse-fetlock-boot,Kentucky
kentucky-horsewears-polar-fleece-bandages,Kentucky
kentucky-jumping-saddle-pad-pearls,Kentucky
kentucky-knee-tendon-boots,Kentucky
kentucky-lead-rope,Kentucky
kentucky-leather-anatomic-halter,Kentucky
kentucky-leather-brushing-boots,Kentucky
kentucky-leather-colour-edition-dressage-saddle-pad,Kentucky
kentucky-leather-colour-edition-saddle-pad,Kentucky
kentucky-leather-overreach-bell-boots,Kentucky
kentucky-long-stone-and-pearl-soundless-fly-veil,Kentucky
kentucky-moonboots-air-velcro,Kentucky
kentucky-moonboots-air-x,Kentucky
kentucky-moonboots-fetlock-boots,Kentucky
kentucky-nylon-sheepskin-halter,Kentucky
kentucky-plaited-nylon-lead-rope,Kentucky
kentucky-quarter-guard,Kentucky
kentucky-quarter-rug-heavy-fleece,Kentucky
kentucky-recuptex-stable-boots,Kentucky
kentucky-rope-leather-halter,Kentucky
kentucky-rug-tail-cord,Kentucky
kentucky-saddle-cover,Kentucky
kentucky-saddle-pad-3d-logo-onion-quilt-jumping,Kentucky
kentucky-saddle-pad-fishbone,Kentucky
kentucky-saddle-pad-glitter-stones-dressage,Kentucky
kentucky-saddle-pad-glitter-stones-jumping,Kentucky
kentucky-saddle-pad-leather-dressage,Kentucky
kentucky-saddle-pad-pearls-dressage,Kentucky
kentucky-saddle-pad-pearls-jumping,Kentucky
kentucky-saddle-pad-pied,Kentucky
kentucky-saddle-pad-velvet-show-jumping,Kentucky
kentucky-sheepskin-anatomic-half-pad-absorb,Kentucky
kentucky-sheepskin-anatomic-short-girth,Kentucky
kentucky-sheepskin-breastplate-cover,Kentucky
kentucky-sheepskin-half-pad-absorb-special,Kentucky
kentucky-sheepskin-leather-overreach-boots,Kentucky
kentucky-sheepskin-leather-tendon-boots,Kentucky
kentucky-sheepskin-noseband-cover,Kentucky
kentucky-sheepskin-overreach-boots,Kentucky
kentucky-sheepskin-pastern-wrap,Kentucky
kentucky-sheepskin-rug-bib-chest-protection,Kentucky
kentucky-sheepskin-rug-bib-wither-protection,Kentucky
kentucky-sheepskin-short-girth,Kentucky
kentucky-sheepskin-stud-guard-girth,Kentucky
kentucky-shipping-halter,Kentucky
kentucky-skin-friendly-saddle-pad,Kentucky
kentucky-skin-friendly-saddle-pads,Kentucky
kentucky-slim-fit-fly-mask,Kentucky
kentucky-soft-shell-saddle-pad,Kentucky
kentucky-solimbra-d3o-eventing-light,Kentucky
kentucky-solimbra-short-hind-turnout-boots,Kentucky
kentucky-solimbra-short-turnout-boots,Kentucky
kentucky-solimbra-turnout-boots,Kentucky
kentucky-solimbra-turnout-boots-front,Kentucky
kentucky-stable-bag-pro,Kentucky
kentucky-stable-bandage-pad-set-4,Kentucky
kentucky-stable-rug-0g,Kentucky
kentucky-stallion-chain,Kentucky
kentucky-stud-girth,Kentucky
kentucky-suede-anatomic-halter,Kentucky
kentucky-summer-sheet-quick-dry-rug,Kentucky
kentucky-tendon-boots,Kentucky
kentucky-tendon-boots-velcro,Kentucky
kentucky-tendon-boots-with-bamboo-elastic,Kentucky
kentucky-tendon-grip-gel-sock,Kentucky
kentucky-tendon-grip-sock,Kentucky
kentucky-turnout-boots,Kentucky
kentucky-turnout-sheepskin-solimbra-front-boots,Kentucky
kentucky-turnout-sheepskin-solimbra-hind-boots,Kentucky
kentucky-vegan-sheepskin-tendon-boots,Kentucky
kentucky-vegan-sheepskin-tendon-boots-bamboo-elastic,Kentucky
kentucky-vegan-sheepskin-young-horse-fetlock-boots,Kentucky
kentucky-velvet-polar-fleece-bandage,Kentucky
kentucky-velvet-saddle-pad,Kentucky
kentucky-velvet-saddle-pad-pearls-jumping,Kentucky
kentucky-velvet-saddle-pad-show-jump,Kentucky
kentucky-wellington-ear-bonnet,Kentucky
kentucky-wellington-fly-veil-with-stone-pearl,Kentucky
kentucky-wellington-leather-soundless-fly-veil,Kentucky
kentucky-wellington-soundless-fly-veil,Kentucky
kentucky-wellington-sparkling-ear-bonnet,Kentucky
kentucky-wellington-sparkling-soundless-fly-veil,Kentucky
kentucky-wool-bandages,Kentucky
kentucky-working-bandage-pads-absorb,Kentucky
kentucky-working-bandage-pads-absorb-45cm-x-30cm,Kentucky
kentucky-young-horse-fetlock-boot,Kentucky
kentucky-young-horse-fetlock-boots,Kentucky
kep-cromo-2-0-shine,KEP
kep-cromo-2-0-shine-helmet-with-crystal-logo,KEP
kep-cromo-2-jockey-textured-black-helmet,Ariat
kep-cromo-2-jockey-textured-blue-helmet,Ariat
kep-cromo-2-jockey-textured-grey-helmet,KEP
kep-cromo-2-mica-black-horse-riding-helmet,KEP
kep-cromo-2-shine-blue-horse-riding-helmet,KEP
kep-cromo-2-textile-blue-helmet,KEP
kep-cromo-2-textile-rose-gold-helmet,Ariat
kep-cromo-2-xc-helmet,KEP
kep-cromo-shine-helmet,KEP
kep-cromo-textile-chrome-grid-helmet,KEP
kep-cromo-textile-helmet-black-black-grid,KEP
kep-horse-riding-helmet,KEP
kep-nova-helmet-liner-oval,KEP
kep-smart-black-horse-riding-helmet,KEP
kep-smart-helmet,KEP
kep-smart-helmet-blue,KEP
kep-smart-nova-options,KEP
kep-smart-nova-polish-black-star-helmet,KEP
kep-smart-nova-polish-blue-helmet,KEP
kep-smart-nova-polish-blue-star-helmet,KEP
kep-smart-polish-black-horse-riding-helmet,KEP
kep-smart-polish-helmet-black,KEP
kohnkes-own-active-8,Kohnkes Own
kohnkes-own-cal-xtra,Kohnkes Own
kohnkes-own-cell,Kohnkes Own
kohnkes-own-cell-grow-joint-supplement,Kohnkes Own
kohnkes-own-cell-osteo-joint-supplement,Kohnkes Own
kohnkes-own-cell-provide-joint-supplement,Kohnkes Own
kohnkes-own-cell-vital,Kohnkes Own
kohnkes-own-fabby,Kohnkes Own
kohnkes-own-gastro,Kohnkes Own
kohnkes-own-hoof-seal,Kohnkes Own
kohnkes-own-mag,Kohnkes Own
kohnkes-own-mag-e,Kohnkes Own
kohnkes-own-muscle-xl,Kohnkes Own
kohnkes-own-reboot-hoof,Kohnkes Own
kohnkes-own-troppo-salts,Kohnkes Own
kong-airdog-squeak-ball-6,Kong
kong-dog-toy-airdog-squeak-ball-3pack,Kong
kong-dog-toy-airdog-squeak-balls-2pack-large,Kong
kong-dog-toy-airdog-squeak-football,Kong
kong-dog-toy-belly-flops-lobster,Kong
kong-dog-toy-classic-red,Kong
kong-dog-toy-dental-stick-large,Kong
kong-dog-toy-dental-stick-medium,Kong
kong-dog-toy-dental-stick-small,Kong
kong-dog-toy-extreme-black-extra-large,Kong
kong-dog-toy-extreme-black-king,Kong
kong-dog-toy-extreme-black-large,Kong
kong-dog-toy-extreme-black-medium,Kong
kong-dog-toy-extreme-black-small,Kong
kong-dog-toy-flyer-large,Kong
kong-dog-toy-puppy-large,Kong
kong-dog-toy-quest-star-pods,Kong
kong-dog-toy-senior-medium,Kong
kong-dog-toy-wobbler,Kong
kong-goodie-bone,Kong
kong-puppy-easy-treat,Kong
kong-puppy-snacks,Kong
kong-puppy-teething-stick,Kong
kong-puppy-toy-small,Kong
kong-safestix,Kong
kong-senior-dog-toy-large,Kong
kong-zoom-groom-boysenberry,Kong
kong-zoom-groom-raspberry,Kong
lami,Lami-Cell
lara-tweedie-classic-black-saddle-pad,Lara Tweedie
lara-tweedie-in-motion-breeches,Lara Tweedie
lara-tweedie-mini-check-ear-bonnet,Lara Tweedie
lara-tweedie-mini-check-scrunchie,Lara Tweedie
lara-tweedie-mini-check-training-top-long-sleeve,Lara Tweedie
lara-tweedie-navy-and-white-saddle-pad,Lara Tweedie
lara-tweedie-pink-polka-dot-ear-bonnet,Lara Tweedie
lara-tweedie-pink-polka-dot-riding-socks,Lara Tweedie
lara-tweedie-pink-polka-dot-saddle-pad,Lara Tweedie
lara-tweedie-pink-polka-dot-scrunchie,Lara Tweedie
lara-tweedie-transcend-leggings,Lara Tweedie
lauren-breech-navy-sale,QJ Riding Wear
lauren-white-competition-breech,QJ Riding Wear
leather-lariat-necklace-with-stirrup-horse-and-horseshoe,Ariat
leovet-5-star-biotin-wash-500ml,Leovet
leovet-5-star-braiding-gel-200ml,Leovet
leovet-5-star-detangler-500ml,Leovet
leovet-5-star-magic-style-200ml,Leovet
leovet-bio-skin-oil-500ml,Leovet
leovet-cold-pack,Leovet
leovet-cold-pack-plus,Leovet
leovet-detangler-camomile-550ml,Leovet
leovet-detangler-walnut-550ml,Leovet
leovet-first-aid-propolis,Leovet
leovet-hoof-lab-hoof-care-hardener-200ml,Leovet
leovet-hoof-lab-hoof-care-oil-450ml,Leovet
leovet-no-rub,Leovet
leovet-shampoo-camomile-500ml,Leovet
leovet-shampoo-walnut-500ml,Leovet
leovet-tam-tam-vet-summer-spray,Leovet
leovet-thermo-massage,Leovet
leovet-zinc-oxide-spray,Leovet
likit-apple-horse-treat-refill-250gm,Likit
likit-granola-550gm-horse-treat-refill,Likit
likit-holder-blue-horse-treat,Likit
likit-holder-red-horse-treat,Likit
likit-horse-treat-apple-refill-650gm,Likit
likit-horse-treat-boredom-buster,Likit
likit-horse-treat-carrot-flavor-250gm,Likit
likit-horse-treat-carrot-refill-650g,Likit
likit-horse-treat-starter-kit-blue,Likit
likit-molasses-horse-treat-650gm,Likit
likit-red-boredom-breaker-pack-horse-treat,Likit
likit-red-tongue-twister-horse-treat,Likit
likit-snaks-horse-treat-mint-eucalyptus-100gm,Likit
likit-snaks-mint-eucalyptus-500gm,Likit
likit-snaks-rainbow-horse-treat-100g,Likit
likit-snaks-rainbow-horse-treat-500gm,Likit
luggage-gear-bag-ariat-junior-pink-charcoal,Ariat
luggage-gear-bag-ariat-large-red-navy,Ariat
magictails-colour-shade-make-up-black-50gm,Magictails
magictails-colour-shade-make-up-white-50gm,Magictails
magictails-creme-conditioner-1l,Magictails
magictails-creme-conditioner-250ml,Magictails
magictails-hair-hold-250ml,Magictails
magictails-magic-wash-shampoo-1l,Magictails
magictails-magic-wash-shampoo-250ml,Magictails
magictails-rapid-dry-750ml,Magictails
magictails-shine-serum-120ml,Magictails
magictails-spray-shine-250ml,Magictails
magnetic-leather-bridle-number-holder-with-swarovski-crystals,Visentin
magnetic-leather-medical-armband-with-swarovski-crystals,Visentin
magnetic-leather-saddle-pad-number-holder-with-swarovski-crystals,Visentin
magnetic-leather-stallion-saddle-pad-number-holder,Visentin
magnetic-leather-stallion-saddle-pad-number-holder-with-swarovski-crystals,Visentin
magni,Magni
magni-teque-boot-wrap-liners,Magni
magni-teque-magnetic-boot-wraps,Magni
magni-teque-magnetic-browband,Magni
magni-teque-magnetic-fetlock-boots,Magni
magni-teque-magnetic-hoof-boots,Magni
magni-teque-magnetic-horse-rug-with-neck-cover,Magni
matching-set-anna-scarpati-quiri-57-jump-pad-zeug-57-fly-hood-rosa-antico,The Equestrian
mattes-anatomic-leather-cover,Mattes
mattes-anatomic-leather-girth,Mattes
mattes-anatomic-leather-girth-with-buckle-cover,Mattes
mattes-anatomic-quilted-cover,Mattes
mattes-anatomic-quilted-girth,Mattes
mattes-asymmetric-leather-cover,Mattes
mattes-asymmetric-leather-girth,Mattes
mattes-asymmetric-quilted-cover,Mattes
mattes-athlectico-quilted-girth,Mattes
mattes-athletico-long-quilted-girth,Mattes
mattes-athletico-quilted-cover,Mattes
mattes-crescent-leather-cover,Mattes
mattes-crescent-leather-girth,Mattes
mattes-dressage-correction-half-pad,Mattes
mattes-eurofit-dressage-fleece,Mattes
mattes-eurofit-dressage-fleece-saddle-pad,Mattes
mattes-eurofit-dressage-plain,Mattes
mattes-eurofit-dressage-plain-velvet,Mattes
mattes-eurofit-dressage-trim,Mattes
mattes-girth-buckle-covers,Mattes
mattes-lambskin,Mattes
mattes-limited-edition-fleece-boots,Mattes
mattes-melp-washing-liquid,Mattes
mattes-show-jump-correction-half-pad,Mattes
mattes-square-dressage-plain,Mattes
mens-breech-with-silicon-knee-grip,QJ Riding Wear
mens-breech-with-suede-full-seat,QJ Riding Wear
mountain-creek-12mm-pearl-stud-earrings,Mountain Creek
mountain-creek-jewellery-4mm-pearl-stud-earrings,Mountain Creek
mountain-creek-jewellery-5mm-pearl-stud-earrings,Mountain Creek
mountain-creek-jewellery-7mm-pearl-stud-earrings,Mountain Creek
mountain-creek-jewellery-9mm-pearl-stud-earrings,Mountain Creek
mountain-creek-jewellery-mare-and-foal-pendant,Mountain Creek
mountain-creek-sterling-silver-bracelet-with-unicorn,Mountain Creek
mountain-creek-stirling-silver-horseshoe-bracelet,Mountain Creek
myler-bit-l1-mb02-baucher-medium,Myler Bits
myler-bit-l1-mb02-baucher-small-5-0,Myler Bits
myler-bit-l1-mb02-eggbutt,Myler Bits
myler-bit-l1-mb02-eggbutt-pony-5-0-by-order,Myler Bits
myler-bit-l1-mb02-english-dee,Myler Bits
myler-bit-l1-mb02-full-cheek-5-0,Myler Bits
myler-bit-l1-mb02-loose-ring,Myler Bits
myler-bit-l1-mb02-western-dee-5-0,Myler Bits
myler-bit-l1-mb03-eggbutt-5-0,Myler Bits
myler-bit-l2-mb04-3-ring,Myler Bits
myler-bit-l2-mb04-dee-with-hooks-4-5,Myler Bits
myler-bit-l2-mb04-eggbutt,Myler Bits
myler-bit-l2-mb04-eggbutt-with-hooks-5-0,Myler Bits
natural-animal-solutions-calcium-natures-200gm,Natural Animal Solutions
natural-animal-solutions-calm-30-tablets,Natural Animal Solutions
natural-animal-solutions-dermal-cream-60gm,Natural Animal Solutions
natural-animal-solutions-dermal-oil-100ml,Natural Animal Solutions
natural-animal-solutions-digestavite-plus-100gm,Natural Animal Solutions
natural-animal-solutions-ear-clear-50ml,Natural Animal Solutions
natural-animal-solutions-equine-foot-rot-375ml,Natural Animal Solutions
natural-animal-solutions-eye-clear-15ml,Natural Animal Solutions
natural-animal-solutions-goat-milk-powder-400gm,Natural Animal Solutions
natural-animal-solutions-gut-balance-probiotic-80gm,Natural Animal Solutions
natural-animal-solutions-hp-vitamin-c-100gm,Natural Animal Solutions
natural-animal-solutions-itchyscratch-100ml,Natural Animal Solutions
natural-animal-solutions-jointpro-advance-60-caps,Natural Animal Solutions
natural-animal-solutions-omega-cat-200ml,Natural Animal Solutions
natural-animal-solutions-omega-dog-500ml,Natural Animal Solutions
natural-animal-solutions-organic-seaweed-300gm,Natural Animal Solutions
natural-animal-solutions-osteoforte-60-caps,Natural Animal Solutions
natural-animal-solutions-skin-pack,Natural Animal Solutions
natural-animal-solutions-traveleze-100ml,Natural Animal Solutions
nexgard-spectra-dog-15-1kg,Nexgard Spectra
nexgard-spectra-dog-2kg,Nexgard Spectra
nexgard-spectra-dog-3-6kg,Nexgard Spectra
nexgard-spectra-dog-30-1kg,Nexgard Spectra
nexgard-spectra-dog-7-6kg,Nexgard Spectra
noble-belt,Noble Outfitters
noble-bracelet,Noble Outfitters
noble-bracelet-vintage-navajo,Noble Outfitters
noble-cap-cruiser-snap-back-navy,Noble Outfitters
noble-cap-cruiser-velcro-strap-navy,Noble Outfitters
noble-caps,Noble Outfitters
noble-karleigh-short-sleeve-v,Noble Outfitters
noble-outfitters-peddies,Noble Outfitters
noble-peddies-solid-light-blackberry,Noble Outfitters
noble-perfect-fit-mesh-gloves,Noble Outfitters
noble-tight-5-pocket-riding-breeches,Noble Outfitters
nrg-apple-cider-vinegar,NRG
nrg-no,NRG
nrg-pro,NRG
nungar-headstall-knotted-6mm-black,Nungar
nungar-headstall-knotted-6mm-black-red-fleck,Nungar
nungar-headstall-knotted-6mm-blue-red-fleck,Nungar
nungar-headstall-knotted-6mm-green-gold-fleck,Nungar
nungar-headstall-knotted-6mm-pink-purple-fleck,Nungar
nungar-headstall-knotted-6mm-red,Nungar
nungar-headstall-knotted-8mm-black,Nungar
nungar-suit-yourself-lead-w-cast-bull-clip-14mm,Nungar
nungar-yacht-rope-halter-6mm,Nungar
nungar-z-nt-rein-continuous-8x3-black-red,Nungar
oregon,Oregon
oregon-1-x56-stirrup-leathers,Oregon
oregon-black-running-draw-leather-reins,Oregon
oregon-draw-reins,Oregon
oregon-monkey-grip,Oregon
oregon-riding-reins,Oregon
oregon-spur-straps,Oregon
paddock-blade,Paddock Blade
pampeano-alba-belt,Pampeano
pampeano-audaz-argentinian-polo-belt,Pampeano
pampeano-azules-argentinian-polo-belt,Pampeano
pampeano-belt,Pampeano
pampeano-ceibo-aregentinia-polo-belt,Pampeano
pampeano-hermoso-argentinian-polo-belt,Pampeano
pampeano-jefe-argentinian-polo-belt,Pampeano
pampeano-jugadoro-argentinian-polo-belt,Pampeano
pampeano-multi-argentinian-polo-belt,Pampeano
pampeano-roca-argentinian-polo-belt,Pampeano
pampeano-sereno-argentinian-polo-belt,Pampeano
pampeano-sierra-argentinia-polo-belt,Pampeano
paw-balm-50g,PAW
paw-complete-calm-300gm,PAW
paw-complete-calm-cats-63-chews-75gm,PAW
paw-complete-calm-mini-30-chews-75gm,PAW
paw-digesticare-60-150gm,PAW
paw-fur-memorial-keepsake-locket,PAW
paw-gentle-ear-cleanser-120ml,PAW
paw-manuka-wound-gel,PAW
paw-mediderm-dog-shampoo-200ml,PAW
paw-mediderm-shampoo,PAW
paw-nutriderm-conditioner,PAW
paw-nutriderm-dog-shampoo-500ml,PAW
paw-nutriderm-replenishing-conditioner-500ml,PAW
paw-nutriderm-shampoo,PAW
paw-osteocare-chews-500gm,PAW
paw-print-blanket-100cm-x-70cm,PAW
paw-print-stud-earrings,PAW
pei-soft,PEI
penelope-bertille-wallet,Penelope
penelope-diamante-ear-bonnet,Penelope
penelope-elegance-ladies-breeches,Penelope
penelope-laly-handbag,Penelope
penelope-las-honey-longsleeve-competition-shirt,Penelope
penelope-lyona-saddle-pad,Penelope
penelope-majestic-breeches,Penelope
penelope-romane-bag,Penelope
penelope-signature-belt,Penelope
penelope-zoe-bracelet,Penelope
peters-little-gems-treats-120g,Peters Treat
peters-nibble-os-120gm,Peters Treat
peters-treat-brunch-mix-450gm,Peters Treat
peters-treat-fruit-crunch-bar-100gm,Peters Treat
peters-treat-lucerne-bowl-dried-carrot-130gm,Peters Treat
peters-treat-parsley-bowl-dried-apple-130gm,Peters Treat
peters-treat-parsley-roll-oat-flakes-60gm,Peters Treat
peters-treat-twiggies-150gm,Peters Treat
petsafe-bark-collar-spray,Petsafe
petsafe-bark-collar-static-16635,Petsafe
petsafe-indoor-ultrasonic-bark-control-unit-2,Petsafe
petsafe-lite-rechargeable-bark-collar,Petsafe
petsafe-outdoor-ultrasonic-bark-control-unit,Petsafe
petsafe-pet-loo-wee-care-enzyme-cleaner-475ml,Petsafe
petsafe-static-bark-collar-10765,Petsafe
petsafe-static-rechargeable-bark-collar,Petsafe
petsafe-ultrasonic-bark-collar,Petsafe
petsafe-unscented-bark-spray-refill,Petsafe
pilbara-childrens-long-sleeve-shirt,Pilbara
pilbara-childrens-stretch-denim-jeans-blue,Pilbara
pilbara-cotton-stretch-jeans,Pilbara
pilbara-hot-pink-long-sleeve-shirt-for-ladies,Pilbara
pilbara-jade-long-sleeve-shirt,Pilbara
pilbara-kids-closed-front-long-sleeve-shirt,Pilbara
pilbara-ladies-closed-front-long-sleeve-shirt,Pilbara
pilbara-ladies-open-front-long-sleeve-shirt,Pilbara
pilbara-ladies-stretch-denim-jeans,Pilbara
pilbara-mens-closed-front-long-sleeve-shirt,Pilbara
pilbara-mens-cobalt-blue-long-sleeve-shirt,Pilbara
pilbara-mens-cotton-stretch-jeans,Pilbara
pilbara-mens-distress-denim-stretch-jeans-blue,Pilbara
pilbara-mens-kelly-green-long-sleeve-shirt,Pilbara
pilbara-mens-long-sleeve-shirt-double-pockets,Pilbara
pilbara-mens-open-front-short-sleeve-shirt,Pilbara
pilbara-mens-vest,Pilbara
pilbara-mens-zipper-closed-front-fleece-pullover,Pilbara
pilbara-open-front-long-sleeve-azure-shirt,Pilbara
pilbara-toiletry-bag,Pilbara
pilbara-western-angus-jeans,Pilbara
pilbara-western-brahman-jeans-indigo,Pilbara
pilbara-western-dress-belt,Pilbara
pilbara-western-mens-snap-button-l-s-shirt,Pilbara
pilbara-western-mens-t,Pilbara
pilbara-western-rodeo-buckle-tooled-leather-belt,Pilbara
pilbara-womens-closed-front-long-sleeve-shirt,Pilbara
pilbara-womens-stretch-denim-jeans-blue,Pilbara
pilbara-womens-vest-black,Pilbara
pilbara-womens-zipper-fleece-pullover,Pilbara
pippa-shirt-jp-equestrian-fashion,JP Equestrian Fashion
pooch-puree-for-both-mature-younger-dogs,EAC Animal Care
premier-equine-airtechnology-shockproof-wool-jump-pad,Premier Equine
premier-equine-close-contact-cotton-gp-jump-square,Premier Equine
premier-equine-close-contact-tech-grip-pro-anti,Premier Equine
premier-equine-cotton-gp-jump-square,Premier Equine
premier-equine-fly-veil,Premier Equine
premier-equine-magni,Premier Equine
premier-equine-sports-european-gp-jump-square,Premier Equine
premier-natures-clean-shampoo-946ml,Premier Equine
premier-rose-oil,Premier Equine
premier-rose-oil-concentrate,Premier Equine
premier-white-magic-shampoo-946ml,Premier Equine
prestige-3a018-ideal-dressage-stirrup-leather-webbers,Prestige
prestige-3a040-dressage-girth-black,Prestige
prestige-3a042-anatomic-dressage-girth,Prestige
prestige-a33-stephi-2-0-stirrups,Prestige
prestige-a43-dressage-girth-with-elastic,Prestige
prestige-atena-evo-fender-saddle,Prestige
prestige-atena-evo-w-flap,Prestige
prestige-brillante-k-lux-dressage-saddle-black,Prestige
prestige-cat-collar-rainbow-3-8-adjustable-13cm,Prestige
prestige-cat-collar-rainbow-3-8-adjustable-23cm,Prestige
prestige-e134-sport-dressage-bridle,Prestige
prestige-girth-relax-leather-jump-tobacco,Prestige
prestige-leather-oil-300ml,Prestige
prestige-melody-dressage-k-cps-lux-black,Prestige
prestige-non,Prestige
prestige-passion-k-dressage-saddle-black,Prestige
prestige-x,Prestige
prestige-x-d1-dressage-saddle-black,Prestige
prestige-x-d1-dressage-saddle-k-black,Prestige
prestige-x-d2-free-lux-dressage-saddle-k-black,Prestige
psos-amber-hoodie,PS Of Sweden
psos-bow-fly-hat-ombre-plum,PS Of Sweden
psos-dressage-pad,PS Of Sweden
psos-dressage-saddle-pad-deep-sapphire,PS Of Sweden
psos-dressage-saddle-pad-emerald,PS Of Sweden
psos-dressage-saddle-pad-neptuna,PS Of Sweden
psos-dressage-saddle-pad-wine,PS Of Sweden
psos-ear-bonnet,PS Of Sweden
psos-jump,PS Of Sweden
psos-jump-pad-black-ruffle-boss-bitch-mode,PS Of Sweden
psos-jump-pad-classic-lotus-pink,PS Of Sweden
psos-jump-saddle-pad-black,PS Of Sweden
psos-jump-saddle-pad-deep-sapphire,PS Of Sweden
psos-jump-saddle-pad-emerald,PS Of Sweden
psos-jump-saddle-pad-scarlet,PS Of Sweden
psos-jump-saddle-pad-wine,PS Of Sweden
psos-margrethe-belt,PS Of Sweden
psos-polo-bandage-thyme,PS Of Sweden
psos-polos-anthracite,PS Of Sweden
psos-polos-black,PS Of Sweden
psos-polos-bow-thyme,PS Of Sweden
psos-polos-moss,PS Of Sweden
psos-polos-neptuna,PS Of Sweden
psos-wine-ear-bonnet,PS Of Sweden
qj-riding-wear,QJ Riding Wear
ranvet-bc5-amino-acid-paste-55gm,Ranvet
ranvet-calm-paste-30gm,Ranvet
ranvet-drench-gun-70ml,Ranvet
ranvet-electrolyte-2kg,Ranvet
ranvet-electrolyte-gel,Ranvet
ranvet-electrolyte-paste-60gm,Ranvet
ranvet-essential-wrap,Ranvet
ranvet-essential-wrap-bandage-large,Ranvet
ranvet-essential-wrap-bandage-medium,Ranvet
ranvet-essential-wrap-bandage-small,Ranvet
ranvet-flexi,Ranvet
ranvet-fungazol-cream-100g,Ranvet
ranvet-hoof-food-pellet-1-5kg,Ranvet
ranvet-iodised-salt-licks,Ranvet
ranvet-neutrolene-plus-5l,Ranvet
ranvet-oral-doser,Ranvet
ranvet-racing-oil-5l-joint-supplement,Ranvet
ranvet-salt-block-holder,Ranvet
ranvet-salt-lick-holder,Ranvet
ranvet-white-healer,Ranvet
ranvet-white-healer-100gm,Ranvet
ranvet-white-healer-500gm,Ranvet
rm-williams-90s-logo-1-4-zip-sweatshirt,RM Williams
rm-williams-augusta-classic-popin-shirt,RM Williams
rm-williams-augusta-sock,RM Williams
rm-williams-baby-booties,RM Williams
rm-williams-branded-rugby-shirt,RM Williams
rm-williams-bright-polo,RM Williams
rm-williams-broderie-linen-shirt,RM Williams
rm-williams-byron-t,RM Williams
rm-williams-cate-stitched-belt,RM Williams
rm-williams-cloudbuster-bandana,RM Williams
rm-williams-corunna-denim-shirt-dress,RM Williams
rm-williams-cradle-rugby-top,RM Williams
rm-williams-heritage-jumper-navy,RM Williams
rm-williams-heritage-logo-enamel-keyring,RM Williams
rm-williams-heritage-rugby,RM Williams
rm-williams-hopeland-stripe-linen-shirt-ladies,RM Williams
rm-williams-johnson-short-sleeve-shirt,RM Williams
rm-williams-lincoln-regular-oxford-shirt,RM Williams
rm-williams-longhorn-t,RM Williams
rm-williams-longhorn-towel-rustic-brown,RM Williams
rm-williams-loxton-jean-bone-5-pocket,RM Williams
rm-williams-milton-shirt,RM Williams
rm-williams-moresby-1-4-zip-merino-knit-jumper,RM Williams
rm-williams-mulyungarie-1-4-zip-sweatshirt,RM Williams
rm-williams-narran-heritage-rugby,RM Williams
rm-williams-narran-rugby-top,RM Williams
rm-williams-newman-linen-ss-shirt,RM Williams
rm-williams-oberon-regular-oxford-shirt,RM Williams
rm-williams-onley-check-shirt,RM Williams
rm-williams-parkes-poplin-check-shirt,RM Williams
rm-williams-ramco-5-pocket-jean-bone,RM Williams
rm-williams-regular-shirt-bdc,RM Williams
rm-williams-retro-logo-sweatshirt,RM Williams
rm-williams-robe-linen-check-shirt,RM Williams
rm-williams-rodeo-queen-t,RM Williams
rm-williams-script-logo-4pc-coaster-set,RM Williams
rm-williams-toby-linen-short-sleeve-shirt,RM Williams
rm-williams-trickett-panel-sweatshirt,RM Williams
rm-williams-undara-classic-oxford-shirt,RM Williams
rm-williams-victor-jean-buckskin,RM Williams
rm-williams-wandi-pointelle-knit,RM Williams
rm-williams-washed-rugby-short,RM Williams
rm-williams-water-bottle,RM Williams
roeckl-grip-glove,Roeckl
roeckl-grip-glove-winter,Roeckl
roeckl-grip-jnr-winter-gloves,Roeckl
roeckl-junior-grip-glove,Roeckl
roeckl-kansas-junior-gloves,Roeckl
roeckl-lisboa-glove,Roeckl
roeckl-lisboa-gloves-navy,Roeckl
roeckl-lisboa-gloves-white,Roeckl
roeckl-lona-gloves,Roeckl
roeckl-lorraine-glove,Roeckl
roeckl-lynn-glove,Roeckl
roeckl-madrid-gloves,Roeckl
roeckl-madrid-gloves-white,Roeckl
roeckl-madrid-sport-glove,Roeckl
roeckl-malaga-gloves,Roeckl
roeckl-maniva-glove,Roeckl
roeckl-maniva-gloves,Roeckl
roeckl-mannheim-glove,Roeckl
roeckl-marbach-gloves,Roeckl
roeckl-melbourne-glove,Roeckl
roeckl-meura-chocolate-gloves,Roeckl
roeckl-meura-glove,Roeckl
roeckl-meura-gloves,Roeckl
roeckl-meura-gloves-in-dress-blue,Roeckl
roeckl-milano-glove,Roeckl
roeckl-milano-glove-black,Roeckl
roeckl-moyo-glove,Roeckl
roeckl-muenster-glove,Roeckl
roeckl-muenster-gloves,Roeckl
roeckl-roeck-grip-lite-navy-gloves,Roeckl
roeckl-torino-gloves,Roeckl
roeckl-winchester-glove,Roeckl
rogz-adjustable-black-safety-car-seat-belt,Rogz
rogz-airtech-classic-collar-burnt-ochre,Rogz
rogz-airtech-classic-lead-burnt-ochre,Rogz
rogz-airtech-classic-lead-platinum-grey,Rogz
rogz-airtech-classic-lead-rock-red,Rogz
rogz-airtech-sport-belt-lead-black,Rogz
rogz-airtech-sport-belt-lead-rock-red-small-medium,Rogz
rogz-airtech-sport-harness-burnt-ochre,Rogz
rogz-airtech-sport-harness-platinum-grey,Rogz
rogz-airtech-sport-harness-rock-red,Rogz
rogz-alleycat-8mm-pink-cat-harness-lead,Rogz
rogz-alleycat-8mm-purple-cat-harness-lead,Rogz
rogz-alleycat-red-cat-collar-with-safeloc-8mm,Rogz
rogz-alleycat-red-cat-harness-8mm-lead,Rogz
rogz-alleycat-safeloc-dayglo-8mm-cat-collar,Rogz
rogz-alleycat-safeloc-red-cat-collar-11mm,Rogz
rogz-black-control-dog-harness,Rogz
rogz-black-safety-clip-car-seat-belt,Rogz
rogz-blue-classic-padded-dog-collar,Rogz
rogz-cat-harness-lead-alley-black,Rogz
rogz-cat-harness-lead-alley-pink,Rogz
rogz-cat-harness-lead-alley-purple,Rogz
rogz-cat-harness-lead-alley-red,Rogz
rogz-control-black-dog-harness-to-stop-pulling,Rogz
rogz-control-red-dog-harness,Rogz
rogz-dog-collar-airtech-classic-platinum-grey,Rogz
rogz-dog-collar-airtech-classic-rock-red,Rogz
rogz-explore-black-dog-harness,Rogz
rogz-explore-blue-dog-harness,Rogz
rogz-explore-red-dog-harness,Rogz
rogz-extra-large-handsfree-black-specialty-lead,Rogz
rogz-fluro-safety-clip-car-seat-belt,Rogz
rogz-grinz-catnip-wand-teaser-cat-toy,Rogz
rogz-large-black-handsfree-speciality-lead,Rogz
rogz-lime-dog-treat-toy-tumbler,Rogz
rogz-lime-utility-dog-leash,Rogz
rogz-medium-black-handsfree-speciality-lead,Rogz
rogz-mouse-teaser-catnip-wand-cat-toy,Rogz
rogz-multi-red-utility-dog-leash,Rogz
rogz-pink-gumz-dog-toy,Rogz
rogz-purple-alleycat-safeloc-11mm-cat-collar,Rogz
rogz-purple-leather-dog-leash,Rogz
rogz-red-control-web-dog-collar,Rogz
rogz-red-fred-treat-ball-dog-toy,Rogz
rogz-red-silky-cat-collar,Rogz
rogz-reflecto-lime-cat-collar,Rogz
rogz-scrubz-red-dog-toy,Rogz
rogz-sparklecat-8mm-red-cat-harness-lead,Rogz
rogz-sparklecat-pink-cat-harness-lead-8mm,Rogz
rogz-specialty-multi-lead-blue-extra-large,Rogz
rogz-specialty-multi-lead-blue-large,Rogz
rogz-utility-blue-choker,Rogz
rogz-utility-dog-harness-in-red,Rogz
rogz-utility-pink-dog-harness,Rogz
rogz-utility-purple-dog-harness,Rogz
rogz-utility-red-choker,Rogz
roper-back-pack,Roper
roper-billie-toddler-brown-blue,Roper
roper-cap,Roper
roper-cap-one-size,Roper
roper-cowbaby-floral-shine-infant-boots,Roper
roper-define-it-girls-tee,Roper
roper-horse-flowers-light-up-boots-for-toddlers,Roper
roper-kds-heritage-brown-cognac,Roper
roper-kds-lexi-tan,Roper
roper-kds-lola-white-glitter,Roper
roper-kids-floral-shine-brown-pink,Roper
roper-kids-horse-flower-lightup,Roper
roper-little-kids-jed-brown-green,Roper
roper-tod-cowboot-cool-tan-navy,Roper
roper-tod-jed-brown-green,Roper
roper-toddler-floral-shine-brown-pink,Roper
roper-toddler-glitter-gypsy-tan-pink-glitter,Roper
roper-todler-horse-flowers-light-up-tan-08-0,Roper
roper-wallet-bi,Roper
ruff-play-dog-toy-crunchy-knot-bone,Ruff Play
ruff-play-dog-toy-plush-crab,Ruff Play
ruff-play-dog-toy-plush-octopus,Ruff Play
ruff-play-dog-toy-plush-stingray,Ruff Play
ruff-play-dog-toy-plush-tuff-antelope,Ruff Play
ruff-play-dog-toy-plush-tuff-crocodile-76cm,Ruff Play
ruff-play-dog-toy-plush-tuff-shark,Ruff Play
ruff-play-dog-toy-plush-tuff-snake-76cm,Ruff Play
ruff-play-dog-toy-plush-turtle,Ruff Play
ruff-play-dog-toy-yummy-bites-ball-blue,Ruff Play
ruff-play-dog-toy-yummy-bites-bone-green,Ruff Play
ruff-play-dog-toy-yummy-bites-bone-yellow,Ruff Play
ruff-play-dog-toy-yummy-bites-refill-32pack,Ruff Play
ruff-play-dog-toy-yummy-bites-ring-red,Ruff Play
saddle-co-the-label-equestrian-riding-tights-rosewood,The Equestrian
saddlecloth-all-purpose-pocket-puffer-navy-blue,Zilco
sammi-sun-shirts,QJ Riding Wear
samshield-adele-boreal-breeches,Samshield
samshield-adele-breeches,Samshield
samshield-adele-breeches-spring-flower,Samshield
samshield-adele-breeches-ss24,Samshield
samshield-adele-breeches-with-metal-dots,Samshield
samshield-adele-premium-breeches,Samshield
samshield-alba-metal-dots-t,Samshield
samshield-albane-t,Samshield
samshield-alix-air-competition-jacket,Samshield
samshield-alix-air-riding-jacket,Samshield
samshield-aloise-boreal-competition-polo,Samshield
samshield-aloise-competition-shirt,Samshield
samshield-alosie-ladies-competition-shirt,Samshield
samshield-alpha-knee-grip-breeches,Samshield
samshield-alpha-knee-grip-winter-breeches,Samshield
samshield-alta-badia-down-vest,Samshield
samshield-alta-badia-vest,Samshield
samshield-amalie-bonnie-headband,Samshield
samshield-amalie-headband,Samshield
samshield-amaury-mens-bomber-jacket,Samshield
samshield-apolline-polo,Samshield
samshield-aspen-mens-down-jacket,Samshield
samshield-aubrey-beanie,Samshield
samshield-ava-long-sleeve-base-layer,Samshield
samshield-avana-winter-softshell-jacket,Samshield
samshield-axella-crystal-polo,Samshield
samshield-axella-long-sleeve-t,Samshield
samshield-axelle-script-t,Samshield
samshield-axelle-t,Samshield
samshield-balzane-aimy-socks,Samshield
samshield-balzane-air-socks,Samshield
samshield-balzane-airflow-sock,Samshield
samshield-balzane-cushion-sock,Samshield
samshield-balzane-grid-socks,Samshield
samshield-balzane-seamless-flower-socks,Samshield
samshield-balzane-soft-glitter-socks,Samshield
samshield-balzane-soft-sock,Samshield
samshield-balzane-soft-socks,Samshield
samshield-balzane-spring-socks,Samshield
samshield-balzane-wave-socks-ss24,Samshield
samshield-balzane-winter-socks,Samshield
samshield-barbara-pull-over,Samshield
samshield-beatrice-competition-polo,Samshield
samshield-bella-blazon-sweat-shirt,Samshield
samshield-bella-firework-sweat-shirt,Samshield
samshield-berenice-zip-hoodie,Samshield
samshield-billie-bomber-jacket,Samshield
samshield-bonita-windy-sweat-shirt,Samshield
samshield-bonnie-sweat-shirt,Samshield
samshield-bruna-sleeveless-training-polo,Samshield
samshield-bruna-training-polo,Samshield
samshield-brunella-long-sleeve-training-polo,Samshield
samshield-brunella-training-polo,Samshield
samshield-calvin-competition-shirt,Samshield
samshield-camelia-long-sleeve-competition-shirt,Samshield
samshield-camilla-sweatshirt,Samshield
samshield-camille-competition-shirt,Samshield
samshield-caroline-polo-long-sleeve,Samshield
samshield-cassandra-crystal-competition-shirt,Samshield
samshield-cassandre-zip-hoodie,Samshield
samshield-cassy-competition-shirt,Samshield
samshield-castille-ladies-knee-grip-breeches,Samshield
samshield-celeste-full-grip-breeches,Samshield
samshield-celine-training-polo,Samshield
samshield-chamonix-down-vest,Samshield
samshield-chamonix-padded-vest,Samshield
samshield-chloe-crystal-breeches,Samshield
samshield-chloe-crystal-breeches-fw24,Samshield
samshield-chloe-script-full-grip-breeches,Samshield
samshield-clara-crystal-leaf-full-grip-breeches,Samshield
samshield-clara-full-grip-breeches,Samshield
samshield-clara-high-waist-full-grip-breeches-fw22,Samshield
samshield-clara-metal-dots-full-grip-breeches,Samshield
samshield-clara-premium-full-grip-breeches,Samshield
samshield-claranova-full-grip-breeches,Samshield
samshield-come-mens-competition-shirt,Samshield
samshield-courchevel-down-jacket,Samshield
samshield-crystal-fabric-short-tails,Samshield
samshield-crystal-flower-ladies-tails,Samshield
samshield-crystal-intarsia-ladies-tails,Samshield
samshield-dalia-full-grip-breeches,Samshield
samshield-darius-mens-training-polo,Samshield
samshield-davos-down-jacket,Samshield
samshield-davos-ladies-down-jacket,Samshield
samshield-delia-rain-jacket,Samshield
samshield-delia-raincoat,Samshield
samshield-deltana-full-grip-breeches,Samshield
samshield-diane-breeches,Samshield
samshield-diane-diamond-breeches,Samshield
samshield-diane-full-grip-breeches,Samshield
samshield-diane-winter-breeches,Samshield
samshield-edouard-matt-full-grip-breeches,Samshield
samshield-edouard-mens-breeches,Samshield
samshield-elisa-raincoat,Samshield
samshield-elise-raincoat,Samshield
samshield-elyfreshtec-training-polo,Samshield
samshield-erin-long-sleeve-training-polo,Samshield
samshield-erina-crystal-training-polo,Samshield
samshield-erina-long-sleeve-training-polo,Samshield
samshield-even-full-grip-breeches,Samshield
samshield-even-sport-full-grip-breeches,Samshield
samshield-everest-long-down-jacket,Samshield
samshield-evy-air-long-sleeve-training-top,Samshield
samshield-evy-glossy-long-sleeve-base-layer,Samshield
samshield-evy-long-sleeve-training-shirt,Samshield
samshield-faustine-competition-polo,Samshield
samshield-flame-ladies-tails,Samshield
samshield-fleece-sweat-shirt,Samshield
samshield-florida-ladies-riding-jacket,Samshield
samshield-florida-matt-competition-jacket,Samshield
samshield-florida-matt-ladies-riding-jacket,Samshield
samshield-frida-comp-jacket,Samshield
samshield-fuji-long-jacket,Samshield
samshield-gena-softshell-jacket,Samshield
samshield-henri-mens-competition-shirt,Samshield
samshield-ian-raincoat,Samshield
samshield-ines-rain-jacket,Samshield
samshield-jasmine-sleeveless-comp-shirt,Samshield
samshield-jordana-competition-shirt,Samshield
samshield-julia-crystal-leaf-competition-shirt,Samshield
samshield-julia-intarsia-competition-shirt,Samshield
samshield-juliette-crystal-flower-competition-shirt,Samshield
samshield-juliette-flower-jewellery-shirt,Samshield
samshield-jully-flower-jewellery-breeches,Samshield
samshield-ladies-north-jacket,Samshield
samshield-ladies-premium-tails-fw24,Samshield
samshield-leia-long-sleeve-competition-shirt,Samshield
samshield-lena-quilted-jacket,Samshield
samshield-lidy-pull-over,Samshield
samshield-limited-edition-xj-matt-helmet,Samshield
samshield-limited-edition-xj-miss-glossy-helmet,Samshield
samshield-lisa-pull-over,Samshield
samshield-lisa-twisted-v-neck,Samshield
samshield-lisa-v-neck-pull-over,Samshield
samshield-liv-long-raincoat,Samshield
samshield-liviana-rain-coat,Samshield
samshield-loise-crystal-leaf-comp-shirt,Samshield
samshield-loise-crystal-leaf-competition-shirt,Samshield
samshield-louis-air-comp-jacket,Samshield
samshield-louis-matt-competition-jacket,Samshield
samshield-louis-matt-mens-tails,Samshield
samshield-louis-mens-riding-jacket,Samshield
samshield-louisa-crystal-flower-ladies-riding-jacket,Samshield
samshield-louisa-matt-competition-jacket,Samshield
samshield-louisa-satin-competition-jacket,Samshield
samshield-louison-air-competition-polo,Samshield
samshield-louison-air-competition-shirt,Samshield
samshield-louison-crystal-long-sleeve-shirt-fw24,Samshield
samshield-louison-ladies-competition-shirt,Samshield
samshield-louison-polo,Samshield
samshield-luana-seamless-t,Samshield
samshield-maggie-crystal-polo,Samshield
samshield-marceau-matt-mens-breeches,Samshield
samshield-marceau-mens-full-grip-breeches,Samshield
samshield-margot-training-polo,Samshield
samshield-marina-competition-shirt,Samshield
samshield-megeve-mens-down-jacket,Samshield
samshield-melia-jacket,Samshield
samshield-mens-charles-competition-polo,Samshield
samshield-mens-christophe-competition-polo,Samshield
samshield-mens-noe-jacket,Samshield
samshield-mens-ryan-waterproof-jacket,Samshield
samshield-mens-st-moritz-jacket,Samshield
samshield-mens-tie,Samshield
samshield-meribel-jacket,Samshield
samshield-miami-matt-mens-competition-jacket,Samshield
samshield-miami-matt-mens-riding-jacket,Samshield
samshield-miami-mens-riding-jacket,Samshield
samshield-mira-bonnie-beanie,Samshield
samshield-mira-crystal-beanie-fw24,Samshield
samshield-mira-script-beanie,Samshield
samshield-miss-glossy-2-0,Samshield
samshield-miss-glossy-night-pearl-front-band-helmet,Samshield
samshield-miss-shield,Samshield
samshield-miss-shield-2-0,Samshield
samshield-miss-shield-2-0-helmet,Samshield
samshield-miss-shield-alcantara-top-5-swarovski,Samshield
samshield-miss-shield-bling-band,Samshield
samshield-miss-shield-crystal-comet-helmet,Samshield
samshield-miss-shield-crystal-comet-light,Samshield
samshield-miss-shield-dark-line-helmet,Samshield
samshield-miss-shield-flower-swarovski-helmet,Samshield
samshield-miss-shield-glossy-2-0,Samshield
samshield-miss-shield-glossy-2-0-helmet,Samshield
samshield-miss-shield-glossy-helmet,Samshield
samshield-miss-shield-glossy-top-5-swarovski,Samshield
samshield-miss-shield-helmet,Samshield
samshield-miss-shield-helmet-with-alcantara-top,Samshield
samshield-miss-shield-limited-edition-helmet,Samshield
samshield-miss-shield-pink-chrome-helmet,Samshield
samshield-miss-shield-premium-limited-edition-helmet,Samshield
samshield-miss-shield-shadow-glossy-helmet,Samshield
samshield-miss-shield-shadowglossy-helmet,Samshield
samshield-miss-shield-shimmer-5-swarovski-helmet,Samshield
samshield-miss-shield-shimmer-top,Samshield
samshield-miss-shield-shimmer-top-helmet,Samshield
samshield-miss-shield-sparkling-front-band-helmet,Samshield
samshield-miss-shield-with-ultra-fine-rock-front-band,Samshield
samshield-morgane-sweat-shirt,Samshield
samshield-olympe-crystal-jacket,Samshield
samshield-phoebe-pull-over,Samshield
samshield-premium-ladies-tails,Samshield
samshield-premium-limited-edition-helmet,Samshield
samshield-premium-miss-shield-2-0-helmet,Samshield
samshield-premium-shadowmatt-2-0-helmet,Samshield
samshield-premium-shimmer-255-swarovski-helmet,Samshield
samshield-premium-standard-helmet,Samshield
samshield-priam-mens-t,Samshield
samshield-rachel-soft-shell-jacket,Samshield
samshield-roxy-premium-competition-shirt,Samshield
samshield-sandra-full-grip-breeches,Samshield
samshield-sellia-ladies-breeches,Samshield
samshield-shadow-glossy,Samshield
samshield-shadow-glossy-2-0,Samshield
samshield-shadow-glossy-2-0-helmet,Samshield
samshield-shadow-glossy-helmet,Samshield
samshield-shadow-glossy-limited-edition-helmet,Samshield
samshield-shadowmatt,Samshield
samshield-shadowmatt-2-0,Samshield
samshield-shadowmatt-2-0-helmet,Samshield
samshield-shadowmatt-5-swarovski,Samshield
samshield-shadowmatt-alcantara-helmet-with-swarovski,Samshield
samshield-shadowmatt-crystal-chrome-helmet,Samshield
samshield-shadowmatt-crystal-comet-light-helmet,Samshield
samshield-shadowmatt-crystal-top-red-trim-helmet,Samshield
samshield-shadowmatt-dark-line-helmet,Samshield
samshield-shadowmatt-flower-leather-top-helmet,Samshield
samshield-shadowmatt-helmet,Samshield
samshield-shadowmatt-limited-edition-helmet,Samshield
samshield-shadowmatt-lizard-top-helmet,Samshield
samshield-shadowmatt-shimmer-colour-trim-helmet,Samshield
samshield-shadowmatt-shimmer-top,Samshield
samshield-shadowmatt-silver-chrome-trim-helmet,Samshield
samshield-shearling-softshell-jacket,Samshield
samshield-shieldrup-stirrup-iron,Samshield
samshield-simon-short-sleeve-competition-shirt,Samshield
samshield-sixtine-competition-shirt,Samshield
samshield-smith-mens-long-sleeve-competition-shirt,Samshield
samshield-stan-pull-over,Samshield
samshield-stella-sweat-shirt,Samshield
samshield-stock,Samshield
samshield-stock-crystal-fabric-ss25,Samshield
samshield-sun-long-sleeve-training-polo,Samshield
samshield-suzanne-pullover,Samshield
samshield-swarovski-bomber-jacket,Samshield
samshield-v,Samshield
samshield-victorine-crystal-fabric-riding-jacket,Samshield
samshield-victorine-crystal-fabric-tall,Samshield
samshield-victorine-crystal-flower-jacket,Samshield
samshield-victorine-crystal-intarsia-jacket,Samshield
samshield-victorine-crystal-show-jacket,Samshield
samshield-victorine-premium-jacket,Samshield
samshield-victorine-premium-tall-ss25,Samshield
samshield-winter-gloves,Samshield
samshield-xc-carbon-helmet,Samshield
samshield-xj-carbon-helmet,Samshield
samshield-xj-matt-helmet,Samshield
samshield-xj-miss-matt-helmet,Samshield
samshield-yasmina-sleeveless-competition-polo,Samshield
samshield-ysee-competition-polo,Samshield
sassbai-toy-flyber-flying-disk,Sassbai
sassbai-toy-liker-ball,Sassbai
sassbai-toy-liker-cord,Sassbai
sassbai-toy-pitchdog-barbell-d7-blue,Sassbai
sassbai-toy-pitchdog-barbell-d7-lime-green,Sassbai
sassbai-toy-pitchdog-barbell-d7-orange,Sassbai
sassbai-toy-pitchdog-barbell-d7-pink,Sassbai
sassbai-toy-pitchdog-flying-disk-24cm,Sassbai
sassbai-toy-pitchdog-ring-blue,Sassbai
sassbai-toy-pitchdog-ring-lime-green,Sassbai
sassbai-toy-pitchdog-ring-orange,Sassbai
sassbai-toy-pitchdog-ring-pink,Sassbai
sassbai-toy-pitchdog-sportball-d9-blue,Sassbai
sassbai-toy-pitchdog-sportball-d9-lime-green,Sassbai
sassbai-toy-pitchdog-sportball-d9-orange,Sassbai
sassbai-toy-pitchdog-sportball-d9-pink,Sassbai
sassbai-toy-puller,Sassbai
scream-2,Scream
scream-cardboard-roller-cat-toy,Scream
scream-cat-360-laser-light-ball-stand-toy,Scream
scream-cat-360-laser-light-ball-toy,Scream
scream-cat-electronic-star-motion-toy,Scream
scream-cat-electronic-star-motion-toy-19cm-pink-orange,Scream
scream-cat-roll,Scream
scream-cat-roll-o-tumbling-ball-toy-21cm,Scream
scream-cat-scratcher-incline,Scream
scream-cat-vase-tumbler-treat-dispenser,Scream
scream-cat-vase-tumbler-treat-dispenser-28cm,Scream
scream-fatty-mouse-cat-toy,Scream
scream-fatty-mouse-green,Scream
scream-fatty-mouse-pink-cat-toy,Scream
scream-lattice-ball-cat-toy,Scream
scream-litter-scoop-28cmx13cm-loud-blue,Scream
scream-litter-scoop-28cmx13cm-loud-green,Scream
scream-litter-scoop-28cmx13cm-loud-orange,Scream
scream-litter-scoop-28cmx13cm-loud-pink,Scream
scream-litter-tray-50cmx35cmx14cm-loud-green,Scream
scream-litter-tray-50x35x14cm-loud-blue,Scream
scream-litter-tray-50x35x14cm-loud-orange,Scream
scream-mice-multi-coloured-4pk,Scream
scream-oval-cat-bowl-300ml,Scream
scream-pink-litter-tray-50x35x14cm,Scream
scream-rubber-dog-ball,Scream
scream-slow,Scream
scream-slow-down-round-pillar-bowl-loud-pink,Scream
scream-slow-feed-interactive-bowl,Scream
scream-slow-feed-interactive-dog-bowl,Scream
sealtex-latex-bandage,Sealtec
shanga-airflow-combo,Shanga
shanga-bug-rug-recovery-combo,Shanga
shanga-bug-rug-recovery-head-piece,Shanga
shanga-econo-ripstop-combo,Shanga
shanga-lycra-show-rug-with-skinny-zip-hood,Shanga
shanga-mesh-combo,Shanga
shanga-ripstop-combo,Shanga
shanga-show-rug-in-light-mesh-design,Shanga
shanga-stable-rug,Shanga
shanga-towel-rug,Shanga
shanga-white-ripstop-rug,Shanga
shear-magic-brush-double-medium,Shear Magic
shear-magic-brush-double-small,Shear Magic
shear-magic-coat-rake-long,Shear Magic
shear-magic-coat-rake-medium,Shear Magic
shear-magic-dematting-comb-for-easy-grooming,Shear Magic
shear-magic-double-sided-comb-for-dogs,Shear Magic
shear-magic-flea-comb,Shear Magic
shear-magic-guillotine-nail-clipper,Shear Magic
shear-magic-moult-brush-large,Shear Magic
shear-magic-moult-brush-medium,Shear Magic
shear-magic-moult-brush-small,Shear Magic
shear-magic-nail-clipper-medium-large,Shear Magic
shear-magic-nail-clipper-small-medium,Shear Magic
shear-magic-shedding-rake-large,Shear Magic
shear-magic-shedding-rake-medium,Shear Magic
shear-magic-shedding-rake-shear-magicall,Shear Magic
shear-magic-slicker-flexi-medium-large,Shear Magic
shear-magic-slicker-flexi-small-medium,Shear Magic
shear-magic-slicker-large,Shear Magic
shear-magic-slicker-medium,Shear Magic
shear-magic-slicker-puppy-brush,Shear Magic
shear-magic-slicker-small,Shear Magic
showcraft-crystal-hanovarian-bridle,Showcraft
showcraft-lite-dialup-helmet,Showcraft
showcraft-loose-ring-training-snaffle,Showcraft
showcraft-silver-clinch-hanoverian-bridle,Showcraft
showcraft-ss-oval-link-training-bit-14mm,Showcraft
showcraft-sweet-iron-mouth-bit,Showcraft
showcraft-tackers-childs-brown,Showcraft
showcraft-tackers-kids-riding-boots,Showcraft
showmaster-all-purpose-fleece-boots,Showmaster
showmaster-bandage-pads-felt-30x45cm-set-of-4-white,Showmaster
showmaster-bandage-pads-with-faux-sheepskin-trim,Showmaster
showmaster-blade-for-clipper-animal-trimmer,Showmaster
showmaster-blade-for-large-animal-clipper-1mm,Showmaster
showmaster-blade-for-large-animal-clipper-3mm,Showmaster
showmaster-blue-grooming-kit-bucket,Showmaster
showmaster-clipper-battery-led-display,Showmaster
showmaster-clipper-corded-large-animal,Showmaster
showmaster-clipper-ergonomic-usb-trimmer,Showmaster
showmaster-cordless-corded-animal-trimmer,Showmaster
showmaster-dandy-brush-small,Showmaster
showmaster-deluxe-horsehair-body-brush,Showmaster
showmaster-felt-bandage-pad-set,Showmaster
showmaster-grooming-chalk,Showmaster
showmaster-large-body-brush,Showmaster
showmaster-large-dandy-brush,Showmaster
showmaster-long-driving-reins-pair,Showmaster
showmaster-mud-buster-brush,Showmaster
showmaster-pimple-cotton-gloves-black,Showmaster
showmaster-rainbow-body-brush,Showmaster
showmaster-rainbow-crystal-grooming-kit,Showmaster
showmaster-rainbow-dandy-brush,Showmaster
showmaster-small-body-brush,Showmaster
showmaster-support-bandages-set-of-4,Showmaster
showmaster-thinning-razor-w-comb-blue,Showmaster
showmaster-training-system-cob-full,Showmaster
snap-hook-brass-round-swivel-eye-19mm-3-4-inch,Snap Hook
snap-hook-bull-easy-open,Snap Hook
snap-hook-bull-round-eye,Snap Hook
snap-hook-double-end-nickel-plated-4-0,Snap Hook
snap-hook-double-end-nickle-plated-3-5-inch,Snap Hook
snap-hook-double-end-nickle-plated-4-5-inch,Snap Hook
snap-hook-fireman-6cm,Snap Hook
snap-hook-fireman-8mm-eye-82mm-long,Snap Hook
snap-hook-open-end-3-5-inch,Snap Hook
snap-hook-open-end-5-0-inch,Snap Hook
snap-hook-panic-round-fixed,Snap Hook
snap-hook-panic-round-swivel,Snap Hook
snap-hook-round-brass-plated-11-8-inch,Snap Hook
snap-hook-round-nickel-plated-3-4-inch,Snap Hook
snap-hook-round-nickle-plated-11-8-inch,Snap Hook
snap-hook-round-swivel-nickel-plated-5-8-16mm,Snap Hook
snap-hook-spring-buckle-for-rug-leg-straps,Snap Hook
snap-hook-spring-fixed-1-inch,Snap Hook
snap-hook-square-brass-1-inch,Snap Hook
snap-hook-square-nickel-plated-1-inch,Snap Hook
sprenger-braided-spur-strap,Sprenger
sprenger-childrens-spur-with-strap,Sprenger
sprenger-diamond-paste-polish,Sprenger
sprenger-dynamic-rs-loose-ring-snaffle,Sprenger
sprenger-eggbutt-gag-mullen-hard-carbon,Sprenger
sprenger-eggbutt-mullen-hard-carbon-bit,Sprenger
sprenger-fairrider-spurs,Sprenger
sprenger-fairrider-spurs-25mm-thin-rounded,Sprenger
sprenger-ho,Sprenger
sprenger-kk-ultra-loose-ring-bradoon-12mm,Sprenger
sprenger-kk-ultra-loose-ring-bradoon-14mm,Sprenger
sprenger-kk-ultra-loose-ring-snaffle,Sprenger
sprenger-ladies-chrome-plated-spur,Sprenger
sprenger-leather-spur-straps,Sprenger
sprenger-novocontact-dee-ring-bradoon,Sprenger
sprenger-novocontact-loose-ring-bradoon,Sprenger
sprenger-novocontact-loose-ring-snaffle,Sprenger
sprenger-rs-dee-ring-snaffle,Sprenger
sprenger-special-dressage-weymouth,Sprenger
sprenger-ultra-fit-comfort-roller-soft-point-spurs,Sprenger
sprenger-ultra-fit-comfort-roller-super-soft-spurs,Sprenger
sprenger-ultra-fit-extra-grip-black-series,Sprenger
sprenger-ultra-fit-grip-comfort-roller-soft-point-spurs,Sprenger
sprenger-ultra-fit-grip-comfort-roller-super-soft-spurs,Sprenger
sprenger-ultra-fit-grip-spur-30mm-rounded-rowel,Sprenger
sprenger-ultra-fit-grip-spur-35mm,Sprenger
sprenger-ultra-fit-grip-spur-40mm-rounded-rowel,Sprenger
sprenger-ultra-fit-grip-spur-comfort-roller,Sprenger
sprenger-ultra-fit-grip-spurs,Sprenger
sprenger-ultra-fit-grip-spurs-rounded,Sprenger
sprenger-ultra-fit-spur-30mm-rounded,Sprenger
sprenger-ultra-fit-spur-40mm-rounded-rowel,Sprenger
sprenger-ultra-fit-spur-comfort-roller,Sprenger
sprenger-ultra-fit-spurs,Sprenger
sprenger-ultra-fit-spurs-anthracite,Sprenger
sprenger-ultra-fit-spurs-bronze,Sprenger
stance-equitec-biotin-5kg,Stance Equitec
stance-equitec-clean-culture,Stance Equitec
stance-equitec-msm,Stance Equitec
stance-equitec-osmoplex-electrolyte-5kg,Stance Equitec
stance-equitec-placid-rein-1-5kg,Stance Equitec
stance-equitec-proflex-joint-supplement-2kg,Stance Equitec
stance-equitec-respirite-1l,Stance Equitec
stance-equitec-toxin-binder-2kg,Stance Equitec
stance-equitec-turmericle,Stance Equitec
stance-equitec-turmericle-golden-gel,Stance Equitec
stance-equitec-turmericle-joint-supplement-500gm,Stance Equitec
stance-equitec-ulcabuf-2kg,Stance Equitec
status-e2-dressage-black-saddle,Status
status-e2-gp-saddle,Status
status-e2-synthetic-stirrup-leathers,Status
status-pony-pad,Status
status-pony-pad-kit-for-young-riders,Status
status-pony-pad-mounted,Status
status-stock-saddle-w-adjustable-gullet,Status
status-swinging-fender-saddle,Status
stetson-chocolate-colorado-hat,Stetson
stetson-colorado-granite,Stetson
stetson-hat-box,Stetson
stetson-ironbark-fur-felt-hat,Stetson
stetson-newman-choc-hat,Stetson
stetson-newman-fawn-hat,Stetson
stetson-oregon-granite-hat,Stetson
stetson-ranger-acorn-hat,Stetson
taste-of-the-wild-cat-canyon-river-trout-salmon-2kg,Taste Of The Wild
taste-of-the-wild-cat-lowland-creek-quail-duck-2kg,Taste Of The Wild
taste-of-the-wild-cat-rocky-mountain-2kg,Taste Of The Wild
taste-of-the-wild-cat-wet-canyon-river-85gm,Taste Of The Wild
taste-of-the-wild-cat-wet-lowland-creek-meat-chunks-85gm,Taste Of The Wild
taste-of-the-wild-cat-wet-rocky-mountain-85gm,Taste Of The Wild
taste-of-the-wild-dog-wet-duck-chicken-390gm,Taste Of The Wild
taste-of-the-wild-dog-wet-salmon-herring-390gm,Taste Of The Wild
taste-of-the-wild-dog-wet-turkey-duck-390gm,Taste Of The Wild
taste-of-the-wild-puppy-high-prairie-bison-venison-2kg,Taste Of The Wild
taste-of-the-wild-puppy-pacific-stream-salmon-2kg,Taste Of The Wild
tech-spurs-florence-shiny-medium-black,Tech
tech-spurs-florence-shiny-medium-blue,Tech
tech-spurs-florence-shiny-medium-rosegold,Tech
tech-spurs-florence-shiny-medium-silver,Tech
tech-spurs-florence-shiny-medium-titanium,Tech
tech-stirrup-covers-pair,Tech
tech-stirrup-irons,Tech
tech-stirrup-irons-capri-dressage-silver,Tech
tech-stirrup-irons-siena-jumping-cross-country-titanium,Tech
tech-stirrup-irons-venice-sloped-evo-safety-stirrups,Tech
tech-stirrup-irons-venice-young-safety-stirrups,Tech
tech-stirrup-irons-venice-young-safety-stirrups-black-red,Tech
tech-stirrups-siena-plus,Tech
tech-stirrups-siena-premium-jumping-cross,Tech
tech-stirrups-venice-dressage,Tech
tech-stirrups-venice-evo-flat-safety-stirrups-black,Tech
tech-stirrups-venice-fit,Tech
tech-stirrups-venice-sloped-evo-safety-stirrups-black,Tech
tech-venice-dressage-sloped-safety-stirrups,Tech
temptations-cat-snacks-creamy-dairy-85gm,Temptations Cat Snacks
temptations-cat-snacks-hearty-beef-180gm,Temptations Cat Snacks
temptations-cat-snacks-hearty-beef-85gm,Temptations Cat Snacks
temptations-cat-snacks-seafood-medley-180gm,Temptations Cat Snacks
temptations-cat-snacks-seafood-medley-85gm,Temptations Cat Snacks
temptations-cat-snacks-tasty-chicken-180gm,Temptations Cat Snacks
temptations-cat-snacks-tasty-chicken-85gm,Temptations Cat Snacks
temptations-cat-snacks-tempting-tuna-85gm,Temptations Cat Snacks
terramycin-pinkeye-aerosol-125gm,Terramycin
terramycin-pinkeye-powder-50gm,Terramycin
the-trail-of-painted-ponies,The Trail of Painted Ponies
the-trail-of-painted-ponies-adoration,The Trail of Painted Ponies
the-trail-of-painted-ponies-appy-trails,The Trail of Painted Ponies
the-trail-of-painted-ponies-barn-buddies,The Trail of Painted Ponies
the-trail-of-painted-ponies-bear-medicine,The Trail of Painted Ponies
the-trail-of-painted-ponies-christmas-crystals,The Trail of Painted Ponies
the-trail-of-painted-ponies-christmas-past,The Trail of Painted Ponies
the-trail-of-painted-ponies-dance-of-the-sugar-plum-ponies,The Trail of Painted Ponies
the-trail-of-painted-ponies-dreamer,The Trail of Painted Ponies
the-trail-of-painted-ponies-forest-spirit,The Trail of Painted Ponies
the-trail-of-painted-ponies-frosted-black-magic,The Trail of Painted Ponies
the-trail-of-painted-ponies-lakota,The Trail of Painted Ponies
the-trail-of-painted-ponies-ocean-dreams,The Trail of Painted Ponies
the-trail-of-painted-ponies-snow-ready,The Trail of Painted Ponies
the-trail-of-painted-ponies-special-delivery,The Trail of Painted Ponies
the-trail-of-painted-ponies-spirit-of-christmas-past,The Trail of Painted Ponies
the-trail-of-painted-ponies-spirit-of-christmas-present,The Trail of Painted Ponies
the-trail-of-painted-ponies-starlight-dance,The Trail of Painted Ponies
the-trail-of-painted-ponies-western-skies,The Trail of Painted Ponies
the-trail-of-painted-ponies-winchester,The Trail of Painted Ponies
thinline-2-piece-halter-cheek-liner,Thinline Global
thinline-bareback-pad-with-non,Thinline Global
thinline-basic-english-contour-pad,Thinline Global
thinline-bit-less-noseband,Thinline Global
thinline-breakaway-halter,Thinline Global
thinline-drop-rigging-pad,Thinline Global
thinline-endurance-wax-tough-rider-pad,Thinline Global
thinline-english-seat-saver-for-riders,Thinline Global
thinline-english-wrapped-reins,Thinline Global
thinline-english-wrapped-reins-with-notches,Thinline Global
thinline-globals-flexible-filly-splint-boots,Thinline Global
thinline-halter-padding,Thinline Global
thinline-inner-soles,Thinline Global
thinline-lined-english-reins,Thinline Global
thinline-notched-riding-reins,Thinline Global
thinline-pastern-wraps,Thinline Global
thinline-pro-tech-premium-felt-western-pad,Thinline Global
thinline-ride-right-stirrup-wrap,Thinline Global
thinline-seat-saver,Thinline Global
thinline-short-girth,Thinline Global
thinline-trifecta-cotton-half-pad,Thinline Global
thinline-trifecta-cotton-half-pad-with-sheepskin-trim,Thinline Global
thinline-trifecta-sheepskin-comfort-half-pad,Thinline Global
thinline-trim-to-fit-shims,Thinline Global
thinline-velcro-bell-boot,Thinline Global
thinline-western-cotton-liner-pad,Thinline Global
thinline-western-felt-liner-with-fenders,Thinline Global
thinline-western-pro,Thinline Global
thinline-western-ranch-pad,Thinline Global
thomas-cook-ada-skinny-morning-sky-ladies-jeans,Thomas Cook
thomas-cook-bill-rugby-top-red-mens,Thomas Cook
thomas-cook-black-twin-keeper-belt,Thomas Cook
thomas-cook-bronco-wool-felt-hat,Thomas Cook
thomas-cook-buttercup-girls-tee,Thomas Cook
thomas-cook-chocolate-twin-keeper-belt,Thomas Cook
thomas-cook-comfort-belt,Thomas Cook
thomas-cook-copper-twin-keeper-belt,Thomas Cook
thomas-cook-crushable-hat,Thomas Cook
thomas-cook-deloraine-long-gumboots,Thomas Cook
thomas-cook-drover-hat-fawn,Thomas Cook
thomas-cook-drover-hat-sand,Thomas Cook
thomas-cook-ellery-bag,Thomas Cook
thomas-cook-farm-mug,Thomas Cook
thomas-cook-gumboot-launceston-w22-navy-magenta,Thomas Cook
thomas-cook-gumboot-wynyard-w22-fuschia-black,Thomas Cook
thomas-cook-highlands-hat-fawn,Thomas Cook
thomas-cook-highlands-hat-sand,Thomas Cook
thomas-cook-kids-horse-snuggle-hoodie,Thomas Cook
thomas-cook-knife-belt-chocolate,Thomas Cook
thomas-cook-ladies-western-all-rounder-boots,Thomas Cook
thomas-cook-leather-edged-wallet,Thomas Cook
thomas-cook-mens-straight-jean-mid,Thomas Cook
thomas-cook-moleskin-straight-leg-navy-jeans,Thomas Cook
thomas-cook-moleskin-straight-leg-sand-mens,Thomas Cook
thomas-cook-rhian-bootcut-jeans,Thomas Cook
thomas-cook-rustler-belt-chocolate-1-1-2,Thomas Cook
thomas-cook-signature-cap,Thomas Cook
thomas-cook-silver-twin-keeper-belt,Thomas Cook
thomas-cook-western-bomber-boots-ladies,Thomas Cook
thomas-cook-willa-girls-boot-cut-jean,Thomas Cook
thomas-cook-womens-amber-blouse,Thomas Cook
thomas-cook-womens-emmy-ls-shirt,Thomas Cook
thomas-cook-wonder-moleskin-jeans,Thomas Cook
thomas-cook-wynyard-gumboot,Thomas Cook
thomas-cook-wynyard-short-gumboots,Thomas Cook
thorowgood-gullet-rbar,Thorowgood
thorowgood-gullet-sbar,Thorowgood
thorowgood-pony-t4-gp-long-leg-saddle,Thorowgood
thorowgood-t4-all-purpose-compact-saddle-black,Thorowgood
thorowgood-t4-all-purpose-saddle,Thorowgood
thorowgood-t4-all-purpose-saddle-high-wither-black-17-0,Thorowgood
thorowgood-t4-cob-all-purpose-saddle-black-17-0,Thorowgood
thorowgood-t4-dressage-cob-saddle,Thorowgood
thorowgood-t4-dressage-saddle,Thorowgood
thorowgood-t4-gp-pony-saddle,Thorowgood
thorowgood-t8-all-purpose-compact-saddle,Thorowgood
thorowgood-t8-all-purpose-saddle-low-wither-black,Thorowgood
thorowgood-t8-dressage-high-wither-saddle,Thorowgood
thorowgood-t8-endurance-saddle,Thorowgood
thorowgood-t8-gp-compact-saddle,Thorowgood
thorowgood-t8-gp-saddle,Thorowgood
thorowgood-t8-pony-jump-saddle-black-15-5,Thorowgood
thorowgood-tuff-stirrups-for-children,Thorowgood
tommy-hilfiger-amber-high-waist-full-grip-tights,Tommy Hilfiger
tommy-hilfiger-ava-long-sleeve-baselayer,Tommy Hilfiger
tommy-hilfiger-byron-3-pack-riding-socks,Tommy Hilfiger
tommy-hilfiger-byron-pack-of-3-socks,Tommy Hilfiger
tommy-hilfiger-cambria-stretch-belt,Tommy Hilfiger
tommy-hilfiger-cambridge-desert-sky-bonnet,Tommy Hilfiger
tommy-hilfiger-cambridge-jumping-saddlecloth,Tommy Hilfiger
tommy-hilfiger-clifton-pine-riding-socks,Tommy Hilfiger
tommy-hilfiger-devon-full-grip-tights,Tommy Hilfiger
tommy-hilfiger-dressage-saddlecloth,Tommy Hilfiger
tommy-hilfiger-duke-gloves,Tommy Hilfiger
tommy-hilfiger-eaton-show-shirt,Tommy Hilfiger
tommy-hilfiger-erwin-long-sleeve-polo,Tommy Hilfiger
tommy-hilfiger-grove-unisex-hoodie,Tommy Hilfiger
tommy-hilfiger-harrison-pique-polo,Tommy Hilfiger
tommy-hilfiger-highland-hybrid-breeches,Tommy Hilfiger
tommy-hilfiger-highland-hybrid-full-grip-breeches-beige,Tommy Hilfiger
tommy-hilfiger-jumping-saddlecloth-citronella-full,Tommy Hilfiger
tommy-hilfiger-knox-groom-backpack-desert-sky,Tommy Hilfiger
tommy-hilfiger-lexington-bonnet,Tommy Hilfiger
tommy-hilfiger-lexington-desert-sky-bonnet,Tommy Hilfiger
tommy-hilfiger-lexington-ear-bonnet,Tommy Hilfiger
tommy-hilfiger-lightweight-recycled-down-vest,Tommy Hilfiger
tommy-hilfiger-lincoln-desert-sky-headstall,Tommy Hilfiger
tommy-hilfiger-lincoln-headstall,Tommy Hilfiger
tommy-hilfiger-lincoln-taupe-headstall,Tommy Hilfiger
tommy-hilfiger-lincoln-utility-olive-headstall,Tommy Hilfiger
tommy-hilfiger-long-sleeve-base-layer-with-stand,Tommy Hilfiger
tommy-hilfiger-madison-riding-socks,Tommy Hilfiger
tommy-hilfiger-manhattan-rhinestone-t,Tommy Hilfiger
tommy-hilfiger-newburgh-citronella-socks,Tommy Hilfiger
tommy-hilfiger-newburgh-riding-socks,Tommy Hilfiger
tommy-hilfiger-newburgh-socks,Tommy Hilfiger
tommy-hilfiger-oxford-dressage-saddle-pad,Tommy Hilfiger
tommy-hilfiger-oxford-ear-bonnet,Tommy Hilfiger
tommy-hilfiger-oxford-jumping-saddle-pad,Tommy Hilfiger
tommy-hilfiger-oxford-jumping-saddle-pad-rouge,Tommy Hilfiger
tommy-hilfiger-oxford-jumping-saddlecloth,Tommy Hilfiger
tommy-hilfiger-princeton-dressage-saddle-pad,Tommy Hilfiger
tommy-hilfiger-princeton-fly-hood,Tommy Hilfiger
tommy-hilfiger-princeton-jumping-saddle-pad,Tommy Hilfiger
tommy-hilfiger-rhinestone-t,Tommy Hilfiger
tommy-hilfiger-stanford-citronella-dressage-saddlecloth,Tommy Hilfiger
tommy-hilfiger-stanford-dressage-saddle-pad,Tommy Hilfiger
tommy-hilfiger-stanford-dressage-saddlecloth,Tommy Hilfiger
tommy-hilfiger-stanford-jumping-saddle-pad,Tommy Hilfiger
tommy-hilfiger-stanford-jumping-saddlecloth,Tommy Hilfiger
tommy-hilfiger-stanford-utility-olive-dressage-saddlecloth,Tommy Hilfiger
tommy-hilfiger-taylor-rhinestone-ls-shirt,Tommy Hilfiger
tommy-hilfiger-vermont-full-grip-breeches,Tommy Hilfiger
tommy-hilfiger-vermont-full-grip-rouge-breeches,Tommy Hilfiger
tommy-hilfiger-yale-headstall-with-lead,Tommy Hilfiger
toptac-english-hat-box-accessories-brown,Toptac
toptac-english-hat-box-accessories-tan,Toptac
toptac-fleece-tendon-boots,Toptac
toptac-fleece-tendon-boots-black,Toptac
toptac-fleece-tendon-boots-white,Toptac
toptac-ground-feeder,Toptac
toptac-overreach-boots-with-fleece,Toptac
toptac-western-accessories-box-for-hat-can-black,Toptac
tropiclean-baby-powder-spray-236ml,Tropiclean
tropiclean-deep-cleaning-wipes-for-dogs-cats,Tropiclean
tropiclean-ear-cleaning-wipes,Tropiclean
tropiclean-fresh-breath-clean-teeth-gel-118ml,Tropiclean
tropiclean-fresh-breath-clean-teeth-gel-59ml,Tropiclean
tropiclean-fresh-breath-clean-teeth-gel-for-cats,Tropiclean
tropiclean-fresh-breath-gel-peanut-butter-59ml,Tropiclean
tropiclean-fresh-breath-gel-vanilla-mint-59ml,Tropiclean
tropiclean-fresh-breath-oral-care-kit-small,Tropiclean
tropiclean-fresh-breath-tripleflex-toothbrush-large,Tropiclean
tropiclean-fresh-breath-water-add-plus-hip-joint,Tropiclean
tropiclean-fresh-breath-water-add-plus-skin-coat,Tropiclean
tropiclean-fresh-breath-water-additive-473ml,Tropiclean
tropiclean-oral-care-kit-for-medium-large-dogs,Tropiclean
tropiclean-perfect-fur-tangle-remover-spray-236ml,Tropiclean
tropiclean-puppy-teeth-gel-59ml,Tropiclean
tropiclean-shampoo-gentle-coconut-355ml,Tropiclean
tropiclean-tear-stain-remover-236ml,Tropiclean
tropiclean-tripleflex-toothbrush-for-dogs,Tropiclean
trouble-trix-3pk-bliss-balls-cat-toy,Trouble & Trix
trouble-trix-anti,Trouble & Trix
trouble-trix-bliss-mice-cat-toy-6pk,Trouble & Trix
trouble-trix-bliss-mouse-large-cat-toy,Trouble & Trix
trouble-trix-bliss-tweet-mice-cat-toy-2pk,Trouble & Trix
trouble-trix-cat-collar-high-stretch-red,Trouble & Trix
trouble-trix-high-stretch-blue-cat-collar,Trouble & Trix
trouble-trix-high-stretch-purple-cat-collar,Trouble & Trix
trouble-trix-large-cat-toy-bliss-fish,Trouble & Trix
trouble-trix-litter-odour-eliminator-750ml,Trouble & Trix
trouble-trix-odour-eliminator-powder-500gm,Trouble & Trix
trouble-trix-stain-odour-remover-750ml,Trouble & Trix
trouble-trix-vibro-mouse-cat-toy-bliss,Trouble & Trix
troy-iodin-spray-500ml,TROY
trust-2-5-eggbutt-elliptical-bit,Trust
trust-2-5-eggbutt-flexisoft-bit,Trust
trust-2-5-ring-eggbutt-leather-bit,Trust
trust-2-5-ring-elliptical-bit,Trust
trust-2-5-ring-flexisoft-bit,Trust
trust-2-5-ring-inno-sense-mullen-port,Trust
trust-2-5-ring-jointed-bit,Trust
trust-2-5-ring-leather-bit,Trust
trust-2-5-ring-sweet-iron-medium-port-bit,Trust
trust-baby-pelham-cherry-roll,Trust
trust-baby-pelham-elliptical-bit,Trust
trust-baby-pelham-flexisoft,Trust
trust-baby-pelham-inno-sense-port,Trust
trust-baby-pelham-mullen-inno-sense,Trust
trust-baby-swales-inno-sense-port,Trust
trust-baby-weymouth-sweet-iron-port,Trust
trust-curbgag-elliptical-bit,Trust
trust-dee-bit-elliptical,Trust
trust-dee-brass-rings,Trust
trust-dee-cherry-roller-bit,Trust
trust-dee-inno-sense-port,Trust
trust-dee-ring-flexisoft,Trust
trust-eggbutt-brass-rings,Trust
trust-eggbutt-cherry-roller-bit,Trust
trust-eggbutt-elliptical-bit,Trust
trust-eggbutt-flexisoft,Trust
trust-eggbutt-gag-flexi-soft,Trust
trust-eggbutt-gag-inno-sense-port,Trust
trust-eggbutt-gag-with-sweet-iron-medium-port,Trust
trust-eggbutt-inno-sense-mullen,Trust
trust-eggbutt-inno-sense-port,Trust
trust-eggbutt-sweet-iron-jointed-locked-bit,Trust
trust-eggbutt-sweet-iron-medium-port-bit,Trust
trust-flexisoft-bevel-bit,Trust
trust-full-cheek-brass-rings,Trust
trust-full-cheek-dr-bristol-bit,Trust
trust-full-cheek-elliptical-bit,Trust
trust-full-cheek-flexisoft-bit,Trust
trust-full-cheek-gag-jointed-bit,Trust
trust-full-cheek-inno-sense-port,Trust
trust-full-cheek-jointed-bit,Trust
trust-gag-cheeks,Trust
trust-hackamore-combi-long-flexisoft,Trust
trust-hackamore-combi-long-leather-bit,Trust
trust-hackamore-combi-short-eliptical,Trust
trust-hackamore-combi-short-flexisoft,Trust
trust-hoofbands-rubber,Trust
trust-inno-sense-2-5-ring-eggbutt-medium-port-bit,Trust
trust-kimblehook-flexisoft,Trust
trust-kimblehook-inno-sense-mullen-soft,Trust
trust-leather-full-cheek-bit,Trust
trust-leather-full-cheek-gag,Trust
trust-loose-ring-bradoon-elliptical-12mm,Trust
trust-loose-ring-brass-rings,Trust
trust-loose-ring-eliptical-bit,Trust
trust-loose-ring-flexisoft-bit,Trust
trust-loose-ring-gag-flexisoft,Trust
trust-loose-ring-jointed-bit,Trust
trust-loose-ring-leather-bit,Trust
trust-pelham-elliptical-bit,Trust
trust-pelham-flexisoft,Trust
trust-pelham-leather-bit,Trust
trust-pelham-strap,Trust
trust-pony-eggbutt-elliptical-bit,Trust
trust-pony-loose-ring-elliptical-bit,Trust
trust-rubber-bit-ring,Trust
trust-swivel-flexisoft-bit,Trust
trust-tongue-grid-bit,Trust
trust-tp-hackamore,Trust
tucci-boot-cream,Tucci
tucci-classic-half-chap,Tucci
tucci-galileo-field-boot,Tucci
tucci-galileo-patent-border-riding-boots,Tucci
tucci-galileo-patent-border-swarovski-boots,Tucci
tucci-galileo-with-patent-wave-top,Tucci
tucci-harley-half-chap,Tucci
tucci-harley-long-boots,Tucci
tucci-harley-short-boot,Tucci
tucci-harley-tall-boot-with-crystal,Tucci
tucci-leonardo-long-boot,Tucci
tucci-leonardo-patent-border-riding-boots,Tucci
tucci-leonardo-patent-border-swarovski,Tucci
tucci-marilyn-chap-punched,Tucci
tucci-marilyn-chap-punched-patent,Tucci
tucci-marilyn-f-punched-long-boot,Tucci
tucci-marilyn-f-punched-short-boot,Tucci
tucci-marilyn-fp-punched-patent-long-boot,Tucci
tucci-marilyn-fp-punched-patent-short-boot,Tucci
tucci-marilyn-long-boot,Tucci
tucci-marilyn-plain-chap,Tucci
tucci-marilyn-short-boot-plain,Tucci
tucci-patent-leather-spur-strap,Tucci
tucci-plain-leather-spur-strap,Tucci
tucci-time-sofia-patent-border-swarovski,Tucci
veredus-absolute-dressage-boots,Veredus
veredus-carbon-gel-absolute-fetlock-boots,Veredus
veredus-carbon-gel-absolute-tendon-boots,Veredus
veredus-carbon-gel-grand-slam-boots-front-large-brown,Veredus
veredus-carbon-gel-grand-slam-fetlock-boots,Veredus
veredus-carbon-gel-grand-slam-front-tendon-boots-black,Veredus
veredus-carbon-gel-grand-slam-hind-boots,Veredus
veredus-carbon-gel-grand-slam-hind-fetlock-boots-black,Veredus
veredus-carbon-gel-tendon-boots,Veredus
veredus-carbon-gel-vento-fetlock-boots,Veredus
veredus-carbon-gel-vento-save-the-sheep-boots,Veredus
veredus-carbon-gel-vento-sts-fetlock-boots,Veredus
veredus-carbon-gel-vento-sts-tendon-boots,Veredus
veredus-carbon-gel-vento-tendon-boots,Veredus
veredus-carbon-vento-front-boots-black,Veredus
veredus-carbon-vento-hind-boots-black,Veredus
veredus-grand-prix-baloubet-boots,Veredus
veredus-grand-prix-baloubet-boots-wool-lined-hind-black,Veredus
veredus-grand-prix-wool-lined-boots,Veredus
veredus-grand-prix-wool-rear-boots,Veredus
veredus-magnetik-boot-4-hours,Veredus
veredus-magnetik-hock-boot,Veredus
veredus-magnetik-hoof-boots-medium,Veredus
veredus-olympus-absolute-boots,Veredus
veredus-olympus-absolute-fetlock-boots,Veredus
veredus-olympus-hind-boots-black,Veredus
veredus-olympus-hind-boots-brown,Veredus
veredus-olympus-tendon-boots,Veredus
veredus-olympus-vento-fetlock-boots,Veredus
veredus-olympus-vento-tendon-boots,Veredus
veredus-pro-classic-front-boots-black,Veredus
veredus-pro-classic-hind-boots-black,Veredus
veredus-pro-jump-ankle-boots,Veredus
veredus-pro-jump-x,Veredus
veredus-pro-wrap,Veredus
veredus-tr-pro-front-boots-black,Veredus
veredus-young-jump-vento-fetlock-boots,Veredus
veredus-young-jump-vento-sts-fetlock-boots,Veredus
vestrum-adalia-t-shirt,Vestrum
vestrum-berna-padded-down-jacket,Vestrum
vestrum-canberra-competition-jacket,Vestrum
vestrum-cartagena-t,Vestrum
vestrum-ginerva-competition-jacket,Vestrum
vestrum-ginevra-competition-jacket,Vestrum
vestrum-halstatt-competition-shirt,Vestrum
vestrum-kuji-t-shirt,Vestrum
vestrum-les-arcs-down-vest,Vestrum
vestrum-nigata-competition-jacket,Vestrum
vestrum-parigi-knee-grip-ladies-breeches,Vestrum
vestrum-providence-competition-jacket,Vestrum
vestrum-ratisbona-competition-shirt,Vestrum
vestrum-roma-full-grip-breeches-for-women,Vestrum
vestrum-socks-cremona,Vestrum
vestrum-socks-las-vegas,Vestrum
vestrum-venezia-competition-jacket,Vestrum
vetsense-bcaa-paste-60ml,Vetsense
vetsense-biotin-hoof-powder-1-5kg,Vetsense
vetsense-biotin-hoof-powder-msm,Vetsense
vetsense-brewers-yeast-1kg,Vetsense
vetsense-calcium-carbonate-5kg,Vetsense
vetsense-epsom-salts-5kg,Vetsense
vetsense-flygon-gold,Vetsense
vetsense-glycerine-1l,Vetsense
vetsense-hemo-paste-60ml,Vetsense
vetsense-kilverm-pig-and-poultry-wormer-500ml,Vetsense
vetsense-nervaid-60ml,Vetsense
vetsense-pvp-iodine-solution,Vetsense
vetsense-stable-kennel-disinfectant-5l,Vetsense
vetsense-vitamin-c-powder-1kg,Vetsense
virbac-cal-plus-biotin-1-2kg-supplement,Virbac
virbac-cetrigen-500ml,Virbac
virbac-cetrigen-aerosol-100gm,Virbac
virbac-equimax-elevation-worm-paste-tube-23-1ml,Virbac
virbac-equimax-lv-effective-horse-wormer,Virbac
virbac-equimax-tapeworm-boticide-horse-wormer,Virbac
virbac-eraquell-pellets-35gm,Virbac
virbac-fbc-blood-food-30-x-30gm,Virbac
virbac-ironcyclen-supplement,Virbac
virbac-neutradex-diuretic-5l,Virbac
virbac-rapigel-effective-joint-muscle-relief,Virbac
virbac-rapigel-joint-supplement-250gm,Virbac
virbac-rapigel-tube-200gm,Virbac
virbac-recharge-1l,Virbac
virbac-strategy,Virbac
visentin,Visentin
vitapet-dog-treat-jerhigh-milky-sticks-100gm,Vitapet
vitapet-dog-treat-trainers-chicken-veg-bone-70gm,Vitapet
vitapet-dog-treat-trainers-sweet-potato-chunks-70gm,Vitapet
vitapet-duck-sticks-dog-treats-80gm,Vitapet
vitapet-jerhigh-chicken-bacon-dog-treats-100g,Vitapet
vitapet-jerhigh-chicken-stick-100gm,Vitapet
vitapet-jerhigh-chicken-stick-400g,Vitapet
vitapet-jerhigh-milky-sticks-400g,Vitapet
wahl-blade-for-km-other-clippers,Wahl
wahl-blade-premium-for-km-clippers-size-10-1-8mm,Wahl
wahl-clipper-blade-km-15,Wahl
wahl-clipper-blade-set-for-show-pro,Wahl
wahl-clipper-oil-59ml,Wahl
wahl-clipper-show-pro-kit-for-home-grooming,Wahl
wahl-clipper-smart-clip,Wahl
wahl-km-2-dual-speed-rotary-motor-clipper,Wahl
wahl-km-cordless-clipper-with-size-10-ultimate-blade,Wahl
wahl-pet-pro-grooming-clipper-set,Wahl
wahl-pocket-pro-trimmer,Wahl
wahl-trimmer-clipper-blade,Wahl
waldhausen-barcelona-dressage-boots,Waldhausen
waldhausen-boot-bag,Waldhausen
waldhausen-bridle-bag,Waldhausen
waldhausen-comfort-dressage-boot-fur-alpine-blue,Waldhausen
waldhausen-comfort-overreach-boot-fur-alpine-blue,Waldhausen
waldhausen-dressage-whip-120cm,Waldhausen
waldhausen-dressage-whip-noblesse-110cm,Waldhausen
waldhausen-esperia-saddle-pad,Waldhausen
waldhausen-esperia-tendon-boot,Waldhausen
waldhausen-fleece-bandage-pegasus-chalk-blue,Waldhausen
waldhausen-fleece-bandages,Waldhausen
waldhausen-florence-ear-bonnet-night-blue-full,Waldhausen
waldhausen-florence-fleece-bandages-lavender,Waldhausen
waldhausen-florence-fleece-bandages-night-blue,Waldhausen
waldhausen-florence-fleece-bandages-stone-grey,Waldhausen
waldhausen-grooming-and-competition-bag,Waldhausen
waldhausen-headstall-florence-stone-grey,Waldhausen
waldhausen-headstall-modern-rose-fir-green,Waldhausen
waldhausen-helmet-bag,Waldhausen
waldhausen-little-horses-halter,Waldhausen
waldhausen-lunging-aid,Waldhausen
waldhausen-modern-rose-fleece-bandages-fir-green,Waldhausen
waldhausen-pegasus-dressage-boots-fur-chalk-blue,Waldhausen
waldhausen-rope-halter,Waldhausen
waldhausen-saddle-pad-felix-hibiscus,Waldhausen
waldhausen-stirrup-covers,Waldhausen
waldhausen-travelling-gear-bag,Waldhausen
waldhausen-unicorn-grooming-bag,Waldhausen
waldhausen-water-bell-boots,Waldhausen
waudog-waterproof-dog-collar-with-qr-passport,Waudog
waudog-waterproof-dog-leash,Waudog
waudog-waterproof-dog-leash-black-25mm-x-122cm,Waudog
waudog-waterproof-dog-leash-blue-25mm-x-122cm,Waudog
waudog-waterproof-dog-leash-red-25mm-x-122cm,Waudog
waudog-waterproof-glow-dog-collar-with-qr-passport,Waudog
waudog-waterproof-glow-dog-leash-25mm-x-122cm,Waudog
waudog-waterproof-pink-dog-collar-with-qr-passport,Waudog
wintec-2000-all-purpose-hart-saddle,Wintec
wintec-250-all-purpose-saddle,Wintec
wintec-500-dressage-hart-saddle,Wintec
wintec-500-stock-hart-saddle,Wintec
wintec-500-stock-stirrup-strap-147-57,Wintec
wintec-black-webbers-stirrup-leathers,Wintec
wintec-comfort-pad-raised-back-charcoal,Wintec
wintec-comfort-pad-standard-charcoal,Wintec
wintec-comfort-pad-standard-white,Wintec
wintec-elastic-girth-short,Wintec
wintec-girth-point-black-pair,Wintec
wintec-isabell-icon-dressage-saddle-hart-black,Wintec
wintec-kids-cage-stirrup-irons,Wintec
wintec-kids-saddle,Wintec
wintec-lite-dressage-saddle-hart-deluxe-black,Wintec
wintec-miracle-girth-black,Wintec
wintec-miracle-girth-brown,Wintec
wintec-pad-comfort-raised-front-charcoal,Wintec
wintec-pony-pad-saddle-black,Wintec
wintec-pony-pad-saddle-brown,Wintec
wintec-pro-black-stirrup-leathers,Wintec
wintec-pro-brown-stirrup-leathers,Wintec
wintec-pro-dress-pony-saddle,Wintec
wintec-pro-endurance-hart-saddle,Wintec
wintec-pro-jump-rearfb-hart-brn-43cm-17,Wintec
wintec-pro-stock-fender-saddle,Wintec
wintec-pro-stock-hart-saddle,Wintec
wintec-raised-back-comfort-pad,Wintec
wintec-raised-front-comfort-pad,Wintec
wintec-slimline-stirrup-straps,Wintec
wintec-stud-girth-attach-brn,Wintec
wintec-synthetic-cleaner,Wintec
wintec-webbers,Wintec
wintec-webbers-45cm-black-stirrup-leathers-for-kids,Wintec
wintec-webbers-brown-stirrup-leathers,Wintec
wintec-western-saddle,Wintec
woof-club-brushing-boots-neoprene-black,Woof
woof-club-brushing-boots-neoprene-black-berry,Woof
woof-club-brushing-boots-neoprene-black-orange,Woof
woof-club-brushing-boots-neoprene-black-red,Woof
woof-club-brushing-boots-neoprene-ultra-violet,Woof
woof-club-brushing-boots-neoprene-white,Woof
woof-club-brushing-boots-neoprene-yellow,Woof
woof-club-fetlock-boots-black,Woof
woof-club-overreach-boots-black,Woof
woof-double-velcro-brushing-boots,Woof
woof-eventing-gloves-black,Woof
woof-gloves-young-riders-pro-glove-lilac,Woof
woof-gloves-young-riders-pro-glove-turquoise,Woof
woof-hat-cover-electric-blue-navy,Woof
woof-hat-cover-orange-navy,Woof
woof-hat-cover-violet,Woof
woof-lime-dressage-saddlecloth,Woof
woof-mud-fever-boots-medium,Woof
woof-neoprene-tail-guard-navy,Woof
woof-overreach-pro-boots,Woof
woof-overreach-pro-boots-with-sheepskin-collar,Woof
woof-smart-tendon-boots-black,Woof
woof-socks-bamboo-riding-black,Woof
woof-socks-competition-black,Woof
woof-wear-back-pack,Woof
woof-wear-bandage-polo-vision-set-of-4,Woof
woof-wear-bandage-polo-vision-set-of-4-black,Woof
woof-wear-bandage-polo-vision-set-of-4-champagne,Woof
woof-wear-bandage-polo-vision-set-of-4-shiraz,Woof
woof-wear-bandage-polo-vision-set-of-4-steel,Woof
woof-wear-camera-trailer,Woof
woof-wear-chocolate-show-cane,Woof
woof-wear-club-brushing-boots,Woof
woof-wear-colour-fusion-bell-boots-black-lime,Woof
woof-wear-competition-riding-tights,Woof
woof-wear-dressage-wrap,Woof
woof-wear-dressage-wraps-colour-fusion-lime-l,Woof
woof-wear-ergonomic-bonnet,Woof
woof-wear-event-glove,Woof
woof-wear-fetlock-boot-black-cob,Woof
woof-wear-fly-mask,Woof
woof-wear-fly-mask-w-ears,Woof
woof-wear-fly-mask-with-ears,Woof
woof-wear-fly-nose-protector-uv,Woof
woof-wear-fusion-brushing-boots,Woof
woof-wear-heated-quilted-navy-vest,Woof
woof-wear-medical-hoof-boot,Woof
woof-wear-mud-fever-boots,Woof
woof-wear-powerbank-for-heated-vests,Woof
woof-wear-pro-fetlock-boots,Woof
woof-wear-pro-jump-bat,Woof
woof-wear-pro-over-reach-boots,Woof
woof-wear-pro-overreach-boots,Woof
woof-wear-pro-tendon-boots,Woof
woof-wear-show-whip,Woof
woof-wear-uv-horse-flymask,Woof
woof-wear-vision-dressage-saddlecloth,Woof
woof-wear-vision-lite-navy-tights-for-ladies,Woof
woof-wear-vision-lite-sage-tights-for-ladies,Woof
woof-wear-vision-lite-stone-tights-for-ladies,Woof
woof-wear-vision-polo-bandages,Woof
woof-wear-vision-polo-bandages-set-of-4,Woof
woof-wear-waterproof-trousers,Woof
woof-winter-yard-gloves-navy,Woof
woof-young-riders-pro-gloves,Woof
woof-young-riders-pro-gloves-black,Woof
working-by-dyon,Dy'ON
wrangler-20x-tycoon-hat,Wrangler
wrangler-20x-wash-mens-jeans,Wrangler
wrangler-arielle-charcoal-ladies-jacket,Wrangler
wrangler-arizona-qbaby-booty-up-jeans,Wrangler
wrangler-aztec-crossbody-tote-bag,Wrangler
wrangler-boys-cooper-ss-tee-navy,Wrangler
wrangler-brando-long-sleeve-tee,Wrangler
wrangler-cap-brando-trucker-grey-marle,Wrangler
wrangler-cap-willis-denim,Wrangler
wrangler-chara-midrise-bootcut-jeans,Wrangler
wrangler-classic-straight-short,Wrangler
wrangler-classic-straight-short-indigo-stone,Wrangler
wrangler-cleo-trucker-cap,Wrangler
wrangler-cowboy-cut-original-fit-jeans,Wrangler
wrangler-denim-patchwork-crossbody-bag,Wrangler
wrangler-denim-patchwork-wallet,Wrangler
wrangler-elisha-bag-tan-with-hair-cowhide,Wrangler
wrangler-feature-buckle-crossbody-bag,Wrangler
wrangler-ferris-belt,Wrangler
wrangler-gallant-trucker-cap,Wrangler
wrangler-horsehair-hat-band,Wrangler
wrangler-infant-diaper-cover,Wrangler
wrangler-jhonson-bangora-hat,Wrangler
wrangler-lucia-buckle-handle-bag,Wrangler
wrangler-mens-cowboy-cut-jeans,Wrangler
wrangler-mens-cowboy-cut-original-jeans,Wrangler
wrangler-mens-logo-soft-shell-jacket,Wrangler
wrangler-mini-fun-size-tote,Wrangler
wrangler-mini-fun-size-tote-bag,Wrangler
wrangler-moree-belt,Wrangler
wrangler-qbaby-dd-ladies-jeans,Wrangler
wrangler-rodeo-print-crossbody-bag,Wrangler
wrangler-straight-original-rinse-jeans,Wrangler
wrangler-stubby-holder,Wrangler
wrangler-susannah-trucker-cap,Wrangler
wrangler-talia-aztec-crossbody-bag,Wrangler
wrangler-tooled-fringe-shoulder-bag,Wrangler
wrangler-wmns-sierra-skinny-jean-880,Wrangler
wrangler-womens-ultimate-riding-jean,Wrangler
zeez-disposable-dog-diapers,Zeez
zeez-dog-coat-dapper-royal-purple,Zeez
zeez-dog-coat-deluxe-ruby-red-grey,Zeez
zeez-dog-coat-stylish-mint-green,Zeez
zeez-dog-coat-stylish-sky-blue,Zeez
zeez-dog-coat-supreme-grape-flamingo-pink-grey,Zeez
zeez-dog-coat-supreme-grape-purple-blue,Zeez
zeez-dog-coat-supreme-mint-green-grey,Zeez
zeez-dog-vest-cozy-fleece-ruby-pink,Zeez
zeez-nuvola-food-dispenser-mocaccino,Zeez
zeez-nuvola-water-dispenser-mocaccino,Zeez
zeez-nuvola-water-food-dispenser-mocaccino,Zeez
zeez-securapet-stainless-steel-bowl,Zeez
zeez-stainless-steel-dog-bowl,Zeez
zeez-washable-dog-diapers-for-20cm,Zeez
zilco,Zilco
zilco-13985-helmet,Zilco
zilco-14mm-spurs-with-straps,Zilco
zilco-19mm-black-headstall,Zilco
zilco-19mm-blue-headstall,Zilco
zilco-19mm-headstall,Zilco
zilco-25mm-plastic-headstall,Zilco
zilco-25mm-pn-halter,Zilco
zilco-3-4-pn-halter,Zilco
zilco-30mm-spurs-with-straps,Zilco
zilco-aircon-combo-horse-rug,Zilco
zilco-all-elastic-race-girth-75mm,Zilco
zilco-bareback-pad-shaped-blue-black,Zilco
zilco-black-2-bar-treads,Zilco
zilco-black-fleece-girth-sleeve-75cm-x-10cm,Zilco
zilco-black-pvc-stirrup-straps-1-x56,Zilco
zilco-black-wool-stadium-hood-show-rug,Zilco
zilco-bling-bridle-bag,Zilco
zilco-bling-paddock-boot,Zilco
zilco-braided-lead-rope,Zilco
zilco-clear-black-trim-goggles,Zilco
zilco-clear-yellow-trim-goggles,Zilco
zilco-competition-number-dressage-saddlecloth-white,Zilco
zilco-competition-number-set,Zilco
zilco-cotton-defender-show-rug-combo,Zilco
zilco-cotton-hood-show-rug,Zilco
zilco-cotton-tail-bag-show-rug,Zilco
zilco-crusader-200-combo,Zilco
zilco-crusader-200-rug,Zilco
zilco-crusader-lite-rug,Zilco
zilco-curved-mouth-5-5-snaffle,Zilco
zilco-curved-mouth-snaffle-65mm-ring,Zilco
zilco-defender-cotton-rug,Zilco
zilco-deluxe-grooming-box,Zilco
zilco-double-water-bottle-saddle-bag,Zilco
zilco-dressage-saddlecloth-shimmer-burgundy,Zilco
zilco-dressage-saddlecloth-shimmer-silver,Zilco
zilco-econo,Zilco
zilco-econo-air-combo,Zilco
zilco-econo-air-combo-horse-rug,Zilco
zilco-econo-hybrid-combo,Zilco
zilco-economy-driving-whip,Zilco
zilco-economy-mesh-combo,Zilco
zilco-econostop-combo-horse-rug,Zilco
zilco-econostop-combo-lightweight-summer-rug,Zilco
zilco-eggbutt-training-bradoon,Zilco
zilco-equine-ice-boots,Zilco
zilco-explorer-100-combo-horse-rug,Zilco
zilco-explorer-200-combo-horse-rug,Zilco
zilco-fine-mouth-training-bradoon-ss-bit,Zilco
zilco-fine-mouth-training-snaffle,Zilco
zilco-flag-combo,Zilco
zilco-flag-combo-lightweight-horse-rug,Zilco
zilco-fleece-girth-sleeve-75cm-x-10cm-white,Zilco
zilco-fleece-headstall-cover-set,Zilco
zilco-garrison-1200d-no-fill-combo-2023,Zilco
zilco-garrison-1200d-no-fill-neck-rug,Zilco
zilco-gel,Zilco
zilco-gelato-all-purpose-saddlecloth,Zilco
zilco-girth-with-black-fleece,Zilco
zilco-girth-with-natural-fleece,Zilco
zilco-glitz-dressage-saddlecloth,Zilco
zilco-goggles,Zilco
zilco-goggles-clear-lens-with-royal-blue-trim,Zilco
zilco-goggles-clear-white-trim,Zilco
zilco-guardian-60,Zilco
zilco-guardian-combo-rainsheet,Zilco
zilco-guardian-rainsheet-combo,Zilco
zilco-halter-estate,Zilco
zilco-halter-rope-with-reins-navy-red-full,Zilco
zilco-hamilton-combo-66,Zilco
zilco-hamilton-combo-durable-winter-rug,Zilco
zilco-horse-rug,Zilco
zilco-ice-boot-insert,Zilco
zilco-ice-boots-for-equine-care,Zilco
zilco-lite-sports-helmet,Zilco
zilco-lunge-training-system,Zilco
zilco-mighty-mini-combo,Zilco
zilco-navy-defender-polar-neck-sock-show-rug,Zilco
zilco-number-holder-vest,Zilco
zilco-omega-paddock-boot,Zilco
zilco-open-front-boots,Zilco
zilco-oscar-select-helmet,Zilco
zilco-oscar-shield-helmet-black,Zilco
zilco-oscar-shield-helmet-blue,Zilco
zilco-padded-race-whip,Zilco
zilco-padded-race-whip-with-golf-grip,Zilco
zilco-pioneer-200-combo,Zilco
zilco-pony-training-snaffle,Zilco
zilco-puffer-pad,Zilco
zilco-pvc-spur-straps,Zilco
zilco-revolving-leather-punch,Zilco
zilco-ribbed-velcro-bell-boot,Zilco
zilco-rugby-training-pelham,Zilco
zilco-saddle-bag-single-water-bottle,Zilco
zilco-saddlecloth-dressage-shimmer-peacock,Zilco
zilco-shimmer-headstall-burgundy-full,Zilco
zilco-shimmer-headstall-silver-full-size,Zilco
zilco-show-circuit-cotton-rug,Zilco
zilco-silver-royal-bee-saddle-pad,Zilco
zilco-smoke-lens-goggles,Zilco
zilco-smoke-pink-trim-goggles,Zilco
zilco-smoke-yellow-trim-goggles,Zilco
zilco-solid-roller-ball-spur,Zilco
zilco-solid-roller-ball-spurs,Zilco
zilco-sport-all-purpose-saddlecloth-lime,Zilco
zilco-sprint-pull,Zilco
zilco-stainless-steel-safety-irons,Zilco
zilco-stock-stirrup-straps-pn-leather-1-1-4,Zilco
zilco-suede-black-exercise-saddle,Zilco
zilco-sweet-iron-snaffle-fine,Zilco
zilco-tom-thumb-stainless-steel-bit,Zilco
zilco-training-flag-whip-110cm,Zilco
zilco-training-snaffle-petite,Zilco
zilco-trapezius-pad,Zilco
zilco-white-fillis-treads,Zilco
zilco-wool-stadium-hood-navy,Zilco
zilco-x,Zilco
zilco-x-country-front-boots,Zilco
zippy-claws-burrow-birds-in-nest,Zippy
zippy-claws-burrow-fish-in-bowl,Zippy
zippy-claws-burrow-mice-n-cheese,Zippy
zippy-claws-burrow-snakes-in-cactus,Zippy
zippy-claws-butterfly-dragonfly-cat-toy,Zippy
zippy-claws-cattnip-crusherz-bubbly,Zippy
zippy-claws-cattnip-crusherz-merlot-20cm-x-10cm-x-3cm,Zippy
zippy-claws-cattnip-crusherz-rose-toy,Zippy
zippy-claws-kickerz-carrot-28cm-x-10cm-x-4cm,Zippy
zippy-claws-kickerz-pepper-28cm-x-10cm-x-4cm,Zippy
zippy-claws-ladybug-bee-cat-toy-2,Zippy
zippy-claws-zippystick-bird,Zippy
zippy-claws-zippystick-unicorn,Zippy
zippy-paws-betsey-the-ladybug-squeakie-crawlers,Zippy
zippy-paws-cheeky-chumz-garrett-the-gardener,Zippy
zippy-paws-corduroy-cuddlerz-bunny,Zippy
zippy-paws-corduroy-cuddlerz-duck,Zippy
zippy-paws-max-the-explorer-plush-toy,Zippy
zippy-paws-pink-cupcake-toy,Zippy
zippy-paws-slow-feeder-ice-cream-bowl-33x22-5x5-5cm,Zippy
zippy-paws-snake-plant,Zippy
zippy-paws-squeakie-buddies,Zippy
zippy-paws-squeakie-crawlers-bear-bunny-monkey-set,Zippy
zippy-paws-support-lift-harness-for-dogs,Zippy
zippy-paws-toy-cupcake-14cm-x-10cm-blue,Zippy
z-grip-draw-reins-16mm,Equipe
majyk-equipe-boyd-martin-hyperflex-snap-close-tendon-jump-boots-black,Equipe
paddock-blade-horse-manure-collector-cherry-red-premium-australian-made-free-delivery,Paddock Blade
saddlecloth-bare-equestrian-ecoluxe-luxury-granite,Bare
majyk-equipe-colour-elite-eventing-xc-boots-4-pack-navy-silver,Equipe
majyk-equipe-infinity-vented-tendon-jump-boots-full-3-colours,Equipe
paddock-blade-horse-manure-collector-magnum-black-premium-australian-made-free-delivery,Paddock Blade
saddlecloth-bare-equestrian-ecoluxe-luxury-stormy,Bare
majyk-equipe-cool-compression-gel-ice-boots-silver,Equipe
saddlecloth-bare-equestrian-ecoluxe-luxury-oxford-grey,Bare
paddock-blade-horse-manure-collector-hot-pink-premium-australian-made-free-delivery,Paddock Blade
majyk-equipe-infinity-vented-hind-jump-boots-full-3-colours,Equipe
majyk-equipe-boyd-martin-eventing-xc-boots-4-pack-2-colours,Equipe
animo-nagle-high-waisted-breeches,Animo
anky-glacier-breeches-full-seat,ANKY
anky-long-sleeve-polo,ANKY
anky-longsleeve-polo,ANKY
anky-new-pullover-half-zip,ANKY
anky-new-technical-proficient-boot,ANKY
arena-all-purpose-saddle-brown,Arena
arena-all-purpose-wide-saddle-black,Arena
arena-dressage-saddle-black,Arena
arena-dressage-saddle-brown,Arena
arena-dressage-wide-saddle-brown,Arena
arena-jump-saddle-brown,Arena
ariat-beanie-uni-cable-eurasian-teal,Ariat
ariat-cap-tri-factor-uni-milky-blue,Ariat
ariat-socks-ariattek-performance-uni-heather-grey-navy,Ariat
bare-equestrian-competition-wear-stone,Bare
bare-equestrian-performance-riding-tights-dark-glow,Bare
bare-equestrian-performance-tights-black-python,Bare
bare-equestrian-performance-tights-ice-blue,Bare
bare-equestrian-performance-tights-mermaid,Bare
bare-equestrian-performance-tights-miami-twist,Bare
bare-equestrian-performance-tights-mulberry,Bare
bare-equestrian-performance-tights-old-navy,Bare
bare-equestrian-performance-tights-oxford-rose,Bare
bare-equestrian-performance-tights-ruby-rose,Bare
bare-equestrian-performance-tights-unicorn,Bare
bare-equestrian-thermo-fit-winter-performance-riding-tights-black,Bare
bare-equestrian-thermo-fit-winter-performance-riding-tights-navy,Bare
bare-equestrian-thermofit-winter-performance-riding-tights-black,Bare
betadine-solution-500ml,Betadine
blackdog-beef-bone-filled-with-chicken,Blackdog
blackdog-beef-jerky-100gm,Blackdog
blackdog-beef-jerky-500gm,Blackdog
blackdog-beef-jerky-braided-each,Blackdog
blackdog-biscuits-cheese-1kg,Blackdog
blackdog-biscuits-glucosabics-1kg,Blackdog
blackdog-chicken-breast-fillet-120gm,Blackdog
blackdog-chicken-breast-fillet-1kg,Blackdog
blackdog-chicken-meat-balls-250gm,Blackdog
blackdog-chicken-sticks-6-pack,Blackdog
blackdog-cow-hoof-filled-with-peanut-butter,Blackdog
blackdog-duck-jerky-1kg,Blackdog
blackdog-pigs-ear-vegetarian-each,Blackdog
blackdog-pork-roll-jumbo-each,Blackdog
blackdog-roo-crinkles-200gm,Blackdog
breyer-stablemates-herald-carousel-ornament,Breyer
breyer-traditional-bridle-jump,Breyer
breyer-traditional-bridle-western-show,Breyer
breyer-traditional-doll-cowboy-austin,Breyer
breyer-traditional-doll-dressage-megan,Breyer
breyer-traditional-doll-laura-veterinarian-vet-kit,Breyer
breyer-traditional-doll-showjumper-brenda,Breyer
breyer-traditional-marc-of-charm-saddlebred,Breyer
breyer-traditional-ride-set-western-hot,Breyer
breyer-traditional-truck-pick-up-blue,Breyer
cavalleria-toscana-3-4-grip-breeches,Cavalleria Toscana
cavalleria-toscana-american-breeches-piquet,Cavalleria Toscana
cavalleria-toscana-american-full-grip-piquet,Cavalleria Toscana
cavalleria-toscana-ct-team-breeches,Cavalleria Toscana
cavalleria-toscana-ct-team-fleece-bandages,Cavalleria Toscana
cavalleria-toscana-ct-team-mens-training-polo-1,Cavalleria Toscana
cavalleria-toscana-ct-team-pique-training-polo,Cavalleria Toscana
cavalleria-toscana-full-grip-breech,Cavalleria Toscana
cavalleria-toscana-mens-jersey-insert-competition-polo,Cavalleria Toscana
cavalleria-toscana-new-grip-system-breeches,Cavalleria Toscana
cavalleria-toscana-revo-premier-jersey-comp-polo-mens,Cavalleria Toscana
cavalleria-toscana-revolution-knee-grip-breeches,Cavalleria Toscana
cavalleria-toscana-super-ct-training-polo,Cavalleria Toscana
cavallo-calima-grip-ladies-full-seat-breeches,Cavallo
cavallo-edita-knitted-beanie,Cavallo
cavallo-eireen-knitted-beanie,Cavallo
cavallo-elena-beanie,Cavallo
cavallo-hanaya-saddle-pad-rubin,Cavallo
cavallo-herle-saddle-pad-cloud-grey,Cavallo
cdm-vanner-prest-hoof-oil-500ml,CDM
charles-owen-hampton-hat-round,Charles Owen
coolmax-black-breeches-in-sizes-6-to-28-no-silicone,CoolMax
coolmax-black-breeches-in-sizes-6-to-28-with-silicone-seat-grip,CoolMax
coolmax-grey-breeches-with-phone-pockets,CoolMax
coolmax-jodhpurs-in-sizes-6-to-28-in-black-with-silicone-seat-grip,CoolMax
coolmax-jodhpurs-in-sizes-6-to-28-in-grey,CoolMax
coolmax-navy-breeches-with-no-silicone,CoolMax
coolmax-navy-breeches-with-silicone-seat-grip,CoolMax
coralpina-cinquetorri-dog-harness-red-wine,Coralpina
coralpina-cinquetorri-dog-harness-turquoise,Coralpina
coralpina-cinquetorri-waste-bag-turquoise,Coralpina
crooked-lane-brewers-yeast-1kg,Crooked Lane
crooked-lane-chamomile-flowers-500gm,Crooked Lane
crooked-lane-chia-seeds-1kg,Crooked Lane
crooked-lane-garlic-granules-1kg,Crooked Lane
crooked-lane-psyllium-husk-900gm,Crooked Lane
decron-hoof-polultice-boot,Decron
decron-poultice-leg-wrap,Decron
ego7-eco-long-boots-black-sizes-40-45,Ego7
elt-denali-kids-riding-tights,Elt
equibuff-grooming-sponge-4-colours-2,Equibuff
equick-ewonder-fetlock-boots-short,Equick
equiline-ceriek-women-s-b-move-full-grip-breeches-white,Equiline Equestrian Gear
equimec,Equimec
equimec-paste,Equimec
equimec-plus-tape,Equimec
equimec-plus-tape-1,Equimec
equipe-gag-cheeks,Equipe
fort-worth-iroquois-noseband,Fort Worth
fort-worth-iroquois-one-ear-headstall,Fort Worth
fort-worth-iroquois-spur-straps-ladies,Fort Worth
fort-worth-pink-apache-breastcollar,Fort Worth
fort-worth-pink-apache-one-ear-headstall,Fort Worth
hairy-pony-2-in-1-detangle-shine-spray-original-125ml,Hairy Pony Grooming Products
hairy-pony-brush-body-mini,Hairy Pony Grooming Products
hairy-pony-brush-dandy,Hairy Pony Grooming Products
hairy-pony-brush-mane-tail-mini,Hairy Pony Grooming Products
hairy-pony-brush-mud,Hairy Pony Grooming Products
hairy-pony-brush-rubber,Hairy Pony Grooming Products
hairy-pony-brush-rubber-mini,Hairy Pony Grooming Products
hairy-pony-hoof-pick-brush-copper,Hairy Pony Grooming Products
hairy-pony-plaiting-needles-stainless-steel,Hairy Pony Grooming Products
hairy-pony-plaiting-thread-flat-waxed-small,Hairy Pony Grooming Products
hairy-pony-scissors-fastening,Hairy Pony Grooming Products
hairy-pony-scissors-thinning,Hairy Pony Grooming Products
hairy-pony-shampoo-bar-original-anti-bacterial-tea-tree-lemon-myrtle,Hairy Pony Grooming Products
hamag-medical-armband-leather-black,Hamag
hamag-number-holder-bridle-leather-3-digit-pair-mahogany-brown,Hamag
heritage-performance-gloves-steel-blue,Heritage
heritage-power-glove-black,Heritage
heritage-pro-fit-glove-black,Heritage
heritage-stable-glove-black-tan,Heritage
horse-queened-bundle-pack,HORSE QUEENED
horse-queened-grooming-pack,HORSE QUEENED
horse-queened-sample-pack,HORSE QUEENED
horsemaster-rug-wash-insect-250ml,Horsemaster
horsemaster-shoulder-guard-lycra-black,Horsemaster
horsemaster-slow-feed-ball-blue,Horsemaster
huntington-nicky-kwik-dry-riding-jacket-navy-ladies,Huntington
huntington-rouge-inlay-belt-tan,Huntington
huntington-synthetic-show-gloves-black,Huntington
huntington-willow-riding-jacket-navy-childs,Huntington
inaba-cat-grilled-chicken-fillet-in-chicken-flavoured-broth,Inaba
inaba-dog-churu-rolls-chicken-recipe-wrap-chicken-cheese,Inaba
ivory-coat-raw-health-cat-adult-health-wellbeing-2kg,Ivory Coat
ivory-coat-raw-inspired-wet-cat-kitten-immunity-85gm-box-of-12,Ivory Coat
jeremy-lord-breastplate-5-point-leather-black,Jeremy & Lord
jeremy-lord-breastplate-martingale-eventing-elastic-leather-brown,Jeremy & Lord
jeremy-lord-dog-collar-rolled-medium-3-4-x-17,Jeremy & Lord
jeremy-lord-dog-collar-rolled-small-5-8-x-11,Jeremy & Lord
jeremy-lord-martingale-running-leather-black,Jeremy & Lord
jeremy-lord-martingale-running-leather-brown,Jeremy & Lord
joseph-lyddy-crib-stop-spray-500ml,Joseph Lyddy
joseph-lyddy-dry-cote-1litre,Joseph Lyddy
joseph-lyddy-dubbin-125gm,Joseph Lyddy
joseph-lyddy-jayel-beeswax-dressing-450gm,Joseph Lyddy
joseph-lyddy-silicone-waterproof-spray-262gm,Joseph Lyddy
joseph-lyddy-true-blue-lotion-500ml,Joseph Lyddy
kask-dogma-chrome-light,KASK
kask-helmet-inner-padding,KASK
kask-star-lady-everyrose-limited-edition-swarovski-amethyst,KASK
kask-star-lady-pure-shine,KASK
kazoo-dog-bed-cloud-cushion-cool-grey-extra-large,Kazoo
kazoo-dog-collar-active-adjustable-slate-orange,Kazoo
kazoo-dog-harness-active-aqua-purple,Kazoo
kazoo-dog-harness-active-slate-orange,Kazoo
kazoo-dog-harness-active-soft-aqua-purple,Kazoo
kazoo-dog-harness-active-soft-silver-pink,Kazoo
kazoo-dog-harness-active-soft-slate-orange,Kazoo
kazoo-dog-harness-classic-pink,Kazoo
kazoo-dog-harness-classic-red,Kazoo
kazoo-dog-harness-soft-classic-aqua,Kazoo
kazoo-dog-harness-soft-classic-black,Kazoo
kazoo-dog-toy-braided-rope-three-knot-tug-extra-large,Kazoo
kazoo-dog-toy-chew-treat-enrichment-ball-medium,Kazoo
kazoo-dog-toy-interactive-puzzle-play-rectangle-rumble,Kazoo
kazoo-dog-toy-twisted-rope-three-knot-tug-extra-large,Kazoo
kazoo-retractable-lead-large-5mt,Kazoo
kazoo-retractable-lead-large-8mt,Kazoo
kazoo-retractable-lead-medium-5mt,Kazoo
kazoo-retractable-lead-with-poop-bag-dispenser-extra-large,Kazoo
kazoo-retractable-lead-with-poop-bag-dispenser-medium,Kazoo
kazoo-treat-dog-prime-cuts-beef-bully-sticks-15cm-6pack,Kazoo
kazoo-treat-dog-prime-cuts-beef-liver-chips-100gm,Kazoo
kazoo-treat-dog-prime-cuts-beef-liver-chips-220gm,Kazoo
kazoo-treat-dog-prime-cuts-beef-liver-chips-500gm,Kazoo
kazoo-treat-dog-prime-cuts-beef-paddywack-1-piece-35cm,Kazoo
kazoo-treat-dog-prime-cuts-beef-steak-strips-170gm,Kazoo
kazoo-treat-dog-prime-cuts-beef-steak-strips-80gm,Kazoo
kazoo-treat-dog-prime-cuts-beef-stick-1-piece-30cm,Kazoo
kazoo-treat-dog-prime-cuts-beef-stick-braided-3-piece,Kazoo
kazoo-treat-dog-prime-cuts-butterflied-sardine-100gm,Kazoo
kazoo-treat-dog-prime-cuts-kangaroo-liver-chips-100gm,Kazoo
kazoo-treat-dog-prime-cuts-kangaroo-steak-strips-80gm,Kazoo
kelato-kelatowrap-10cm,Kelato
kelly-herd-blue-stone-horseshoe-necklace-sterling-silver,Kelly Herd
kelly-herd-bracelet-double-horseshoe-rose-gold,Kelly Herd
kelly-herd-bracelet-double-horseshoe-sterling-silver,Kelly Herd
kelly-herd-bracelet-horseshoe-ss,Kelly Herd
kelly-herd-clear-double-horseshoe-necklace-sterling-silver,Kelly Herd
kelly-herd-dancing-stone-horseshoe-dangle-earrings-sterling-silver,Kelly Herd
kelly-herd-double-horseshoe-earrings-sterling-silver,Kelly Herd
kelly-herd-double-horseshoe-necklace-sterling-silver,Kelly Herd
kelly-herd-earring-horseshoe-stud-ss,Kelly Herd
kelly-herd-earrings-halter-horse-sterling-silver,Kelly Herd
kelly-herd-horseshoe-bolo-bracelet-sterling-silver,Kelly Herd
kelly-herd-large-english-stirrup-bracelet-sterling-silver,Kelly Herd
kelly-herd-mare-foal-head-necklace-sterling-silver,Kelly Herd
kelly-herd-necklace-large-stone-base-oxbow-stirrup-sterling-silver,Kelly Herd
kelly-herd-ring-offset-bit-sterling-silver-size-8,Kelly Herd
kelly-herd-small-halter-necklace-sterling-silver,Kelly Herd
kelly-herd-snaffle-bit-bracelet-sterling-silver,Kelly Herd
kentucky-equine-research-b-quiet-600gm,Kentucky
kentucky-equine-research-bio-bloom-hf-1-5kg,Kentucky
kentucky-equine-research-drink-up-80gm-sachet,Kentucky
kentucky-equine-research-eo3-3-78lit,Kentucky
kentucky-equine-research-equishure-1-25kg,Kentucky
kentucky-equine-research-equishure-3-6kg,Kentucky
kentucky-equine-research-gold-pellets-3-6kg,Kentucky
kentucky-equine-research-hemabuild-450gm,Kentucky
kentucky-equine-research-nutrequin-3kg,Kentucky
kentucky-equine-research-restore-2kg,Kentucky
kentucky-equine-research-restore-5kg,Kentucky
kentucky-equine-research-restore-paste-2x60ml,Kentucky
kentucky-horsewear-knee-tendon-boots-velcro,Kentucky
kentucky-horsewear-leather-overreach-boots,Kentucky
kentucky-horsewear-polar-fleece-bandages-pearls,Kentucky
kentucky-riding-rug,Kentucky
kentucky-sammy-beanie,Kentucky
kep-cromo-textile-rose-gold-frame-blue-grid-rose-gold-button,KEP
kep-smart-helmet,KEP
kep-smart-helmet-blue,KEP
lami-cell-bonnett-f,Lami-Cell
lara-tweedie-kids-harmony-performance-tights-white,Lara Tweedie
lara-tweedie-mini-check-training-top-short-sleeve,Lara Tweedie
leovet-hoof-lab-elastic-cream-200ml,Leovet
leovet-silver-salve-150ml,Leovet
magictails-white-magic-shampoo-1litre,Magictails
mattes-correction-system-shims-front-and-rear-sets,Mattes
mattes-eurofit-dressage-plain-blue,Mattes
mattes-eurofit-dressage-plain-grey,Mattes
mattes-eurofit-dressage-trim-black,Mattes
mattes-eurofit-dressage-trim-grey,Mattes
mattes-eurofit-dressage-trim-walnut,Mattes
mattes-eurofit-dressage-trim-white,Mattes
mattes-limited-edition-eurofit-dressage-saddle-pad,Mattes
mattes-limited-edition-square-show-jump-saddle-pad,Mattes
mountain-creek-jewellery-freshwater-pearl-stud-earrings-with-cubic-zirconia,Mountain Creek
mountain-creek-jewellery-freshwater-pink-pearl-stud-earrings,Mountain Creek
mountain-creek-jewellery-horse-snaffle-bit-and-chain-sterling-silver-necklace,Mountain Creek
mountain-creek-jewellery-multi-colour-cubic-zirconia-unicorn-studs,Mountain Creek
mountain-creek-jewellery-rose-gold-plated-double-horseshoe-with-cubic-zirconia-studs,Mountain Creek
mountain-creek-jewellery-rose-gold-plated-horseshoe-and-star-with-cubic-zirconia-studs,Mountain Creek
mountain-creek-jewellery-sterling-silver-and-cubic-zircona-unicorns-studs,Mountain Creek
mountain-creek-jewellery-sterling-silver-and-cubic-zirconia-double-horseshoe-pendant,Mountain Creek
mountain-creek-jewellery-sterling-silver-and-cubic-zirconia-horseshoe-stud-earrings,Mountain Creek
mountain-creek-jewellery-sterling-silver-and-cubic-zirconia-large-horseshoe-stud-earrings,Mountain Creek
mountain-creek-jewellery-sterling-silver-and-cubic-zirconia-medium-horseshoe-stud-earrings,Mountain Creek
mountain-creek-jewellery-sterling-silver-and-rose-gold-plated-set-cubic-zirconia-studs,Mountain Creek
mountain-creek-jewellery-sterling-silver-and-yellow-gold-plated-shoe-studs,Mountain Creek
mountain-creek-jewellery-sterling-silver-and-yellow-gold-plated-small-shoe-studs,Mountain Creek
mountain-creek-jewellery-sterling-silver-cactus-studs,Mountain Creek
mountain-creek-jewellery-sterling-silver-chain-and-rose-gold-plated-snaffle-necklace,Mountain Creek
mountain-creek-jewellery-sterling-silver-double-horseshoe-with-cubic-zirconia-studs,Mountain Creek
mountain-creek-jewellery-sterling-silver-hoops-with-cubic-zirconia-unicorn,Mountain Creek
mountain-creek-jewellery-sterling-silver-horse-head-stud-earrings,Mountain Creek
mountain-creek-jewellery-sterling-silver-horse-in-horseshoe-earrings,Mountain Creek
mountain-creek-jewellery-sterling-silver-horse-in-horseshoe-huggies,Mountain Creek
mountain-creek-jewellery-sterling-silver-horse-stirrup-pendant,Mountain Creek
mountain-creek-jewellery-sterling-silver-horse-stud-earrings,Mountain Creek
mountain-creek-jewellery-sterling-silver-horseshoe-with-dark-blue-cubic-zirconia-studs,Mountain Creek
mountain-creek-jewellery-sterling-silver-horseshoe-with-pink-cubic-zirconia-studs,Mountain Creek
mountain-creek-jewellery-sterling-silver-new-unicorn-stud-earrings,Mountain Creek
mountain-creek-jewellery-sterling-silver-open-horse-head-studs,Mountain Creek
mountain-creek-jewellery-sterling-silver-pearl-rose-gold-plated-with-cubic-zirconia-studs,Mountain Creek
mountain-creek-jewellery-sterling-silver-pearl-with-cubic-zirconia-studs,Mountain Creek
mountain-creek-jewellery-sterling-silver-prancing-horse-pendant,Mountain Creek
mountain-creek-jewellery-sterling-silver-snaffle-huggie-earring,Mountain Creek
mountain-creek-jewellery-sterling-silver-stirrup-drop-earrings,Mountain Creek
mountain-creek-jewellery-sterling-silver-unicorn-pendant,Mountain Creek
mountain-creek-jewellery-sterling-silver-unicorn-stud-earrings,Mountain Creek
mountain-creek-jewellery-sterling-silver-with-rose-gold-plating-horseshoe-studs,Mountain Creek
mountain-creek-jewellery-stirling-silver-chain-with-horseshoe-pendant,Mountain Creek
mountain-creek-jewellery-stirling-silver-horseshoe-necklace,Mountain Creek
mountain-creek-jewellery-stirling-silver-horseshoe-necklace-with-yellow-gold-plating,Mountain Creek
mountain-creek-jewellery-stirling-silver-necklace-with-cubic-zircona-horseshoe,Mountain Creek
mountain-creek-jewellery-stirling-silver-necklace-with-cubic-zircona-star,Mountain Creek
mountain-creek-jewellery-stirling-silver-necklace-with-rose-gold-plated-cubic-zircona-horseshoe,Mountain Creek
mountain-creek-jewellery-stirling-silver-necklace-with-rose-gold-plated-cubic-zircona-star,Mountain Creek
mountain-creek-jewellery-stirling-silver-necklace-with-yellow-gold-plated-cubic-zircona-horseshoe,Mountain Creek
mountain-creek-jewellery-stirling-silver-necklace-with-yellow-gold-plated-cubic-zircona-star,Mountain Creek
mountain-creek-jewellery-yellow-gold-plated-horseshoe-and-star-with-cubic-zirconia-studs,Mountain Creek
natural-animal-solutions-omega-horse-or-dog-1litre,Natural Animal Solutions
natural-animal-solutions-ultra-magnesium-gel-200gm,Natural Animal Solutions
nrg-bitter-biter-500ml,NRG
nrg-bright-white-powder,NRG
nrg-bright-white-powder-300gm,NRG
nrg-gift-pack,NRG
nrg-gloss-arena,NRG
nrg-no-nots-500ml,NRG
nrg-pink-noze,NRG
nrg-pink-noze-200gm,NRG
nrg-pink-noze-doggie-90ml,NRG
nrg-pink-noze-powder-180gm,NRG
nrg-proplaits,NRG
nrg-stride-hoof-dressing-1lt,NRG
nungar-lead-cast-bull-clip-12mm-12ft-black,Nungar
nungar-lead-cast-bull-clip-12mm-12ft-black-red,Nungar
nungar-lead-cast-bull-clip-12mm-12ft-blue-red,Nungar
nungar-lead-cast-bull-clip-12mm-12ft-pink-purple,Nungar
nungar-lead-cast-bull-clip-12mm-12ft-red,Nungar
nungar-lead-cast-bull-clip-12mm-22ft-black,Nungar
nungar-lead-clipless-12mm-12ft-black-red,Nungar
nungar-lead-clipless-12mm-12ft-blue-red,Nungar
nungar-lead-clipless-12mm-12ft-green-gold,Nungar
nungar-training-arm,Nungar
paddock-blade-horse-manure-collector-gator-green-premium-australian-made-free-delivery,Paddock Blade
paddock-blade-horse-manure-collector-mellow-yellow-premium-australian-made-free-delivery,Paddock Blade
paddock-blade-horse-manure-collector-plum-purple-premium-australian-made-free-delivery,Paddock Blade
paddock-blade-horse-manure-collector-true-blue-premium-australian-made-free-delivery,Paddock Blade
pei-aluminium-man-comb-with-wooden-handle,PEI
pei-ascot-riding-gloves,PEI
pei-azzure-anti-slip-jump-pad,PEI
pei-azzure-anti-slip-satin-dressage,PEI
pei-buster-fly-mask-standard,PEI
pei-fleece-padded-head-collar,PEI
pei-hassi-ladies-riding-gloves,PEI
pei-kevlar-airtechnology-lite-fetlock-boots,PEI
pei-kevlar-airtechnology-tendon-boots,PEI
pei-lead-ropes,PEI
pei-mane-thinning-comb,PEI
pei-miracle-brush,PEI
pei-plaiting-bands,PEI
pei-rubber-curry-comb,PEI
pei-soft-touch-mane-tail-brush,PEI
pei-solina-ladies-synthetic-riding-gloves,PEI
pei-sweat-scraper,PEI
pei-techno-wool-brushing-boots,PEI
pei-techno-wool-lined-head-collar,PEI
pei-titan-200g-turnout-rug-with-detachable-neck-navy,PEI
pei-titan-300g-turnout-rug-with-neck-cover,PEI
penelope-base-layer,Penelope
peter-williams-cambridge-breeches-cream-ladies,"Peter Williams Riding Apparel - Breeches, Jodphurs, Earlwwodd & More"
peter-williams-cambridge-breeches-walnut-ladies,"Peter Williams Riding Apparel - Breeches, Jodphurs, Earlwwodd & More"
peter-williams-gel-seat-pull-on-jodhpurs-beige-childs,"Peter Williams Riding Apparel - Breeches, Jodphurs, Earlwwodd & More"
peter-williams-gel-seat-pull-on-jodhpurs-phone-pocket-navy-ladies,"Peter Williams Riding Apparel - Breeches, Jodphurs, Earlwwodd & More"
pilbara-western-rodeo-buckle-tooled-leather-belt-dark-brown,Pilbara
ponyjet-lavender-shampoo,Ponyjet
prestige-cat-harness-leash-rainbow-3-8-adjustable,Prestige
prestige-girth-anatomic-black,Prestige
prestige-girth-relax-leather-dressage-black,Prestige
prestige-pets-snuggle-buddies-cuddler-bed-pink,Prestige
prestige-x-meredith-lux-jumping-saddle-tobacco-17,Prestige
ps-of-sweden-black-leather-jumping-boots-front,PS Of Sweden
ps-of-sweden-bow-fly-hat-thyme,PS Of Sweden
ps-of-sweden-gp-bridle,PS Of Sweden
ps-of-sweden-monogram-bandages-deep-sapphire,PS Of Sweden
ps-of-sweden-monogram-bandages-marine,PS Of Sweden
ps-of-sweden-monogram-bandages-moss,PS Of Sweden
ps-of-sweden-monogram-bandages-neptuna,PS Of Sweden
ps-of-sweden-monogram-bandages-scarlet,PS Of Sweden
ps-of-sweden-wine-ear-net,PS Of Sweden
ranvet-aminovite-plus-3kg,Ranvet
ranvet-essential-wrap-bandage-extra-large,Ranvet
ranvet-folactin-blue-5kg,Ranvet
ranvet-folactin-red-5kg,Ranvet
ranvet-foliphos-100ml,Ranvet
ranvet-fungazol-cream,Ranvet
ranvet-iron-plus-5lit,Ranvet
ranvet-potassium-plus-5lit,Ranvet
ranvet-recovery-drench-paste-80gm,Ranvet
ranvet-salkavite-2kg,Ranvet
ranvet-salkavite-5kg,Ranvet
ranvet-salt-block-iodised-2kg,Ranvet
ranvet-virkon-disinfectant-50gm,Ranvet
ranvet-yellow-lotion-1litre-refill,Ranvet
ranvet-yellow-lotion-pump-pack-500ml,Ranvet
rm-williams-classic-poplin-check-longsleeve-shirt,RM Williams
rm-williams-quinn-classic-poplin-long-sleeve-shirt-white-navy-green,RM Williams
roeckl-lona-glove,Roeckl
roeckl-malia-glove,Roeckl
roeckl-malta-glove,Roeckl
roeckl-muenster-gloves-black,Roeckl
roeckl-roeck-grip-lite-black,Roeckl
roeckl-roeck-grip-lite-white,Roeckl
rogz-cat-collar-alleycat-safeloc-11mm-black,Rogz
rogz-cat-collar-alleycat-safeloc-11mm-pink,Rogz
rogz-cat-collar-alleycat-safeloc-8mm-black,Rogz
rogz-cat-collar-alleycat-safeloc-8mm-pink,Rogz
rogz-cat-collar-reflecto-blue,Rogz
rogz-cat-harness-lead-alleycat-8mm-black,Rogz
rogz-cat-harness-lead-sparklecat-8mm-turquoise,Rogz
rogz-cat-toy-catnip-plush-butterfly,Rogz
rogz-control-dog-collar-web-blue,Rogz
rogz-control-dog-harness-blue,Rogz
rogz-control-dog-stop-pull-harness-blue,Rogz
rogz-control-dog-stop-pull-harness-red,Rogz
rogz-dog-collar-utility-black,Rogz
rogz-dog-collar-utility-blue,Rogz
rogz-dog-collar-utility-lime,Rogz
rogz-dog-collar-utility-pink,Rogz
rogz-dog-collar-utility-purple,Rogz
rogz-dog-collar-utility-red,Rogz
rogz-dog-collar-utility-turquoise,Rogz
rogz-dog-harness-utility-black,Rogz
rogz-dog-harness-utility-blue,Rogz
rogz-dog-harness-utility-dayglow-yellow,Rogz
rogz-dog-harness-utility-lime,Rogz
rogz-dog-harness-utility-turquoise,Rogz
rogz-dog-leash-leather-lime,Rogz
rogz-dog-leash-leather-orange,Rogz
rogz-dog-leash-leather-pink,Rogz
rogz-dog-leash-leather-turquoise,Rogz
rogz-dog-leash-utility-black,Rogz
rogz-dog-leash-utility-blue,Rogz
rogz-dog-leash-utility-multi-black,Rogz
rogz-dog-leash-utility-pink,Rogz
rogz-dog-leash-utility-purple,Rogz
rogz-dog-toy-flossy-grinz-blue,Rogz
rogz-dog-toy-flossy-grinz-pink,Rogz
rogz-dog-toy-fred-treat-ball-blue,Rogz
rogz-dog-toy-fred-treat-ball-lime,Rogz
rogz-dog-toy-frisbee-blue,Rogz
rogz-dog-toy-frisbee-red,Rogz
rogz-dog-toy-grinz-pink,Rogz
rogz-dog-toy-scrubz-pink,Rogz
rogz-dog-toy-treat-tumbler-pink,Rogz
rogz-dog-toy-treat-tumbler-red,Rogz
rogz-dog-toy-yumz-blue,Rogz
roper-cap-trucker,Roper
roper-toddler-billy-tan-blue-toddler-6,Roper
samshield-adele-breeches-holographic,Samshield
samshield-adele-breeches-metal-dots-anthracite,Samshield
samshield-chloe-embroidery-breeches,Samshield
samshield-mira-beanie,Samshield
stance-equitec-ulcabuf,Stance Equitec
sterling-essentials-5-pack-mini-premium-leather-conditioner,Sterling Essentials
sterling-essentials-eucalyptus-leather-cleaner,Sterling Essentials
sterling-essentials-floral-citrus-leather-care-trio,Sterling Essentials
sterling-essentials-floral-citrus-leather-cleaner,Sterling Essentials
sterling-essentials-lavender-leather-care-trio,Sterling Essentials
sterling-essentials-lavender-leather-cleaner-1,Sterling Essentials
sterling-essentials-lavender-leather-conditioner,Sterling Essentials
sterling-essentials-leather-cleanerleather-cleaner-32-fl-oz,Sterling Essentials
sterling-essentials-mini-premium-leather-conditioner,Sterling Essentials
sterling-essentials-sparkle-lavender-powdered-leather-cleaner,Sterling Essentials
tech-stirrup-irons-capri-dressage-black,Tech
tech-stirrup-irons-capri-dressage-rosegold,Tech
tech-stirrup-irons-siena-jumping-cross-country-cushioned-siena-plus-red,Tech
tech-stirrup-irons-venice-evo-flat-safety-stirrups-black-brown,Tech
tech-stirrup-irons-venice-evo-flat-safety-stirrups-black-rosegold,Tech
tech-stirrup-irons-venice-plus-evo-black-black,Tech
tech-stirrup-irons-venice-sloped-evo-safety-stirrups-black-titanium,Tech
tech-stirrup-irons-venice-sloped-evo-safety-stirrups-silver-silver,Tech
tech-stirrups-venice-dressage-sloped,Tech
tech-stirrups-venice-plus-evo,Tech
tech-stirrups-venice-young,Tech
the-equestrian-cap-learn-how-to-get-it-for-free,The Equestrian
the-trail-of-painted-ponies-goddess-of-the-garden,The Trail of Painted Ponies
the-trail-of-painted-ponies-trails-end,The Trail of Painted Ponies
the-trail-of-painted-ponies-winter-wonderland,The Trail of Painted Ponies
troy-hoss-gloss-1lt,TROY
troy-iodine-spray,TROY
trust-baby-pelham-leather,Trust
trust-baby-weymouth-sweet-iron-port-medium-non-fixed,Trust
trust-curbgag-flexisoft,Trust
trust-dee-bit-leather,Trust
trust-eggbutt-leather,Trust
trust-full-cheek-gag-flexisoft,Trust
trust-loose-ring-gag-elliptical,Trust
trust-loose-ring-gag-leather,Trust
trust-pelham-inno-sense-port-medium,Trust
trust-pelham-mullen-inno-sense-soft,Trust
tucci-time-sofia-tall-boot,Tucci
veredus-pro-jump-vento-hind-boots,Veredus
vestrum-lorient-dot-grip-breeches,Vestrum
vestrum-roma-v-grip-breeches,Vestrum
vestrum-syracuse-dot-grip-breeches,Vestrum
vetsense-dolomite-5kg,Vetsense
vetsense-iodine-10-500ml-pvp-solution,Vetsense
virbac-founderguard-1kg,Virbac
virbac-neutradex-diuretic-1litre,Virbac
wahl-blade-super-groom-clipper,Wahl
waldhausen-combi-bandage,Waldhausen
wild-horse-2-dart-fly-veil,Wild Horse
wild-horse-3-dart-fly-veil,Wild Horse
wild-horse-3-dart-fly-veil-ears,Wild Horse
wild-horse-3-dart-fly-veil-ears-nose,Wild Horse
wild-horse-3-dart-fly-veil-mesh-nose,Wild Horse
wild-horse-3-dart-fly-veil-wrs-nose,Wild Horse
wild-horse-flyveil-highlighter,Wild Horse
wild-horse-ic-duo-combo,Wild Horse
wild-horse-ic-mesh-rug-hood,Wild Horse
wild-horse-ic-ripstop-combo,Wild Horse
wild-horse-ic-ripstop-rug-with-hood-ears,Wild Horse
wild-horse-replacement-leg-straps,Wild Horse
wild-horse-riding-flyveil-3-dart,Wild Horse
wild-horse-ultimate-uv-flyveil-3-darts,Wild Horse
woof-overreach-pro-boots-black,Woof
woof-overreach-pro-boots-sheepskin-collar-white,Woof
zippy-paws-cooling-vest-blue,Zippy
zippy-paws-squeakie-crawlers-slopoke-the-turtle,Zippy
anky-long,ANKY
anky-advanced-technically-efficient-boot,ANKY
anky-glacier-womens-full-seat-breeches,ANKY
anky-zip-closure-new-polo-top,ANKY
anky-longsleeve-polo-shirt,ANKY
troy-iodine-spray-500ml,TROY
wild-horse-fly-veil-highlighter,Wild Horse
wild-horse-ultimate-uv-horse-fly-veil,Wild Horse
wild-horse-riding-flyveil,Wild Horse
coolmax-black-breeches-with-silicone-seat-grip,CoolMax
wild-horse-ic-ripstop-combo-rug,Wild Horse
coolmax-jodhpurs-with-silicone-seat-grip,CoolMax
sterling-essentials-leather-cleaner,Sterling Essentials
sterling-essentials-floral-citrus-leather-conditioner,Sterling Essentials
sterling-essentials-sparkle,Sterling Essentials
sterling-essentials-mini-leather-conditioner,Sterling Essentials
decron-hoof-poultice-boot,Decron
decron-poultice-leg-wrap-for-horse-care,Decron
sterling-essentials-eucalyptus-leather-care-trio,Sterling Essentials
sterling-essentials-eucalyptus-leather-conditioner,Sterling Essentials
the-equestrian-cap,The Equestrian
ponyjet-4-0,Ponyjet
equibuff-grooming-sponge-4-colours,Equibuff
equiline-ceriek-womens-b,Equiline Equestrian Gear
equimec-plus-tape-comprehensive-horse-wormer,Equimec
equimec-horse-wormer-effective-parasite-control,Equimec
sterling-essentials-lavender-leather-cleaner,Sterling Essentials
sterling-essentials-5-pack,Sterling Essentials
sterling-essentials-citrus-leather-cleaner,Sterling Essentials
nrg-doggie-pink-noze-90g,NRG
qj-riding-wear-gift-card,QJ Riding Wear
qj-riding-wear-snaffle-belt,QJ Riding Wear
gutzbusta-medium-knotted-hay-nets,GutzBusta
gutzbusta-large-knotted-hay-nets,GutzBusta
peter-williams-cambridge-cream-breeches,"Peter Williams Riding Apparel - Breeches, Jodphurs, Earlwwodd & More"
peter-williams-gel-seat-pull-on-jodhpurs,"Peter Williams Riding Apparel - Breeches, Jodphurs, Earlwwodd & More"
peter-williams-cambridge-breeches-navy-ladies,"Peter Williams Riding Apparel - Breeches, Jodphurs, Earlwwodd & More"
peter-williams-windsor-cross-country-breeches,"Peter Williams Riding Apparel - Breeches, Jodphurs, Earlwwodd & More"
peter-williams-gel-seat-pull,"Peter Williams Riding Apparel - Breeches, Jodphurs, Earlwwodd & More"
pei-azzure-anti,PEI
pei-azzure-anti-slip-satin-dressage-pad,PEI
anky-innovative-technology-bell-boot,ANKY
nrg-proplaits-plaiting-spray,NRG
nrg-bright-white-powder-for-horses,NRG
qj-riding-wear-luci-knit,QJ Riding Wear
qj-riding-wear-kate-show-shirt,QJ Riding Wear
ps-of-sweden-black-leather-jumping-boots,PS Of Sweden
the-equestrian,The Equestrian
ps-of-sweden-neptuna-monogram-bandages,PS Of Sweden
qj-riding-wear-caps,QJ Riding Wear
eac-animal-care-in,EAC Animal Care
qj-riding-wear-pin,QJ Riding Wear
paddock-blade-manure-collector-mellow-yellow,Paddock Blade
paddock-blade-horse-manure-collector-green,Paddock Blade
qj-riding-wear-long-socks,QJ Riding Wear
ps-of-sweden-monogram-bandages-with-moss-design,PS Of Sweden
ps-of-sweden-horse-ear-bonnet-in-wine,PS Of Sweden
jp-equestrian-fashion,JP Equestrian Fashion
qj-riding-wear-luxury-riding-tights,QJ Riding Wear
paddock-blade-plum-purple-horse-manure-collector,Paddock Blade
paddock-blade-true-blue-horse-manure-collector,Paddock Blade
ps-of-sweden-monogram-bandages,PS Of Sweden
in-force-mycotoxin-binder-for-horses,EAC Animal Care
in-sideout-horse-pre-probiotic-nutraceutical-gut-health-supplement-for-horse-ponies,EAC Animal Care
p63-pearl-necklace-baroque-leaf,Hitchley & Harrow
in-fusion-msm-ultra-pure-methylsulfonylmethane-joint-supplement-for-horses-dogs-cats,EAC Animal Care
in-stride-hoof-supplement-for-horses,EAC Animal Care
ss15-silver-ring-square-hammered,Hitchley & Harrow
ss20-silver-stacked-w-h-h-logo-ring,Hitchley & Harrow
leather-plaited-belt-rich-brandy,Hitchley & Harrow
p57-pearl-necklace-cream-baroque,Hitchley & Harrow
p70-pearl-necklace-square-baroque,Hitchley & Harrow
p11-pearl-necklace-large-baroque-coin-pearls,Hitchley & Harrow
gag-cheek-straps-jeremy-lord-brown,Jeremy & Lord
butterfly-lead-leather-jeremy-lord-1-2-x-80-brown,Jeremy & Lord
stella-denim-tights,QJ Riding Wear
kate-breech-light-grey,QJ Riding Wear
competition-riding-tights-beige,QJ Riding Wear
copy-of-coat-shifting-trio-by-geegee-collective,GeeGee COLLECTIVE
jane-traditional-show-shirt,QJ Riding Wear
in-sandout-intestinal-sand-removal-pellet,EAC Animal Care
headstall-leather-soft-jeremy-lord-brown,Jeremy & Lord
limited-edition-champion-grooming-kit-by-geegee-collective,GeeGee COLLECTIVE
headstall-estate-2023-fleece-grey-dusk-full,Estate 2023
socks-bare-equestrian-cotton-youth-navy-teal-silver,Bare
garlic-granules-crooked-lane-2kg,Crooked Lane
kids-5-piece-grooming-kit-by-geegee-collective,GeeGee COLLECTIVE
factor-second-be-dazzled-amello-sun-shirt-by-ippico-equestrian,Ippico Equestrian
breeches-bare-equestrian-heritage-denim-ladies-1,Bare
leather-plaited-belt-turquoise,Hitchley & Harrow
bombers-blue-loose-ring,Bombers Bits
slippery-elm-bark-powder-crooked-lane-1kg,Crooked Lane
ss23-medium-solid-stirrup,Hitchley & Harrow
leather-plaited-belt-brown-mixed,Hitchley & Harrow
kate-breech-mocha,QJ Riding Wear
hannah-high-waisted-competition-white-breech,QJ Riding Wear
eva-base-layer,QJ Riding Wear
riding-gloves-jp-equestrian-fashion,JP Equestrian Fashion
riding-socks-jp-equestrian-fashion,JP Equestrian Fashion
elle-long-sleeve-show-shirt,QJ Riding Wear
sophie-sleeveless-training-top,QJ Riding Wear
hannah-high-waisted-breech-limited-edition,QJ Riding Wear
hannah-high-waisted-beige-competition-breech,QJ Riding Wear
competition-riding-tights-white,QJ Riding Wear
jessie-sleeveless-training-top,QJ Riding Wear
emily-denim-breech,QJ Riding Wear
rosehip-granules-crooked-lane-1kg,Crooked Lane
luggage-tommy-hilfiger-weekender-hampton-desert-sky,Tommy Hilfiger
bronchix-liq,Cavalor Equicare
tights-bare-equestrian-babes-performance-riding-neon-pink-childs,Bare
luggage-tommy-hilfiger-boot-bag-buffalo-desert-sky,Tommy Hilfiger
amelia-competition-jacket,QJ Riding Wear
bobby-black-breech-suede-seat,QJ Riding Wear
chamomile-flowers-crooked-lane-1kg,Crooked Lane
deluxe-fancy-stitch-padded-grackle-bridle,Fancy Stitch
riding-jacket-tommy-hilfiger-brighton-desert-sky-ladies,Tommy Hilfiger
tights-bare-equestrian-performance-riding-youth-neon-pink,Bare
bombers-blue-eggbutt,Bombers Bits
cloudy-sky-jodhpurs,Runaway Equestrian Co.
calm-paste-naturally-crooked-lane-30ml,Crooked Lane
clipper-blade-lube-oster,Shear Magic
vitamin-c-powder-crooked-lane-750gm,Crooked Lane
competition-bella-breech-white,QJ Riding Wear
te-kelly-herd-double-horseshoe-necklace-sterling-silver,Kelly Herd
brewers-yeast-crooked-lane-2kg,Crooked Lane
ss13-silver-ring-dome-w-decorative-edging,Hitchley & Harrow
mia-phone-pocket-breech-grey,QJ Riding Wear
saddlecloth-jumping-tommy-hilfiger-stanford-primary-red-full,Tommy Hilfiger
georgia-competition-jacket,QJ Riding Wear
faith-leggings-jp-equestrian-fashion,JP Equestrian Fashion
factory-second-midnight-in-the-garden-amello-sun-shirt-by-ippico-equestrian,Ippico Equestrian
factory-second-paradise-amello-sun-shirt-ippico-equestrian,Ippico Equestrian
hannah-high-waisted-breech-navy,QJ Riding Wear
loletta-gallops-to-garlands-womens-pyjamas-by-ippico-equestrian,Ippico Equestrian
kate-breech-dark-grey-sale,QJ Riding Wear
poppy-quarter-zip-sweater,QJ Riding Wear
kate-breech-navy,QJ Riding Wear
in-sideout-cat-formula-pre-probiotic-nutraceutical-supplement-for-cats,EAC Animal Care
in-fibre-psyllium-husk-for-horses-dogs-cats,EAC Animal Care
reins-laced-leather-jeremy-lord,Jeremy & Lord
p10-penny-coin-pendant-kangaroo,Hitchley & Harrow
p69-pearl-necklace-square-baroque,Hitchley & Harrow
limited-edition-express-equine-grooming-kit-by-geegee-collective,GeeGee COLLECTIVE
vest-bare-equestrian-winter-series-sienna-black,Bare
chloe-breech,QJ Riding Wear
limited-edition-showcation-grooming-kit-by-geegee-collective,GeeGee COLLECTIVE
litter-cat-trouble-trix-clumping-baking-soda-15lit,Trouble & Trix
riding-jacket-tommy-hilfiger-albany-tweed-grey-melange-ladies,Tommy Hilfiger
psyllium-husk-crooked-lane-3-5kg,Crooked Lane
tights-bare-equestrian-performance-riding-youth-black-navy-croc,Bare
sun-visor,QJ Riding Wear
grace-show-shirt,QJ Riding Wear
bell-boots-ballistic-no-turn-fort-worth-medium,Fort Worth
sale-amelia-show-shirt,QJ Riding Wear
factory-second-the-palms-amello-sun-shirt-ippico-equestrian,Ippico Equestrian
kate-breech-black-sale,QJ Riding Wear
anna-competition-jacket,QJ Riding Wear
hannah-high-waisted-breech-grey,QJ Riding Wear
reins-rubber-grip-leather-with-buckle-jeremy-lord,Jeremy & Lord
grey-luxury-riding-tights-sale,QJ Riding Wear
seaweed-meal-crooked-lane-2kg,Crooked Lane
lauren-breech-grey-sale,QJ Riding Wear
luggage-tommy-hilfiger-backpack-desert-sky,Tommy Hilfiger
